Variable,sum1,sum2,sum3,sum4,q_orig,q_1,q_2,q_3,q_4,Valid1,Valid2,Valid3,Valid4,Missing1,Missing2,Missing3,Missing4,Sources
VCF9283,POST: DISCRIMINATION IN THE US AGAINST MEN,POST: DISCRIMINATION IN THE US AGAINST MEN,POST: FTF CASI/WEB: Discrimination in the U.S. against Men,,How much discrimination is there in the United States today against each of the following groups: Men,How much discrimination is there in the United States today against each of the following groups? Men,Men,How much discrimination is there in the United States today against each of the following groups? Men RANDOMIZA TION: Order of discrimination social groups F orward/reverse response option order,,"1. A great deal
2. A lot
3. A moderate amount
4. A little
5. None at all","1. A great deal
2. A lot
3. A moderate amount
4. A little
5. None at all","1. A great deal
2. A lot
3. A moderate amount
4. A little
5. None at all",,"-9. Refused
-7. Insuﬃcient partial, interview deleted
-6. No post interview
-5. Suﬃcient partial, breakoﬀ
-1. Inapplicable","-9. Refused
-7. No post-election data, deleted due to incomplete interview
-6. No post-election interview
-5. Interview breakoff (sufficient partial IW)","-5. Breakoff, sufficient partial
-6. No post-election interview
-7. No post data, deleted due
-9. Refused",,"2024: V242555
2020: V202535
2016: V162363"
VCF9284,POST: DISCRIMINATION IN THE US AGAINST MUSLIMS,POST: DISCRIMINATION IN THE US AGAINST MUSLIMS,POST: FTF CASI/WEB: Discrimination in the U.S. against Muslims,,Muslims,How much discrimination is there in the United States today against each of the following groups? Muslims,Muslims,How much discrimination is there in the United States today against each of the following groups? Muslims RANDOMIZA TION: Order of discrimination social groups F orward/reverse response option order,,"1. A great deal
2. A lot
3. A moderate amount
4. A little
5. None at all","1. A great deal
2. A lot
3. A moderate amount
4. A little
5. None at all","1. A great deal
2. A lot
3. A moderate amount
4. A little
5. None at all",,"-9. Refused
-7. Insuﬃcient partial, interview deleted
-6. No post interview
-5. Suﬃcient partial, breakoﬀ
-1. Inapplicable","-9. Refused
-7. No post-election data, deleted due to incomplete interview
-6. No post-election interview
-5. Interview breakoff (sufficient partial IW)","-5. Breakoff, sufficient partial
-6. No post-election interview
-7. No post data, deleted due
-9. Refused",,"2024: V242556
2020: V202531
2016: V162364"
VCF9285,POST: DISCRIMINATION IN THE US AGAINST CHRISTIANS,POST: DISCRIMINATION IN THE US AGAINST CHRISTIANS,POST: FTF CASI/WEB: Discrimination in the U.S. against Christians,,Christians,How much discrimination is there in the United States today against each of the following groups? Christians,Christians,How much discrimination is there in the United States today against each of the following groups? Christians RANDOMIZA TION: Order of discrimination social groups F orward/reverse response option order,,"1. A great deal
2. A lot
3. A moderate amount
4. A little
5. None at all","1. A great deal
2. A lot
3. A moderate amount
4. A little
5. None at all","1. A great deal
2. A lot
3. A moderate amount
4. A little
5. None at all",,"-9. Refused
-7. Insuﬃcient partial, interview deleted
-6. No post interview
-5. Suﬃcient partial, breakoﬀ
-1. Inapplicable","-9. Refused
-7. No post-election data, deleted due to incomplete interview
-6. No post-election interview
-5. Interview breakoff (sufficient partial IW)","-5. Breakoff, sufficient partial
-6. No post-election interview
-7. No post data, deleted due
-9. Refused",,"2024: V242557
2020: V202532
2016: V162365"
VCF9286,POST: DISCRIMINATION IN THE US AGAINST TRANSGENDER PEOPLE,POST: DISCRIMINATION IN THE US AGAINST TRANSGENDER PEOPLE,POST: FTF CASI/WEB: Discrimination in the U.S. against T ransgender,,Transgender people,How much discrimination is there in the United States today against each of the following groups? Transgender people,Transgender people,How much discrimination is there in the United States today against each of the following groups? T ransgender people RANDOMIZA TION: Order of discrimination social groups F orward/reverse response option order,,"1. A great deal
2. A lot
3. A moderate amount
4. A little
5. None at all","1. A great deal
2. A lot
3. A moderate amount
4. A little
5. None at all","1. A great deal
2. A lot
3. A moderate amount
4. A little
5. None at all",,"-9. Refused
-7. Insuﬃcient partial, interview deleted
-6. No post interview
-5. Suﬃcient partial, breakoﬀ
-1. Inapplicable","-9. Refused
-7. No post-election data, deleted due to incomplete interview
-6. No post-election interview
-5. Interview breakoff (sufficient partial IW)","-5. Breakoff, sufficient partial
-6. No post-election interview
-7. No post data, deleted due
-9. Refused",,"2024: V242558
2020: V202536
2016: V162366"
VCF9287,"POST: SHOULD THE MINIMUM WAGE BE RAISED, KEPT THE SAME, OR LOWERED","POST: SHOULD THE MINIMUM WAGE BE RAISED, KEPT THE SAME, OR LOWERED",POST: Should the minimum wage be raised,,Minimum wage should be increased/decreased,"Should the federal minimum wage be [raised, kept the same, lowered but not eliminated, or eliminated altogether / eliminated altogether, lowered but not eliminated, kept the same, or raised]? POST-ELECTION SURVEY VARIABLES 489","Should the federal minimum wage be raised, kept the same, lowered but not eliminated, or eliminated altogether?","Should the minimum wage be [raised, kept the same, lowered but not elim- inated, or eliminated altogether / eliminated altogether, lowered but not eliminated, kept the same, or raised]? F orward/reverse response option order",,"1. Raised
2. Kept the same
3. Lowered
4. Eliminated","1. Raised
2. Kept the same
3. Lowered
4. Eliminated","1. Raised
2. Kept the same
3. Lowered
4. Eliminated",,"-9. Refused
-8. Don’t know
-7. Insuﬃcient partial, interview deleted
-6. No post interview
-5. Suﬃcient partial, breakoﬀ
-1. Inapplicable","-9. Refused
-8. Don’t know
-7. No post-election data, deleted due to incomplete interview
-6. No post-election interview
-5. Interview breakoff (sufficient partial IW)","-6. No post-election interview
-7. No post data, deleted due
-8. Don’t know
-9. Refused",,"2024: V242350
2020: V202377
2016: V162192"
VCF9288,"POST: FAVOR OR OPPOSE REQUIRING VACCINES IN SCHOOLS
POST: FAVOR OR OPPOSE REQUIRING VACCINES IN SCHOOLS (STRENGTH)","POST: FAVOR OR OPPOSE REQUIRING VACCINES IN SCHOOLS
POST: FAVOR OR OPPOSE REQUIRING VACCINES IN SCHOOLS (STRENGTH)","POST: Does R favor or oppose vaccines in schools
POST: How much favor or oppose vaccines in schools",,Favor/oppose requiring children vaccinated for public school,"Do you favor, oppose, or neither favor nor oppose requiring children to be vaccinated in order to attend public schools?
Do you favor that [a great deal, a moderate amount, or a little / a little, a moderate amount, or a great deal]? / Do you oppose that [a great deal, a moderate amount, or a little / a little, a moderate amount, or a great deal]? POST-ELECTION SURVEY VARIABLES 473","Do you favor, oppose, or neither favor nor oppose requiring children to be vaccinated in order to attend public schools?
Do you [favor/oppose] that a great deal, a moderate amount, or a little? 510 CODEBOOK: VARIABLES","Do you favor, oppose, or neither favor nor oppose requiring children to be vaccinated in order to attend public schools?
IF R F A VORS REQUIRING V ACCINA TION IN ORDER FOR CHILDREN TO A TTEND SCHOOL / IF R OPPOSES REQUIRING V ACCINA TION IN ORDER FOR CHILDREN TO A TTEND SCHOOL: Do you favor that [a great deal, a moderate amount, or a little / a little, a moderate amount, or a great deal]? / Do you oppose that [a great deal, a moderate amount, or a little / a little, a moderate amount, or a great deal]? F orward/reverse response option order",,"1. Favor
2. Oppose
3. Neither favor nor oppose
1. A great deal
2. A moderate amount
3. A little","1. Favor
2. Oppose
3. Neither favor nor oppose
1. A great deal
2. A moderate amount
3. A little","1. F avor
2. Oppose
3. Neither favor nor oppose

1. A great deal
2. A moderate amount
3. A little",,"-9. Refused
-8. Don’t know
-7. Insuﬃcient partial, interview deleted
-6. No post interview
-5. Suﬃcient partial, breakoﬀ
-1. Inapplicable
-9. Refused
-7. Insuﬃcient partial, interview deleted
-6. No post interview
-5. Suﬃcient partial, breakoﬀ
-1. Inapplicable","-9. Refused
-8. Don’t know
-7. No post-election data, deleted due to incomplete interview
-6. No post-election interview
-5. Interview breakoff (sufficient partial IW)
-9. Refused
-7. No post-election data, deleted due to incomplete interview
-6. No post-election interview
-5. Interview breakoff (sufficient partial IW)
-1. Inapplicable","-6. No post-election interview
-7. No post data, deleted due
-8. Don’t know
-9. Refused

-1. Inap
-6. No post-election interview
-7. No post data, deleted due",,"2024: V242317;V242318
2020: V202329;V202330
2016: V162146;V162147"
VCF9289,"POST: DO HEALTH BENEFITS OF VACCINATIONS OUTWEIGH THE RISKS
POST: DO HEALTH BENEFITS OF VACCINATIONS OUTWEIGH THE RISKS (STRENGTH)","POST: DO HEALTH BENEFITS OF VACCINATIONS OUTWEIGHT THE RISKS
POST: DO HEALTH BENEFITS OF VACCINATIONS OUTWEIGHT THE RISKS (STRENGTH)","POST: Health benefits of vaccinations outweigh risks
POST: V accinations benefit/risk strength",,Do health benefits of vaccinations outweigh risks,"Now for questions on diﬀerent topics. Do the health beneﬁts of vaccinations generally outweigh the risks, do the risks outweigh the beneﬁts, or is there no diﬀerence? POST-ELECTION SURVEY VARIABLES 491
Are the health beneﬁts of vaccinations [much greater, moderately greater, or slightly greater / slightly greater, moderately greater, or much greater]? / Are the risks of vaccinations [much greater, moderately greater, or slightly greater / slightly greater, moderately greater, or much greater]?","Now for questions on different topics. Do the health benefits of vaccinations generally outweigh the risks, do the risks outweigh the benefits, or is there no difference?
Are the [health benefits/risks] of vaccinations much greater, moderately greater, or slightly greater? 536 CODEBOOK: VARIABLES","Now for questions on different topics. Do the health benefits of vaccinations generally outweigh the risks, do the risks outweigh the benefits, or is there no difference?
IF R SA YS HEAL TH BENEFITS OF V ACCINES OUTWEIGH RISKS / IF R SA YS HEAL TH RISKS OF V ACCINES OUTWEIGHT BENEFITS: Are the health benefits [much greater, moderately greater, or slightly greater / slightly greater, moderately greater, or much greater]? / Are the risks [much greater, moderately greater, or slightly greater / slightly greater, moderately greater, or much greater]? F orward/reverse response option order",,"1. Beneﬁts outweigh risks
2. Risks outweigh beneﬁts
3. No diﬀerence
1. Much greater
2. Moderately greater
3. Slightly greater","1. Benefits outweigh risks
2. Risks outweigh benefits
3. No difference
1. Much greater
2. Moderately greater
3. Slightly greater","1. Benefits outweigh risks
2. Risks outweigh benefits
3. No difference

1. Much greater
2. Moderately greater
3. Slightly greater",,"-9. Refused
-8. Don’t know
-7. Insuﬃcient partial, interview deleted
-6. No post interview
-5. Suﬃcient partial, breakoﬀ
-1. Inapplicable
-9. Refused
-7. Insuﬃcient partial, interview deleted
-6. No post interview
-5. Suﬃcient partial, breakoﬀ
-1. Inapplicable","-9. Refused
-8. Don’t know
-7. No post-election data, deleted due to incomplete interview
-6. No post-election interview
-5. Interview breakoff (sufficient partial IW)
-9. Refused
-7. No post-election data, deleted due to incomplete interview
-6. No post-election interview
-5. Interview breakoff (sufficient partial IW)
-1. Inapplicable","-6. No post-election interview
-7. No post data, deleted due
-8. Don’t know
-9. Refused

-1. Inap
-6. No post-election interview
-7. No post data, deleted due
-8. Don’t know
-9. Refused",,"2024: V242354;V242355
2020: V202381;V202382
2016: V162161;V162162"
VCF9290,"POST: INCREASE/DECREASE GOVERNMENT SPENDING TO HELP PEOPLE PAY FOR HEALTH CARE
POST: HOW MUCH INCREASE/DECREASE IN GOVERNMENT HELP PAYING FOR HEALTH CARE","POST: INCREASE/DECREASE GOVERNMENT SPENDING TO HELP PEOPLE PAY FOR HEALTH CARE
POST: HOW MUCH INCREASE/DECREASE IN GOVERMENT HELP PAYING FOR HEALTH CARE","POST: Increase or decrease gov spending to help people pay for health care
POST: How much favor increase/decrease gov help paying for health care",,Govt should increase/decrease spending on health insurance,"Do you favor an increase, decrease, or no change in government spending to help people pay for health insurance when people can’t pay for it all themselves?
Should it increase [a great deal, a moderate amount, or a little / a little, a moderate amount, or a great deal]? / Should it decrease [a great deal, a moderate amount, or a little / a little, a moderate amount, or a great deal]? 490 CODEBOOK: VARIABLES","Do you favor an increase, decrease, or no change in government spending tohelp people pay for health insurance when they can’t pay for it all themselves? 534 CODEBOOK: VARIABLES
Should it [increase/decrease] a great deal, a moderate amount, or a little?","Do you favor an increase, decrease, or no change in government spending to help people pay for health insurance when they can’t pay for it all them- selves?
IF R SA YS GOVT HELP FOR PEOPLE TO P A Y FOR HEAL TH CARE SHOULD INCREASE / IF R SA YS GOVT HELP FOR PEOPLE TO P A Y FOR HEAL TH CARE SHOULD DECREASE: Should it increase [a great deal, a moderate amount, or a little / a little, a moderate amount, or a great deal]? / Should it decrease [a great deal, a moderate amount, or a little / a little, a moderate amount, or a great deal]? F orward/reverse response option order",,"1. Increase
2. Decrease
3. No change
1. A great deal
2. A moderate amount
3. A little","1. Increase
2. Decrease
3. No change
1. A great deal
2. A moderate amount
3. A little","1. Increase
2. Decrease
3. No change

1. A great deal
2. A moderate amount
3. A little",,"-9. Refused
-8. Don’t know
-7. Insuﬃcient partial, interview deleted
-6. No post interview
-5. Suﬃcient partial, breakoﬀ
-1. Inapplicable
-9. Refused
-7. Insuﬃcient partial, interview deleted
-6. No post interview
-5. Suﬃcient partial, breakoﬀ
-1. Inapplicable","-9. Refused
-8. Don’t know
-7. No post-election data, deleted due to incomplete interview
-6. No post-election interview
-5. Interview breakoff (sufficient partial IW)
-9. Refused
-8. Don’t know
-7. No post-election data, deleted due to incomplete interview
-6. No post-election interview
-5. Interview breakoff (sufficient partial IW)
-1. Inapplicable","-6. No post-election interview
-7. No post data, deleted due
-8. Don’t know
-9. Refused

-1. Inap
-6. No post-election interview
-7. No post data, deleted due
-8. Don’t know
-9. Refused",,"2024: V242351;V242352
2020: V202378;V202379
2016: V162193;V162193a"
VCF9291,POST: DOES R FAVOR OR OPPOSE AFFIRMATIVE ACTION IN UNIVERSITIES POST-ELECTION SURVEY VARIABLES 443,PRE: Does R favor or oppose affirmative action in universities,Does Rfavor or oppose affirmativeaction inuniversities,,Does R favor or oppose allowing universities to increase the number of black students by considering race...; How much favor/oppose,"Do you favor, oppose, or neither favor nor oppose allowing universities to increase the number of black students studying at their schools by considering race along with other factors when choosing students?","Do you favor, oppose, or neither favor nor oppose allowing universities to in- crease the number of black students studying at their schools by considering race along with other factors when choosing students?","Do you favor, oppose, or neither favor nor oppose allowing universities to increase the number of black students studying at their schools by consid- ering racealong with other factors when choosingstudents?",,"1. Favor
2. Oppose
3. Neither favor nor oppose","1. F avor
2. Oppose
3. Neither favor nor oppose","1. Favor
2. Oppose
3. Neither favor nor oppose
1. Favor
2. Oppose
3. Neitherfavor nor oppose",,"-9. Refused
-8. Don’t know
-7. Insuﬃcient partial, interview deleted
-6. No post interview
-5. Suﬃcient partial, breakoﬀ
-1. Inapplicable","-8. Don’t know (FTF only)
-9. Refused","-8. Don't know
-9. Refused
-8. Don't know
-9. Refused",,"2024: V242242
2016: V161204
2012: aa_uni"
VCF9292,"POST: DO POLICE TREAT BLACKS OR WHITES BETTER
POST: HOW MUCH BETTER DO POLICE TREAT BLACKS OR WHITES POST-ELECTION SURVEY VARIABLES 549","POST: DO POLICE TREAT BLACKS OR WHITES BETTER
POST: HOW MUCH BETTER DO POLICE TREAT BLACKS OR WHITES","POST: FTF CASI/WEB: Police treat blacks or whites better
POST: FTF CASI/WEB: How much police treat blacks or whites better",,Do police treat whites or blacks better,"In general, do the police [treat whites better than blacks, treat them both same, or treat blacks better than whites / treat blacks better than whites, treat them both the same, or treat whites better than blacks]?
Do the police treat whites [much better, moderately better, or a little better / a little better, moderately better, or much better]? / Do the police treat blacks [much better, moderately better, or a little better / a little better, moderately better, or much better]?","In general, do the police treat whites better than blacks, treat them both thesame, or treat blacks better than whites? POST-ELECTION SURVEY VARIABLES 591
Do the police treat [whites/blacks] much better, moderately better, or a little better?","In general, do the police [treat whites better than blacks, treat them both same, or treat blacks better than whites / treat blacks better than whites, treat them both the same, or treat whites better than blacks]? F orward/reverse response option order
IF R SA YS POLICE TREA T WHITES BETTER THAN BLACKS / IF R SA YS POLICE TREA T BLACKS BETTER THAN WHITES: Do the police treat whites [much better, moderately better, or a little better / a little better, moderately better, or much better]? / Do the police treat blacks [much better, moderately better, or a little better / a little better, moderately better, or much better]? F orward/reverse response option order",,"1. Treat whites better
2. Treat both the same
3. Treat blacks better
1. Much
2. Moderately
3. A little","1. Treat whites better
2. Treat both the same
3. Treat blacks better
1. Much
2. Moderately
3. A little","1. T reat whites better
2. T reat both the same
3. T reat blacks better

1. Much
2. Moderately
3. A little",,"-9. Refused
-7. Insuﬃcient partial, interview deleted
-6. No post interview
-5. Suﬃcient partial, breakoﬀ
-1. Inapplicable
-9. Refused
-7. Insuﬃcient partial, interview deleted
-6. No post interview
-5. Suﬃcient partial, breakoﬀ
-1. Inapplicable","-9. Refused
-7. No post-election data, deleted due to incomplete interview
-6. No post-election interview
-5. Interview breakoff (sufficient partial IW)
-9. Refused
-7. No post-election data, deleted due to incomplete interview
-6. No post-election interview
-5. Interview breakoff (sufficient partial IW)
-1. Inapplicable","-5. Breakoff, sufficient partial
-6. No post-election interview
-7. No post data, deleted due
-9. Refused

-1. Inap
-5. Breakoff, sufficient partial
-6. No post-election interview
-7. No post data, deleted due
-9. Refused",,"2024: V242523; V242524
2020: V202491; V202492
2016: V162320;V162321"
VCF9293,"POST: DOES FEDERAL GOVERNMENT TREAT BLACKS OR WHITES BETTER
POST: HOW MUCH BETTER DOES FEDERAL GOVERNMENT TREAT BLACKS OR WHITES","POST: DOES FEDERAL GOVERNMENT TREAT BLACKS OR WHITES BETTER
POST: HOW MUCH BETTER DOES FEDERAL GOVERNMENT TREAT BLACKS OR WHITES","POST: FTF CASI/WEB: F ederal gov treats blacks or whites better
POST: FTF CASI/WEB: How much federal gov treats blacks or whites",,Does federal govt treat whites or better better (typo on website),"In general, does the federal government [treat whites better than blacks, treat them both same, or treat blacks better than whites / treat blacks better than whites, treat them both the same, or treat whites better than blacks]?
Does the federal government treat whites [much better, moderately better, or a little better / a little better, moderately better, or much better]? / Does the federal government treat blacks [much better, moderately better, or a little better / a little better, moderately better, or much better]?","In general, does the federal government treat whites better than blacks, treat them both the same, or treat blacks better than whites?
Does the federal government treat [whites/blacks] much better, moderately better, or a little better?","In general, does the federal government [treat whites better than blacks, treat them both same, or treat blacks better than whites / treat blacks better than whites, treat them both the same, or treat whites better than blacks]? F orward/reverse response option order
IF R SA YS FEDERAL GOVT TREA TS WHITES BETTER THAN BLACKS / IF R SA YS FEDERAL GOVT TREA TS BLACKS BETTER THAN WHITES: Does the federal government treat whites [much better, moderately better, or a little better / a little better, moderately better, or much better]? / Does the federal government treat blacks [much better, moderately better, or a little better / a little better, moderately better, or much better]? F orward/reverse response option order",,"1. Treat whites better
2. Treat both the same
3. Treat blacks better
1. Much
2. Moderately
3. A little","1. Treat whites better
2. Treat both the same
3. Treat blacks better
1. Much
2. Moderately
3. A little","1. T reat whites better
2. T reat both the same
3. T reat blacks better

1. Much
2. Moderately
3. A little",,"-9. Refused
-7. Insuﬃcient partial, interview deleted
-6. No post interview
-5. Suﬃcient partial, breakoﬀ
-1. Inapplicable
-9. Refused
-7. Insuﬃcient partial, interview deleted
-6. No post interview
-5. Suﬃcient partial, breakoﬀ
-1. Inapplicable","-9. Refused
-7. No post-election data, deleted due to incomplete interview
-6. No post-election interview
-5. Interview breakoff (sufficient partial IW)
-9. Refused
-7. No post-election data, deleted due to incomplete interview
-6. No post-election interview
-5. Interview breakoff (sufficient partial IW)
-1. Inapplicable","-5. Breakoff, sufficient partial
-6. No post-election interview
-7. No post data, deleted due
-9. Refused

-1. Inap
-5. Breakoff, sufficient partial
-6. No post-election interview
-7. No post data, deleted due
-9. Refused",,"2024: V242520; V242521
2020: V202488; V202489
2016: V162318;V162319"
VCF9294,PRE: R HOW MUCH BETTER OR WORSE OFF FINANCIALLY THAN 1 YEAR AGO,PRE: R HOW MUCH BETTER OR WORSE OFF FINANCIALLY THAN 1 YEAR AGO,PRE: R how much better worse off than 1 year ago,,Much or somewhat better/worse off R financially than a year ago [5-pt scale],"We are interested in how people are getting along ﬁnancially these days. Would you say that [you /you and your family living here] are [much better oﬀ ﬁnancially, somewhat better oﬀ, about the same, somewhat worse oﬀ, or much worse oﬀ / much worse oﬀ ﬁnancially, somewhat worse oﬀ, about the same, somewhat better oﬀ, or much better oﬀ] than you were a year ago?","We are interested in how people are getting along financially thesedays. Would you say that [you / you and your family living here] are much better off financially, somewhat better off, about the same, somewhat worse off, or much worse off than you were a year ago? PRE- ELECTION SURVEY VARIABLES 201","IF R IS NOT LIVING A T HOME WITH F AMIL Y MEMBERS / IF R IS LIVING A T HOME WITH 1 OR MORE F AMIL Y MEMBERS: W e are interested in how people are getting along financially these days. W ould you say that [you /you and your family living here] are [much better off financially , somewhat better off, about the same, somewhat worse off, or much worse off / much worse off financially , somewhat worse off, about the same, somewhat better off, or much better off] than you were a year ago? F orward/reverse response option order",,"1. Much better oﬀ
2. Somewhat better oﬀ
3. About the same
4. Somewhat worse oﬀ
5. Much worse oﬀ","1. Much better off
2. Somewhat better off
3. About the same
4. Somewhat worse off
5. Much worse off","1. Much better off
2. Somewhat better off
3. About the same
4. Somewhat worse off
5. Much worse off",,"-9. Refused
-8. Don’t know
-1. Inapplicable","-9. Refused
-8. Don’t know","-8. Don’t know (FTF only)
-9. Refused",,"2024: V241451
2020: V201502
2016: V161110"
VCF9295,PRE: R HOW MUCH BETTER OR WORSE OFF FINANCIALLY NEXT YEAR,PRE: R HOW MUCH BETTER OR WORSE OFF FINANCIALLY NEXT YEAR,PRE: R how much better worse off next year,,Much or somewhat better worse off R financially a year from now [5-pt scale],"Now looking ahead, do you think that a year from now [you /you and your family living here] will be [much better oﬀ ﬁnancially, somewhat better oﬀ, about the same, somewhat worse oﬀ, or much worse oﬀ / much worse oﬀ ﬁnancially, somewhat worse oﬀ, about the same, somewhat better oﬀ, or much better oﬀ] than now?","Now looking ahead, do you think that a year from now [you / you and your family living here] will be much better off financially, somewhat better off, about the same, somewhat worse off, or much worse off than now?","IF R IS NOT LIVING A T HOME WITH F AMIL Y MEMBERS / IF R IS LIVING A T HOME WITH 1 OR MORE F AMIL Y MEMBERS: Now looking ahead, do you think that a year from now [you /you and your family living here] will be [much better off financially , somewhat better off, about the same, somewhat worse off, or much worse off / much worse off financially , somewhat worse off, about the same, somewhat better off, or much better off] than now? F orward/reverse response option order",,"1. Much better oﬀ
2. Somewhat better oﬀ
3. About the same
4. Somewhat worse oﬀ
5. Much worse oﬀ","1. Much better off
2. Somewhat better off
3. About the same,
4. Somewhat worse off
5. Much worse off","1. Much better off
2. Somewhat better off
3. About the same
4. Somewhat worse off
5. Much worse off",,"-9. Refused
-8. Don’t know
-1. Inapplicable","-9. Refused
-8. Don’t know","-8. Don’t know (FTF only)
-9. Refused",,"2024: V241452
2020: V201503
2016: V161111"
VCF9296,POST: CSES6-Q11: STATE OF ECONOMY BETTER OR WORSE OVER PAST 12 MONTHS,POST: CSES5-Q11: STATE OF ECONOMY BETTER OR WORSE OVER PAST 12 MONTHS,POST: CSES: State of economy,CSES: Stateof economy,"CSES: Over the past twelve months has the state of the economy gotten better, stayed the same, or gotten worse","Would you say that over the past twelve months, the state of the economy in the United States has [gotten much better, gotten somewhat better, stayed about the same, gotten somewhat worse, or gotten much worse / gotten much worse, gotten somewhat worse, stayed about the same, gotten somewhat better, or gotten much better]?","Would you say that over the past twelve months, the state of the economy in the United States has gotten much better, gotten somewhat better, stayed about the same, gotten somewhat worse, or gotten much worse? POST-ELECTION SURVEY VARIABLES 559","W ould you say that over the past twelve months, the state of the economy in the United States has [gotten much better, gotten somewhat better, stayed about the same, gotten somewhat worse, or gotten much worse / gotten much worse, gotten somewhat worse, stayed about the same, gotten somewhat better, or gotten much better]? DO NOT PROBE DON’T KNOW F orward/reverse response option order","Would you say that over the past twelve months, the state of the economy in the United States has gotten better, stayed about the same, or gotten worse?","1. Gotten much better
2. Gotten somewhat better
3. Stayed about the same
4. Gotten somewhat worse
5. Gotten much worse","1. Gotten much better
2. Gotten somewhat better
3. Stayed about the same
4. Gotten somewhat worse
5. Gotten much worse","1. Gotten much better
2. Gotten somewhat better
3. Stayed about the same
4. Gotten somewhat worse
5. Gotten much worse","1. Gotten better
2. Stayed the same
3. Gotten worse
1. Gottenbetter
2. Stayed the same
3. Gotten worse","-9. Refused
-8. Don’t know
-7. Insuﬃcient partial, interview deleted
-6. No post interview
-5. Suﬃcient partial, breakoﬀ
-1. Inapplicable","-9. Refused
-8. Don’t know
-7. No post-election data, deleted due to incomplete interview
-6. No post-election interview
-5. Interview breakoff (sufficient partial IW)","-6. No post-election interview
-7. No post data, deleted due
-8. Don’t know
-9. Refused","-6. Notasked, unit nonresponse (no post-election
-7. Deleted due to partial (post-election) interview
-8. Don't know
-9. Refused
-6. Not asked, unit
-7. Deleted due to partial
-8. Don't know
-9. Refused","2024: V242426
2020: V202430
2016: V162280
2012: cses_econ"
VCF9297,POST: HOW MUCH OPPORTUNITY IN AMERICA FOR AVERAGE PERSON TO GET AHEAD,POST: HOW MUCH OPPORTUNITY IN AMERICA FOR AVERAGE PERSON TO GET AHEAD,POST: How much opportunity in America to get ahead,,How much opportunity for the average person to get ahead?,"How much opportunity is there in America today for the average person to get ahead? [A great deal, a lot, a moderate amount, a little, or none / None, a little, a moderate amount, a lot, or a great deal]? POST-ELECTION SURVEY VARIABLES 469",How much opportunity is there in America today for the average person to get ahead?,"How much opportunity is there in America today for the average person to get ahead? [ A great deal, a lot, a moderate amount, a little, or none / None, a little, a moderate amount, a lot, or a great deal ]? F orward/reverse response option order",,"1. A great deal
2. A lot
3. A moderate amount
4. A little
5. None","1. A great deal
2. A lot
3. A moderate amount
4. A little
5. None","1. A great deal
2. A lot
3. A moderate amount
4. A little
5. None",,"-9. Refused
-8. Don’t know
-7. Insuﬃcient partial, interview deleted
-6. No post interview
-5. Suﬃcient partial, breakoﬀ
-1. Inapplicable","-9. Refused
-8. Don’t know
-7. No post-election data, deleted due to incomplete interview
-6. No post-election interview
-5. Interview breakoff (sufficient partial IW)","-6. No post-election interview
-7. No post data, deleted due
-8. Don’t know
-9. Refused",,"2024: V242311
2020: V202317
2016: V162134"
VCF9298,"POST: ECONOMIC MOBILITY COMPARED TO 20 YEARS AGO
POST: HOW MUCH EASIER OR HARDER IS ECONOMIC MOBILITY COMPARED TO 20 YEARS AGO","POST: ECONOMIC MOBILITY COMPARED TO 20 YEARS AGO
POST: HOW MUCH EASIER OR HARDER IS ECONOMIC MOBILITY COMPARED TO 20 YEARS AGO","POST: Economic mobility compared to 20 yrs ago
POST: How much easier/harder is econ mobility compared to 20 yrs ago",,Ability to improve financial well-being compared to 20 years ago,"When it comes to people trying to improve their ﬁnancial well-being, do you think it is now easier, harder, or the same as it was 20 years ago?
How much [easier/harder]? [A great deal, a moderate amount, or a little / A little, a moderate amount, or a great deal]? 470 CODEBOOK: VARIABLES","When it comes to people trying to improve their financial well- being, do you think it is now easier, harder, or the same as it was 20 years ago? 504 CODEBOOK: VARIABLES
How much [easier/harder]?","When it comes to people trying to improve their financial well-being, do you think it is now easier, harder, or the same as it was 20 years ago?
IF R SA YS ECONOMIC MOBILITY IN U.S. IS EASIER THAN 20 YEARS AGO / IF R SA YS ECONOMIC MOBILITY IN U.S. IS HARDER THAN 20 YEARS AGO: How much [easier/harder]? [A great deal, a moderate amount, or a little / A little, a moderate amount, or a great deal]? F orward/reverse response option order",,"1. Easier
2. Harder
3. The same
1. A great deal
2. A moderate amount
3. A little","1. Easier
2. Harder
3. The same
1. A great deal
2. A moderate amount
3. A little","1. Easier
2. Harder
3. The same

1. A great deal
2. A moderate amount
3. A little",,"-9. Refused
-8. Don’t know
-7. Insuﬃcient partial, interview deleted
-6. No post interview
-5. Suﬃcient partial, breakoﬀ
-1. Inapplicable
-9. Refused
-8. Don’t know
-7. Insuﬃcient partial, interview deleted
-6. No post interview
-5. Suﬃcient partial, breakoﬀ
-1. Inapplicable","-9. Refused
-8. Don’t know
-7. No post-election data, deleted due to incomplete interview
-6. No post-election interview
-5. Interview breakoff (sufficient partial IW)
-9. Refused
-7. No post-election data, deleted due to incomplete interview
-6. No post-election interview
-5. Interview breakoff (sufficient partial IW)
-1. Inapplicable","-6. No post-election interview
-7. No post data, deleted due
-8. Don’t know
-9. Refused

-1. Inap
-6. No post-election interview
-7. No post data, deleted due
-9. Refused",,"2024: V242312; V242313
2020: V202318;V202319
2016: V162135;V162136"
VCF9299,POST: FAVOR OR OPPOSE TAX ON MILLIONAIRES,POST: FAVOR OR OPPOSE TAX ON MILLIONAIRES,POST: Does R favor or oppose tax on millionaires,Favor oroppose tax on millionaires,Does R favor or oppose increasing income taxes on people making over one million dollars per year,"Do you favor, oppose, or neither favor nor oppose increasing income taxes on people making over one million dollars per year?","Do you favor, oppose, or neither favor nor oppose increasing incometaxes on people making over one million dollars per year?","Now looking at the booklet now. Do you favor, oppose, or neither favor nor oppose increasing income taxes on people making over one million dollars per year? F or W eb administration, reference to the respondent booklet was omitted.","Doyoufavor,oppose,orneitherfavornoropposeincreasingincometaxes on peoplemaking over one million dollars peryear?","1. Favor
2. Oppose
3. Neither favor nor oppose","1. Favor
2. Oppose
3. Neither favor nor oppose","1. F avor
2. Oppose
3. Neither favor nor oppose","1. Favor
2. Oppose
3. Neither favor nor oppose
1. Favor
2. Oppose
3. Neither favor nor oppose","-9. Refused
-8. Don’t know
-7. Insuﬃcient partial, interview deleted
-6. No post interview
-5. Suﬃcient partial, breakoﬀ
-1. Inapplicable","-9. Refused
-8. Don’t know
-7. No post-election data, deleted due to incomplete interview
-6. No post-election interview
-5. Interview breakoff (sufficient partial IW)","-6. No post-election interview
-7. No post data, deleted due
-8. Don’t know
-9. Refused","-6. Notasked, unit nonresponse (no post-election
-7. Deleteddue to partial (post-election) interview
-8. Don't know
-9. Refused
-6. Not asked, unit
-7. Deleted due to partial
-8. Don't know
-9. Refused","2024: V242316a
2020: V202325
2016: V162140
2012: milln_milltax"
VCF9300,"POST: FAVOR OR OPPOSE FREE TRADE AGREEMENTS WITH OTHER COUNTRIES
POST: FAVOR OR OPPOSE FREE TRADE AGREEMENTS WITH OTHER COUNTRIES (STRENGTH)","POST: FAVOR OR OPPOSE FREE TRADE AGREEMENTS WITH OTHER COUNTRIES
POST: FAVOR OR OPPOSE FREE TRADE AGREEMENTS WITH OTHER COUNTRIES (STRENGTH)","POST: Does R favor or oppose free trade agreements w/other countries
POST: How strongly favor/oppose free trade agreements w/other countries",,Favor/oppose U.S. making free trade agreements with other countries,"Do you favor, oppose, or neither favor nor oppose the U.S. making free trade agreements with other countries?
How strongly do you [favor / oppose] it? [A great deal, moderately, or a little / A little, moderately, or a great deal]?","Do you favor, oppose, or neither favor nor oppose the U.S. making free tradeagreements with other countries? POST-ELECTION SURVEY VARIABLES 525
How strongly do you [favor/oppose] it?","Do you favor, oppose, or neither favor nor oppose the U.S. making free trade agreements with other countries?
IF R F A VORS U.S FREE TRADE AGREEMENTS WITH OTHER COUN- TRIES/ IF R OPPOSES U.S. FREE TRADE AGREEMENTS WITH OTHER COUNTRIES: How strongly do you [favor/oppose] it?",,"1. Favor
2. Oppose
3. Neither favor nor oppose
1. A great deal
2. Moderately
3. A little","1. Favor
2. Oppose
3. Neither favor nor oppose
1. A great deal
2. Moderately
3. A little","1. F avor
2. Oppose
3. Neither favor nor oppose

1. A great deal
2. Moderately
3. A little",,"-9. Refused
-8. Don’t know
-7. Insuﬃcient partial, interview deleted
-6. No post interview
-5. Suﬃcient partial, breakoﬀ
-1. Inapplicable
-7. Insuﬃcient partial, interview deleted
-6. No post interview
-5. Suﬃcient partial, breakoﬀ
-1. Inapplicable","-9. Refused
-8. Don’t know
-7. No post-election data, deleted due to incomplete interview
-6. No post-election interview
-5. Interview breakoff (sufficient partial IW)
-9. Refused
-7. No post-election data, deleted due to incomplete interview
-6. No post-election interview
-5. Interview breakoff (sufficient partial IW)
-1. Inapplicable","-6. No post-election interview
-7. No post data, deleted due
-8. Don’t know
-9. Refused

-1. Inap
-6. No post-election interview
-7. No post data, deleted due
-8. Don’t know",,"2024: V242344; V242345
2020: V202359;V202360
2016: V162176;V162176a"
VCF9301,POST: IMPORTANCE OF REDUCING DEFICIT,POST: IMPORTANCE OF REDUCING DEFICIT,POST: Importance of reducing deficit,Importance ofreducing deficit,Importance of reducing the federal budget deficit,"When the U.S. federal government spends more money than it collects, the diﬀerence is called the federal budget deﬁcit. The federal government currently has a deﬁcit. How important is it to reduce the deﬁcit? [Extremely important, very important, moderately important, a little important, or not at all important / Not at all important, a little important, moderately important, very important, or extremely important]? POST-ELECTION SURVEY VARIABLES 471","When the U.S. federal government spends more money than it collects, the difference is called the federal budget deficit. The federal government currently has a deficit. How important is it to reduce the deficit?","Please turn to page [PRELOAD: page] of the booklet. When the U.S. federal government spends more money than it collects, the difference is called the federal budget deficit. The federal government currently has a deficit. How important is it to reduce the deficit? [Extremely important, very important, moderately important, a little important, or not at all important? / Not at all important, a little important, moderately important, very important, or extremely important?] F or W eb administration, reference to the respondent booklet was omitted. F orward/reverse response option order","How important is it to reduce the deficit? [EXTREMELY IMPORTANT, VERY IMPORTANT, MODERATELY IMPORTANT, A LITTLE IMPORTANT, or NOT AT ALL IMPORTANT? / NOT AT ALL IMPORTANT, A LITTLE IMPORTANT, MODERATELY IMPORTANT, VERY IMPORTANT, or EX- TREMELYIMPORTANT?]","1. Extremely important
2. Very important
3. Moderately important
4. A little important
5. Not at all important","1. Extremely important
2. Very important
3. Moderately important
4. A little important
5. Not at all important","1. Extremely important
2. V ery important
3. Moderately important
4. A little important
5. Not at all important","1. Extremely important
2. Veryimportant
3. Moderately important
4. Alittle important
5. Not at all important","-9. Refused
-8. Don’t know
-7. Insuﬃcient partial, interview deleted
-6. No post interview
-5. Suﬃcient partial, breakoﬀ
-1. Inapplicable","-9. Refused
-8. Don’t know
-7. No post-election data, deleted due to incomplete interview
-6. No post-election interview
-5. Interview breakoff (sufficient partial IW)","-6. No post-election interview
-7. No post data, deleted due
-8. Don’t know
-9. Refused","-6. Notasked, unit nonresponse (no post-election
-7. Deleted due to partial (post-election)interview
-8. Don't know
-9. Refused","2024: V242315
2020: V202321
2016: V162139
2012: budget_defimp"
VCF9302,PRE: FORCE TO SOLVE INTERNATIONAL PROBLEMS,PRE: FORCE TO SOLVE INTERNATIONAL PROBLEMS,PRE: F orce to solve international problems,,How willing should the U.S. be in using military force to solve international problems,"How willing should the United States be to use military force to solve international problems? [Extremely willing, very willing, moderately willing, a little willing, or not at all willing / Not at all willing, a little willing, moderately willing, very willing, or extremely willing]?",How willing should the United States be to use military force to solve international problems?,"How willing should the United States be to use military force to solve in- ternational problems? [Extremely willing, very willing, moderately willing, a little willing, or not at all willing / Not at all willing, a little willing, moderately willing, very willing, or extremely willing]? F orward/reverse response option order",,"1. Extremely willing
2. Very willing
3. Moderately willing
4. A little willing
5. Not at all willing","1. Extremely willing
2. Very willing
3. Moderately willing
4. A little willing
5. Not at all willing","1. Extremely willing
2. V ery willing
3. Moderately willing
4. A little willing
5. Not at all willing",,"-9. Refused
-8. Don’t know
-1. Inapplicable","-9. Refused
-8. Don’t know","-8. Don’t know (FTF only)
-9. Refused",,"2024: V241313
2020: V201350
2016: V161154"
VCF9303,POST: DHS: HOW WORRIED ABOUT TERRORIST ATTACK IN NEAR FUTURE,POST: DHS: HOW WORRIED ABOUT TERRORIST ATTACK IN NEAR FUTURE,POST: How worried about terrorist attack next 12 months,,How worried is R that U.S will experience terrorist attack,"Now for some other questions. How worried are you that the United States will experience a terrorist attack in the near future? [Extremely worried, very worried, moderately worried, slightly worried, or not at all worried / Not at all worried, slightly worried, moderately worried, very worried, or extremely worried]?",Now for some other questions. How worried are you that the United States will experience a terroristattack in the near future?,"How worried are you that the United States will experience a terrorist attack in the near future? [Extremely worried, very worried, moderately worried, slightly worried, or not at all worried / Not at all worried, slightly worried, moderately worried, very worried, or extremely worried]? F orward/reverse response option order",,"1. Extremely worried
2. Very worried
3. Moderately worried
4. Slightly worried
5. Not at all worried","1. Extremely worried
2. Very worried
3. Moderately worried
4. Slightly worried
5. Not at all worried","1. Extremely worried
2. V ery worried
3. Moderately worried
4. Slightly worried
5. Not at all worried",,"-9. Refused
-7. Insuﬃcient partial, interview deleted
-6. No post interview
-5. Suﬃcient partial, breakoﬀ
-1. Inapplicable","-9. Refused
-8. Don’t know
-7. No post-election data, deleted due to incomplete interview
-6. No post-election interview
-5. Interview breakoff (sufficient partial IW)","-6. No post-election interview
-7. No post data, deleted due
-8. Don’t know
-9. Refused",,"2024: V242343
2020: V202358
2016: V162160"
VCF9304,POST: HOW IMPORTANT IS BEING A FEMINIST,POST: HOW IMPORTANT IS BEING A FEMINIST,"PRE FTF CASI/WEB: How well does feminist describe you
PRE FTF CASI/WEB: How important is being a feminist",,(How well does the term 'feminist' describe R?) How important is being feminist?,How important is it to you to be a feminist?,How important is it to you to be a feminist?,"How well does the term feminist’ describe you? F orward/reverse response option order
IF HOW WELL TERM FEMINIST APPLIES TO R IS MORE THAN ‘NOT A T ALL’: How important is it to you to be a feminist? [Extremely important, very important, somewhat important, a little important, or not at all important / not at all important, a little important, somewhat important, very important or extremely important]? F orward/reverse response option order",,"1. Extremely important
2. Very important
3. Somewhat important
4. A little important
5. Not at all important","1. Extremely important
2. Very important
3. Somewhat important
4. A little important
5. Not at all important","1. Extremely well
2. V ery well
3. Somewhat well
4. Not very well
5. Not at all

1. Extremely important
2. V ery important
3. Somewhat important
4. A little important
5. Not at all important",,"-7. Insuﬃcient partial, interview deleted
-6. No post interview
-5. Suﬃcient partial, breakoﬀ
-1. Inapplicable","-7. No post-election data, deleted due to incomplete interview
-6. No post-election interview
-5. Interview breakoff (sufficient partial IW)
-1. Inapplicable","-5. Interview breakoff
-9. Refused

-1. INAP ,
-5. Interview breakoff
-9. Refused",,"2024: V242513
2020: V202476
2016: V161346; V161347"
VCF9305,POST: HOW IMPORTANT THAT MORE WOMEN GET ELECTED TO POLITICAL OFFICE,POST: HOW IMPORTANT THAT MORE WOMEN GET ELECTED TO POLITICAL OFFICE,POST: How important that more women get elected,,How important is it that more women be elected to political office,"How important is it that more women be elected to political oﬃce? [Extremely important, very important, moderately important, a little important, or not at all important / Not at all important, a little important, moderately important, very important, or extremely important]?",How important is it that more women be elected to political office?,"Please turn to page [PRELOAD: page] of the booklet. How important is it that more women be elected to political office? [Extremely important, very important, moderately important, a little important, or not important at all / Not important at all, a little important, moderately important, very important, or extremely important]? F or W eb administration, reference to the respondent booklet was omitted. F orward/reverse response option order",,"1. Extremely important
2. Very important
3. Moderately important
4. A little important
5. Not at all important","1. Extremely important
2. Very important
3. Moderately important
4. A little important
5. Not at all important","1. Extremely important
2. V ery important
3. Moderately important
4. A little important
5. Not at all important",,"-9. Refused
-8. Don’t know
-7. Insuﬃcient partial, interview deleted
-6. No post interview
-5. Suﬃcient partial, breakoﬀ
-1. Inapplicable","-9. Refused
-8. Don’t know
-7. No post-election data, deleted due to incomplete interview
-6. No post-election interview
-5. Interview breakoff (sufficient partial IW)
-1. Inapplicable","-6. No post-election interview
-7. No post data, deleted due
-8. Don’t know
-9. Refused",,"2024: V242212
2020: V202224
2016: V162227"
VCF9306,PRE: AGREE/DISAGREE - WOMEN INTERPRET INNOCENT REMARKS AS SEXIST,PRE: WOMEN INTERPRET INNOCENT REMARKS AS SEXIST,PRE FTF CASI / WEB: Innocent remarks as sexist,,Women interpret innocent remarks as sexist,"‘Many women interpret innocent remarks or acts as being sexist.’ Do you [agree strongly, agree somewhat, neither agree nor disagree, disagree somewhat, or disagree strongly / disagree strongly, disagree somewhat, neither agree nor disagree, agree somewhat, or agree strongly] with this statement?","‘Many women interpret innocent remarks or acts as being sexist.’ Do you agree strongly, agree somewhat, neither agree nor disagree, disagree somewhat, or disagree strongly with this statement? PRE- ELECTION SURVEY VARIABLES 311","’Many women interpret innocent remarks or acts as being sexist. ’ Do you agree strongly , agree somewhat, neither agree nor disagree, disagree some- what, or disagree strongly with this statement?",,"1. Agree strongly
2. Agree somewhat
3. Neither agree nor disagree
4. Disagree somewhat
5. Disagree strongly","1. Agree strongly
2. Agree somewhat
3. Neither agree nor disagree
4. Disagree somewhat
5. Disagree strongly","1. Agree strongly
2. Agree somewhat
3. Neither agree nor disagree
4. Disagree somewhat
5. Disagree strongly",,"-9. Refused
-5. Break oﬀ, suﬃcient partial
-1. Inapplicable","-9. Refused
-5. Interview breakoff (sufficient partial IW)","-5. Interview breakoff
-9. Refused",,"2024: V241607
2020: V201639
2016: V161507"
VCF9307,PRE: WOMEN SEEK TO GAIN POWER BY GETTING CONTROL OVER MEN,PRE: WOMEN SEEK TO GAIN POWER BY GETTING CONTROL OVER MEN,PRE FTF CASI / WEB: W omen seek to gain power by getting control over,,Women gain power by getting control over men,"‘Women seek to gain power by getting control over men.’ Do you [agree strongly, agree somewhat, neither agree nor disagree, disagree somewhat, or disagree strongly / disagree strongly, disagree somewhat, neither agree nor disagree, agree somewhat, or agree strongly] with this statement?","‘Women seek to gain power by getting control over men.’ Do you agree strongly, agree somewhat, neither agree nor disagree, disagree somewhat, or disagree strongly with this statement?","’W omen seek to gain power by getting control over men. ’ (Do you agree strongly , agree somewhat, neither agree nor disagree, disagree somewhat, or disagree strongly with this statement?)",,"1. Agree strongly
2. Agree somewhat
3. Neither agree nor disagree
4. Disagree somewhat
5. Disagree strongly","1. Agree strongly
2. Agree somewhat
3. Neither agree nor disagree
4. Disagree somewhat
5. Disagree strongly","1. Agree strongly
2. Agree somewhat
3. Neither agree nor disagree
4. Disagree somewhat
5. Disagree strongly",,"-9. Refused
-5. Break oﬀ, suﬃcient partial
-1. Inapplicable","-9. Refused
-5. Interview breakoff (sufficient partial IW)","-5. Interview breakoff
-9. Refused",,"2024: V241608
2020: V201640
2016: V161509"
VCF9308,PRE: HOW MANY GUNS IN HOUSEHOLD,PRE: HOW MANY GUNS OWNED,PRE FTF CASI / WEB: How many Guns owned,,How many guns does R own?,How many guns do you or anyone else living here own? Type the number.,How many guns do you or anyone else living here own? Type the number.,How many guns do you or anyone else living here own? TYPE THE NUM- BER. 37 unique outcomes. 20 most frequently appearing outcomes:,,V241583,,,,"-9. Refused
-5. Break oﬀ, suﬃcient partial
-1. Inapplicable","-9. Refused
-5. Interview breakoff (sufficient partial IW)",,,"2024: V241583
2020: V201628
2016: V161496"
VCF9309,"PRE: APPROVE/DISAPPROVE TRANSGENDER PEOPLE USE BATHROOM THAT MATCHES GENDER IDENTITY
PRE: HOW STRONGLY APPROVE/DISAPPROVE TRANSGENDER PEOPLE USE BATHROOM THAT MATCHES GENDER IDENTITY","PRE: TRANSGENDER POLICY
PRE: TRANSGENDER POLICY (STRENGTH)","PRE: T ransgender bathroom policy
PRE: T ransgender policy strength",,Which bathroom should transgender people use,"Do you favor, oppose, or neither favor nor oppose allowing transgender people to use public bathrooms that match the gender they identify with?
Do you [favor / oppose] that [a great deal, a moderate amount, or a little / a little, a moderate amount, or a great deal]? 156 CODEBOOK: VARIABLES","Should transgender people - that is, people who identify themselves as the sex or gender different from the one they were born as - have to use the bathrooms of the gender they were born as, or should they be allowed to use the bathrooms of their identified gender? PRE- ELECTION SURVEY VARIABLES 175
How strongly do you feel that way?","Should transgender people – that is, people who identify themselves as the sex or gender different from the one they were born as – have to use the bathrooms of the gender they were born as, or should they be allowed to use the bathrooms of their identified gender?
IF R OPINION ON TRANSGENDER USE OF RESTROOMS OF IDEN- TIFIED GENDER IS NOT DK/RF: How strongly do you feel about that? [V ery strongly , moderately strongly , or slightly strongly / Slightly strongly , moderately strongly or very strongly]? F orward/reverse response option order",,"1. Favor
2. Oppose
3. Neither favor nor oppose
1. A great deal
2. A moderate amount
3. A little","1. Have to use the bathrooms of the gender they were born as
2. Be allowed to use the bathrooms of their identified gender
1. Very strongly
2. Moderately
3. A little","1. Have to use the bathrooms
2. Be allowed to use the

1. V ery strongly
2. Moderately
3. Slightly1. F eel very strongly-
2. F eel moderately strongly-
3. F eel a little strongly-
4. F eel a little strongly -
5. F eel moderately strongly -
6. F eel very strongly -",,"-9. Refused
-8. Don’t know
-1. Inapplicable
-9. Refused
-1. Inapplicable","-9. Refused
-8. Don’t know
-9. Refused
-8. Don’t know
-1. Inapplicable","-8. Don’t know (FTF only)
-9. Refused

-1. INAP , -8,-9 in V161228
-8. Don’t know (FTF only)
-9. Refused-8. DK (-8) in V161228 or
-9. RF (-9) in V161228 or",,"2024: V241370;V241371
2020: V201409;V201410
2016: V161228;V161228a"
VCF9310,"PRE: FAVOR OR OPPOSE ENDING BIRTHRIGHT CITIZENSHIP
PRE: FAVOR OR OPPOSE ENDING BIRTHRIGHT CITIZENSHIP (STRENGTH)","PRE: FAVOR OR OPPOSE ENDING BIRTHRIGHT CITIZENSHIP
PRE: FAVOR OR OPPOSE ENDING BIRTHRIGHT CITIZENSHIP (STRENGTH)","PRE: F avor or oppose ending birthright citizenship
PRE: Strength R favors or opposes ending birthright citizenship",,Favor/oppose changing constitution so that children of unauthorized immigrants do not automatically get citizenship if born in U.S.,"Some people have proposed that the U.S. Constitution should be changed so that the children of unauthorized immigrants do not automatically get citizenship if they are born in this country. Do you favor, oppose, or neither favor nor oppose this proposal?
Do you favor that [a great deal, a moderate amount, or a little / a little, a moderate amount, or a great deal]? / Do you oppose that [a great deal, a moderate amount, or a little / a little, a moderate amount, or a great deal]? PRE- ELECTION SURVEY VARIABLES 163","Some people have proposed that the U.S. Constitution should be changed so that the children of unauthorized immigrants do not automatically get citizenship if they are born in this country. Do you favor, oppose, or neither favor nor oppose this proposal?
Do you [favor / oppose] that a great deal, a moderate amount, or a little?","Some people have proposed that the U.S. Constitution should be changed so that the children of unauthorized immigrants do not automatically get citizenship if they are born in this country . Do you favor, oppose, or neither favor nor oppose this proposal?
IF R F A VORS CHANGING CONSTITUTION - US-BORN CHILDREN OF ILLEGAL IMMIGRANTS / IF R F A VORS CHANGING CONSTITUTION - US-BORN CHILDREN OF ILLEGAL IMMIGRANTS: Do you favor that [a great deal, a moderate amount, or a little / a little, a moderate amount, or a great deal]? / Do you oppose that [a great deal, a moderate amount, or a little / a little, a moderate amount, or a great deal]? F orward/reverse response option order",,"1. Favor
2. Oppose
3. Neither favor nor oppose
1. A great deal
2. A moderate amount
3. A little","1. Favor
2. Oppose
3. Neither favor nor oppose
1. A great deal
2. A moderate amount
3. A little","1. F avor
2. Oppose
3. Neither favor nor oppose

1. A great deal
2. A moderate amount
3. A little1. F avor a great deal
2. F avor a moderate amount
3. F avor a little
4. Neither favor nor oppose
5. Oppose a little
6. Oppose a moderate
7. Oppose a great deal1. Should send back - favor a
2. Should send back - favor a
3. Should send back - favor a
4. Should allow to stay -
5. Should allow to stay -
6. Should allow to stay -",,"-9. Refused
-8. Don’t know
-1. Inapplicable
-9. Refused
-1. Inapplicable","-9. Refused
-8. Don’t know
-9. Refused
-1. Inapplicable","-8. Don’t know (FTF only)
-9. Refused

-1. INAP ,
-8. Don’t know (FTF only)
-9. Refused-8. DK (-8) in V161193 or
-9. RF (-9) in V161193 or-8. DK (-8) in V161193 or
-9. RF (-9) in V161193 or",,"2024: V241387;V241388
2020: V201418;V201419
2016: V161193;V161193a"
VCF9311,"PRE: SHOULD CHILDREN BROUGHT ILLEGALLY BE SENT BACK OR ALLOWED TO STAY
PRE: SHOULD CHILDREN BROUGHT ILLEGALLY BE SENT BACK/ALLOWED TO STAY (STRENGTH)","PRE: SHOULD CHILDREN BROUGHT ILLEGALLY BE SENT BACK OR ALLOWED TO STAY
PRE: SHOULD CHILDREN BROUGHT ILLEGALLY BE SENT BACK/ALLOWED TO STAY (STRENGTH)","PRE: Children brought illegally sent back
PRE: Children brought illegally strength follow-up",,What should happen to immigrants brought to the U.S. illegally as children?,"What should happen to immigrants who were brought to the U.S. illegally as children and have lived here for at least 10 years and graduated high school here? Should they be sent back where they came from, or should they be allowed to live and work in the United States?
Do you favor that [a great deal, a moderate amount, or a little / a little, a moderate amount, a great deal]?","What should happen to immigrants who were brought to the U.S. illegally as children and have lived here for at least 10 years and graduated high school here? Should they be sent back where they came from, or should they be allowed to live and work in the United States?
Do you favor that a great deal, a moderate amount, or a little?","What should happen to immigrants who were brought to the U.S. illegally as children and have lived here for at least 10 years and graduated high school here? Should they be sent back where they came from, or should they be allowed to live and work in the United States?
IF R OPINION ON ILLEGAL IMMIGRANT CHILDREN RAISED IN U.S. IS NOT DK/RF: Do you favor that [a great deal, a moderate amount, or a little / a little, a moderate amount, a great deal]? F orward/reverse response option order",,"1. Should be sent back where they came from
2. Should be allowed to live and work in the US
1. A great deal
2. A moderate amount
3. A little","1. Should be sent back where they came from
2. Should be allowed to live and work in the US
1. A great deal
2. A moderate amount
3. A little","1. Should be sent back where
2. Should be allowed to live

1. A great deal
2. A moderate amount
3. A little",,"-9. Refused
-8. Don’t know
-1. Inapplicable
-9. Refused
-1. Inapplicable","-9. Refused
-8. Don’t know
-9. Refused
-8. Don’t know
-1. Inapplicable","-8. Don’t know (FTF only)
-9. Refused

-1. INAP , -8,-9 in V161195
-8. Don’t know (FTF only)
-9. Refused",,"2024: V241390;V241391
2020: V201421;V201422
2016: V161195;V161195a"
VCF9312,"PRE: FAVOR OR OPPOSE BUILDING A WALL ON BORDER WITH MEXICO
PRE: FAVOR OR OPPOSE BUILDING A WALL ON BORDER WITH MEXICO (STRENGTH)","PRE: FAVOR OR OPPOSE BUILDING A WALL ON BORDER WITH MEXICO
PRE: FAVOR OR OPPOSE BUILDING A WALL ON BORDER WITH MEXICO (STRENGTH)","PRE: Build a wall with Mexico
PRE: Build a wall with Mexico strength follow-up",,Favor/oppose building a wall on the U.S. border with Mexico,"Do you favor, oppose, or neither favor nor oppose building a wall on the U.S. border with Mexico?
Do you favor that [a great deal, a moderate amount, or a little / a little, a moderate amount, or a great deal]? / Do you oppose that [a great deal, a moderate amount, or a little / a little, a moderate amount, or a great deal]?","Do you favor, oppose, or neither favor nor oppose building a wall on the U.S. border with Mexico? PRE- ELECTION SURVEY VARIABLES 181
Do you [favor / oppose] that a great deal, a moderate amount, or a little?","Do you favor, oppose, or neither favor nor oppose building a wall on the U.S. border with Mexico?
IF R F A VORS BUILDING A W ALL ON THE U.S. BORDER WITH MEX- ICO / IF R OPPOSES BUILDING A W ALL ON THE U.S. BORDER WITH MEXICO: Do you favor that [a great deal, a moderate amount, or a little / a little, a moderate amount, or a great deal]? / Do you oppose that [a great deal, a moderate amount, or a little / a little, a moderate amount, or a great deal]? F orward/reverse response option order",,"1. Favor
2. Oppose
3. Neither favor nor oppose
1. A great deal
2. A moderate amount
3. A little","1. Favor
2. Oppose
3. Neither favor nor oppose
1. A great deal
2. A moderate amount
3. A little","1. F avor
2. Oppose
3. Neither favor nor oppose

1. A great deal
2. A moderate amount
3. A little1. F avor a great deal
2. F avor a moderate amount
3. F avor a little
4. Neither favor nor oppose
5. Oppose a little
6. Oppose a moderate
7. Oppose a great deal",,"-9. Refused
-8. Don’t know
-1. Inapplicable
-9. Refused
-1. Inapplicable","-9. Refused
-8. Don’t know
-9. Refused
-1. Inapplicable","-8. Don’t know (FTF only)
-9. Refused

-1. INAP ,
-8. Don’t know (FTF only)
-9. Refused-8. DK (-8) in V161196 or
-9. RF (-9) in V161196 or",,"2024: V241393;V241394
2020: V201424;V201425
2016: V161196;V161196a"
VCF9313,"PRE: GOVERNMENT ACTION ABOUT RISING TEMPERATURES
PRE: GOVERNMENT ACTION ABOUT RISING TEMPERATURES (STRENGTH)","PRE: GOVERNMENT ACTION ABOUT RISING TEMPERATURES
PRE: GOVERNMENT ACTION ABOUT RISING TEMPERATURES (STRENGTH)","PRE: Govt action about rising temperatures
PRE: Strength of position on govt action about rising temperatures",,Should federal government be doing more about rising temperatures?,"Do you think the federal government should be doing more about rising temperatures, should be doing less, or is it currently doing the right amount?
Should it be doing a great deal [more/less], a moderate amount [more/less], or a little [more/less]? / Should it be doing a little [more/less], a moderate amount [more/less], or a great deal [more/less]?","Do you think the federal government should be doing more about rising temperatures, should be doing less, or is it currently doing the right amount?
Should it be doing a great deal [more/less], a moderate amount [more/less], or a little [more/less]?","Do you think the federal government should be doing more about rising temperatures, should be doing less, or is it currently doing the right amount?
IF R SA YS GOVERNMENT SHOULD DO MORE ABOUT RISING TEM- PERA TURES / IF R SA YS GOVERNMENT SHOULD DO LESS ABOUT RISING TEMPERA TURES: Should it be doing a great deal [more/less], a moderate amount [more/less], or a little [more/less]? / Should it be doing a little [more/less], a moderate amount [more/less], or a great deal [more/less]? F orward/reverse response option order",,"1. Should be doing more
2. Should be doing less
3. Is currently doing the right amount
1. A great deal
2. A moderate amount
3. A little","1. Should be doing more
2. Should be doing less
3. Is currently doing the right amount
1. A great deal
2. A moderate amount
3. A little","1. Should be doing more
2. Should be doing less
3. Is currently doing the right

1. Great deal
2. A moderate amount
3. A little1. Should be doing a great
2. Should be doing a
3. Should be doing a little
4. Currently doing the right
5. Should be doing a little less
6. Should be doing a
7. Should be doing a great",,"-9. Refused
-8. Don’t know
-1. Inapplicable
-9. Refused
-1. Inapplicable","-9. Refused
-8. Don’t know
-9. Refused
-1. Inapplicable","-8. Don’t know (FTF only)
-9. Refused

-1. INAP ,
-9. Refused-8. DK (-8) in V161224 or
-9. RF (-9) in V161224 or",,"2024: V241364;V241365
2020: V201401;V201402
2016: V161224;V161224a"
VCF9314,PRE: FEDERAL BUDGET SPENDING: SOCIAL SECURITY (STRENGTH),PRE: FEDERAL BUDGET SPENDING: SOCIAL SECURITY (STRENGTH),P1b1. How much increase or decrease spend on Soc Security,,How much should spending on Social Security be increased/decreased,Should it be [increased / decreased] a lot or a little? PRE- ELECTION SURVEY VARIABLES 117,Should it be [increased / decreased] a lot or a little?,"Should it be increased A GREAT DEAL, A MODERATE AMOUNT, or A LITTLE? /
Should it be decreased A GREAT DEAL, A MODERATE AMOUNT, or A LITTLE?",,"1. A lot
2. A little","1. A lot
2. A little","1. A great deal
2. A moderate amount
3. A little",,"-9. Refused
-1. Inapplicable","-9. Refused
-8. Don’t know
-1. Inapplicable","-1. INAP,
-8. Don't know
-9. Refused",,"2024: V241262
2020: V201301
2008: V083141a"
VCF9315,PRE: FEDERAL BUDGET SPENDING: PUBLIC SCHOOLS (STRENGTH),PRE: FEDERAL BUDGET SPENDING: PUBLIC SCHOOLS (STRENGTH),P1c1. How much increase or decrease spend on public schools,,How much should spending on public schools be increased/decreased,Should it be [increased / decreased] a lot or a little?,Should it be [increased / decreased] a lot or a little?,"Should it be increased A GREAT DEAL, A MODERATE AMOUNT, or A LITTLE? /
Should it be decreased A GREAT DEAL, A MODERATE AMOUNT, or A LITTLE?",,"1. A lot
2. A little","1. A lot
2. A little","1. A great deal
2. A moderate amount
3. A little",,"-9. Refused
-8. Don’t know
-1. Inapplicable","-9. Refused
-8. Don’t know
-1. Inapplicable","-1. INAP,
-8. Don't know
-9. Refused",,"2024: V241265
2020: V201304
2008: V083142a"
VCF9316,PRE: FEDERAL BUDGET SPENDING: DEALING WITH CRIME (STRENGTH),PRE: FEDERAL BUDGET SPENDING: DEALING WITH CRIME (STRENGTH),P1e1. How much increase or decrease spending on crime,,How much should spending on crime be increased/decreased,Should it be [increased / decreased] a lot or a little?,Should it be [increased / decreased] a lot or a little?,"Should it be increased A GREAT DEAL, A MODERATE AMOUNT, or A LITTLE? /
Should it be decreased A GREAT DEAL, A MODERATE AMOUNT, or A LITTLE?",,"1. A lot
2. A little","1. A lot
2. A little","1. A great deal
2. A moderate amount
3. A little",,"-9. Refused
-8. Don’t know
-1. Inapplicable","-9. Refused
-1. Inapplicable","-1. INAP,
-8. Don't know
-9. Refused",,"2024: V241271
2020: V201310
2008: V083144a"
VCF9317,PRE: FEDERAL BUDGET SPENDING: WELFARE PROGRAMS (STRENGTH),PRE: FEDERAL BUDGET SPENDING: WELFARE PROGRAMS (STRENGTH),P1f1. How much increase or decrease spending on welfare,,How much should spending on welfare be increased/decreased,Should it be [increased / decreased] a lot or a little?,Should it be [increased / decreased] a lot or a little?,"Should it be increased A GREAT DEAL, A MODERATE AMOUNT, or A LITTLE? /
Should it be decreased A GREAT DEAL, A MODERATE AMOUNT, or A LITTLE?",,"1. A lot
2. A little","1. A lot
2. A little","1. A great deal
2. A moderate amount
3. A little",,"-9. Refused
-8. Don’t know
-1. Inapplicable","-9. Refused
-1. Inapplicable","-1. INAP,
-8. Don't know
-9. Refused",,"2024: V241274
2020: V201313
2008: V083145a"
VCF9318,PRE: FEDERAL BUDGET SPENDING: TIGHTENING BORDER SECURITY (STRENGTH),PRE: FEDERAL BUDGET SPENDING: TIGHTENING BORDER SECURITY (STRENGTH),P1k1. How much increase or decrease spending on border,,How much should spending on border security be increased/decreased,Should it be [increased / decreased] a lot or a little?,Should it be [increased / decreased] a lot or a little?,"Should it be increased A GREAT DEAL, A MODERATE AMOUNT, or A LITTLE? /
Should it be decreased A GREAT DEAL, A MODERATE AMOUNT, or A LITTLE?",,"1. A lot
2. A little","1. A lot
2. A little","1. A great deal
2. A moderate amount
3. A little",,"-9. Refused
-8. Don’t know
-1. Inapplicable","-9. Refused
-8. Don’t know
-1. Inapplicable","-1. INAP,
-8. Don't know
-9. Refused",,"2024: V241268
2020: V201307
2008: V083149a"
VCF9319,PRE: FEDERAL BUDGET SPENDING: BUILDING AND REPAIRING HIGHWAYS (STRENGTH),PRE: FEDERAL BUDGET SPENDING: BUILDING AND REPAIRING HIGHWAYS (STRENGTH),P1a1. How much increase or decrease spending on highways,,How much should spending on highways be increased/decreased,Should it be [increased / decreased] a lot or a little?,Should it be [increased / decreased] a lot or a little?,"Should it be increased A GREAT DEAL, A MODERATE AMOUNT, or A LITTLE? /
Should it be decreased A GREAT DEAL, A MODERATE AMOUNT, or A LITTLE?",,"1. A lot
2. A little","1. A lot
2. A little","1. A great deal
2. A moderate amount
3. A little",,"-9. Refused
-8. Don’t know
-1. Inapplicable","-9. Refused
-1. Inapplicable","-1. INAP,
-8. Don't know
-9. Refused",,"2024: V241277
2020: V201316
2008: V083140a"
VCF9320,PRE: FEDERAL BUDGET SPENDING: PROTECTING THE ENVIRONMENT (STRENGTH),PRE: FEDERAL BUDGET SPENDING: PROTECTING THE ENVIRONMENT (STRENGTH),P1n1. How much increase or decrease spending on environment,,How much should spending on the environment be increased/decreased,Should it be [increased / decreased] a lot or a little?,Should it be [increased / decreased] a lot or a little?,"Should it be increased A GREAT DEAL, A MODERATE AMOUNT, or A LITTLE? /
Should it be decreased A GREAT DEAL, A MODERATE AMOUNT, or A LITTLE?",,"1. A lot
2. A little","1. A lot
2. A little","1. A great deal
2. A moderate amount
3. A little",,"-9. Refused
-8. Don’t know
-1. Inapplicable","-9. Refused
-8. Don’t know
-1. Inapplicable","-1. INAP,
-8. Don't know
-9. Refused",,"2024: V241283
2020: V201322
2008: V083151a"
VCF9321,PRE: FEDERAL BUDGET SPENDING: AID TO THE POOR (STRENGTH),PRE: FEDERAL BUDGET SPENDING: AID TO THE POOR (STRENGTH),P1j1. How much increase or decrease spending on aid to poor,,How much should spending on aid to the poor be increased/decreased,Should it be [increased / decreased] a lot or a little?,Should it be [increased / decreased] a lot or a little?,"Should it be increased A GREAT DEAL, A MODERATE AMOUNT, or A LITTLE? /
Should it be decreased A GREAT DEAL, A MODERATE AMOUNT, or A LITTLE?",,"1. A lot
2. A little","1. A lot
2. A little","1. A great deal
2. A moderate amount
3. A little",,"-9. Refused
-1. Inapplicable","-9. Refused
-8. Don’t know
-1. Inapplicable","-1. INAP,
-8. Don't know
-9. Refused",,"2024: V241280
2020: V201319
2008: V083148a"
VCF9322,PRE: NEED TO BE MORE SENSITIVE TALKING OR PEOPLE TOO EASILY OFFENDED PRE- ELECTION SURVEY VARIABLES 247,PRE: NEED TO BE MORE SENSITIVE TALKING OR PEOPLE TOO EASILY OFFENDED,PRE FTF CASI/WEB: Need to be more sensitive talking or people too,,People too easily offended vs change the way we talk to the be more sensitive (typo on website),Some people think that the way people talk needs to change with the times to be more sensitive to people from diﬀerent backgrounds. Others think that this has already gone too far and many people are just too easily oﬀended. Which is closer to your opinion?,Some people think that the way people talk needs to change with the times to be more sensitive to people from different backgrounds. Others think that this has already gone too far and many people are just too easily offended. Which is closer to your opinion?,Some people think that the way people talk needs to change with the times to be more sensitive to people from different backgrounds. Others think that this has already gone too far and many people are just too easily offended. Which is closer to your opinion?,,"1. The way people talk needs to change a lot
2. The way people talk needs to change a little
3. People are a little too easily oﬀended
4. People are much too easily oﬀended","1. The way people talk needs to change a lot
2. The way people talk needs to change a little
3. People are a little too easily offended
4. People are much too easily offended","1. The way people talk needs
2. The way people talk needs
3. People are a little too
4. People are much too easily",,"-9. Refused
-5. Break oﬀ, suﬃcient partial
-1. Inapplicable","-9. Refused
-5. Interview breakoff (sufficient partial IW)","-5. Interview breakoff
-9. Refused",,"2024: V241577
2020: V201626
2016: V161362"
VCF9323,"PRE: PREFER GOVERNMENT OFFICIAL WHO COMPROMISES OR STICKS TO PRINCIPLES PRE- ELECTION SURVEY VARIABLES 145
PRE: HOW STRONGLY PREFER GOV OFFICIAL WHO COMPROMISES OR STICKS TO PRINCIPLES",PRE: PREFER GOVERNMENT OFFICIAL WHO COMPROMISES OR STICKS TO PRINCIPLES,PRE: Prefer government official who compromises,,Prefer govt officials compromise vs stick to principles,"Would you prefer a government oﬃcial who compromises to get things done, or who sticks to their principles no matter what?
How strongly do you feel this way? [Very strongly, moderately strongly, or slightly strongly / slightly strongly, moderately strongly, or very strongly]","Would you prefer a government official who compromises to get things done, or who sticks to their principles no matter what?","W ould you prefer a government official who compromises to get things done, or who sticks to his or her principles no matter what?",,"1. Compromises to get things done
2. Sticks to their principles no matter what
1. Very strongly
2. Moderately strongly
3. Slightly strongly","1. Compromises to get things done
2. Sticks to their principles no matter what","1. Compromises to get things
2. Sticks to his or her",,"-9. Refused
-8. Don’t know
-1. Inapplicable
-9. Refused
-8. Don’t know
-1. Inapplicable","-9. Refused
-8. Don’t know","-8. Don’t know (FTF only)
-9. Refused",,"2024: V241336;V241337
2020: V201379
2016: V161171"
VCF9324,POST: CSES6-Q03: AGREE/DISAGREE: R UNDERSTANDS MOST IMPORTANT POLITICAL ISSUES,POST: CSES5-Q03: AGREE/DISAGREE: R UNDERSTANDS MOST IMPORTANT POLITICAL ISSUES,POST: R understands most important political issues,,CSES: How much does R agree or disagree that R feel that R understand the most important political issues in of this country.,"Please tell me whether you [strongly agree, somewhat agree, neither agree nor disagree, somewhat disagree, or strongly disagree strongly / strongly disagree, somewhat disagree, neither agree nor disagree, somewhat agree, or strongly agree] with each of the following statements: You feel you understand the most important political issues of this country. (Do you [strongly agree, somewhat agree, neither agree nor disagree, somewhat disagree, or strongly disagree strongly / strongly disagree, somewhat disagree, neither agree nor disagree, somewhat agree, or strongly agree]?)","Please tell me whether you agree strongly, agree somewhat, neither agree nor disagree, disagree somewhat, or disagree strongly with each of the following statements: You feel you understand the most important political issues of this country. Do you agree strongly, agree somewhat, neither agree nor disagree, disagree somewhat, or disagree strongly? POST-ELECTION SURVEY VARIABLES 545","T urning again to page [PRELOAD: page] of the booklet. Please tell me whether you [agree strongly , agree somewhat, neither agree nor disagree, disagree somewhat, or disagree strongly / disagree strongly , disagree some- what, neither agree nor disagree, agree somewhat, or agree strongly] with each of the following statements: Y ou feel you understand the most impor- tant political issues of this country . DO NOT PROBE DON’T KNOW F or W eb administration, reference to the respondent booklet was omitted. F orward/reverse response option order",,"1. Strongly agree
2. Somewhat agree
3. Neither agree nor disagree
4. Somewhat disagree
5. Strongly disagree","1. Agree strongly
2. Agree somewhat
3. Neither agree nor disagree
4. Disagree somewhat
5. Disagree strongly","1. Agree strongly
2. Agree somewhat
3. Neither agree nor disagree
4. Disagree somewhat
5. Disagree strongly",,"-9. Refused
-8. Don’t know
-7. Insuﬃcient partial, interview deleted
-6. No post interview
-5. Suﬃcient partial, breakoﬀ
-1. Inapplicable","-9. Refused
-8. Don’t know
-7. No post-election data, deleted due to incomplete interview
-6. No post-election interview
-5. Interview breakoff (sufficient partial IW)","-6. No post-election interview
-7. No post data, deleted due
-8. Don’t know
-9. Refused",,"2024: V242408
2020: V202408
2016: V162258"
VCF9325,POST: HOW OFTEN BOUGHT OR BOYCOTTED PRODUCT/SERVICE FOR SOCIAL/POLITICAL REASONS,POST: HOW OFTEN BOUGHT OR BOYCOTTED PRODUCT/SERVICE FOR SOCIAL/POLITICAL REASONS,POST: How often bought or boycotted product or service for pol/soc reason,,R ever bought or declined to buy product or service due to political/social values of the company,"In the past 12 months, did you buy or boycott products or services based on the political values or business practices of that company?","In the past 12 months, how often have you either bought or declined to buy acertain product or service because of the social or political values of the company that provides it?","In the past 12 months, how often have you either bought or declined to buy a certain product or service because of the social or political values of the company that provides it? [Never, once in a while, about half the time, most of the time, or all the time / All the time, most of the time, about half the time, once in a while, or never]? F orward/reverse response option order",,"1. Yes
2. No","1. Never
2. Once in a while
3. About half the time
4. Most of the time
5. All the time","1. Never
2. Once in a while
3. About half the time
4. Most of the time
5. All the time",,"-9. Refused
-8. Don’t know
-7. Insuﬃcient partial, interview deleted
-6. No post interview
-4. Error
-1. Inapplicable","-9. Refused
-7. No post-election data, deleted due to incomplete interview
-6. No post-election interview","-6. No post-election interview
-7. No post data, deleted due
-8. Don’t know
-9. Refused",,"2024: V242037
2020: V202042
2016: V162141"
VCF9326,PRE: IS IT JUSTIFIED FOR PEOPLE TO USE VIOLENCE TO PURSUE POLITICAL GOALS,PRE: JUSTIFIED TO USE VIOLENCE,PRE FTF CASI/WEB: Justified to use violence,,How much does R feel it is justified to use violence for political goals,On another topic: How much do you feel it is justiﬁed for people to use violence to pursue their political goals in this country?,On another topic: How much do you feel it is justified for people to use violence to pursue their political goals in this country?,How much do you feel it is justified for people to use violence to pursue their political goals in this country? F orward/reverse response option order,,"1. Not at all
2. A little
3. A moderate amount
4. A lot
5. A great deal","1. Not at all
2. A little
3. A moderate amount
4. A lot
5. A great deal","1. Not at all
2. A little
3. A moderate amount
4. A lot
5. A great deal",,"-9. Refused
-5. Break oﬀ, suﬃcient partial
-1. Inapplicable","-9. Refused
-5. Interview breakoff (sufficient partial IW)","-5. Interview breakoff
-9. Refused",,"2024: V241579
2020: V201602
2016: V161344"
VCF9327,PRE: BEST WAY TO DEAL WITH URBAN UNREST,PRE: BEST WAY TO DEAL WITH URBAN UNREST PRE- ELECTION SURVEY VARIABLES 183,,,What is the best way to deal with urban unrest and rioting?,"What is the best way to deal with the problem of urban unrest and rioting? Some say it is more important to use all available force to maintain law and order, no matter what results. Others say it is more important to correct the problems of racism and police violence that give rise to the disturbances. And, of course, other people have opinions in between. On this scale from 1 to 7, where 1 means solve problems of racism and police violence, and 7 means use all available force to maintain law and order, where would you place yourself on this scale, or haven’t you thought much about this?","What is the best way to deal with the problem of urban unrest and rioting? Some say it is more important to use all available force to maintain law and order, no matter what results. Others say it is more important to correct the problems of racism and police violence that give rise to the disturbances. And, of course, other people have opinions in between. On this scale from 1 to 7, where 1 means solve problems of racism and police violence, and 7 means use all available force to maintain law and order, where would you place yourself on this scale, or haven’t you thought much about this?",,,"1. Solve problems of racism and police violence
7. Use all available force to maintain law and order
99. Haven’t thought much about this","1. Solve problems of racism and police violence
2.
3.
4.
5.
6.
7. Use all available force to maintain law and order
99. Haven’t thought much about this",,,"-9. Refused
-8. Don’t know
-1. Inapplicable","-9. Refused
-8. Don’t know",,,"2024: V241397
2020: V201429
1968: V680464"
VCF9328,PRE: HOW MUCH R CARES WHO WINS PRESIDENTIAL ELECTION [REVISED],PRE: HOW MUCH R CARES WHO WINS PRESIDENTIAL ELECTION [REVISED],PRE: Care who wins Presidential Election revised version,,Does R personally care a good deal or not care very much who wins the Presidential election this fall [5 pt scale],"How much do you care who wins the presidential election this fall? [A great deal, a lot, a moderate amount, a little, or not at all / Not at all, a little, a moderate amount, a lot, or a great deal]?",How much do you care who wins the presidential election this fall? 108 CODEBOOK: VARIABLES,"How much do you care who wins the presidential election this fall? [A great deal, a lot, a moderate amount, a little, or not at all / Not at all, a little, a moderate amount, a lot, or a great deal]? F orward/reverse response option order",,"1. A great deal
2. A lot
3. A moderate amount
4. A little
5. Not at all","1. A great deal
2. A lot
3. A moderate amount
4. A little
5. Not at all","1. A great deal
2. A lot
3. A moderate amount
4. A little
5. Not at all",,"-9. Refused
-8. Don’t know
-1. Inapplicable","-9. Refused
-8. Don’t know","-8. Don’t know (FTF only)
-9. Refused",,"2024: V241210
2020: V201216
2016: V161145"
VCF9329,"POST: HAS R IN PAST 12 MONTHS: JOINED A PROTEST MARCH, RALLY , OR DEMONSTRATION","POST: HAS R IN PAST 12 MONTHS: JOINED A PROTEST MARCH, RALLY, OR DEMONSTRATION",POST: DHS: Has R in past 12 months: joined a protest march,,"During the past 12 months, have you joined in a protest march, rally, or demonstration","During the past 12 months, have you joined in a protest march, rally, or demonstration, or have you not done this in the past 12 months?","During the past 12 months, have you joined in a protest march, rally, or demonstration, or have you not done this in the past 12 months?","During the past 12 months, have you joined in a protest march, rally , or demonstration, or have you not done this in the past 12 months?",,"1. Have done this in past 12 months
2. Have not done this in the past 12 months","1. Have done this in past 12 months
2. Have not done this in the past 12 months","1. Have done this in past
2. Have not done this in past",,"-9. Refused
-7. Insuﬃcient partial, interview deleted
-6. No post interview
-1. Inapplicable","-9. Refused
-7. No post-election data, deleted due to incomplete interview
-6. No post-election interview","-6. No post-election interview
-7. No post data, deleted due
-9. Refused",,"2024: V242029
2020: V202025
2016: V162018a"
VCF9330,POST: HAS R IN PAST 12 MONTHS: SIGN INTERNET OR PAPER PETITION,POST: HAS R IN PAST 12 MONTHS: SIGN INTERNET OR PAPER PETITION,POST: DHS: Has R in past 12 months: signed petition,,"During the past 12 months, have you signed a petition on paper or on the Internet about a political or social issue","During the past 12 months, have you signed a petition on the Internet or on paper about a political or social issue, or have you not done this in the past 12 months?","During the past 12 months, have you signed a petition on the Internet or on paper about a political or social issue, or have you not done this in the past 12 months?","During the past 12 months, have you signed a petition on the Internet or on paper about a political or social issue, or have you not done this in the past 12 months?",,"1. Have done this in past 12 months
2. Have not done this in the past 12 months","1. Have done this in past 12 months
2. Have not done this in the past 12 months","1. Have done this in past
2. Have not done this in past",,"-9. Refused
-8. Don’t know
-7. Insuﬃcient partial, interview deleted
-6. No post interview
-1. Inapplicable","-9. Refused
-7. No post-election data, deleted due to incomplete interview
-6. No post-election interview","-6. No post-election interview
-7. No post data, deleted due
-8. Don’t know
-9. Refused",,"2024: V242030
2020: V202026
2016: V162018b"
VCF9331,POST: HAS R IN PAST 12 MONTHS: GIVEN MONEY TO OTHER ORGANIZATION,POST: HAS R IN PAST 12 MONTHS: GIVEN MONEY TO OTHER ORGANIZATION,POST: DHS: Has R in past 12 months: gave money to soc/pol org,,"Not counting a religious organization, during the past 12 months, have you given money to any other organization concerned with a political or social issue","Not counting a religious organization, during the past 12 months, have you given money to any other organization concerned with a political or social issue, or have you not done this in the past 12 months?","Not counting a religious organization, during the past 12 months, have you given money to any other organization concerned with a political or social issue, or have you not done this in the past 12 months?","Not counting a religious organization, during the past 12 months, have you given money to any other organization concerned with a political or social issue, or have you not done this in the past 12 months?",,"1. Have done this in past 12 months
2. Have not done this in the past 12 months","1. Have done this in past 12 months
2. Have not done this in the past 12 months","1. Have done this in past
2. Have not done this in past",,"-9. Refused
-7. Insuﬃcient partial, interview deleted
-6. No post interview
-1. Inapplicable","-9. Refused
-7. No post-election data, deleted due to incomplete interview
-6. No post-election interview","-6. No post-election interview
-7. No post data, deleted due
-9. Refused",,"2024: V242031
2020: V202028
2016: V162018d"
VCF9332,POST: HAS R IN PAST 12 MONTHS: CONTACTED FEDERAL ELECTED OFFICIAL,POST: HAS R IN PAST 12 MONTHS: CONTACTED MEMBER OF US SENATE OR HOUSE OF REP,POST: Contact U.S. Representative or Senator,,"During the past 12 months, have you contacted or tried to contact a member of the U.S. Senate or U.S. House of Representatives","In the past twelve months, have you contacted a federal elected oﬃcial, such as a member of Congress or the President, or someone on the staﬀ of such an oﬃcial? Please don’t count any contact you made as a regular part of your job.","During the past 12 months, have you contacted or tried to contact a member of the U.S. Senate or U.S. House of Representatives, or have you not done this in the past 12 months?","During the past 12 months, have you contacted or tried to contact a member of the U.S. Senate or U.S. House of Representatives, or have you not done this in the past 12 months?",,"1. Yes, have done this in the past 12 months
2. No, have not done this","1. Have done this in past 12 months
2. Have not done this in the past 12 months","1. Have done this in past
2. Have not done this in past",,"-9. Refused
-7. Insuﬃcient partial, interview deleted
-6. No post interview
-1. Inapplicable","-9. Refused
-8. Don’t know
-7. No post-election data, deleted due to incomplete interview
-6. No post-election interview","-6. No post-election interview
-7. No post data, deleted due
-8. Don’t know
-9. Refused",,"2024: V242036
2020: V202030
2016: V162019"
VCF9333,POST: HAS R IN PAST 12 MONTHS: CONTACTED FEDERAL ELECTED OFFICIAL,POST: HAS R IN PAST 12 MONTHS: CONTACTED FEDERAL ELECTED OFFICIAL,POST: Has R contacted elected federal official in past 12 months,,"In past 12 months, have R contacted federal elected official and why?","In the past twelve months, have you contacted a federal elected oﬃcial, such as a member of Congress or the President, or someone on the staﬀ of such an oﬃcial? Please don’t count any contact you made as a regular part of your job.","In the past twelve months, have you contacted a federal elected official, such as a member of Congress or the President, or someone on the staff of such an official?","In the past twelve months, have you contacted a federal elected official, such as a member of Congress or the President, or someone on the staff of such an official?",,"1. Yes, have done this in the past 12 months
2. No, have not done this","1. Yes, have done this in the past 12 months
2. No, have not done this","1. Y es, have done this in the
2. No, have not done this",,"-9. Refused
-7. Insuﬃcient partial, interview deleted
-6. No post interview
-1. Inapplicable","-8. Don’t know
-7. No post-election data, deleted due to incomplete interview
-6. No post-election interview","-6. No post-election interview
-7. No post data, deleted due
-8. Don’t know
-9. Refused",,"2024: V242036
2020: V202034
2016: V162198"
VCF9334,POST: CSES6-Q01: HOW INTERESTED IN POLITICS IS R,POST: CSES5-Q01: HOW INTERESTED IN POLITICS IS R,POST: R’s interest in politics,,CSES: How interested would you say you are in politics?,"How interested would you say you are in politics? Are you [very interested, somewhat interested, not very interested, or not at all interested / not at all interested, not very interested, somewhat interested, or very interested]?","How interested would you say you are in politics? Are you very interested, somewhat interested, not very interested, or not at all interested?","How interested would you say you are in politics? Are you [very interested, somewhat interested, not very interested, or not at all interested / not at all interest, not very interested, somewhat interested, or very interested]? DO NOT PROBE DON’T KNOW F orward/reverse response option order",,"1. Very interested
2. Somewhat interested
3. Not very interested
4. Not at all interested","1. Very interested
2. Somewhat interested
3. Not very interested
4. Not at all interested","1. V ery interested
2. Somewhat interested
3. Not very interested
4. Not at all interested",,"-9. Refused
-7. Insuﬃcient partial, interview deleted
-6. No post interview
-5. Suﬃcient partial, breakoﬀ
-4. Error
-1. Inapplicable","-9. Refused
-8. Don’t know
-7. No post-election data, deleted due to incomplete interview
-6. No post-election interview
-5. Interview breakoff (sufficient partial IW)","-6. No post-election interview
-7. No post data, deleted due
-8. Don’t know
-9. Refused",,"2024: V242400
2020: V202406
2016: V162256"
VCF9335,POST: CSES6-Q02A: WATCH NEWS ON PUBLIC BROADCASTER,POST: CSES5-Q02: HOW CLOSELY DOES R FOLLOW POLITICS IN MEDIA,POST: R follows politics in media,,"CSES5: How closely do you follow politics on TV, radio, newspapers, or the Internet?","In the next questions, we would like to know what kind of media you used to follow news about parties and candidates during the recent election campaign. We begin with the traditional media of television, radio and newspapers, but regardless of whether you use these media in the traditional ways or online. During the recent election campaign, in a typical week, how many days did you: Watch the news on a public television broadcaster?","And how closely do you follow politics on TV, radio, newspapers, or the Internet?","And how closely do you follow politics on TV, radio, newspapers, or the Internet? [V ery closely , fairly closely , not very closely , or not at all / Not at all, not very closely , fairly closely , or very closely]? DO NOT PROBE DON’T KNOW F orward/reverse response option order",,"0. None/zero days
1. One day
2. Two days
3. Three days
4. Four days
5. Five days
6. Six days
7. Seven days","1. Very closely
2. Fairly closely
3. Not very closely
4. Not at all","1. V ery closely
2. F airly closely
3. Not very closely
4. Not at all",,"-9. Refused
-7. Insuﬃcient partial, interview deleted
-6. No post interview
-5. Suﬃcient partial, breakoﬀ
-1. Inapplicable","-9. Refused
-8. Don’t know
-7. No post-election data, deleted due to incomplete interview
-6. No post-election interview
-5. Interview breakoff (sufficient partial IW)","-6. No post-election interview
-7. No post data, deleted due
-8. Don’t know
-9. Refused",,"2024: V242401
2020: V202407
2016: V162257"
VCF9336,POST: LIMITS ON CAMPAIGN SPENDING,POST: LIMITS ON CAMPAIGN SPENDING,POST: Does R favor or oppose limits on campaign spending,,Favor/oppose limits on campaign spending,"Do you favor, oppose, or neither favor nor oppose placing limits on political campaign spending?","Do you favor, oppose, or neither favor nor oppose placing limits on political campaign spending?","IF CAMPFIN.SPENDLIM IS ASKED FIRST IN CAMPFIN MODULE / IF CAMPFIN.SPENDLIM IS NOT ASKED FIRST IN CAMPFIN MODULE: [Now looking at the booklet. Do you favor, oppose, or neither favor nor op- pose placing limits on political campaign spending? / Do you favor, oppose, or neither favor nor oppose placing limits on political campaign spending?] F or W eb administration, reference to the respondent booklet was omitted. RANDOMIZA TION: spendlim, org, direct / spendlim, direct, org / org, direct, spendlim / direct, org, spendlim",,"1. Favor
2. Oppose
3. Neither favor nor oppose","1. Favor
2. Oppose
3. Neither favor nor oppose","1. F avor
2. Oppose
3. Neither favor nor oppose",,"-9. Refused
-8. Don’t know
-7. Insuﬃcient partial, interview deleted
-6. No post interview
-5. Suﬃcient partial, breakoﬀ
-1. Inapplicable","-9. Refused
-8. Don’t know
-7. No post-election data, deleted due to incomplete interview
-6. No post-election interview
-5. Interview breakoff (sufficient partial IW)","-6. No post-election interview
-7. No post data, deleted due
-8. Don’t know
-9. Refused",,"2024: V242214
2020: V202225
2016: V162234"
VCF9337,POST: CONGRESS PASS LAWS THAT BENEFIT CONTRIBUTOR ORGANIZATION,POST: CONGRESS PASS LAWS THAT BENEFIT CONTRIBUTOR ORGANIZATION,POST: How much does Cong pass laws that benefit contributor organizations,,Does Congress pass laws to benefit organizations that spend money to support candidates,"When organizations spend ^indirect_amt on advertising to support candidates for Congress, how much does Congress respond by passing laws to beneﬁt those organizations? [A great deal, a lot, a moderate amount, a little, or not at all / Not at all, a little, a moderate amount, a lot, or a great deal]?","When organizations spend [$2,500/$250,000] on advertising to support candidates for Congress, how much does Congress respond by passing laws to benefit those organizations?","Looking at page [PRELOAD: page] of the booklet. When organizations spend money on advertising to support candidates for Congress, how much does Congress respond by passing laws to benefit those organizations? [A great deal, a lot, a moderate amount, a little, or not at all / Not at all, a little, a moderate amount, a lot, or a great deal]? F or W eb administration, reference to the respondent booklet was omitted. RANDOMIZA TION: spendlim, org, direct / spendlim, direct, org / org, direct, spendlim / direct, org, spendlim F orward/reverse response option order",,"1. A great deal
2. A lot
3. A moderate amount
4. A little
5. Not at all","1. A great deal
2. A lot
3. A moderate amount
4. A little
5. Not at all","1. A great deal
2. A lot
3. A moderate amount
4. A little
5. Not at all",,"-9. Refused
-8. Don’t know
-7. Insuﬃcient partial, interview deleted
-6. No post interview
-5. Suﬃcient partial, breakoﬀ
-1. Inapplicable","-9. Refused
-8. Don’t know
-7. No post-election data, deleted due to incomplete interview
-6. No post-election interview
-5. Interview breakoff (sufficient partial IW)","-6. No post-election interview
-7. No post data, deleted due
-8. Don’t know
-9. Refused",,"2024: V242215
2020: V202226
2016: V162235"
VCF9338,POST: CONGRESS PASS LAWS THAT BENEFIT CONTRIBUTOR INDIVIDUALS,POST: CONGRESS PASS LAWS THAT BENEFIT CONTRIBUTOR INDIVIDUALS,POST: How much does Cong pass laws that benefit contributor individuals,,Does Congress pass laws to benefit people that give [randomized amount of money],"When people give ^direct_amt each to the election campaigns of Members of Congress, how much does Congress respond by passing laws to beneﬁt people who gave them money? [A great deal, a lot, a moderate amount, a little, or not at all / Not at all, a little, a moderate amount, a lot, or a great deal]? POST-ELECTION SURVEY VARIABLES 431","When people give [$25/$250/$1,000/$2,500/$5,000] each to the election campaigns of Members of Congress, how much does Congress respond by passing laws to benefit people who gave them money?","Looking at page [PRELOAD: page] of the booklet. When people give [PRELOAD: U.S. House Republican candidate name]contrib.amt each to the election campaigns of Members of Congress, how much does Congress respond by passing laws to benefit people who gave them money?[A great deal, a lot, a moderate amount, a little, or not at all / Not at all, a little, a moderate amount, a lot, or a great deal]? F or W eb administration, reference to the respondent booklet was omitted. RANDOMIZA TION: spendlim, org, direct / spendlim, direct, org / org, direct, spendlim / direct, org, spendlim, contrib amt: 50 / 250 / 1000 / 2000 / 5000 F orward/reverse response option order",,"1. A great deal
2. A lot
3. A moderate amount
4. A little
5. Not at all","1. A great deal
2. A lot
3. A moderate amount
4. A little
5. Not at all","1. A great deal
2. A lot
3. A moderate amount
4. A little
5. Not at all",,"-9. Refused
-8. Don’t know
-7. Insuﬃcient partial, interview deleted
-6. No post interview
-5. Suﬃcient partial, breakoﬀ
-1. Inapplicable","-9. Refused
-8. Don’t know
-7. No post-election data, deleted due to incomplete interview
-6. No post-election interview
-5. Interview breakoff (sufficient partial IW)","-6. No post-election interview
-7. No post data, deleted due
-8. Don’t know
-9. Refused",,"2024: V242216
2020: V202227
2016: V162236"
VCF9339,POST: STATE OF R’S VOTING ADDRESS (NOT REGISTERED AT SAMPLE ADDRESS),,,,What is the state of registration (no determined elsewhere),It appears that the state name is missing from the address you provided. In what state is your address for voting? POST-ELECTION SURVEY VARIABLES 345,,,,"1. Alabama  2. Alaska  4. Arizona
5. Arkansas  6. California  8. Colorado
9. Connecticut  10. Delaware
11. District of Columbia (Washington DC)
12. Florida  13. Georgia   15. Hawaii
16. Idaho   17. Illinois   18. Indiana
19. Iowa   20. Kansas   21. Kentucky
22. Louisiana   23. Maine   24. Maryland
25. Massachusetts   26. Michigan   27. Minnesota
28. Mississippi   29. Missouri   30. Montana
31. Nebraska   32. Nevada   33. New Hampshire
34. New Jersey   35. New Mexico   36. New York
37. North Carolina   38. North Dakota   39. Ohio
40. Oklahoma   41. Oregon   42. Pennsylvania
44. Rhode Island   45. South Carolina   46. South Dakota
47. Tennessee   48. Texas   49. Utah
50. Vermont   51. Virginia   53. Washington
54. West Virginia   55. Wisconsin   56. Wyoming",,,,"-7. Insuﬃcient partial, interview deleted
-6. No post interview
-1. Inapplicable",,,,2024: V242057b
VCF9340,"POST: REASON R IS NOT REGISTERED - DID NOT MEET REGISTRATION DEADLINES
POST: REASON R IS NOT REGISTERED - DID NOT KNOW WHERE OR HOW TO REGISTER
POST: REASON R IS NOT REGISTERED - DID NOT MEET RESIDENCY REQUIREMENTS
POST: REASON R IS NOT REGISTERED - REGISTRATION FORM WAS NOT PROCESSED CORRECTLY
POST: REASON R IS NOT REGISTERED - DID NOT HAVE REQUIRED IDENTIFICATION
POST: REASON R IS NOT REGISTERED - NOT INTERESTED IN THE ELECTION
POST: REASON R IS NOT REGISTERED - MY VOTE WOULD NOT MAKE A DIFFERENCE
POST: REASON R IS NOT REGISTERED - PERMANENT ILLNESS OR DISABILITY
POST: REASON R IS NOT REGISTERED - DIFFICULTY WITH ENGLISH
POST: REASON R IS NOT REGISTERED - NOT ELIGIBLE TO VOTE
POST: REASON R IS NOT REGISTERED - OTHER
POST: REASON R IS NOT REGISTERED - OTHER {SPECIFY}","POST: REASON R IS NOT REGISTERED - DID NOT MEET REGISTATION DEADLINES
POST: REASON R IS NOT REGISTERED - DID NOT KNOW WHERE OR HOW TO REGISTER
POST: REASON R IS NOT REGISTERED - DID NOT MEET RESIDENCY REQUIREMENTS
POST: REASON R IS NOT REGISTERED - REGISTRATION FORM WAS NOT PROCESSED CORRECTLY
POST: REASON R IS NOT REGISTERED - DID NOT HAVE REQUIRED IDENTIFICATION
POST: REASON R IS NOT REGISTERED - NOT INTERESTED IN THE ELECTION
POST: REASON R IS NOT REGISTERED - MY VOTE WOULD NOT MAKE A DIFFERENCE
POST: REASON R IS NOT REGISTERED - PERMANENT ILLNESS OR DISABILITY
POST: REASON R IS NOT REGISTERED - DIFFICULTY WITH ENGLISH
POST: REASON R IS NOT REGISTERED - NOT ELIGIBLE TO VOTE
POST: REASON R IS NOT REGISTERED - OTHER
POST: REASON R IS NOT REGISTERED - OTHER {SPECIFY}
POST: MAIN REASON WHY R IS NOT REGISTERED (NO BOOKLET)","POST: Reason R not registered to vote - didn’t meet registration deadline
POST: Reason R not registered to vote - didn’t know where/how to register
POST: Reason R not registered to vote - didn’t have required ID
POST: Reason R not registered to vote - didn’t meet residency requirements
POST: Reason R not registered to vote - permanent illness/disability
POST: Reason R not registered to vote - difficulty w/English
POST: Reason R not registered to vote - not interested in election/politics
POST: Reason R not registered to vote - thought vote wouldn’t make a
POST: Reason R not registered to vote - not eligible to vote
POST: Reason R not registered to vote - other reasons
POST: Other reason why R not registered",,Main reason R did not register to vote,"What is the main reason you are not registered to vote? You can just give me the number or numbers of your choices. 366 CODEBOOK: VARIABLES
What is the main reason you are not registered to vote? You can just give me the number or numbers of your choices.
What is the main reason you are not registered to vote? You can just give me the number or numbers of your choices.
What is the main reason you are not registered to vote? You can just give me the number or numbers of your choices.
What is the main reason you are not registered to vote? You can just give me the number or numbers of your choices.
What is the main reason you are not registered to vote? You can just give me the number or numbers of your choices.
What is the main reason you are not registered to vote? You can just give me the number or numbers of your choices.
What is the main reason you are not registered to vote? You can just give me the number or numbers of your choices. POST-ELECTION SURVEY VARIABLES 369
What is the main reason you are not registered to vote? You can just give me the number or numbers of your choices.
What is the main reason you are not registered to vote? You can just give me the number or numbers of your choices.
What is the main reason you are not registered to vote? You can just give me the number or numbers of your choices.
You said there were other reasons you are not registered to vote. What are those reasons?","What is the main reason you are not registered to vote? You can just give me the number or numbers of your choices.
What is the main reason you are not registered to vote? You can just give me the number or numbers of your choices.
What is the main reason you are not registered to vote? You can just give me the number or numbers of your choices.
What is the main reason you are not registered to vote? You can just give me the number or numbers of your choices.
What is the main reason you are not registered to vote? You can just give me the number or numbers of your choices.
What is the main reason you are not registered to vote? You can just give me the number or numbers of your choices.
What is the main reason you are not registered to vote? You can just give me the number or numbers of your choices.
What is the main reason you are not registered to vote? You can just give me the number or numbers of your choices.
What is the main reason you are not registered to vote? You can just give me the number or numbers of your choices.
What is the main reason you are not registered to vote? You can just give me the number or numbers of your choices.
What is the main reason you are not registered to vote? You can just give me the number or numbers of your choices.
You said there were other reasons you are not registered to vote. What are those reasons?
What is the main reason you are not registered to vote?","What is the main reason you are not registered to vote? [Did not meet registration deadlines]
What is the main reason you are not registered to vote? [Did not know where or how to register]
What is the main reason you are not registered to vote? [Did not have required identification]
What is the main reason you are not registered to vote? [Did not meet residency requirements/did not live here long enough]
What is the main reason you are not registered to vote? [Permanent illness or disability]
What is the main reason you are not registered to vote? [Difficulty with English]
What is the main reason you are not registered to vote? [Not interested in the election or not involved in politics]
What is the main reason you are not registered to vote? [My vote would not make a difference]
What is the main reason you are not registered to vote? [Not eligible to vote]
What is the main reason you are not registered to vote? [Other reasons]
Y ou said there were other reasons you are not registered to vote. What are those reasons?",,"0. Not mentioned
1. Mentioned
0. Not mentioned
1. Mentioned
0. Not mentioned
1. Mentioned
0. Not mentioned
1. Mentioned
0. Not mentioned
1. Mentioned
0. Not mentioned
1. Mentioned
0. Not mentioned
1. Mentioned
0. Not mentioned
1. Mentioned
0. Not mentioned
1. Mentioned
0. Not mentioned
1. Mentioned
0. Not mentioned
1. Mentioned
V242101","0. Not mentioned
1. Mentioned
0. Not mentioned
1. Mentioned
0. Not mentioned
1. Mentioned
0. Not mentioned
1. Mentioned
0. Not mentioned
1. Mentioned
0. Not mentioned
1. Mentioned
0. Not mentioned
1. Mentioned
0. Not mentioned
1. Mentioned
0. Not mentioned
1. Mentioned
0. Not mentioned
1. Mentioned
0. Not mentioned
1. Mentioned","0. Not mentioned
1. Mentioned

0. Not mentioned
1. Mentioned

0. Not mentioned
1. Mentioned

0. Not mentioned
1. Mentioned

0. Not mentioned
1. Mentioned

0. Not mentioned
1. Mentioned

0. Not mentioned
1. Mentioned

0. Not mentioned
1. Mentioned

0. Not mentioned
1. Mentioned

0. Not mentioned
1. Mentioned",,"-9. Refused
-7. Insuﬃcient partial, interview deleted
-6. No post interview
-5. Suﬃcient partial, breakoﬀ
-1. Inapplicable
-9. Refused
-7. Insuﬃcient partial, interview deleted
-6. No post interview
-5. Suﬃcient partial, breakoﬀ
-1. Inapplicable
-9. Refused
-7. Insuﬃcient partial, interview deleted
-6. No post interview
-5. Suﬃcient partial, breakoﬀ
-1. Inapplicable
-9. Refused
-7. Insuﬃcient partial, interview deleted
-6. No post interview
-5. Suﬃcient partial, breakoﬀ
-1. Inapplicable
-9. Refused
-7. Insuﬃcient partial, interview deleted
-6. No post interview
-5. Suﬃcient partial, breakoﬀ
-1. Inapplicable
-9. Refused
-7. Insuﬃcient partial, interview deleted
-6. No post interview
-5. Suﬃcient partial, breakoﬀ
-1. Inapplicable
-9. Refused
-7. Insuﬃcient partial, interview deleted
-6. No post interview
-5. Suﬃcient partial, breakoﬀ
-1. Inapplicable
-9. Refused
-7. Insuﬃcient partial, interview deleted
-6. No post interview
-5. Suﬃcient partial, breakoﬀ
-1. Inapplicable
-9. Refused
-7. Insuﬃcient partial, interview deleted
-6. No post interview
-5. Suﬃcient partial, breakoﬀ
-1. Inapplicable
-9. Refused
-7. Insuﬃcient partial, interview deleted
-6. No post interview
-5. Suﬃcient partial, breakoﬀ
-1. Inapplicable
-9. Refused
-7. Insuﬃcient partial, interview deleted
-6. No post interview
-5. Suﬃcient partial, breakoﬀ
-1. Inapplicable
-2. Open-end responses available in separate ﬁle","-7. No post-election data, deleted due to incomplete interview
-6. No post-election interview
-5. Interview breakoff (sufficient partial IW)
-1. Inapplicable
-7. No post-election data, deleted due to incomplete interview
-6. No post-election interview
-5. Interview breakoff (sufficient partial IW)
-1. Inapplicable
-7. No post-election data, deleted due to incomplete interview
-6. No post-election interview
-5. Interview breakoff (sufficient partial IW)
-1. Inapplicable
-7. No post-election data, deleted due to incomplete interview
-6. No post-election interview
-5. Interview breakoff (sufficient partial IW)
-1. Inapplicable
-7. No post-election data, deleted due to incomplete interview
-6. No post-election interview
-5. Interview breakoff (sufficient partial IW)
-1. Inapplicable
-7. No post-election data, deleted due to incomplete interview
-6. No post-election interview
-5. Interview breakoff (sufficient partial IW)
-1. Inapplicable
-7. No post-election data, deleted due to incomplete interview
-6. No post-election interview
-5. Interview breakoff (sufficient partial IW)
-1. Inapplicable
-7. No post-election data, deleted due to incomplete interview
-6. No post-election interview
-5. Interview breakoff (sufficient partial IW)
-1. Inapplicable
-7. No post-election data, deleted due to incomplete interview
-6. No post-election interview
-5. Interview breakoff (sufficient partial IW)
-1. Inapplicable
-7. No post-election data, deleted due to incomplete interview
-6. No post-election interview
-5. Interview breakoff (sufficient partial IW)
-1. Inapplicable
-7. No post-election data, deleted due to incomplete interview
-6. No post-election interview
-5. Interview breakoff (sufficient partial IW)
-1. Inapplicable
-2. Open-end responses available in separate file
-2. Open-end responses available in separate file","-1. Inap
-6. No post-election interview
-7. No post data, deleted due

-1. Inap
-6. No post-election interview
-7. No post data, deleted due

-1. Inap
-6. No post-election interview
-7. No post data, deleted due

-1. Inap
-6. No post-election interview
-7. No post data, deleted due

-1. Inap
-6. No post-election interview
-7. No post data, deleted due

-1. Inap
-6. No post-election interview
-7. No post data, deleted due

-1. Inap
-6. No post-election interview
-7. No post data, deleted due

-1. Inap
-6. No post-election interview
-7. No post data, deleted due

-1. Inap
-6. No post-election interview
-7. No post data, deleted due

-1. Inap
-6. No post-election interview
-7. No post data, deleted due

-2. Redacted text of open end",,"2024: V242100a-k;V242101
2020: V202114a-k;V202114z;V202115
2016: V162070a-j;V162071"
VCF9341,PRE: DOES R USE INTERNET AT ANY OTHER LOCATION,PRE: FTF ONL Y: HH Internet use,HH Internetuse,,Does R or anyone in household use the Internet at any location,"[Do you / Does anyone in this household, including you,] use the Internet at any other location? PRE- ELECTION SURVEY VARIABLES 225",IF MODE IS F ACE-TO-F ACE: Do you or anyone in this household use the Internet at any location?,Do youor anyone in this household usethe Internet at any location?,,"1. Yes
2. No","1. Y es
2. No","1. Yes
2. No
1. Yes
2. No",,"-9. Refused
-1. Inapplicable","-1. Inap, W eb mode
-8. Don’t know (FTF only)","-1. Inapplicable
-8. Don't know
-1. Inapplicable
-8. Don't know",,"2024: V241524
2016: V161007
2012: prmedia_useinet"
VCF9342,PRE: WEB ONLY: HOW EASY TO ACCESS COMPUTER WITH INTERNET CONNECTION TO TAKE SURVEY,PRE: EASE OF ONLINE ACCESS,PRE WEB ONL Y: ease of online access,,How easy for R to access internet,"How easy was it for you to get access to a computer with an internet connection to take this survey? Was it [not at all easy, a little easy, moderately easy, very easy, or extremely easy / extremely easy, very easy, moderately easy, a little easy, or not at all easy]? PRE- ELECTION SURVEY VARIABLES 299","How easy was it for you to get access to a computer with an internet connection to take this survey? Was it not at all easy, a little easy,moderately easy, very easy, or extremely easy?","IF MODE IS WEB: How easy was it for you to get access to a computer with an internet connection to take this survey? W as it [not at all easy , a little easy , moderately easy , very easy , or extremely easy / extremely easy , very easy , moderately easy , a little easy , or not at all easy]? F orward/reverse response option order",,"1. Not at all easy
2. A little easy
3. Moderately easy
4. Very easy
5. Extremely easy","1. Not at all easy
2. A little easy
3. Moderately easy
4. Very easy
5. Extremely easy","1. Not at all easy
2. A little easy
3. Moderately easy
4. V ery easy
5. Extremely easy",,"-9. Refused
-5. Break oﬀ, suﬃcient partial
-1. Inapplicable","-9. Refused
-5. Interview breakoff (sufficient partial IW)
-1. Inapplicable","-1. INAP , FTF mode
-5. Interview breakoff
-9. Refused",,"2024: V241620
2020: V201648
2016: V161517"
VCF9343,POST: FEELING THERMOMETER: TRANSGENDER PEOPLE,POST: FEELING THERMOMETER: TRANSGENDER PEOPLE,POST: F eeling thermometer: TRANSGENDER PEOPLE,,Thermometer for: transgender people,(How would you rate:) Transgender people,How would you rate: Transgender people,"(Still looking at page [PRELOAD: page] of the booklet.) (How would you rate:) T ransgender people PROBE for don’t know response: when you say don’t know, do you mean that you don’t know who this is or do you have something else in mind? ENTER number 0-100 F or W eb administration, the optional reference to the respondent booklet was omitted. RANDOMIZA TION: Order of group thermometers 103 unique outcomes. 20 most frequently appearing outcomes:",,"998. Don’t know (where to rate)
999. Don’t recognize",998. Don’t know,,,"-9. Refused
-7. Insuﬃcient partial, interview deleted
-6. No post interview
-5. Suﬃcient partial, breakoﬀ
-1. Inapplicable","-9. Refused
-7. No post-election data, deleted due to incomplete interview
-6. No post-election interview
-5. Interview breakoff (sufficient partial IW)
-4. Technical error",,,"2024: V242151
2020: V202172
2016: V162111"
VCF9344,POST: FEELING THERMOMETER: BLACK LIVES MATTER,POST: FEELING THERMOMETER: BLACK LIVES MATTER,POST: F eeling thermometer: BLACK LIVES MA TTER,,Thermometer for: Black Lives Matter movement,(How would you rate:) Black Lives Matter movement 402 CODEBOOK: VARIABLES,How would you rate: Black Lives Matter movement,"(Still looking at page [PRELOAD: page] of the booklet.) (How would you rate:) Black Lives Matter movement PROBE for don’t know response: when you say don’t know, do you mean that you don’t know who this is or do you have something else in mind? ENTER number 0-100 F or W eb administration, the optional reference to the respondent booklet was omitted. RANDOMIZA TION: Order of group thermometers 104 unique outcomes. 20 most frequently appearing outcomes:",,"998. Don’t know (where to rate)
999. Don’t recognize","998. Don’t know
999. Don’t recognize",,,"-9. Refused
-7. Insuﬃcient partial, interview deleted
-6. No post interview
-5. Suﬃcient partial, breakoﬀ
-1. Inapplicable","-9. Refused
-7. No post-election data, deleted due to incomplete interview
-6. No post-election interview
-5. Interview breakoff (sufficient partial IW)
-4. Technical error",,,"2024: V242152
2020: V202174
2016: V162113"
VCF9345,POST: HOW LIKELY WHITES UNABLE TO FIND JOBS BECAUSE EMPLOYERS HIRING MINORITIES,POST: HOW LIKELY WHITES UNABLE TO FIND JOBS BECAUSE EMPLOYERS HIRING MINORITIES,POST: FTF CASI/WEB: How likely whites unable to find job b/c employers,,How likely that whites unable to find a job because employers hire minorities?,How likely is it that many whites are unable to ﬁnd a job because employers are hiring minorities instead?,How likely is it that many whites are unable to find a job because employers are hiring minorities instead?,IF R SELF-IDENTIFIED RACE IN PRE AS WHITE ONL Y: How likely is it that many whites are unable to find a job because employers are hiring minorities instead? F orward/reverse response option order,,"1. Extremely likely
2. Very likely
3. Moderately likely
4. Slightly likely
5. Not at all likely","1. Extremely likely
2. Very likely
3. Moderately likely
4. Slightly likely
5. Not at all likely","1. Extremely likely
2. V ery likely
3. Moderately likely
4. Slightly likely
5. Not at all likely",,"-9. Refused
-7. Insuﬃcient partial, interview deleted
-6. No post interview
-5. Suﬃcient partial, breakoﬀ
-1. Inapplicable","-9. Refused
-7. No post-election data, deleted due to incomplete interview
-6. No post-election interview
-5. Interview breakoff (sufficient partial IW)","-1. Inap
-5. Breakoff, sufficient partial
-6. No post-election interview
-7. No post data, deleted due
-9. Refused",,"2024: V242519
2020: V202487
2016: V162317"
VCF9346,POST: HOW IMPORTANT IS IT FOR IMMIGRANTS TO ADAPT TO CUSTOMS/TRADITIONS OF THE US,POST: CSES5-Q05A: OUT-GROUP ATTITUDES: MINORITIES SHOULD ADAPT,POST: Minorities should adapt to to customs/traditions of U.S.,,CSES5: How much does R agree or disagree that ethnic minorities should adapt to [COUNTRY'S] way of life.,How important is it for immigrants to adapt to the customs and traditions of the United States?,"Now thinking about minorities in the United States. Do you agree strongly, agree somewhat, neither agree nor disagree, disagree somewhat, or disagree strongly with the following statement? ‘Minorities should adapt to the customs and traditions of the United States.’ 550 CODEBOOK: VARIABLES","(Still looking at page [PRELOAD: page] of the booklet.) Now thinking about minorities in the United States. Do you [agree strongly , agree somewhat, neither agree nor disagree, disagree somewhat, or disagree strongly / disagree strongly , disagree somewhat, neither agree nor disagree, agree somewhat or agree strongly] with the following statement? ‘Minorities should adapt to the customs and traditions of the United States’ DO NOT PROBE DON’T KNOW F or W eb administration, the optional reference to the respondent booklet was omitted. F orward/reverse response option order",,"1. Not at all important
2. A little important
3. Moderately important
4. Very important
5. Extremely important","1. Agree strongly
2. Agree somewhat
3. Neither agree nor disagree
4. Disagree somewhat
5. Disagree strongly","1. Agree strongly
2. Agree somewhat
3. Neither agree nor disagree
4. Disagree somewhat
5. Disagree strongly",,"-9. Refused
-8. Don’t know
-7. Insuﬃcient partial, interview deleted
-6. No post interview
-5. Suﬃcient partial, breakoﬀ
-1. Inapplicable","-9. Refused
-8. Don’t know
-7. No post-election data, deleted due to incomplete interview
-6. No post-election interview
-5. Interview breakoff (sufficient partial IW)","-6. No post-election interview
-7. No post data, deleted due
-8. Don’t know
-9. Refused",,"2024: V242236
2020: V202416
2016: V162266"
VCF9347,POST: ARE IMMIGRANTS GENERALLY GOOD OR BAD FOR AMERICA’S ECONOMY,POST: CSES5-Q05C: OUT-GROUP ATTITUDES: IMMIGRANTS GOOD FOR AMERICA’S ECONOMY,POST: Immigrants are generally good for America’s economy,,CSES5: How much does R agree or disagree that immigrants are generally good for [COUNTRY'S] economy.,Are immigrants generally good or bad for America’s economy? 440 CODEBOOK: VARIABLES,"And now thinking specifically about immigrants. Do you agree strongly, agree somewhat, neither agree nor disagree, disagree somewhat, or disagree strongly with the following statement? ‘Immigrants are generally good for America’s economy.’","(Still looking at page [PRELOAD: page] of the booklet.) And now thinking specifically about immigrants. (Do you [agree strongly , agree somewhat, neither agree nor disagree, disagree somewhat, or disagree strongly /disagree strongly , disagree somewhat, neither agree nor disagree, agree somewhat or agree strongly] with the following statement?) ‘Immigrants are generally good for America’s economy . ’ DO NOT PROBE DON’T KNOW F or W eb administration, the optional reference to the respondent booklet was omitted. F orward/reverse response option order",,"1. Extremely good
2. Moderately good
3. Slightly good
4. Neither good nor bad
5. Slightly bad
6. Moderately bad
7. Extremely bad","1. Agree strongly
2. Agree somewhat
3. Neither agree nor disagree
4. Disagree somewhat
5. Disagree strongly","1. Agree strongly
2. Agree somewhat
3. Neither agree nor disagree
4. Disagree somewhat
5. Disagree strongly",,"-9. Refused
-8. Don’t know
-7. Insuﬃcient partial, interview deleted
-6. No post interview
-5. Suﬃcient partial, breakoﬀ
-1. Inapplicable","-9. Refused
-8. Don’t know
-7. No post-election data, deleted due to incomplete interview
-6. No post-election interview
-5. Interview breakoff (sufficient partial IW)","-6. No post-election interview
-7. No post data, deleted due
-8. Don’t know
-9. Refused",,"2024: V242235
2020: V202418
2016: V162268"
VCF9348,POST: CSES6- Q05C: OUT-GROUP ATTITUDES: IMMIGRANTS INCREASE CRIME,POST: CSES5-Q05C: OUT-GROUP ATTITUDES: IMMIGRANTS INCREASE CRIME RATES IN US,POST: Immigrants increase crime rates in the U.S.,,How much does R agree or disagree that immigrants increase crime rates in the United States,"(Do you [agree strongly, agree somewhat, neither agree nor disagree, disagree somewhat, or disagree strongly /disagree strongly, disagree somewhat, neither agree nor disagree, agree somewhat, or agree strongly] with the following statement? ) ‘Immigrants increase crime rates in the United States.’ POST-ELECTION SURVEY VARIABLES 527","Do you agree strongly, agree somewhat, neither agree nor disagree, disagree somewhat, or disagree strongly with the following statement? ‘Immigrants increase crime rates in the United States.’","(Still looking at page [PRELOAD: page] of the booklet.) (Do you [agree strongly , agree somewhat, neither agree nor disagree, disagree somewhat, or disagree strongly /disagree strongly , disagree somewhat, neither agree nor disagree, agree somewhat or agree strongly] with the following statement?) ‘Immigrants increase crime rates in the United States. ’ DO NOT PROBE DON’T KNOW F or W eb administration, the optional reference to the respondent booklet was omitted. F orward/reverse response option order",,"1. Agree strongly
2. Agree somewhat
3. Neither agree nor disagree
4. Disagree somewhat
5. Disagree strongly","1. Agree strongly
2. Agree somewhat
3. Neither agree nor disagree
4. Disagree somewhat
5. Disagree strongly","1. Agree strongly
2. Agree somewhat
3. Neither agree nor disagree
4. Disagree somewhat
5. Disagree strongly",,"-9. Refused
-8. Don’t know
-7. Insuﬃcient partial, interview deleted
-6. No post interview
-5. Suﬃcient partial, breakoﬀ
-1. Inapplicable","-9. Refused
-8. Don’t know
-7. No post-election data, deleted due to incomplete interview
-6. No post-election interview
-5. Interview breakoff (sufficient partial IW)","-6. No post-election interview
-7. No post data, deleted due
-8. Don’t know
-9. Refused",,"2024: V242453
2020: V202420
2016: V162270"
VCF9349,POST: HOW IMPORTANT THAT MORE HISPANICS GET ELECTED TO POLITICAL OFFICE,POST: HOW IMPORTANT THAT MORE HISPANICS GET ELECTED TO POLITICAL OFFICE,POST: How important that more Hispanics get elected,,How important is it that more Hispanics be elected to political office?,"How important is it that more Hispanics be elected to political oﬃce? [Extremely important, very important, moderately important, a little important, or not at all important / Not at all important, a little important, moderately important, very important, or extremely important]?",How important is it that more Hispanics be elected to political office?,"Please turn to page [PRELOAD: page] of the booklet. How important is it that more Hispanics be elected to political office? [Extremely important, very important, moderately important, a little important, or not important at all / Not important at all, a little important, moderately important, very important, or extremely important]? F or W eb administration, reference to the respondent booklet was omitted. F orward/reverse response option order",,"1. Extremely important
2. Very important
3. Moderately important
4. A little important
5. Not at all important","1. Extremely important
2. Very important
3. Moderately important
4. A little important
5. Not at all important","1. Extremely important
2. V ery important
3. Moderately important
4. A little important
5. Not at all important",,"-9. Refused
-8. Don’t know
-7. Insuﬃcient partial, interview deleted
-6. No post interview
-5. Suﬃcient partial, breakoﬀ
-1. Inapplicable","-9. Refused
-8. Don’t know
-7. No post-election data, deleted due to incomplete interview
-6. No post-election interview
-5. Interview breakoff (sufficient partial IW)
-1. Inapplicable","-6. No post-election interview
-7. No post data, deleted due
-8. Don’t know
-9. Refused",,"2024: V242208
2020: V202220
2016: V162221"
VCF9350,PRE: HOW MANY GRANDPARENTS BORN OUTSIDE THE US,PRE: HOW MANY GRANDPARENTS BORN OUTSIDE THE US,PRE: How many grandparents born outside the U.S.,,"How many of R's grandparents, if any, were born outside the U.S.A [asked of all Rs]","How many of your grandparents, if any, were born outside the U.S.? PRE- ELECTION SURVEY VARIABLES 217","How many of your grandparents, if any, were born outside the U.S.?","How many of your grandparents, if any , were born outside the U.S.A.?",,"0. None
1. One
2. Two
3. Three
4. All","0. None
1. One
2. Two
3. Three
4. All","0. None
1. One
2. T wo
3. Three
4. All",,"-9. Refused
-8. Don’t know
-1. Inapplicable","-9. Refused
-8. Don’t know","-8. Don’t know (FTF only)
-9. Refused",,"2024: V241509
2020: V201555
2016: V161317"
VCF9351,PRE: LATINO RS: LANGUAGE AT HOME,PRE: LATINO RS: LANGUAGE AT HOME,POST: HISP ANIC: how much R uses English or Spanish,HISPANIC:how much R uses English orSpanish,Does R generally speak: listed levels of English vs Spanish,"What language do you primarily speak at home with your family? Is it only English, mostly English, both languages equally, mostly Spanish, or only Spanish?","What language do you primarily speak at home with your family? Is it only English, mostly English, both languages equally, mostly Spanish, or only Spanish?","IF R IS IDENTIFIED AS HISP ANIC IN PRE-ELECTION IW: Please turn to page [PRELOAD: page] of the booklet. Comparing how often you speak in English or Spanish in your day-to-day life, would you say that you are generally speaking: - English and little or no Spanish, - Mostly English but Spanish at least some of the time, - English and Spanish about equally , - Mostly Spanish but English at least some of the time, or - Spanish and little or no English? F or W eb administration, reference to the respondent booklet was omitted and response options did not appear in the question text.","Comparing how often you speak in English or Spanish in your day-to-day life,wouldyousaythatyouaregenerallyspeaking: -Englishandlittleorno Spanish, - Mostly English but Spanish at least some of the time, - English and Spanish about equally, - Mostly Spanish but English at least some of the time,or - Spanish and little orno English?","1. Only English
2. Mostly English
3. Both languages equally
4. Mostly Spanish
5. Only Spanish","1. Only English
2. Mostly English
3. Both languages equally
4. Mostly Spanish
5. Only Spanish","1. English and little or no
2. Mostly English but
3. Both English and Spanish
4. Mostly Spanish but
5. Spanish and little or no","1. English andlittle or no Spanish
2. MostlyEnglish but Spanish at least someof the
3. Both English and Spanishabout equally
4. MostlySpanish but English at least someof the
5. Spanish andlittle or no English","-9. Refused
-1. Inapplicable","-9. Refused
-1. Inapplicable","-1. Inap
-6. No post-election interview
-7. No post data, deleted due","-1. Inapplicable
-6. Notasked, unit nonresponse (no post-election
-7. Deleteddue to partial (post-election) interview","2024: V241516
2020: V201562
2016: V162223
2012: pohisp_uselang"
VCF9352,RESTRICTED: PRE: MAJOR RELIG DENOM IF R RELIG GROUP PROTESTANT OR SOMETHING ELSE,RESTRICTED: PRE: MAJOR RELIG DENOM IF R RELIG GROUP PROTESTANT OR SOMETHING ELSE,PRE: R subjective description of own major relig denomination,,"With what religion, church or denomination does R identify self","What speciﬁc religion, church or denomination is that?","What specific religion, church or denomination is that?","IF R A TTENDS CHURCH AND A TTENDS AS PROTEST ANT OR ‘OTHER’ / IF DOES NOT A TTEND CHURCH BUT THINKS OF SELF AS P AR T OF CHURCH OR DENOMINA TION AND CONSIDERS SELF PROTEST ANT OR ‘OTHER’: What religion, church or denomination is that? 34 unique outcomes. 20 most frequently appearing outcomes:",,V241424,,,,-3. RESTRICTED,-3. Restricted,,,"2024: V241424
2020: V201437
2016: V161248"
VCF9353,POST: HOW WOULD R DESCRIBE SOCIAL CLASS [EGSS],POST: HOW WOULD R DESCRIBE SOCIAL CLASS [EGSS],"PRE: Social class (2-question version)
POST: R social class",,How would R describe his/her social class,"How would you describe your social class? Are you in the lower class, the working class, the middle class, or the upper class?","How would you describe your social class? Are you in the lower class, the working class, the middle class, or the upper class? POST-ELECTION SURVEY VARIABLES 521","IF R IS SELECTED FOR THE 2-QUESTION SET OF SOCIAL CLASS QUESTIONS IN THE PRE: How would you describe your social class? Are you in the lower class, the working class, the middle class, or the upper class? RANDOMIZA TION: Old or new version of class question
IF R IS SELECTED FOR THE 2-QUESTION SET OF SOCIAL CLASS QUESTIONS IN THE POST: How would you describe your social class? Are you in the lower class, the working class, the middle class, or the upper class? RANDOMIZA TION: Assignment to CLASSA or CLASSB set of social class questions",,"1. Lower class
2. Working class
3. Middle class
4. Upper class","1. Lower class
2. Working class
3. Middle class
4. Upper class","1. Lower class
2. W orking class
3. Middle class
4. Upper class
1. Lower middle class
2. Middle class
3. Upper middle class
1. Lower class
2. W orking class
3. Middle class
4. Upper class",,"-9. Refused
-8. Don’t know
-7. Insuﬃcient partial, interview deleted
-6. No post interview
-5. Suﬃcient partial, breakoﬀ
-4. Error
-1. Inapplicable","-9. Refused
-8. Don’t know
-7. No post-election data, deleted due to incomplete interview
-6. No post-election interview
-5. Interview breakoff (sufficient partial IW)","-1. INAP , selected for
-8. Don’t know (FTF only)
-9. Refused
-1. INAP ,
-8. Don’t know (FTF only)
-1. Inap
-6. No post-election interview
-7. No post data, deleted due
-8. Don’t know
-9. Refused",,"2024: V242337
2020: V202352
2016: V161307; V162132"
VCF9354,"POST: IS R LOWER MIDDLE CLASS, MIDDLE CLASS, UPPER MIDDLE CLASS? [EGSS]","POST: IS R LOWER MIDDLE CLASS, MIDDLE CLASS, UPPER MIDDLE CLASS? [EGSS]","PRE: EGSS social class if middle class
POST: Is R upper middle, middle, lower middle class",,"Would R consider self lower, middle, or upper part of the middle class","Are you in the lower middle class, the middle class, or the upper middle class? POST-ELECTION SURVEY VARIABLES 483","Are you in the lower middle class, the middle class, or the upper middle class?","IF R IS SELECTED FOR THE 2-QUESTION SET OF SOCIAL CLASS QUESTIONS IN THE PRE: IF R HAS INDICA TED SOCIAL CLASS AS MIDDLE CLASS: Are you in the lower middle class, the middle class, or the upper middle class? RANDOMIZA TION: Old or new version of class question
IF R IS SELECTED FOR THE 2-QUESTION SET OF SOCIAL CLASS QUESTIONS IN THE POST: IF R HAS INDICA TED SOCIAL CLASS AS MIDDLE CLASS: Are you in the lower middle class, the middle class, or the upper middle class? RANDOMIZA TION: Assignment to CLASSA or CLASSB set of social class questions",,"1. Lower middle class
2. Middle class
3. Upper middle class","1. Lower middle class
2. Middle class
3. Upper middle class","1. Lower middle class
2. Middle class
3. Upper middle class",,"-9. Refused
-8. Don’t know
-7. Insuﬃcient partial, interview deleted
-6. No post interview
-5. Suﬃcient partial, breakoﬀ
-1. Inapplicable","-9. Refused
-8. Don’t know
-7. No post-election data, deleted due to incomplete interview
-6. No post-election interview
-5. Interview breakoff (sufficient partial IW)
-1. Inapplicable","-1. Inap
-6. No post-election interview
-7. No post data, deleted due
-9. Refused",,"2024: V242338
2020: V202353
2016: V161307a; V162133"
VCF9355,PRE: HOW MANY CHILDREN IN HH AGE 0-17,PRE: HOW MANY CHILDREN IN HH AGE 0-17,PRE: How many children in HH age 0-17,,How many children live in the household age 0-17,How many children or teenagers age 0 to 17 live in this household?,How many children or teenagers age 0 to 17 live in this household?,How many children or teenagers age 0 to 17 live in this household?,,"0. No children
1. One child
2. Two children
3. Three children
4. Four children
5. Five children
6. Six children
7. Seven children
8. Eight children
9. More than eight children","0. No children
1. One child
2. Two children
3. Three children
4. Four or more children","0. No children
1. One child
2. T wo children
3. Three children
4. F our children
5. Five children
6. Six children
7. Seven children
9. More than eight children",,"-9. Refused
-1. Inapplicable",-9. Refused,-9. Refused,,"2024: V241521
2020: V201567
2016: V161324"
VCF9356,PRE: ARMED FORCES ACTIVE DUTY,PRE: ARMED FORCES ACTIVE DUTY,"PRE: Previously served on active duty in armed forces
PRE: RESTRICTED- Now serving on active duty in armed forces",,"Is R now serving on active duty, or has R served, or has R never served in the U.S. Armed Forces?","Are you now serving on active duty in the U.S. armed forces – the U.S. Air Force, Army, Coast Guard, Marine Corps, Navy, or Space Force – or have you previously served on active duty in the U.S. armed forces, or have you never served on active duty in the U.S. armed forces?","Are you now serving on active duty in the U.S. armed forces - the U.S. Air Force, Army, Coast Guard, Marine Corps, or Nav - or have you previously served on active duty in the U.S. armed forces, or have you never served on active duty in the U.S. armed forces?","Are you now serving on active duty in the U.S. armed forces – the U.S. Air F orce, Army , Coast Guard, Marine Corps, or Navy – or have you previously served on active duty in the U.S. armed forces, or have you never served on active duty in the U.S. armed forces?
Are you now serving on active duty in the U.S. armed forces – the U.S. Air F orce, Army , Coast Guard, Marine Corps, or Navy – or have you previously served on active duty in the U.S. armed forces, or have you never served on active duty in the U.S. armed forces?",,"1. Now serving on active duty
2. Previously served on active duty but not now on active duty
3. Have never served on active duty","1. Now serving on active duty
2. Previously served on active duty but not now on active duty
3. Have never served on active duty","0. Have never served on
1. Have previously served on",,"-9. Refused
-1. Inapplicable",-9. Refused,"-9. Refused

-3. Restricted access for",,"2024: V241470
2020: V201516
2016: V161274a; V161274b"
VCF9357,"POST: DURING PAST 12 MONTHS, R OR ANY FAMILY MEMBERS STOPPED BY POLICE POST-ELECTION SURVEY VARIABLES 535","POST: DURING PAST 12 MONTHS, R OR ANY FAMILY MEMBERS STOPPED BY POLICE",POST: FTF CASI/WEB: In past 12 months any family members,,"Past 12 months, R/family member stopped/questioned by police","During the past 12 months, were you or any of your family members stopped or questioned by a police oﬃcer, or did this not happen in the past 12 months?","During the past 12 months, were you or any of your family members stopped orquestioned by a police officer, or did this not happen in the past 12 months?","During the past 12 months, were you or any of your family members stopped or questioned by a police officer, or did this not happen in the past 12 months?",,"1. Was stopped or questioned in the past 12 months
2. Was not stopped or questioned in the past 12 months","1. Was stopped or questioned in the past 12 months
2. Was not stopped or questioned in the past 12 months","1. W as stopped or questioned
2. W as not stopped or",,"-9. Refused
-7. Insuﬃcient partial, interview deleted
-6. No post interview
-5. Suﬃcient partial, breakoﬀ
-1. Inapplicable","-9. Refused
-7. No post-election data, deleted due to incomplete interview
-6. No post-election interview
-5. Interview breakoff (sufficient partial IW)","-5. Breakoff, sufficient partial
-6. No post-election interview
-7. No post data, deleted due
-9. Refused",,"2024: V242506
2020: V202456
2016: V162297"
VCF9358,POST: HAS R EVER BEEN ARRESTED,POST: HAS R EVER BEEN ARRESTED,POST: FTF CASI/WEB: Has R ever been arrested,,R ever been arrested,"Have you ever been arrested, or has that never happened to you?","Have you ever been arrested, or has that never happened to you? POST-ELECTION SURVEY VARIABLES 571","Have you ever been arrested, or has that never happened to you?",,"1. Have been arrested
2. Never arrested","1. Have been arrested
2. Never arrested","1. Have been arrested
2. Never arrested",,"-9. Refused
-7. Insuﬃcient partial, interview deleted
-6. No post interview
-5. Suﬃcient partial, breakoﬀ
-1. Inapplicable","-9. Refused
-7. No post-election data, deleted due to incomplete interview
-6. No post-election interview
-5. Interview breakoff (sufficient partial IW)","-5. Breakoff, sufficient partial
-6. No post-election interview
-7. No post data, deleted due
-9. Refused",,"2024: V242507
2020: V202457
2016: V162298"
VCF9359,POST: DISCRIMINATION IN THE US AGAINST BLACKS,POST: DISCRIMINATION IN THE US AGAINST BLACKS,POST: FTF CASI/WEB: Discrimination in the U.S. against Blacks,CASI Discriminationin the U.S. against Blacks,How much discrimination is there in the United States today against each of the following groups: Blacks,How much discrimination is there in the United States today against each of the following groups? Blacks POST-ELECTION SURVEY VARIABLES 559,Blacks,How much discrimination is there in the United States today against each of the following groups? Blacks RANDOMIZA TION: Order of discrimination social groups F orward/reverse response option order,"(How much discrimination is there in the United States today against each of the following groups?) Blacks [A great deal, a lot, a moderate amount, a little, or none at all / none at all, a little, a moderate amount, a lot or a great deal]? Randomization: Order of socialgroups Logic: Please make answering this question a soft requirement (if R clicks >> a prompt appears but if R clicks >> a 2nd time R is allowed to go to next screen).","1. A great deal
2. A lot
3. A moderate amount
4. A little
5. None at all","1. A great deal
2. A lot
3. A moderate amount
4. A little
5. None at all","1. A great deal
2. A lot
3. A moderate amount
4. A little
5. None at all","1. A great deal
2. A lot
3. A moderateamount
4. A little
5. None at all","-9. Refused
-7. Insuﬃcient partial, interview deleted
-6. No post interview
-5. Suﬃcient partial, breakoﬀ
-1. Inapplicable","-9. Refused
-7. No post-election data, deleted due to incomplete interview
-6. No post-election interview
-5. Interview breakoff (sufficient partial IW)","-5. Breakoff, sufficient partial
-6. No post-election interview
-7. No post data, deleted due
-9. Refused","-6. Notasked, unit nonresponse (no post-election
-7. Deleted due to partial (post-election) interview
-9. Refused","2024: V242549
2020: V202527
2016: V162357
2012: discrim_blacks"
VCF9360,POST: DISCRIMINATION IN THE US AGAINST HISPANICS,POST: DISCRIMINATION IN THE US AGAINST HISPANICS,POST: FTF CASI/WEB: Discrimination in the U.S. against Hispanics,CASI Discriminationin the U.S. against Hispanics,Hispanics,How much discrimination is there in the United States today against each of the following groups? Hispanics,Hispanics,How much discrimination is there in the United States today against each of the following groups? Hispanics RANDOMIZA TION: Order of discrimination social groups F orward/reverse response option order,"(HowmuchdiscriminationisthereintheUnitedStatestodayagainsteachof the following groups?) Hispanics ([A great deal, a lot, a moderate amount, alittle,ornoneatall/noneatall,alittle,amoderateamount,alotoragreat deal]?) Randomization: Order of socialgroups Logic: Please make answering this question a soft requirement (if R clicks >> a prompt appears but if R clicks >> a 2nd time R is allowed to go to next screen).","1. A great deal
2. A lot
3. A moderate amount
4. A little
5. None at all","1. A great deal
2. A lot
3. A moderate amount
4. A little
5. None at all","1. A great deal
2. A lot
3. A moderate amount
4. A little
5. None at all","1. A great deal
2. A lot
3. A moderateamount
4. A little
5. None at all","-9. Refused
-7. Insuﬃcient partial, interview deleted
-6. No post interview
-5. Suﬃcient partial, breakoﬀ
-1. Inapplicable","-9. Refused
-7. No post-election data, deleted due to incomplete interview
-6. No post-election interview
-5. Interview breakoff (sufficient partial IW)","-5. Breakoff, sufficient partial
-6. No post-election interview
-7. No post data, deleted due
-9. Refused","-6. Notasked, unit nonresponse (no post-election
-7. Deleted due to partial (post-election) interview
-9. Refused","2024: V242550
2020: V202528
2016: V162358
2012: discrim_hispanics"
VCF9361,POST: DISCRIMINATION IN THE US AGAINST WHITES,POST: DISCRIMINATION IN THE US AGAINST WHITES,POST: FTF CASI/WEB: Discrimination in the U.S. against Whites,CASI Discriminationin the U.S. against Whites,Whites,How much discrimination is there in the United States today against each of the following groups? Whites,Whites,How much discrimination is there in the United States today against each of the following groups? Whites RANDOMIZA TION: Order of discrimination social groups F orward/reverse response option order,"(How much discrimination is there in the United States today against each ofthefollowinggroups?) Whites([Agreatdeal,alot,amoderateamount,a little, or none at all / none at all, a little, a moderate amount, a lot or a great deal]?) Randomization: Order of socialgroups Logic: Please make answering this question a soft requirement (if R clicks >> a prompt appears but if R clicks >> a 2nd time R is allowed to go to next screen).","1. A great deal
2. A lot
3. A moderate amount
4. A little
5. None at all","1. A great deal
2. A lot
3. A moderate amount
4. A little
5. None at all","1. A great deal
2. A lot
3. A moderate amount
4. A little
5. None at all","1. A great deal
2. A lot
3. A moderateamount
4. A little
5. None at all","-9. Refused
-7. Insuﬃcient partial, interview deleted
-6. No post interview
-5. Suﬃcient partial, breakoﬀ
-1. Inapplicable","-9. Refused
-7. No post-election data, deleted due to incomplete interview
-6. No post-election interview
-5. Interview breakoff (sufficient partial IW)","-5. Breakoff, sufficient partial
-6. No post-election interview
-7. No post data, deleted due
-9. Refused","-6. Notasked, unit nonresponse (no post-election
-7. Deleted due to partial (post-election) interview
-9. Refused","2024: V242552
2020: V202530
2016: V162360
2012: discrim_whites"
VCF9362,POST: DISCRIMINATION IN THE US AGAINST GAYS AND LESBIANS,POST: DISCRIMINATION IN THE US AGAINST GAYS AND LESBIANS,POST: FTF CASI/WEB: Discrimination in the U.S. against Gays and Les-,CASI Discriminationin the U.S. against Gays andLesbians,Gays and Lesbians,How much discrimination is there in the United States today against each of the following groups? Gays and Lesbians,Gays and lesbians,How much discrimination is there in the United States today against each of the following groups?) Gays and Lesbians RANDOMIZA TION: Order of discrimination social groups F orward/reverse response option order,"(HowmuchdiscriminationisthereintheUnitedStatestodayagainsteachof thefollowinggroups?) GaysandLesbians([Agreatdeal,alot,amoderate amount,alittle,ornoneatall/noneatall,alittle,amoderateamount,alot or agreat deal]?) Randomization: Order of socialgroups Logic: Please make answering this question a soft requirement (if R clicks >> a prompt appears but if R clicks >> a 2nd time R is allowed to go to next screen).","1. A great deal
2. A lot
3. A moderate amount
4. A little
5. None at all","1. A great deal
2. A lot
3. A moderate amount
4. A little
5. None at all","1. A great deal
2. A lot
3. A moderate amount
4. A little
5. None at all","1. A great deal
2. A lot
3. A moderateamount
4. A little
5. None at all","-9. Refused
-7. Insuﬃcient partial, interview deleted
-6. No post interview
-5. Suﬃcient partial, breakoﬀ
-1. Inapplicable","-9. Refused
-7. No post-election data, deleted due to incomplete interview
-6. No post-election interview
-5. Interview breakoff (sufficient partial IW)","-5. Breakoff, sufficient partial
-6. No post-election interview
-7. No post data, deleted due
-9. Refused","-6. Notasked, unit nonresponse (no post-election
-7. Deleted due to partial (post-election) interview
-9. Refused","2024: V242553
2020: V202533
2016: V162361
2012: discrim_gays"
VCF9363,POST: DISCRIMINATION IN THE US AGAINST WOMEN,POST: DISCRIMINATION IN THE US AGAINST WOMEN,POST: FTF CASI/WEB: Discrimination in the U.S. against W omen,CASI Discriminationin the U.S. against Women,Women,How much discrimination is there in the United States today against each of the following groups? Women,Women POST-ELECTION SURVEY VARIABLES 611,How much discrimination is there in the United States today against each of the following groups? W omen RANDOMIZA TION: Order of discrimination social groups F orward/reverse response option order,"(How much discrimination is there in the United States today against each of the following groups?) Women ([A great deal, a lot, a moderate amount, alittle,ornoneatall/noneatall,alittle,amoderateamount,alotoragreat deal]?) Randomization: Order of socialgroups Logic: Please make answering this question a soft requirement (if R clicks >> a prompt appears but if R clicks >> a 2nd time R is allowed to go to next screen).","1. A great deal
2. A lot
3. A moderate amount
4. A little
5. None at all","1. A great deal
2. A lot
3. A moderate amount
4. A little
5. None at all","1. A great deal
2. A lot
3. A moderate amount
4. A little
5. None at all","1. A great deal
2. A lot
3. A moderateamount
4. A little
5. None at all","-9. Refused
-7. Insuﬃcient partial, interview deleted
-6. No post interview
-5. Suﬃcient partial, breakoﬀ
-1. Inapplicable","-9. Refused
-7. No post-election data, deleted due to incomplete interview
-6. No post-election interview
-5. Interview breakoff (sufficient partial IW)","-5. Breakoff, sufficient partial
-6. No post-election interview
-7. No post data, deleted due
-9. Refused","-6. Notasked, unit nonresponse (no post-election
-7. Deleted due to partial (post-election) interview
-9. Refused","2024: V242554
2020: V202534
2016: V162362
2012: discrim_women"
VCF9364,"PRE: REQUIRE EMPLOYERS TO OFFER PAID LEAVE TO PARENTS OF NEW CHILDREN
PRE: REQUIRE EMPLOYERS TO OFFER PAID LEAVE TO PARENTS OF NEW CHILDREN (STRENGTH)","PRE: REQUIRE EMPLOYERS TO OFFER PAID LEAVE TO PARENTS OF NEW CHILDREN
PRE: REQUIRE EMPLOYERS TO OFFER PAID LEAVE TO PARENTS OF NEW CHILDREN (STRENGTH)","PRE: Require employers to offer paid leave to parents of new children
PRE: Strength require employers to offer paid leave to parents of new chil-",,Favor/oppose paid parental leave,"Do you favor, oppose, or neither favor nor oppose requiring employers to oﬀer paid leave to parents of new children?
Do you favor that a great deal, a moderate amount, or a little ? / Do you oppose that a great deal, a moderate amount, or a little?","Do you favor, oppose, or neither favor nor oppose requiring employers tooffer paid leave to parents of new children?
Do you [favor / oppose] that a great deal, a moderate amount, or a little? PRE- ELECTION SURVEY VARIABLES 173","Do you favor/oppose, or neither favor nor oppose requiring employers to offer paid leave to parents of new children?
IF R F A VORS REQUIRING EMPLOYERS TO OFFER P AID LEA VE FOR NEW CHILDREN / IF R OPPOSES REQUIRING EMPLOYERS TO OFFER P AID LEA VE FOR NEW CHILDREN : Do you favor that a great deal, a moderate amount, or a little ? / Do you oppose that a great deal, a moderate amount, or a little?",,"1. Favor
2. Oppose
3. Neither favor nor oppose
1. A great deal
2. A moderate amount
3. A little","1. Favor
2. Oppose
3. Neither favor nor oppose
1. A great deal
2. A moderate amount
3. A little","1. F avor
2. Oppose
3. Neither favor nor oppose

1. A great deal
2. A moderate amount
3. A little1. F avor a great deal
2. F avor a moderate amount
3. F avor a little
4. Neither favor nor oppose
5. Oppose a little
6. Oppose a moderate
7. Oppose a great deal",,"-9. Refused
-8. Don’t know
-1. Inapplicable
-9. Refused
-8. Don’t know
-1. Inapplicable","-9. Refused
-8. Don’t know
-9. Refused
-1. Inapplicable","-8. Don’t know (FTF only)
-9. Refused

-1. INAP ,
-9. Refused-8. DK (-8) in V161226 or
-9. RF (-9) in V161226 or",,"2024: V241367; V241368
2020: V201403; V201404
2016: V161226; V161226a"
VCF9365,"POST: HOW MUCH DOES R FAVOR AFFIRMATIVE ACTION IN UNIVERSITIES
POST: HOW MUCH DOES R OPPOSE AFFIRMATIVE ACTION IN UNIVERSITIES",PRE: How much does R favor affirmative action in universities,PRE: How much does R oppose affirmative action in universities,"How muchdoes R favor affirmativeaction inuniversities
How muchdoes R oppose affirmativeaction inuniversities",How much does R favor/oppose allowing universities to increase the number of black students by considering race along with other factors when choosing students,"Do you favor that [a great deal, a moderate amount, or a little / a little, a moderate amount, or a great deal]?
Do you oppose that [a great deal, a moderate amount, or a little / a little, a moderate amount, or a great deal]? 444 CODEBOOK: VARIABLES","IF R F A VORS AFFIRMA TIVE ACTION A T UNIVERSITIES: Do you favor that [a great deal, a moderate amount, or a little / a little, a moderate amount, or a great deal]? F orward/reverse response option order","IF R OPPOSES AFFIRMA TIVE ACTION A T UNIVERSITIES: Do you oppose that [a great deal, a moderate amount, or a little / a little, a moderate amount, or a great deal]? F orward/reverse response option order","Do you favor that [a great deal, a moderate amount, or a little / a little, a moderate amount,or a great deal]?
Do you oppose that [a great deal, a moderate amount, or a little / a little, a moderate amount,or a great deal]?","1. A great deal
2. A moderate amount
3. A little
1. A great deal
2. A moderate amount
3. A little","1. A great deal
2. A moderate amount
3. A little1. F avor a great deal
2. F avor a moderate amount
3. F avor a little
4. Neither favor nor oppose
5. Oppose a little
6. Oppose a moderate
7. Oppose a great deal","1. A great deal
2. A moderate amount
3. A little","1. A greatdeal
2. A moderate amount
3. A little
1. A greatdeal
2. A moderate amount
3. A little

1. A greatdeal
2. A moderate amount
3. A little
1. A greatdeal
2. A moderate amount
3. A little","-9. Refused
-7. Insuﬃcient partial, interview deleted
-6. No post interview
-5. Suﬃcient partial, breakoﬀ
-1. Inapplicable
-9. Refused
-7. Insuﬃcient partial, interview deleted
-6. No post interview
-5. Suﬃcient partial, breakoﬀ
-1. Inapplicable","-1. INAP ,
-8. Don’t know (FTF only)
-9. Refused-8. DK (-8) in V161204,
-9. RF (-9) in V161204,","-1. INAP ,","-1. Inapplicable
-8. Don't know
-1. Inapplicable
-8. Don't know

-1. Inapplicable
-4. Error
-8. Don't know
-1. Inapplicable
-4. Error
-8. Don't know","2024: V242243; V242244
2016: V161204a; V161204b
2012: aa_unifav; aa_uniopp"