var_name,summary,question,valid_labels,missing_labels
V080001,ID.1. CASE ID,CASE ID,,
V080101,"WT.1. PRE CROSS-SECTION SAMPLE WEIGHT - POST-STRAT, centered","CROSS-SECTION SAMPLE WEIGHT - PRE-ELECTION WAVE, POST-STRATIFIED:
centered at mean 1.0",,
V080101a,WT.1. PRE CROSS-SECTION SAMPLE WEIGHT - POST-STRATIFIED,"CROSS-SECTION SAMPLE WEIGHT - PRE-ELECTION WAVE, POST-STRATIFIED",,
V080102,"WT.2. POST CROSS-SECTION SAMPLE WEIGHT -POST-STRAT, centered","CROSS-SECTION SAMPLE WEIGHT - POST-ELECTION WAVE, POST-STRATIFIED:
centered at mean 1.0",,
V080102a,WT.2a. POST CROSS-SECTION SAMPLE WEIGHT -POST-STRATIFIED,"CROSS-SECTION SAMPLE WEIGHT - POST-ELECTION WAVE, POST-STRATIFIED",,
V080103,WT.3. HOUSEHOLD WEIGHT: Household post-stratified,HOUSEHOLD WEIGHT: post-stratified,,
V081001,STUDY.1. Waves completed by respondent,Waves completed by respondent for the ANES 2008 Time Series Study,"0. Pre-election only
1. Pre-election and Post-election",
V081101,HHList.1. Respondent: gender,Selected Respondent: gender,"1. Male respondent selected
2. Female respondent selected",
V081102,HHList.2. Respondent: race,Selected Respondent: race,"1. White
2. Black/African-American
3. White and black
4. Other race
5. White and another race
6. Black and another race
7. White, black and another race","-4. NA (blank recorded)
-9. Refused in household listing"
V081103,HHList.3. Respondent: Latino status,Selected Respondent: Latino status,"1. Latino
2. Not Latino","-4. NA (blank recorded)
-9. Refused in household listing"
V081103a,HHList.3a. Respondent: race and Latino status,Selected Respondent: race and Latino status,"11. Latino - race given as white
12. Latino - race given as black
14. Latino - race given as other
15. Latino - race given as white and other
16. Latino - race given as black and other
21. Not Latino - race given as white
22. Not Latino - race given as black
23. Not Latino - race given as white and black
24. Not Latino - race given as other
25. Not Latino - race given as white and other
26. Not Latino - race given as black and other
27. Not Latino - race given as black, white, and other","-19. Latino status given but refused Race in household listing
-29. Non-Latino status given but refused race in household listing
-44. NA for Latino status and race (blank recorded)
-91. Refused Latino status but gave race as white
-99. Refused Latino status and race in household listing"
V081104,HHList.4. Respondent: age,Selected Respondent: age,,"-8. Don't know (in household listing)
-9. Refused in household listing"
V081105,HHList.5. RESTRICTED: Respondent: relationship to informant,Selected respondent: relationship to household informant,"1. Informant
2. Spouse/partner
3. Relative
4. Non-relative",-9. Refused in household listing
V081106,HHList.6. Respondent: eligible adult number,Selected respondent: eligible adult number,"1. R IS
2. R IS
3. R IS
4. R IS
5. R IS
7. R IS",
V081107,HHList.7. TOTAL IN HH: PERSONS (ADULTS AND CHILDREN),Total in household: total persons (adults and children),,"-4. NA (blank for number of children in HH)
-9. Refused (refused number of children in HH)"
V081108,HHList.8. TOTAL IN HH: ADULTS (18 BY OCT30),Total in household: total adults,,
V081108a,HHList.8a. TOTAL IN HH: ELIGIBLE ADULTS,Total in household: total eligible adults,,
V081108b,HHList.8b. TOTAL IN HH:INELIGIBLE ADULTS (18 BY OCT30),Total in household: total ineligible adults,,
V081108c,HHList.8c. TOTAL IN HH: FEMALE ELIGIBLE ADULTS (18 BY OCT30),Total in household: eligible female adults,,
V081108d,HHList.8d. TOTAL IN HH: MALE ELIGIBLE ADULTS (18 BY OCT30),Total in household: eligible male adults,,
V081108e,HHList.8e. TOTAL IN HH: LATINO ELIGIBLE ADULTS (18 BY OCT30),Total in household: eligible Latino adults,,"-4. NA (blank recorded for Latino status of one or more
-9. Refused Latino status for one or more eligible members of"
V081108f,HHList.8f. TOTAL IN HH: BLACK ELIGIBLE ADULTS (18 BY OCT30),Total in household:  eligible black/African-American adults,,"-4. NA (blank recorded for race of one or more eligible members
-9. Refused race for one or more eligible members of household"
V081108g,HHList.8g. TOTAL IN HH: WHITE ELIGIBLE ADULTS (18 BY OCT30),Total in household:  eligible white adults,,"-4. NA (blank recorded for race of one or more eligible members
-9. Refused race for one or more eligible members of household"
V081108h,HHList.8h. TOTAL IN HH: MIXED/OTH RACE ELIG ADULTS,Total in household: eligible other/mixed race adults,,"-4. NA (blank recorded for race of one or more eligible members
-9. Refused race for one or more eligible members of household"
V081109,HHList.9. TOTAL IN HH: CHILDREN UNDER 18 (NOT 18 BY OCT30),"Total in household: children under 18 years old (not 18 by
October 30, 2008)",,"-4. NA in HHList.9a
-9. Refused HHList.9a"
V081109a,HHList.9a. TOTAL IN HH: CHILDREN UNDER 17,Total in household: children under 17 years old,,"-4. NA (blank recorded)
-9. Refused"
V081109b,"HHList.9b. TOTAL IN HH: CHLDREN 17 YRS OLD, NOT 18 BY OCT30","Total in household: children 17 years old (not 18 by
October 30, 2008)","0. No
1. One",
V081110,HHList.10. HOUSEHOLD COMPOSITION,Household composition,,
V081111a,HHList.11a. ELIGIBLE PERSON #1: gender,Household listing eligible person #1: gender,"1. Male
2. Female",
V081111b,HHList.11b. ELIGIBLE PERSON #1: race,Household listing eligible person #1: race,"1. White
2. Black/African-American
3. White and black
4. Other race
5. White and another race
6. Black and another race
7. White, black and another race","-4. NA (blank recorded)
-9. Refused"
V081111c,HHList.11c. ELIGIBLE PERSON #1: Latino,Household listing eligible person #1: Latino status,"1. Latino
2. Not Latino","-4. NA (blank recorded)
-9. Refused"
V081111d,HHList.11d. ELIGIBLE PERSON #1: race and Latino status,Household listing eligible person #1: race and Latino status,"11. Latino - race given as white
12. Latino - race given as black
14. Latino - race given as other
15. Latino - race given as white and other
16. Latino - race given as black and other
21. Not Latino - race given as white
22. Not Latino - race given as black
23. Not Latino - race given as white and black
24. Not Latino - race given as other
25. Not Latino - race given as white and other
26. Not Latino - race given as black and other
27. Not Latino - race given as black, white, and other","-19. Latino status given but refused Race in household listing
-29. Non-Latino status given but refused race in household listing
-44. NA for Latino status and race (blank recorded)
-91. Refused Latino status but gave race as white
-99. Refused Latino status and race in household listing"
V081111e,HHList.11e. ELIGIBLE PERSON #1: age,Household listing eligible person #1: age,,"-8. Don't know
-9. Refused"
V081111f,"HHList.11f. ELIGIBLE PERSON #1: 18 by October 30, 2008","Household listing eligible person #1: 18 years old by October 30, 2008","1. Yes,
2. No, not","-1. INAP, age is"
V081111g,HHList.11g. RESTRICTED:ELIG PERSON #1: relnship to informant,Household listing eligible person #1: relationship to informant,01. Informant,"-4. NA (blank recorded)
-9. Refused"
V081112a,HHList.12a. ELIGIBLE PERSON #2: gender,Household listing eligible person #2: gender,"1. Male
2. Female","-1. INAP, no additional eligible person"
V081112b,HHList.12b. ELIGIBLE PERSON #2: race,Household listing eligible person #2: race,"1. White
2. Black/African-American
3. White and black
4. Other race
5. White and another race
6. Black and another race
7. White, black and another race","-1. INAP, no additional eligible person
-4. NA (blank recorded)
-9. Refused"
V081112c,HHList.12c. ELIGIBLE PERSON #2: Latino,Household listing eligible person #2: Latino status,"1. Latino
2. Not Latino","-1. INAP, no additional eligible person
-4. NA (blank recorded)
-9. Refused"
V081112d,HHList.12d. ELIGIBLE PERSON #2: race and Latino status,Household listing eligible person #2: race and Latino status,"11. Latino - race given as white
12. Latino - race given as black
14. Latino - race given as other
15. Latino - race given as white and other
16. Latino - race given as black and other
21. Not Latino - race given as white
22. Not Latino - race given as black
23. Not Latino - race given as white and black
24. Not Latino - race given as other
25. Not Latino - race given as white and other
26. Not Latino - race given as black and other
27. Not Latino - race given as black, white, and other","-1. INAP, no additional eligible person
-19. Latino status given but refused Race in household listing
-29. Non-Latino status given but refused race in household listing
-44. NA for Latino status and race (blank recorded)
-91. Refused Latino status but gave race as white
-99. Refused Latino status and race in household listing"
V081112e,HHList.12e. ELIGIBLE PERSON #2: age,Household listing eligible person #2: age,,"-1. INAP, no additional eligible person
-8. Don't know
-9. Refused"
V081112f,"HHList.12f. ELIGIBLE PERSON #2: 18 by October 30, 2008","Household listing eligible person #2: 18 years old by October 30, 2008","1. Yes,
2. No, not","-1. INAP, age is"
V081112g,HHList.12g. RESTRICTED:ELIG PERSON #2: relnship to informant,Household listing eligible person #2: relationship to informant,"1. Informant
2. Spouse/partner
3. Relative
4. Non-relative","-1. INAP, no additional eligible person
-4. NA (blank recorded)
-9. Refused"
V081113a,HHList.13a. ELIGIBLE PERSON #3: gender,Household listing eligible person #3: gender,"1. Male
2. Female","-1. INAP, no additional eligible person"
V081113b,HHList.13b. ELIGIBLE PERSON #3: race,Household listing eligible person #3: race,"1. White
2. Black/African-American
3. White and black
4. Other race
5. White and another race
6. Black and another race
7. White, black and another race","-1. INAP, no additional eligible person
-4. NA (blank recorded)
-9. Refused"
V081113c,HHList.13c. ELIGIBLE PERSON #3: Latino,Household listing eligible person #3: Latino status,"1. Latino
2. Not Latino","-1. INAP, no additional eligible person
-4. NA (blank recorded)
-9. Refused"
V081113d,HHList.13d. ELIGIBLE PERSON #3: race and Latino status,Household listing eligible person #3: race and Latino status,"11. Latino - race given as white
12. Latino - race given as black
14. Latino - race given as other
15. Latino - race given as white and other
16. Latino - race given as black and other
21. Not Latino - race given as white
22. Not Latino - race given as black
23. Not Latino - race given as white and black
24. Not Latino - race given as other
25. Not Latino - race given as white and other
26. Not Latino - race given as black and other
27. Not Latino - race given as black, white, and other","-1. INAP, no additional eligible person
-19. Latino status given but refused Race in household listing
-29. Non-Latino status given but refused race in household listing
-44. NA for Latino status and race (blank recorded)
-91. Refused Latino status but gave race as white
-99. Refused Latino status and race in household listing"
V081113e,HHList.13e. ELIGIBLE PERSON #3: age,Household listing eligible person #3: age,,"-1. INAP, no additional eligible person
-8. Don't know
-9. Refused"
V081113f,"HHList.13f. ELIGIBLE PERSON #3: 18 by October 30, 2008","Household listing eligible person #3: 18 years old by October 30, 2008","1. Yes,
2. No, not","-1. INAP, age is"
V081113g,HHList.13g. RESTRICTED:ELIG PERSON #3: relnship to informant,Household listing eligible person #3: relationship to informant,"1. Informant
2. Spouse/partner
3. Relative
4. Non-relative","-1. INAP, no additional eligible person
-4. NA (blank recorded)
-9. Refused"
V081114a,HHList.14a. ELIGIBLE PERSON #4: gender,Household listing eligible person #4: gender,"1. Male
2. Female","-1. INAP, no additional eligible person"
V081114b,HHList.14b. ELIGIBLE PERSON #4: race,Household listing eligible person #4: race,"1. White
2. Black/African-American
3. White and black
4. Other race
5. White and another race
6. Black and another race
7. White, black and another race","-1. INAP, no additional eligible person
-4. NA (blank recorded)
-9. Refused"
V081114c,HHList.14c. ELIGIBLE PERSON #4: Latino,Household listing eligible person #4: Latino status,"1. Latino
2. Not Latino","-1. INAP, no additional eligible person
-4. NA (blank recorded)
-9. Refused"
V081114d,HHList.14d. ELIGIBLE PERSON #4: race and Latino status,Household listing eligible person #4: race and Latino status,"11. Latino - race given as white
12. Latino - race given as black
14. Latino - race given as other
15. Latino - race given as white and other
16. Latino - race given as black and other
21. Not Latino - race given as white
22. Not Latino - race given as black
23. Not Latino - race given as white and black
24. Not Latino - race given as other
25. Not Latino - race given as white and other
26. Not Latino - race given as black and other
27. Not Latino - race given as black, white, and other","-1. INAP, no additional eligible person
-19. Latino status given but refused Race in household listing
-29. Non-Latino status given but refused race in household listing
-44. NA for Latino status and race (blank recorded)
-91. Refused Latino status but gave race as white
-99. Refused Latino status and race in household listing"
V081114e,HHList.14e. ELIGIBLE PERSON #4: age,Household listing eligible person #4: age,,"-1. INAP, no additional eligible person
-8. Don't know
-9. Refused"
V081114f,"HHList.14f. ELIGIBLE PERSON #4: 18 by October 30, 2008","Household listing eligible person #4: 18 years old by October 30, 2008","1. Yes,
2. No, not","-1. INAP, age is"
V081114g,HHList.14g. RESTRICTED:ELIG PERSON #4: relnship to informant,Household listing eligible person #4: relationship to informant,"1. Informant
2. Spouse/partner
3. Relative
4. Non-relative","-1. INAP, no additional eligible person
-4. NA (blank recorded)
-9. Refused"
V081115a,HHList.15a. ELIGIBLE PERSON #5: gender,Household listing eligible person #5: gender,"1. Male
2. Female","-1. INAP, no additional eligible person"
V081115b,HHList.15b. ELIGIBLE PERSON #5: race,Household listing eligible person #5: race,"1. White
2. Black/African-American
3. White and black
4. Other race
5. White and another race
6. Black and another race
7. White, black and another race","-1. INAP, no additional eligible person
-4. NA (blank recorded)
-9. Refused"
V081115c,HHList.15c. ELIGIBLE PERSON #5: Latino,Household listing eligible person #5: Latino status,"1. Latino
2. Not Latino","-1. INAP, no additional eligible person
-4. NA (blank recorded)
-9. Refused"
V081115d,HHList.15d. ELIGIBLE PERSON #5: race and Latino status,Household listing eligible person 5: race and Latino status,"11. Latino - race given as white
12. Latino - race given as black
14. Latino - race given as other
15. Latino - race given as white and other
16. Latino - race given as black and other
21. Not Latino - race given as white
22. Not Latino - race given as black
23. Not Latino - race given as white and black
24. Not Latino - race given as other
25. Not Latino - race given as white and other
26. Not Latino - race given as black and other
27. Not Latino - race given as black, white, and other","-1. INAP, no additional eligible person
-19. Latino status given but refused Race in household listing
-29. Non-Latino status given but refused race in household listing
-44. NA for Latino status and race (blank recorded)
-91. Refused Latino status but gave race as white
-99. Refused Latino status and race in household listing"
V081115e,HHList.15e. ELIGIBLE PERSON #5: age,Household listing eligible person #5: age,,"-1. INAP, no additional eligible person
-8. Don't know
-9. Refused"
V081115f,"HHList.15f. ELIGIBLE PERSON #5: 18 by October 30, 2008","Household listing eligible person #5: 18 years old by October 30, 2008","1. Yes,
2. No, not","-1. INAP, age is"
V081115g,HHList.15g. RESTRICTED:ELIG PERSON #5: relnship to informant,Household listing eligible person #5: relationship to informant,"1. Informant
2. Spouse/partner
3. Relative
4. Non-relative","-1. INAP, no additional eligible person
-4. NA (blank recorded)
-9. Refused"
V081116a,HHList.16a. ELIGIBLE PERSON #6: gender,Household listing eligible person #6: gender,"1. Male
2. Female","-1. INAP, no additional eligible person"
V081116b,HHList.16b. ELIGIBLE PERSON #6: race,Household listing eligible person #6: race,"1. White
2. Black/African-American
3. White and black
4. Other race
5. White and another race
6. Black and another race
7. White, black and another race","-1. INAP, no additional eligible person
-4. NA (blank recorded)
-9. Refused"
V081116c,HHList.16c. ELIGIBLE PERSON #6: Latino,Household listing eligible person #6: Latino status,"1. Latino
2. Not Latino","-1. INAP, no additional eligible person
-4. NA (blank recorded)
-9. Refused"
V081116d,HHList.16d. ELIGIBLE PERSON #6: race and Latino status,Household listing eligible person #6: race and Latino status,"11. Latino - race given as white
12. Latino - race given as black
14. Latino - race given as other
15. Latino - race given as white and other
16. Latino - race given as black and other
21. Not Latino - race given as white
22. Not Latino - race given as black
23. Not Latino - race given as white and black
24. Not Latino - race given as other
25. Not Latino - race given as white and other
26. Not Latino - race given as black and other
27. Not Latino - race given as black, white, and other","-1. INAP, no additional eligible person
-19. Latino status given but refused Race in household listing
-29. Non-Latino status given but refused race in household listing
-44. NA for Latino status and race (blank recorded)
-91. Refused Latino status but gave race as white
-99. Refused Latino status and race in household listing"
V081116e,HHList.16e. ELIGIBLE PERSON #6: age,Household listing eligible person #6: age,,"-1. INAP, no additional eligible person
-8. Don't know
-9. Refused"
V081116f,"HHList.16f. ELIGIBLE PERSON #6: 18 by October 30, 2008","Household listing eligible person #6: 18 years old by October 30, 2008","1. Yes,
2. No, not","-1. INAP, age is"
V081116g,HHList.16g. RESTRICTED:ELIG PERSON #6: relnship to informant,Household listing eligible person #6: relationship to informant,"1. Informant
2. Spouse/partner
3. Relative
4. Non-relative","-1. INAP, no additional eligible person
-4. NA (blank recorded)
-9. Refused"
V081117a,HHList.17a. ELIGIBLE PERSON #7: gender,Household listing eligible person #7: gender,"1. Male
2. Female","-1. INAP, no additional eligible person"
V081117b,HHList.17b. ELIGIBLE PERSON #7: race,Household listing eligible person #7: race,"1. White
2. Black/African-American
3. White and black
4. Other race
5. White and another race
6. Black and another race
7. White, black and another race","-1. INAP, no additional eligible person
-4. NA (blank recorded)
-9. Refused"
V081117c,HHList.17c. ELIGIBLE PERSON #7: Latino,Household listing eligible person #7: Latino status,"1. Latino
2. Not Latino","-1. INAP, no additional eligible person
-4. NA (blank recorded)
-9. Refused"
V081117d,HHList.17d. ELIGIBLE PERSON #7: race and Latino status,Household listing eligible person #7: race and Latino status,"11. Latino - race given as white
12. Latino - race given as black
14. Latino - race given as other
15. Latino - race given as white and other
16. Latino - race given as black and other
21. Not Latino - race given as white
22. Not Latino - race given as black
23. Not Latino - race given as white and black
24. Not Latino - race given as other
25. Not Latino - race given as white and other
26. Not Latino - race given as black and other
27. Not Latino - race given as black, white, and other","-1. INAP, no additional eligible person
-19. Latino status given but refused Race in household listing
-29. Non-Latino status given but refused race in household listing
-44. NA for Latino status and race (blank recorded)
-91. Refused Latino status but gave race as white
-99. Refused Latino status and race in household listing"
V081117e,HHList.17e. ELIGIBLE PERSON #7: age,Household listing eligible person #7: age,,"-1. INAP, no additional eligible person
-8. Don't know
-9. Refused"
V081117f,"HHList.17f. ELIGIBLE PERSON #7: 18 by October 30, 2008","Household listing eligible person #7: 18 years old by October 30, 2008","1. Yes,
2. No, not","-1. INAP, age is"
V081117g,HHList.17g. RESTRICTED:ELIG PERSON #7: relnship to informant,Household listing eligible person #7: relationship to informant,"1. Informant
2. Spouse/partner
3. Relative
4. Non-relative","-1. INAP, no additional eligible person
-4. NA (blank recorded)
-9. Refused"
V081118a,HHList.18a. ELIGIBLE PERSON #8: gender,Household listing eligible person #8: gender,"1. Male
2. Female","-1. INAP, no additional eligible person"
V081118b,HHList.18b. ELIGIBLE PERSON #8: race,Household listing eligible person #8: race,"1. White
2. Black/African-American
3. White and black
4. Other race
5. White and another race
6. Black and another race
7. White, black and another race","-1. INAP, no additional eligible person
-4. NA (blank recorded)
-9. Refused"
V081118c,HHList.18c. ELIGIBLE PERSON #8: Latino,Household listing eligible person #8: Latino status,"1. Latino
2. Not Latino","-1. INAP, no additional eligible person
-4. NA (blank recorded)
-9. Refused"
V081118d,HHList.18d. ELIGIBLE PERSON #8: race and Latino status,Household listing eligible person #8: race and Latino status,"11. Latino - race given as white
12. Latino - race given as black
14. Latino - race given as other
15. Latino - race given as white and other
16. Latino - race given as black and other
21. Not Latino - race given as white
22. Not Latino - race given as black
23. Not Latino - race given as white and black
24. Not Latino - race given as other
25. Not Latino - race given as white and other
26. Not Latino - race given as black and other
27. Not Latino - race given as black, white, and other","-1. INAP, no additional eligible person
-19. Latino status given but refused Race in household listing
-29. Non-Latino status given but refused race in household listing
-44. NA for Latino status and race (blank recorded)
-91. Refused Latino status but gave race as white
-99. Refused Latino status and race in household listing"
V081118e,HHList.18e. ELIGIBLE PERSON #8: age,Household listing eligible person #8: age,,"-1. INAP, no additional eligible person
-8. Don't know
-9. Refused"
V081118f,"HHList.18f. ELIGIBLE PERSON #8: 18 by October 30, 2008","Household listing eligible person #8: 18 years old by October 30, 2008","1. Yes,
2. No, not","-1. INAP, age is"
V081118g,HHList.18g. RESTRICTED:ELIG PERSON #8: relnship to informant,Household listing eligible person #8: relationship to informant,"1. Informant
2. Spouse/partner
3. Relative
4. Non-relative","-1. INAP, no additional eligible person
-4. NA (blank recorded)
-9. Refused"
V081119,HHList.19. HOUSEHOLD LISTING COMPLETED: date MMDD2008,SCREENER COMPLETED: date,,
V081120,HHList.20. HOUSEHOLD LISTING COMPLETED: interviewer ID,SCREENER COMPLETED: interviewer ID,,
V081201a,Sample.1a. State Postal abbreviation,STATE POSTAL ABBREVIATION,,
V081201b,Sample.1b. State FIPS code,STATE FIPS CODE,"01.  Alabama
02.  Alaska
04.  Arizona
05.  Arkansas
06.  California
08.  Colorado
09.  Connecticut
10.  Delaware
11.  District of Columbia
12.  Florida
13.  Georgia
15.  Hawaii
16.  Idaho
17.  Illinois
18.  Indiana
19.  Iowa
20.  Kansas
21.  Kentucky
22.  Louisiana
23.  Maine
24.  Maryland
25.  Massachusetts
26.  Michigan
27.  Minnesota
28.  Mississippi
29.  Missouri
30.  Montana
31.  Nebraska
32.  Nevada
33.  New Hampshire
34.  New Jersey
35.  New Mexico
36.  New York
37.  North Carolina
38.  North Dakota
39.  Ohio
40.  Oklahoma
41.  Oregon
42.  Pennsylvania
44.  Rhode Island
45.  South Carolina
46.  South Dakota
47.  Tennessee
48.  Texas
49.  Utah
50.  Vermont
51.  Virginia
53.  Washington
54.  West Virginia
55.  Wisconsin
56.  Wyoming",
V081202a,Sample.2a. Postal abbrev and Congr district number,STATE AND CONGRESSIONAL DISTRICT,,
V081202b,Sample.2b. Congressional district number,CONGRESSIONAL DISTRICT NUMBER,,
V081203a,Sample.3a. Corrected state Postal abbr-Congr district number,CORRECTED STATE AND CONGRESSIONAL DISTRICT,,
V081203b,Sample.3b. Corrected Congressional district number,CORRECTED CONGRESSIONAL DISTRICT NUMBER,,-2. No Post-election IW
V081204,Sample.4. Census Region,Census Region,"1. Northeast (CT,ME,MA,NH,NJ,NY,PA,RI,VT)
2. North Central (IL,IN,IA,KS,MI,MN,MO,NE,ND,OH,SD,WI)
3. South (AL,AR,DE,DC,FL,GA,KY,LA,MD,MS,NC,OK,SC,TN,TX,VA,WV)
4. West (AK,AZ,CA,CO,HI,ID,MT,NM,NV,OR,UT,WA,WY)",
V081205,Sample.5. RESTRICTED: Primary area number,Primary Area Number (PSU),,
V081206,Sample.6. RESTRICTED: Stratum (stage 1),Stratum (stage 1),,
V081207,Sample.7. RESTRICTED: FIPS state-county code,FIPS state-county code,,
V081207a,Sample.7a. RESTRICTED: FIPS state-county name,FIPS state-county name,,
V081208,Sample.8. RESTRICTED: CBG (2000),Census CBG,,
V081209,Sample.9. RESTRICTED: Census Tract 2000,Census Tract,,
V081210,Sample.10. RESTRICTED: Census Place 2000,Census Place code (2000),,
V081210a,Sample.10a. RESTRICTED: Census Place 2000 name,Census Place (2000) name,,
V081211,Sample.11. RESTRICTED: MCD 2000,Census Minor Civil Division (MCD 2000) code,,
V081211a,Sample.11a. RESTRICTED: MCD 2000 name,Census Minor Civil Division (MCD 2000) name,,
V081212,Sample.12. RESTRICTED: MSA 1990,MSA 1990 code (Metropolitan Statistical Area),,
V081212a,Sample.12a. RESTRICTED: MSA 1990 name,MSA 1990 name (Metropolitan Statistical Area),,
V081213,Sample.13. RESTRICTED: NECMA 2000,Census 2000 NECMA code,,
V081213a,Sample.13a. RESTRICTED: NECMA 2000 name,Census 2000 NECMA name,,
V081214a,Sample.14a. RESTRICTED: Latitude,Latitude of respondent location,,
V081214b,Sample.14b. RESTRICTED: Longitude,Longitude of respondent location,,
V081215,Sample.15. RESTRICTED: Census Urban/Rural code (2000),Census (2000) Urban/Rural code,,
V082001a,PreAdmin.1a. Beginning Date of Pre-election IW: month,Beginning Date of Pre-election IW: month,"09. September
10. October
11. November",-4. NA (missing)
V082001b,PreAdmin.1b. Beginning Date of Pre-election IW: day,Beginning Date of Pre-election IW: day,,-4. NA (missing)
V082001c,PreAdmin.1c. Beginning Date of Pre-election IW: date MMDD,Beginning Date of Pre-election IW: date,,
V082002a,PreAdmin.2a. Ending Date of Pre-election IW: month,Ending Date of Pre-election IW: month,"09. September
10. October
11. November",-4. NA (missing)
V082002b,PreAdmin.2b. Ending Date of Pre-election IW: day,Ending Date of Pre-election IW: day,,-4. NA (missing)
V082002c,PreAdmin.2c. Ending Date of Pre-election IW: date MMDD,Ending Date of Pre-election IW: date,,
V082003a,PreAdmin.3a. No. days til election: Pre-election IW beg date,Number of days before election: Pre-election IW beginning date,,-4. NA (missing)
V082003b,PreAdmin.3b. No. days til election: Pre-election IW end date,Number of days before election: Pre-election IW ending date,,-4. NA (missing)
V082004,PreAdmin.4. Total no. IW sessions: Pre-election IW,Total number of interview sessions: Pre-election IW,"1. One IW session
2. Two IW sessions
3. Three IW sessions
4. Four IW sessions
5. Five IW sessions",-4. NA (missing)
V082005,PreAdmin.5. Total no. interviewers: Pre-election IW,Total number of interviewers: Pre-election,"1. One total Pre-election IWRs
2. Two total Pre-election IWRs
3. Three total Pre-election IWRs
4. Four total Pre-election IWRs
5. Five total Pre-election IWRs",-4. NA (missing)
V082006,PreAdmin.6. Version: Pre-election IW,Version of survey instrument: Pre-election,"70. Version
71. Version
72. Version
74. Version",
V082007,PreAdmin.7. Total no. calls: Pre-election,Total number of calls: Pre-election,,-4. NA (missing)
V082008,PreAdmin.8. Interviewer IW number: Pre-election IW (nth IW),Interviewer interview number: Pre-election IW,,-4. NA (missing)
V082009,PreAdmin.9. Mode of interview: Pre-election IW,Mode of interview: Pre-election IW,1. Face-to-face IW,
V082010,PreAdmin.10. Length of interview: Pre-election IW,Length of interview: Pre-election IW,,-4. NA (missing)
V082011,PreAdmin.11. Language of interview: Pre-election IW,Language of interview: Pre-election IW,"1. English
2. Spanish
3. Both English and Spanish",
V082012a,PreAdmin.12a. Interview verification: Pre-election IW,Verification: Pre-election IW,"0. Not a verified case
1. Verified case",
V082012b,PreAdmin.12b. Interview evaluation: Pre-election IW,Evaluation: Pre-election IW,,"-1. INAP, not applicable to the"
V082013,PreAdmin.13. Sample release (Pre-election),Sample Release (Pre-election),"1. Main sample release at start of interviewing period
2. Reserve release on October",
V082014,PreAdmin.14. Interview recorded: Pre-election IW,Interview recorded: Pre-election IW,"1. Yes, interview recorded (consent given)
5. No, not recorded (consent not given)",
V082015,PreAdmin.15. Respondent payment amount: Pre-election IW,Payment amount made: Pre-election IW,,-9. Respondent refused payment
V082016,PreAdmin.16. Respondent payment mode: Pre-election IW,Payment mode: Pre-election IW,1. All payments were made in cash upon completion of the Pre-,
V082017a,PreAdmin.17a. Refusal made: Pre-election IW,Refusal made: Pre-election IW,0. No refusal,
V082017b,PreAdmin.17b. Refusal conversion: Pre-election IW,Refusal conversion: Pre-election IW,,"-1. INAP, not applicable to the Pre-election IW"
V082018,PreAdmin.18. Respondent incentive: Pre-election IW,Respondent incentive: Pre-election IW,0. No incentive was paid or given to the respondent in addition,
V082019,PreAdmin.19. Respondent payment date: Pre-election,Payment date: Pre-election interview,,
V082020,PreAdmin.20. Persuasion letter: Pre-election IW,Persuasion letter: Pre-election IW,,"-1. INAP, not applicable to the Pre-election IW"
V082021a,PreAdmin.21a. COMMENT:SUMMARY: positive comment,"PRE-ELECTION INTERVIEWER:
Person did not have to use these exact words, but did the
informant/respondent make any of the following POSTIVE comments?
  - 'I like to do things that HELP THE COMMUNITY'
  - 'I ENJOY DOING SURVEYS'
  - Other positive statement","0. No positive comment indicated in PreAdmin.22a-PreAdmin.22c
1. One positive comment indicated in PreAdmin.22a-PreAdmin.22c
2. Two positive comments indicated in PreAdmin.22a-PreAdmin.22c
3. Three positive comments indicated in PreAdmin.22a-PreAdmin.22c",-4. Missing (missing PreAdmin.22a-PreAdmin.22c)
V082021b,PreAdmin.21b. COMMENT:SUMMARY: time-delay comment,"PRE-ELECTION INTERVIEWER:
Person did not have to use these exact words, but did the
in-formant/respondent make any of the following TIME DELAY comments?
  - 'I am TOO BUSY/ I don't have time'
  - 'This is a BAD TIME / Can you COME BACK LATER'
  - 'Let me THINK ABOUT IT'
  - Other time delay statement","0. No time-delay comment indicated in PreAdmin.22d-PreAdmin.22g
1. One time-delay comment indicated in PreAdmin.22d-PreAdmin.22g
2. Two time-delay comments indicated in PreAdmin.22d-PreAdmin.22g
3. Three time-delay comments indicated in PreAdmin.22d-PreAdmin.22g
4. Four time-delay comments indicated in PreAdmin.22d-PreAdmin.22g",-4. Missing (missing PreAdmin.22d-PreAdmin.22g)
V082021c,PreAdmin.21c. COMMENT:SUMMARY: negative comment,"PRE-ELECTION INTERVIEWER:
Person did not have to use these exact words, but did the
informant/respondent make any of the following NEGATIVE comments?
  - 'Surveys are a WASTE OF TIME'
  - 'I DON'T TRUST SURVEYS'
  - 'Surveys are a WASTE OF TAXPAYERS MONEY'
  - 'NEVER DO SURVEYS'
  - 'I'm NOT INTERESTED'
  - Other negative statement","0. No negative comment indicated in PreAdmin.22h-PreAdmin.22p
1. One negative comment indicated in PreAdmin.22h-PreAdmin.22p
2. Two negative comments indicated in PreAdmin.22h-PreAdmin.22p
3. Three negative comments indicated in PreAdmin.22h-PreAdmin.22p
4. Four negative comments indicated in PreAdmin.22h-PreAdmin.22p
5. Five negative comments indicated in PreAdmin.22h-PreAdmin.22p
6. Six negative comments indicated in PreAdmin.22h-PreAdmin.22p",-4. Missing (missing PreAdmin.22h-PreAdmin.22p)
V082021d,PreAdmin.21d. COMMENT:SUMMARY: eligibility comment,"PRE-ELECTION INTERVIEWER:
Person did not have to use these exact words, but did the
informant/respondent make any of the following ELIGIBILITY comments?
  - 'I DON'T KNOW ANYTHING about the survey topic'
  - 'I'm NOT MARRIED/ I don't have a partner/ I don't have any children'
  - 'I'M TOO YOUNG/ I'm TOO OLD'
  - 'I don't vote/ I can't vote'
  - Other eligibility statement","0. No eligibility comment indicated in PreAdmin.22q-PreAdmin.22u
1. One eligibility comment indicated in PreAdmin.22q-PreAdmin.22u
2. Two eligibility comments indicated in PreAdmin.22q-PreAdmin.22u
3. Three eligibility comments indicated in PreAdmin.22q-PreAdmin.22u
4. Four eligibility comments indicated in PreAdmin.22q-PreAdmin.22u
5. Five eligibility comments indicated in PreAdmin.22q-PreAdmin.22u",-4. Missing (missing PreAdmin.22q-PreAdmin.22u)
V082021e,PreAdmin.21e. COMMENT:SUMMARY: privacy comment,"PRE-ELECTION INTERVIEWER:
Person did not have to use these exact words, but did the
informant/respondent make any of the following PRIVACY comments?
  - 'You'll ask me too many PERSONAL  QUESTIONS / I don't want to
      talk about these kinds of things'
  - 'The GOVERNMENT ALREADY KNOWS EVERYTHING about me already'
  - Other privacy/ sensitivity statements","0. No privacy comment indicated in PreAdmin.22v-PreAdmin.22y
1. One privacy comment indicated in PreAdmin.22v-PreAdmin.22y
2. Two privacy comments indicated in PreAdmin.22v-PreAdmin.22y
3. Three privacy comments indicated in PreAdmin.22v-PreAdmin.22y",-4. Missing (missing PreAdmin.22v-PreAdmin.22y)
V082022a,PreAdmin.22a. Comment: positive - help community,"PRE-ELECTION INTERVIEWER:
Person did not have to use these exact words, but did the
informant/respondent make any of the following POSTIVE comments?
  - 'I like to do things that HELP THE COMMUNITY'","0. Not marked
1. Marked",-4. Missing (missing PreAdmin.22a-PreAdmin.22c)
V082022b,PreAdmin.22b. Comment: positive - enjoy surveys,"PRE-ELECTION INTERVIEWER:
Person did not have to use these exact words, but did the
informant/respondent make any of the following POSTIVE comments?
  - 'I ENJOY DOING SURVEYS'","0. Not marked
1. Marked",-4. Missing (missing PreAdmin.22a-PreAdmin.22c)
V082022c,PreAdmin.22c. Comment: other positive,"PRE-ELECTION INTERVIEWER:
Person did not have to use these exact words, but did the
informant/respondent make any of the following POSTIVE comments?
  - Other positive statement","0. Not marked
1. Marked",-4. Missing (missing PreAdmin.22a-PreAdmin.22c)
V082022d,PreAdmin.22d. Comment: time delay - too busy,"PRE-ELECTION INTERVIEWER:
Person did not have to use these exact words, but did the
informant/respondent make any of the following TIME DELAY comments?
  - 'I am TOO BUSY/ I don't have time'","0. Not marked
1. Marked",-4. Missing (missing PreAdmin.22d-PreAdmin.22g)
V082022e,PreAdmin.22e. Comment: time delay - bad time,"PRE-ELECTION INTERVIEWER:
Person did not have to use these exact words, but did the
informant/respondent make any of the following TIME DELAY comments?
  - 'This is a BAD TIME / Can you COME BACK LATER'","0. Not marked
1. Marked",-4. Missing (missing PreAdmin.22d-PreAdmin.22g)
V082022f,PreAdmin.22f. Comment: time delay - think about it,"PRE-ELECTION INTERVIEWER:
Person did not have to use these exact words, but did the
informant/respondent make any of the following TIME DELAY comments?
  - 'Let me THINK ABOUT IT'","0. Not marked
1. Marked",-4. Missing (missing PreAdmin.22d-PreAdmin.22g)
V082022g,PreAdmin.22g. Comment: other time delay,"PRE-ELECTION INTERVIEWER:
Person did not have to use these exact words, but did the
informant/respondent make any of the following TIME DELAY comments?
  - Other time delay statement","0. Not marked
1. Marked",-4. Missing (missing PreAdmin.22d-PreAdmin.22g)
V082022h,PreAdmin.22h. Comment: negative - waste of time,"PRE-ELECTION INTERVIEWER:
Person did not have to use these exact words, but did the
informant/respondent make any of the following NEGATIVE comments?
  - 'Surveys are a WASTE OF TIME'","0. Not marked
1. Marked",-4. Missing (missing PreAdmin.22h-PreAdmin.22p)
V082022j,PreAdmin.22j. Comment: negative - don't trust surveys,"PRE-ELECTION INTERVIEWER:
Person did not have to use these exact words, but did the
informant/respondent make any of the following NEGATIVE comments?
  - 'I DON'T TRUST SURVEYS'","0. Not marked
1. Marked",-4. Missing (missing PreAdmin.22h-PreAdmin.22p)
V082022k,PreAdmin.22k. Comment: negative - surveys waste money,"PRE-ELECTION INTERVIEWER:
Person did not have to use these exact words, but did the
informant/respondent make any of the following NEGATIVE comments?
  - 'Surveys are a WASTE OF TAXPAYERS MONEY'","0. Not marked
1. Marked",-4. Missing (missing PreAdmin.22h-PreAdmin.22p)
V082022m,PreAdmin.22m. Comment: negative - never do surveys,"PRE-ELECTION INTERVIEWER:
Person did not have to use these exact words, but did the
informant/respondent make any of the following NEGATIVE comments?
  - 'NEVER DO SURVEYS'","0. Not marked
1. Marked",-4. Missing (missing PreAdmin.22h-PreAdmin.22p)
V082022n,PreAdmin.22n. Comment: negative - not interested,"PRE-ELECTION INTERVIEWER:
Person did not have to use these exact words, but did the
informant/respondent make any of the following NEGATIVE comments?
  - 'I'm NOT INTERESTED'","0. Not marked
1. Marked",-4. Missing (missing PreAdmin.22h-PreAdmin.22p)
V082022p,PreAdmin.22p. Comment: other negative,"PRE-ELECTION INTERVIEWER:
Person did not have to use these exact words, but did the
informant/respondent make any of the following NEGATIVE comments?
  - Other negative statement","0. Not marked
1. Marked",-4. Missing (missing PreAdmin.22h-PreAdmin.22p)
V082022q,PreAdmin.22q. Comment: eligibility - don't know about topic,"PRE-ELECTION INTERVIEWER:
Person did not have to use these exact words, but did the
informant/respondent make any of the following ELIGIBILITY comments?
  - 'I DON'T KNOW ANYTHING about the survey topic'","0. Not marked
1. Marked",-4. Missing (missing PreAdmin.22q-PreAdmin.22u)
V082022r,PreAdmin.22r. Comment: eligibility - no spouse/parn/child,"PRE-ELECTION INTERVIEWER:
Person did not have to use these exact words, but did the
informant/respondent make any of the following ELIGIBILITY comments?
  - 'I'm NOT MARRIED/ I don't have a partner/ I don't have any children'","0. Not marked
1. Marked",-4. Missing (missing PreAdmin.22q-PreAdmin.22u)
V082022s,PreAdmin.22s. Comment: eligibility - too young/too old,"PRE-ELECTION INTERVIEWER:
Person did not have to use these exact words, but did the
informant/respondent make any of the following ELIGIBILITY comments?
  - 'I'M TOO YOUNG/ I'm TOO OLD'","0. Not marked
1. Marked",-4. Missing (missing PreAdmin.22q-PreAdmin.22u)
V082022t,PreAdmin.22t. Comment: eligibility - don't vote,"PRE-ELECTION INTERVIEWER:
Person did not have to use these exact words, but did the
informant/respondent make any of the following ELIGIBILITY comments?
  - 'I don't vote/ I can't vote'","0. Not marked
1. Marked",-4. Missing (missing PreAdmin.22q-PreAdmin.22u)
V082022u,PreAdmin.22u. Comment: other eligibility,"PRE-ELECTION INTERVIEWER:
Person did not have to use these exact words, but did the
informant/respondent make any of the following ELIGIBILITY comments?
  - Other eligibility statement","0. Not marked
1. Marked",-4. Missing (missing PreAdmin.22q-PreAdmin.22u)
V082022v,PreAdmin.22v. Comment: privacy - personal questions,"PRE-ELECTION INTERVIEWER:
Person did not have to use these exact words, but did the
informant/respondent make any of the following PRIVACY comments?
  - 'You'll ask me too many PERSONAL  QUESTIONS / I don't want to
       talk about these kinds of things'","0. Not marked
1. Marked",-4. Missing (missing PreAdmin.22v-PreAdmin.22y)
V082022w,PreAdmin.22w. Comment: privacy - govt knows everything,"PRE-ELECTION INTERVIEWER:
Person did not have to use these exact words, but did the
informant/respondent make any of the following PRIVACY comments?
  - 'The GOVERNMENT ALREADY KNOWS EVERYTHING about me already'","0. Not marked
1. Marked",-4. Missing (missing PreAdmin.22v-PreAdmin.22y)
V082022y,PreAdmin.22y. Comment: other privacy,"PRE-ELECTION INTERVIEWER:
Person did not have to use these exact words, but did the
informant/respondent make any of the following PRIVACY comments?
  - Other privacy/ sensitivity statements","0. Not marked
1. Marked",-4. Missing (missing PreAdmin.22v-PreAdmin.22y)
V082023,PreAdmin.23. DWELLING UNIT: type of structure: Pre-election,"INTERVIEWER (DWELLING UNIT):
Type of structure:
  - Mobile home
  - Detached single family
  - Duplex
  - Apartment building/Condo/townhouse complex
  - Other","1. Mobile home
2. Detached single family
3. Duplex
4. Apartment building/Condo/townhouse complex
7. Other {SPECIFY}",-4. Missing
V082024,PreAdmin.24. DWELLING UNIT: structure descript: Pre-election,"INTERVIEWER (DWELLING UNIT):
Which of the following best describes this structure:
  - Single family home
  - Structure with 2 to 9 units
  - Structure with 10 to 49 units
  - Structure with 50 or more units
  - Other","1. Single family home
2. Structure with
3. Structure with
4. Structure with
7. Other {SPECIFY}","-4. Missing
-1. INAP,"
V082024a,PreAdmin.24a. DWELLING UNIT: struct residential: Pre-electn,"INTERVIEWER (DWELLING UNIT):
Is this structure:
  - Entirely residential
  - Primarily residential with some commercial or other non-
      residential
  - Primarily commercial or other non-residential","1. Entirely residential
2. Primarily residential with some commercial or other non-
3. Primarily commercial or other non-residential","-4. Missing
-1. INAP,"
V082025,PreAdmin.25. DWELLING UNIT: observe urbanicity: Pre-election,"INTERVIEWER (DWELLING UNIT):
Which of the following best describes the immediate area or
street (one block, both sides) where the sample member/
respondent lives?
  - Rural farm
  - Rural town
  - Suburban
  - Urban, residential only
  - 3 or more commercial properties, mostly retail
  - 3 or more commercial properties, mostly wholesale or industrial
  - Other","1. Rural farm
2. Rural town
3. Suburban
4. Urban, residential only
7. Other {SPECIFY}",-4. Missing
V082026a,PreAdmin.26a. DWELLING UNIT: window pol signs: Pre-election,"INTERVIEWER (DWELLING UNIT):
Enter number of campaign or political signs visable in the
structure's window(s)",,-4. Missing
V082026b,PreAdmin.26b. DWELLING UNIT: exterior pol signs: Pre-electn,"INTERVIEWER (DWELLING UNIT):
Enter number of campaign or political signs visable in front/outside
of the structure.",,-4. Missing
V082027,PreAdmin.27. DWELLING UNIT:SUMMARY:access: Pre-election,"PRE-ELECTION INTERVIEWER (DWELLING UNIT):
What types of security measures or barriers, if any, might
interfere with your access to the sample member's/respondent's
dwelling?  Select all that apply.
  - Bars on the windows
  - Crime watch or security system signs
  - No Trespassing signs
  - Beware of dog sign
  - No solicitors sign
  - Security Door- windowless metal primary entrance
  - Guard/Door Person must call the unit
  - Guard/Door Person must give access to building
  - Guard at gate of community
  - On-site/Off-site Staff/Manager who controls access
  - No buzzer-locked main entrance/gate
  - Buzzer no unit address labels -locked entrance
  - Buzzer with address labels -locked entrance
  - Threatening animal on or near the property","0. No security measure indicated in PreAdmin.27a-PreAdmin.27q
1. One security measure indicated in PreAdmin.27a-PreAdmin.27q
2. Two security measures indicated in PreAdmin.27a-PreAdmin.27q
3. Three security measures indicated in PreAdmin.27a-PreAdmin.27q
4. Four security measures indicated in PreAdmin.27a-PreAdmin.27q
5. Five security measures indicated in PreAdmin.27a-PreAdmin.27q
6. Six security measures indicated in PreAdmin.27a-PreAdmin.27q",-4. Missing (missing PreAdmin.27a-PreAdmin.27q)
V082027a,PreAdmin.27a. DWELLING UNIT: bars on windows: Pre-election,"PRE-ELECTION INTERVIEWER (DWELLING UNIT):
What types of security measures or barriers, if any, might
interfere with your access to the sample member's/respondent's
dwelling?  Select all that apply.
  - Bars on the windows","0. Not marked
1. Marked",-4. Missing (missing PreAdmin.27a-PreAdmin.27q)
V082027b,PreAdmin.27b. DWELLING UNIT: crimewtch/sec systm: Pre-electn,"PRE-ELECTION INTERVIEWER (DWELLING UNIT):
What types of security measures or barriers, if any, might
interfere with your access to the sample member's/respondent's
dwelling?  Select all that apply.
  - Crime watch or security system signs","0. Not marked
1. Marked",-4. Missing (missing PreAdmin.27a-PreAdmin.27q)
V082027c,PreAdmin.27c. DWELLING UNIT: no trespassing: Pre-election,"PRE-ELECTION INTERVIEWER (DWELLING UNIT):
What types of security measures or barriers, if any, might
interfere with your access to the sample member's/respondent's
dwelling?  Select all that apply.
  - No Trespassing signs","0. Not marked
1. Marked",-4. Missing (missing PreAdmin.27a-PreAdmin.27q)
V082027d,PreAdmin.27d. DWELLING UNIT: beware of dog: Pre-election,"PRE-ELECTION INTERVIEWER (DWELLING UNIT):
What types of security measures or barriers, if any, might
interfere with your access to the sample member's/respondent's
dwelling?  Select all that apply.
  - Beware of dog sign","0. Not marked
1. Marked",-4. Missing (missing PreAdmin.27a-PreAdmin.27q)
V082027e,PreAdmin.27e. DWELLING UNIT: no solicitors: Pre-election,"PRE-ELECTION INTERVIEWER (DWELLING UNIT):
What types of security measures or barriers, if any, might
interfere with your access to the sample member's/respondent's
dwelling?  Select all that apply.
  - No solicitors sign","0. Not marked
1. Marked",-4. Missing (missing PreAdmin.27a-PreAdmin.27q)
V082027f,PreAdmin.27f. DWELLING UNIT: security door: Pre-election,"PRE-ELECTION INTERVIEWER (DWELLING UNIT):
What types of security measures or barriers, if any, might
interfere with your access to the sample member's/respondent's
dwelling?  Select all that apply.
  - Security Door- windowless metal primary entrance","0. Not marked
1. Marked",-4. Missing (missing PreAdmin.27a-PreAdmin.27q)
V082027g,PreAdmin.27g. DWELLING UNIT: call guard: Pre-election,"PRE-ELECTION INTERVIEWER (DWELLING UNIT):
What types of security measures or barriers, if any, might
interfere with your access to the sample member's/respondent's
dwelling?  Select all that apply.
  - Guard/Door Person must call the unit","0. Not marked
1. Marked",-4. Missing (missing PreAdmin.27a-PreAdmin.27q)
V082027h,PreAdmin.27h. DWELLING UNIT: access guard: Pre-election,"PRE-ELECTION INTERVIEWER (DWELLING UNIT):
What types of security measures or barriers, if any, might
interfere with your access to the sample member's/respondent's
dwelling?  Select all that apply.
  - Guard/Door Person must give access to building","0. Not marked
1. Marked",-4. Missing (missing PreAdmin.27a-PreAdmin.27q)
V082027j,PreAdmin.27j. DWELLING UNIT: gate guard: Pre-election,"PRE-ELECTION INTERVIEWER (DWELLING UNIT):
What types of security measures or barriers, if any, might
interfere with your access to the sample member's/respondent's
dwelling?  Select all that apply.
  - Guard at gate of community","0. Not marked
1. Marked",-4. Missing (missing PreAdmin.27a-PreAdmin.27q)
V082027k,PreAdmin.27k. DWELLING UNIT: staff/manager: Pre-election,"PRE-ELECTION INTERVIEWER (DWELLING UNIT):
What types of security measures or barriers, if any, might
interfere with your access to the sample member's/respondent's
dwelling?  Select all that apply.
  - On-site/Off-site Staff/Manager who controls access","0. Not marked
1. Marked",-4. Missing (missing PreAdmin.27a-PreAdmin.27q)
V082027m,PreAdmin.27m. DWELLING UNIT: no buzzer locked: Pre-election,"PRE-ELECTION INTERVIEWER (DWELLING UNIT):
What types of security measures or barriers, if any, might
interfere with your access to the sample member's/respondent's
dwelling?  Select all that apply.
  - No buzzer-locked main entrance/gate","0. Not marked
1. Marked",-4. Missing (missing PreAdmin.27a-PreAdmin.27q)
V082027n,PreAdmin.27n. DWELLING UNIT: buzzer no address: Pre-election,"PRE-ELECTION INTERVIEWER (DWELLING UNIT):
What types of security measures or barriers, if any, might
interfere with your access to the sample member's/respondent's
dwelling?  Select all that apply.
  - Buzzer no unit address labels -locked entrance","0. Not marked
1. Marked",-4. Missing (missing PreAdmin.27a-PreAdmin.27q)
V082027p,PreAdmin.27p. DWELLING UNIT: buzzer w/address: Pre-election,"PRE-ELECTION INTERVIEWER (DWELLING UNIT):
What types of security measures or barriers, if any, might
interfere with your access to the sample member's/respondent's
dwelling?  Select all that apply.
  - Buzzer with address labels -locked entrance","0. Not marked
1. Marked",-4. Missing (missing PreAdmin.27a-PreAdmin.27q)
V082027q,PreAdmin.27q. DWELLING UNIT: threateng animal: Pre-election,"PRE-ELECTION INTERVIEWER (DWELLING UNIT):
What types of security measures or barriers, if any, might
interfere with your access to the sample member's/respondent's
dwelling?  Select all that apply.
  - Threatening animal on or near the property","0. Not marked
1. Marked",-4. Missing (missing PreAdmin.27a-PreAdmin.27q)
V082028,PreAdmin.28. DWELLING UNIT:SUMMARY: building: Pre-election,"PRE-ELECTION INTERVIEWER (DWELLING UNIT):
Are any of the following conditions of the building present?
Select all that apply.
  - Missing roofing material(s)
  - Boarded up window(s)
  - Missing/broken out window(s)
  - Missing bricks/siding/outside wall material
  - Punched out/torn screens on windows
  - Door(s) off hinges
  - Peeling paint
  - Broken siding
  - Unkept yard (tall grass, overgrown bushes)
  - Litter, trash or other debris on lawn","0. No building condition indicated in PreAdmin.28a-PreAdmin.28k
1. One building condition in PreAdmin.28a-PreAdmin.28k
2. Two building conditions indicated in PreAdmin.28a-PreAdmin.28k
3. Three building conditions indicated in PreAdmin.28a-PreAdmin.28k
4. Four building conditions indicated in PreAdmin.28a-PreAdmin.28k
5. Five building conditions indicated in PreAdmin.28a-PreAdmin.28k
6. Six building conditions indicated in PreAdmin.28a-PreAdmin.28k
7. Seven building conditions indicated in PreAdmin.28a-PreAdmin.28k",-4. Missing (missing PreAdmin.28a-PreAdmin.28k)
V082028a,PreAdmin.28a. DWELLING UNIT: roofing missing: Pre-election,"PRE-ELECTION INTERVIEWER (DWELLING UNIT):
Are any of the following conditions of the building present?
Select all that apply.
  - Missing roofing material(s)","0. Not marked
1. Marked",-4. Missing (missing PreAdmin.28a-PreAdmin.28k)
V082028b,PreAdmin.28b. DWELLING UNIT: boarded windows: Pre-election,"PRE-ELECTION INTERVIEWER (DWELLING UNIT):
Are any of the following conditions of the building present?
Select all that apply.
  - Boarded up window(s)","0. Not marked
1. Marked",-4. Missing (missing PreAdmin.28a-PreAdmin.28k)
V082028c,PreAdmin.28c. DWELLING UNIT: broken windows: Pre-election,"PRE-ELECTION INTERVIEWER (DWELLING UNIT):
Are any of the following conditions of the building present?
Select all that apply.
  - Missing/broken out window(s)","0. Not marked
1. Marked",-4. Missing (missing PreAdmin.28a-PreAdmin.28k)
V082028d,PreAdmin.28d. DWELLING UNIT: missing siding: Pre-election,"PRE-ELECTION INTERVIEWER (DWELLING UNIT):
Are any of the following conditions of the building present?
Select all that apply.
  - Missing bricks/siding/outside wall material","0. Not marked
1. Marked",-4. Missing (missing PreAdmin.28a-PreAdmin.28k)
V082028e,PreAdmin.28e. DWELLING UNIT: torn screens: Pre-election,"PRE-ELECTION INTERVIEWER (DWELLING UNIT):
Are any of the following conditions of the building present?
Select all that apply.
  - Punched out/torn screens on windows","0. Not marked
1. Marked",-4. Missing (missing PreAdmin.28a-PreAdmin.28k)
V082028f,PreAdmin.28f. DWELLING UNIT: doors off hinges: Pre-election,"PRE-ELECTION INTERVIEWER (DWELLING UNIT):
Are any of the following conditions of the building present?
Select all that apply.
  - Door(s) off hinges","0. Not marked
1. Marked",-4. Missing (missing PreAdmin.28a-PreAdmin.28k)
V082028g,PreAdmin.28g. DWELLING UNIT: peeling paint: Pre-election,"PRE-ELECTION INTERVIEWER (DWELLING UNIT):
Are any of the following conditions of the building present?
Select all that apply.
  - Peeling paint","0. Not marked
1. Marked",-4. Missing (missing PreAdmin.28a-PreAdmin.28k)
V082028h,PreAdmin.28h. DWELLING UNIT: broken siding: Pre-election,"PRE-ELECTION INTERVIEWER (DWELLING UNIT):
Are any of the following conditions of the building present?
Select all that apply.
  - Broken siding","0. Not marked
1. Marked",-4. Missing (missing PreAdmin.28a-PreAdmin.28k)
V082028j,PreAdmin.28j. DWELLING UNIT: unkept yard: Pre-election,"PRE-ELECTION INTERVIEWER (DWELLING UNIT):
Are any of the following conditions of the building present?
Select all that apply.
  - Unkept yard (tall grass, overgrown bushes)","0. Not marked
1. Marked",-4. Missing (missing PreAdmin.28a-PreAdmin.28k)
V082028k,PreAdmin.28k. DWELLING UNIT: litter/trash: Pre-election,"PRE-ELECTION INTERVIEWER (DWELLING UNIT):
Are any of the following conditions of the building present?
Select all that apply.
  - Litter, trash or other debris on lawn","0. Not marked
1. Marked",-4. Missing (missing PreAdmin.28a-PreAdmin.28k)
V082029,PreAdmin.29. DWELLING UNIT:SUMMARY: area view: Pre-election,"PRE-ELECTION INTERVIEWER (DWELLING UNIT):
Which of the following are present within sight of the housing unit?
Select all that apply.
  - Boarded houses or abandoned building
  - Graffiti
  - Abandoned cars
  - Demolished houses
  - Trash/Litter/junk in street/road
  - Trash/litter/junk around buildings in neighborhood
  - Factories or warehouses
  - Stores or other retail outlets","0. No neighborhood condition indicated in PreAdmin.29a-PreAdmin.29h
1. One neighborhood condition in PreAdmin.29a-PreAdmin.29h
2. Two neighborhood conditions indicated in PreAdmin.29a-PreAdmin.29h
3. Three neighborhood conditions indicated in PreAdmin.29a-PreAdmin.29h
4. Four neighborhood conditions indicated in PreAdmin.29a-PreAdmin.29h
5. Five neighborhood conditions indicated in PreAdmin.29a-PreAdmin.29h
6. Six neighborhood conditions indicated in PreAdmin.29a-PreAdmin.29h",-4. Missing (missing PreAdmin.29a-PreAdmin.29h)
V082029a,PreAdmin.29a. DWELLING UNIT: area boarded hses: Pre-election,"PRE-ELECTION INTERVIEWER (DWELLING UNIT):
Which of the following are present within sight of the housing unit?
Select all that apply.
  - Boarded houses or abandoned building","0. Not marked
1. Marked",-4. Missing (missing PreAdmin.29a-PreAdmin.29h)
V082029b,PreAdmin.29b. DWELLING UNIT: area graffiti: Pre-election,"PRE-ELECTION INTERVIEWER (DWELLING UNIT):
Which of the following are present within sight of the housing unit?
Select all that apply.
  - Graffiti","0. Not marked
1. Marked",-4. Missing (missing PreAdmin.29a-PreAdmin.29h)
V082029c,PreAdmin.29c. DWELLING UNIT: area aband cars: Pre-election,"PRE-ELECTION INTERVIEWER (DWELLING UNIT):
Which of the following are present within sight of the housing unit?
Select all that apply.
  - Abandoned cars","0. Not marked
1. Marked",-4. Missing (missing PreAdmin.29a-PreAdmin.29h)
V082029d,PreAdmin.29d. DWELLING UNIT: area demolish hses: Pre-electn,"PRE-ELECTION INTERVIEWER (DWELLING UNIT):
Which of the following are present within sight of the housing unit?
Select all that apply.
  - Demolished houses","0. Not marked
1. Marked",-4. Missing (missing PreAdmin.29a-PreAdmin.29h)
V082029e,PreAdmin.29e. DWELLING UNIT: trash in road: Pre-election,"PRE-ELECTION INTERVIEWER (DWELLING UNIT):
Which of the following are present within sight of the housing unit?
Select all that apply.
  - Trash/Litter/junk in street/road","0. Not marked
1. Marked",-4. Missing (missing PreAdmin.29a-PreAdmin.29h)
V082029f,PreAdmin.29f. DWELLING UNIT: trash by bldgs: Pre-election,"PRE-ELECTION INTERVIEWER (DWELLING UNIT):
Which of the following are present within sight of the housing unit?
Select all that apply.
  - Trash/litter/junk around buildings in neighborhood","0. Not marked
1. Marked",-4. Missing (missing PreAdmin.29a-PreAdmin.29h)
V082029g,PreAdmin.29g. DWELLING UNIT: factories near: Pre-election,"PRE-ELECTION INTERVIEWER (DWELLING UNIT):
Which of the following are present within sight of the housing unit?
Select all that apply.
  - Factories or warehouses","0. Not marked
1. Marked",-4. Missing (missing PreAdmin.29a-PreAdmin.29h)
V082029h,PreAdmin.29h. DWELLING UNIT: stores near: Pre-election,"PRE-ELECTION INTERVIEWER (DWELLING UNIT):
Which of the following are present within sight of the housing unit?
Select all that apply.
  - Stores or other retail outlets","0. Not marked
1. Marked",-4. Missing (missing PreAdmin.29a-PreAdmin.29h)
V082030,PreAdmin.30. DWELLING UNIT: relative condition: Pre-electn,"INTERVIEWER (DWELLING UNIT):
Describe the physical condition of the sample building relative to
the other buildings on the same street/road:
  Better
  Same
  Worse
  No other buldings
  Unknown-outside gated community","1. Better
2. Same
3. Worse
4. No other buldings
5. Unknown-outside gated community",-4. Missing
V082251,PreIWR.1. Interviewer ID: Pre-election IW,Interviewer ID: Pre-election IW,,-4. NA (missing)
V082252,PreIWR.2. Interviewer gender: Pre-election IW,Interviewer gender: Pre-election IW,"1. Male interviewer
2. Female interviewer",-4. Missing
V082253,PreIWR.3. Interviewer education: Pre-election IW,Interviewer education: Pre-election IW,"1. High school level
2. College level",-4. Missing
V082254,PreIWR.4. Interviewer race: Pre-election IW,Interviewer race: Pre-election IW,"1. White interviewer
2. Black interviewer
3. Other",-4. Missing
V082255,PreIWR.5. Interviewer ethnicity: Pre-election IW,Interviewer ethnicity: Pre-election IW,"0. Not a Hispanic interviewer
1. Hispanic interviewer",-4. Missing
V082256,PreIWR.6. Interviewer languages: Pre-election IW,Interviewer languages: Pre-election IW,"0. No language other than English
1. Spanish language",-4. Missing
V082257,PreIWR.7. Interviewer years experience: Pre-election IW,Interviewer years experience: Pre-election IW,,-4. Missing
V082258,PreIWR.8. Interviewer age group: Pre-election IW,Interviewer age group: Pre-election IW,"1. Age group
2. Age group
3. Age group
4. Age group",-4. Missing
V082401,PreRandom.1. Forward or reverse coding,"Forward or reverse order of response options for selected
Pre-election questions","1. Forward order response options for selected questions
2. Reverse order response options for selected questions",
V082402,PreRandom.2.  OLD or NEW selection of questions,"Split administration: ""OLD"" or ""NEW"" version","1. OLD version of selected questions
2. NEW version of selected questions",
V082403,PreRandom.3. VERSION A or B campaign interest,Split administration: A or B (campaign interest),"1. VERSION A (campaign interest) - A1a
2. VERSION B (campaign interest) - A1b",
V082404,PreRandom.4. Order of Presidential candidate likes-dislikes,"Order of Presidential candidates in administration of candidate
likes-dislikes questions","1. Democratic Presidential cand is
2. Republican Presidential cand is",
V082405,PreRandom.5. Order Presidential candidate thermometers,Order of Presidential candidates in administration of thermometers,"1. Democratic Presidential cand is
2. Republican Presidential cand is",
V082406a,PreRandom.6a.  Order Dem Vice Presidential  thermometer,Order for thermometer: Democratic Vice Presidential candidate (B1c1),"1. Democratic Vice Pres cand is
2. Democratic Vice Pres cand is
3. Democratic Vice Pres cand is
4. Democratic Vice Pres cand is
5. Democratic Vice Pres cand is
6. Democratic Vice Pres cand is",
V082406b,PreRandom.6b.  Order Rep Vice Presidential  thermometer,Order for thermometer: Republican Vice Presidential candidate (B1c2),"1. Republican Vice Pres cand is
2. Republican Vice Pres cand is
3. Republican Vice Pres cand is
4. Republican Vice Pres cand is
5. Republican Vice Pres cand is
6. Republican Vice Pres cand is",
V082406c,PreRandom.6c.  Order Hillary Clinton thermometer,Order for thermometer: Hillary Clinton (B1d),"1. Hillary Clinton is
2. Hillary Clinton is
3. Hillary Clinton is
4. Hillary Clinton is
5. Hillary Clinton is
6. Hillary Clinton is",
V082406d,PreRandom.6d.  Order Bill Clinton thermometer,Order for thermometer: Bill Clinton (B1e),"1. Bill Clinton is
2. Bill Clinton is
3. Bill Clinton is
4. Bill Clinton is
5. Bill Clinton is
6. Bill Clinton is",
V082406e,PreRandom.6e.  Order Condoleezza thermometer,Order for thermometer: Condoleezza Rice (B1f),"1. Condoleezza Rice is
2. Condoleezza Rice is
3. Condoleezza Rice is
4. Condoleezza Rice is
5. Condoleezza Rice is
6. Condoleezza Rice is",
V082406f,PreRandom.6f.  Order Rush Limbaugh thermometer,Order for thermometer: Rush Limbaugh (B1g),"1. Rush Limbaugh is
2. Rush Limbaugh is
3. Rush Limbaugh is
4. Rush Limbaugh is
5. Rush Limbaugh is
6. Rush Limbaugh is",
V082407,PreRandom.7.  Order Party thermometers,Order of Democratic Party / Republican Party thermometers (B1h/B1j),"1. Democratic Party is
2. Republican Party is",
V082408,PreRandom.6a.  Order Party Likes-Dislikes,"Order of Democratic Party / Republican Party in administration of
party likes-dislikes questions","1. Democratic party is
2. Republican party is",
V082409,PreRandom.10.  Order Pres cands in affects,"Order of Presidential candidates in administration of affects
questions","1. Democratic Presidential cand is
2. Republican Presidential cand is",
V082410a,PreRandom.10a. Order of Pres cand/President affect ANGRY,"Order of ANGRY in administration of affects for Presidential candidates
and President","1. ANGRY is
2. ANGRY is
3. ANGRY is
4. ANGRY is",
V082410b,PreRandom.10b. Order of Pres cand/President affect HOPEFUL,"Order of HOPEFUL in administration of affects for Presidential candidates
and President","1. HOPEFUL is
2. HOPEFUL is
3. HOPEFUL is
4. HOPEFUL is",
V082410c,PreRandom.10c. Order of Pres cand/President affect AFRAID,"Order of AFRAID in administration of affects for Presidential candidates
and President","1. AFRAID is
2. AFRAID is
3. AFRAID is
4. AFRAID is",
V082410d,PreRandom.10d. Order of Pres cand/President affect PROUD,"Order of PROUD in administration of affects for Presidential candidates
and President","1. PROUD is
2. PROUD is
3. PROUD is
4. PROUD is",
V082411,PreRandom.11. Order of Dem-Rep Pres cand libcon placements,"Order of Presidential candidates in administration of liberal-
conservative scale placements","1. Democratic Presidential cand is
2. Republican Presidential cand is",
V082412,PreRandom.12. Order of Dem-Rep party libcon placements,"Order of Democratic Party / Republican Party in administration of
liberal-conservative scale placements","1. Democratic party is
2. Republican party is",
V082413,PreRandom.13. VERSION C or D efficacy items,Split administration: C or D (efficacy),"1. VERSION C (efficacy) - E9a-E9d
2. VERSION D (efficacy) - E10a-E10d",
V082414,PreRandom.14. VERSION E or F economy items,Split administration: E or F (economy),"1. VERSION E (economy) - F2a-F2a1
2. VERSION F (economy) - F2b-F2b2a",
V082415,PreRandom.15. Order Dem-Rep Pres cands- Version F econ items,"Order of Presidential candidates in administration of version F
economy questions","1. Democratic Presidential cand is
2. Republican Presidential cand is","-1. INAP, R selected for VERSION E"
V082416,PreRandom.16. Order of unempl/inflation economy items,Order of unemployment and inflation in economy questions (F3-F6),"1. Unemployment is
2. Inflation is",
V082417,PreRandom.17. VERSION G or H social trust items,Split administration: G or H (social trust),"1. VERSION G (social trust) - F8a
2. VERSION H (social trust) - F8b",
V082418,PreRandom.18. Order of parties in text of party performance,"Order of Democratic party / Republican party in question text of
party performance questions (G1 and G2a/G2b)","1. Democratic party is
2. Republican party is",
V082419,PreRandom.19. VERSION P or Q party war performance question,Split administration: P or Q (party performance on war),"1. VERSION P (party performance on war) - G2a
2. VERSION Q (party performance on war) - G2b",
V082420,PreRandom.20. Order of parties in text of party id question,"Order of Democratic party / Republican party in question text of
party identification question","1. Democratic party is
2. Republican party is",
V082421,PreRandom.21. VERSION J or K traits questions,Split administration: J or K (traits),"1. VERSION J (traits for Presidential cands and President ) -
2. VERSION K (traits for Presidential cands and President ) -",
V082422,PreRandom.22.  Order of Dem and Rep Pres cands for traits,Order of Presidential candidates in administration of traits questions,"1. Democratic Presidential cand is
2. Republican Presidential cand is",
V082423a,PreRandom.23a. Order of Pres cand/President trait MORAL,"Order of trait MORAL in administration of traits for Presidential
candidates and President","1. MORAL is
2. MORAL is
3. MORAL is
4. MORAL is
5. MORAL is
6. MORAL is
7. MORAL is",
V082423b,PreRandom.23b. Order of Pres cand/Pres trait STRONG LEADER,"Order of trait PROVIDES STRONG LEADERSHIP in administration of traits
for Presidential candidates and President","1. STRONG LEADERSHIP is
2. STRONG LEADERSHIP is
3. STRONG LEADERSHIP is
4. STRONG LEADERSHIP is
5. STRONG LEADERSHIP is
6. STRONG LEADERSHIP is
7. STRONG LEADERSHIP is",
V082423c,PreRandom.23c. Order of Pres cand/Pres trait REALLY CARES,"Order of trait REALLY CARES ABOUT PEOPLE LIKE YOU in administration of
traits for Presidential candidates and President","1. REALLY CARES is
2. REALLY CARES is
3. REALLY CARES is
4. REALLY CARES is
5. REALLY CARES is
6. REALLY CARES is
7. REALLY CARES is",
V082423d,PreRandom.23d. Order of Pres cand/Pres trait KNOWLEDGEABLE,"Order of trait KNOWLEDGEABLE in administration of traits for
Presidential candidates and President","1. KNOWLEDGEABLE is
2. KNOWLEDGEABLE is
3. KNOWLEDGEABLE is
4. KNOWLEDGEABLE is
5. KNOWLEDGEABLE is
6. KNOWLEDGEABLE is
7. KNOWLEDGEABLE is",
V082423e,PreRandom.23e. Order of Pres cand/Pres trait INTELLIGENT,"Order of trait INTELLIGENT in administration of traits for
Presidential candidates and President","1. INTELLIGENT is
2. INTELLIGENT is
3. INTELLIGENT is
4. INTELLIGENT is
5. INTELLIGENT is
6. INTELLIGENT is
7. INTELLIGENT is",
V082423f,PreRandom.23f. Order of Pres cand/President trait HONEST,"Order of trait HONEST in administration of traits for Presidential
candidates and President","1. HONEST is
2. HONEST is
3. HONEST is
4. HONEST is
5. HONEST is
6. HONEST is
7. HONEST is",
V082423g,PreRandom.23g. Order of Pres cand/Pres trait OPTIMISTIC,"Order of trait OPTIMISTIC in administration of traits for Presidential
candidates and President","1. OPTIMISTIC is
2. OPTIMISTIC is
3. OPTIMISTIC is
4. OPTIMISTIC is
5. OPTIMISTIC is
6. OPTIMISTIC is
7. OPTIMISTIC is",
V082424,PreRandom.24. Order of Pres cands for OLD/NEW govt services,"Order of Presidential candidates in administration of OLD/NEW
government services questions","1. Democratic Presidential cand is
2. Republican Presidential cand is",
V082425,PreRandom.25. Order of Pres cands for OLD/NEW defense spendg,"Order of Presidential candidates in administration of OLD/NEW
defense spending questions","1. Democratic Presidential cand is
2. Republican Presidential cand is",
V082426,PreRandom.26. Order of Pres cands for OLD/NEW health insurnc,"Order of Presidential candidates in administration of OLD/NEW
government health insurance questions","1. Democratic Presidential cand is
2. Republican Presidential cand is",
V082427,PreRandom.27. Order of Pres cands for OLD/NEW job security,"Order of Presidential candidates in administration of OLD/NEW
job security questions","1. Democratic Presidential cand is
2. Republican Presidential cand is",
V082428,PreRandom.28. Order of Pres cands for (OLD) aid to blacks,"Order of Presidential candidates in administration of (OLD only)
aid to blacks questions","1. Democratic Presidential cand is
2. Republican Presidential cand is",
V082429a,PreRandom.29a. Order of SOCIAL SECURITY federal spend item,Order of SOCIAL SECURITY in administration of federal spending items,"01. SOCIAL SECURITY is
02. SOCIAL SECURITY is
03. SOCIAL SECURITY is
04. SOCIAL SECURITY is
05. SOCIAL SECURITY is
06. SOCIAL SECURITY is
07. SOCIAL SECURITY is
08. SOCIAL SECURITY is
09. SOCIAL SECURITY is
10. SOCIAL SECURITY is
11. SOCIAL SECURITY is",
V082429b,PreRandom.29b. Order of PUBLIC SCHOOLS federal spending item,Order of PUBLIC SCHOOLS in administration of federal spending items,"01. PUBLIC SCHOOLS is
02. PUBLIC SCHOOLS is
03. PUBLIC SCHOOLS is
04. PUBLIC SCHOOLS is
05. PUBLIC SCHOOLS is
06. PUBLIC SCHOOLS is
07. PUBLIC SCHOOLS is
08. PUBLIC SCHOOLS is
09. PUBLIC SCHOOLS is
10. PUBLIC SCHOOLS is
11. PUBLIC SCHOOLS is",
V082429c,PreRandom.29c. Order of SCIENCE-TECHNGY federal spend item,"Order of SCIENCE AND TECHNOLOGY in administration of federal
spending items","01. SCIENCE AND TECHNOLOGY is
02. SCIENCE AND TECHNOLOGY is
03. SCIENCE AND TECHNOLOGY is
04. SCIENCE AND TECHNOLOGY is
05. SCIENCE AND TECHNOLOGY is
06. SCIENCE AND TECHNOLOGY is
07. SCIENCE AND TECHNOLOGY is
08. SCIENCE AND TECHNOLOGY is
09. SCIENCE AND TECHNOLOGY is
10. SCIENCE AND TECHNOLOGY is
11. SCIENCE AND TECHNOLOGY is",
V082429d,PreRandom.29d. Order of CRIME federal spending item,Order of CRIME in administration of federal spending items,"01. CRIME is
02. CRIME is
03. CRIME is
04. CRIME is
05. CRIME is
06. CRIME is
07. CRIME is
08. CRIME is
09. CRIME is
10. CRIME is
11. CRIME is",
V082429e,PreRandom.29e.  Order of WELFARE federal spending item,Order of WELFARE in administration of federal spending items,"01. WELFARE is
02. WELFARE is
03. WELFARE is
04. WELFARE is
05. WELFARE is
06. WELFARE is
07. WELFARE is
08. WELFARE is
09. WELFARE is
10. WELFARE is
11. WELFARE is",
V082429f,PreRandom.29f.  Order of CHILD CARE federal spending item,Order of CHILD CARE in administration of federal spending items,"01. CHILD CARE is
02. CHILD CARE is
03. CHILD CARE is
04. CHILD CARE is
05. CHILD CARE is
06. CHILD CARE is
07. CHILD CARE is
08. CHILD CARE is
09. CHILD CARE is
10. CHILD CARE is
11. CHILD CARE is",
V082429g,PreRandom.29g.  Order of FOREIGN AID federal spending item,Order of FOREIGN AID in administration of federal spending items,"01. FOREIGN AID is
02. FOREIGN AID is
03. FOREIGN AID is
04. FOREIGN AID is
05. FOREIGN AID is
06. FOREIGN AID is
07. FOREIGN AID is
08. FOREIGN AID is
09. FOREIGN AID is
10. FOREIGN AID is
11. FOREIGN AID is",
V082429h,PreRandom.29h.  Order of AID TO POOR federal spending item,Order of AID TO THE POOR in administration of federal spending items,"01. AID TO THE POOR is
02. AID TO THE POOR is
03. AID TO THE POOR is
04. AID TO THE POOR is
05. AID TO THE POOR is
06. AID TO THE POOR is
07. AID TO THE POOR is
08. AID TO THE POOR is
09. AID TO THE POOR is
10. AID TO THE POOR is
11. AID TO THE POOR is",
V082429j,PreRandom.29j.  Order of BORDER SECURITY  federal spend item,"Order of TIGHTENING THE BORDER AGAINST ILLEGAL ALIENS in
administration of federal spending items","01. TIGHTENING THE BORDER is
02. TIGHTENING THE BORDER is
03. TIGHTENING THE BORDER is
04. TIGHTENING THE BORDER is
05. TIGHTENING THE BORDER is
06. TIGHTENING THE BORDER is
07. TIGHTENING THE BORDER is
08. TIGHTENING THE BORDER is
09. TIGHTENING THE BORDER is
10. TIGHTENING THE BORDER is
11. TIGHTENING THE BORDER is",
V082429k,PreRandom.29k.  Order of WAR ON TERRORISM federal spend item,Order of WAR ON TERRORISM in administration of federal spending items,"01. WAR ON TERRORISM is
02. WAR ON TERRORISM is
03. WAR ON TERRORISM is
04. WAR ON TERRORISM is
05. WAR ON TERRORISM is
06. WAR ON TERRORISM is
07. WAR ON TERRORISM is
08. WAR ON TERRORISM is
09. WAR ON TERRORISM is
10. WAR ON TERRORISM is
11. WAR ON TERRORISM is",
V082429m,PreRandom.29m.  Order of ENVIRONMENT federal spend item,"Order of PROTECTING THE ENVIRONMENT in administration of federal
spending items","01. PROTECT THE ENVIRONMENT is
02. PROTECT THE ENVIRONMENT is
03. PROTECT THE ENVIRONMENT is
04. PROTECT THE ENVIRONMENT is
05. PROTECT THE ENVIRONMENT is
06. PROTECT THE ENVIRONMENT is
07. PROTECT THE ENVIRONMENT is
08. PROTECT THE ENVIRONMENT is
09. PROTECT THE ENVIRONMENT is
10. PROTECT THE ENVIRONMENT is
11. PROTECT THE ENVIRONMENT is",
V082430,PreRandom.30. Order of Pres cands for OLD/NEW envir protectn,"Order of Presidential candidates in administration of OLD/NEW
environmental protection questions","1. Democratic Presidential cand is
2. Republican Presidential cand is",
V082431,PreRandom.31. Order of Dem-Rep Pres womens role placements,"Order of Democratic Presidential candidate / Republican Presidential
candidate in administration of women's role questions","1. Democratic Presidential cand is
2. Republican Presidential cand is","-1. INAP, R selected for VERSION NEW (no women's role question)"
V082432,PreRandom.32.  VERSION R or S election of black President,Split administration: R or S (election of a black President),"1. VERSION R (election of a black President) - Q1a1-Q2a2
2. VERSION S (election of a black President) - Q2b1-Q2b2",
V082433a,PreRandom.33a. Order stereotype racial group BLACKS,Order BLACKS in administration of stereotypes questions,"1. BLACKS is
2. BLACKS is
3. BLACKS is",
V082433b,PreRandom.33b. Order stereotype racial group HISPANICS,Order HISPANIC-AMERICANS in administration of stereotypes questions,"1. HISPANIC-AMERICANS is
2. HISPANIC-AMERICANS is
3. HISPANIC-AMERICANS is",
V082433c,PreRandom.33c. Order stereotype racial group ASIANS,Order ASIAN-AMERICANS in administration of stereotypes questions,"1. ASIAN-AMERICANS is
2. ASIAN-AMERICANS is
3. ASIAN-AMERICANS is",
V082434,PreRandom.34.  VERSION M or N marital status question,Split administration: M or N,"1. VERSION M (marital status) - Y2a
2. VERSION N (marital status) - Y2b",
V083001a,A1a. [VERSION A] Interested in following campaigns,"Some people don't pay much attention to political campaigns.
How about you?
Would you say that you have been VERY MUCH interested, SOMEWHAT
interested or NOT MUCH interested in the political campaigns so
far this year?","1. Very much interested
3. Somewhat interested
5. Not much interested","-1. INAP, R selected for VERSION B
-8. Don't know
-9. Refused"
V083001b,A1b. [VERSION B] Interested in following campaigns,"How interested are you in information about what's going on in
government and politics?
EXTREMELY INTERESTED, VERY INTERESTED, MODERATELY INTERESTED,
SLIGHTLY INTERESTED, or NOT INTERESTED AT ALL?","1. Extremely interested
2. Very interested
3. Moderately interested
4. Slightly interested
5. Not interested at all","-1. INAP, R selected for VERSION A
-8. Don't know
-9. Refused"
V083002,A2. How much has R thought about election for President,"How much have you thought about the upcoming elections for president?
QUITE A LOT or ONLY A LITTLE?","1. Quite a lot
5. Only a little","-8. Don't know
-9. Refused"
V083003,A3. Does R know where to go to vote in neighborhood,"Do you happen to know where people who live in your neighborhood go
to vote?","1. Yes
5. No
7. R VOL: Vote by mail only","-8. Don't know
-9. Refused"
V083004,A4. Has R ever voted in precinct or election district,Have you ever voted in your precinct or election district?,"1. Yes
5. No
7. R VOL: Vote by mail only","-1. INAP,
-8. Don't know
-9. Refused"
V083005,A5. How often does R vote,"How often would you say you vote?
ALWAYS, NEARLY ALWAYS, PART OF THE TIME, or SELDOM?","1. Always
2. Nearly always
3. Part of the time
4. Seldom","-8. Don't know
-9. Refused"
V083006,A6. How definite is R's intention to vote or not,"If ""1"" represents someone who will DEFINITELY NOT VOTE and ""10""
represents someone who DEFINITELY WILL VOTE, where on this scale
would you place yourself?","1. Definitely will not vote
10. Definitely will vote","-8. Don't know
-9. Refused"
V083007,A7. Did R vote for President in 2004,"In 2004 John Kerry ran on the Democratic ticket against George W.
Bush for the Republicans.  Do you remember for sure whether or not
you voted in that election?","1. Yes, voted
5. No, didn't vote","-8. Don't know
-9. Refused"
V083007a,A7a. Recall of last (2004) Presidential vote choice,Which one did you vote for?,"1. John Kerry
3. George W. Bush
7. Other (SPECIFY)","-1. INAP,
-8. Don't know
-9. Refused"
V083008,A8a. Is there anything R likes about Democratic Pres cand,"Is there anything in particular about BARACK OBAMA that might make
you want to vote for him?","1. Yes
5. No","-8. Don't know
-9. Refused"
V083009,A8b. What is it that R likes about Democratic Pres cand,(What is that?),,-3. Restricted text: not yet coded
V083010,A8c. Is there anything R dislikes about Democratic Pres cand,"Is there anything in particular about BARACK OBAMA that might make you
want to vote AGAINST him?","1. Yes
5. No","-8. Don't know
-9. Refused"
V083011,A8d. What is it that R dislikes about Democratic Pres cand,(What is that?),,-3. Restricted text: not yet coded
V083012,A9a. Is there anything R likes about Republican Pres cand,"Is there anything in particular about JOHN MCCAIN that might make
you want to vote for him?","1. Yes
5. No","-8. Don't know
-9. Refused"
V083013,A9b. What is it that R likes about Republican Pres cand,(What is that?),,-3. Restricted text: not yet coded
V083014,A9c. Is there anything R dislikes about Republican Pres cand,"Is there anything in particular about JOHN MCCAIN that might make you
want to vote AGAINST him?","1. Yes
5. No","-8. Don't know
-9. Refused"
V083015,A9d. What is it that R dislikes about Republican Pres cand,(What is that?),,-3. Restricted text: not yet coded
V083016,A10a. Will R feel happy or sad if Democratic Pres cand won,"If BARACK OBAMA wins the presidential election in November, will you
feel HAPPY, SAD or NEITHER HAPPY NOR SAD?","1. Happy
5. Sad
7. Neither happy nor sad","-8. Don't know
-9. Refused"
V083016a,A10a1. How happy/sad will R be if Democratic Pres cand won,"EXTREMELY happy, MODERATELY happy, or SLIGHTLY happy? /
EXTREMELY sad, MODERATELY sad, or SLIGHTLY sad?","1. Extremely
3. Moderately
5. Slightly","-1. INAP,
-8. Don't know
-9. Refused"
V083016x,A10a1x. SUMMARY: R happy/sad if Democratic Pres cand won,"SUMMARY:
R HAPPY/SAD IF DEMOCRATIC PRESIDENTIAL CANDIDATE WON","1. Extremely happy
2. Moderately happy
3. Slightly happy
4. Neither happy nor sad [7 in A10a]
5. Slightly sad
6. Moderately sad
7. Extremely sad","-8. Don't know (A10a or A10a1)
-9. Refused (A10a or A10a1)"
V083017,A10b. Will R feel happy or sad if Republican Pres cand won,"If JOHN MCCAIN wins the presidential election in November, will you
feel HAPPY, SAD or NEITHER HAPPY NOR SAD?","1. Happy
5. Sad
7. Neither happy nor sad","-8. Don't know
-9. Refused"
V083017a,A10b1a.  How happy/sad will R be if Republican Pres cand won,"EXTREMELY happy, MODERATELY happy, or SLIGHTLY happy? /
EXTREMELY sad, MODERATELY sad, or SLIGHTLY sad?","1. Extremely
3. Moderately
5. Slightly","-1. INAP,
-8. Don't know
-9. Refused"
V083017x,A10b1x. SUMMARY: R happy/sad if Republican Pres cand won,"SUMMARY:
R HAPPY/SAD IF REPUBLICAN PRESIDENTIAL CANDIDATE WON","1. Extremely happy
2. Moderately happy
3. Slightly happy
4. Neither happy nor sad [7 in A10b]
5. Slightly sad
6. Moderately sad
7. Extremely sad","-8. Don't know (A10b or A10b1)
-9. Refused (A10b or A10b1)"
V083018,A11. Does R have access to the internet,Do you have access to the internet or the World Wide Web?,"1. Yes
5. No","-8. Don't know
-9. Refused"
V083019,A11b. [OLD] Days past week watched natl news on TV,"How many days in the PAST WEEK did you watch the NATIONAL network
news on TV?","0. None
1. One day
2. Two days
3. Three days
4. Four days
5. Five days
6. Six days
7. Seven days","-1. INAP, R selected for version NEW
-8. Don't know
-9. Refused"
V083019a,A11b1. [OLD] Attention to national (network) news,"Please look at page 1;2 of the booklet.
How much attention do you pay to news on NATIONAL news shows
about the campaign for President -- A GREAT DEAL, QUITE A BIT,
SOME, VERY LITTLE, or NONE?","1. A great deal
2. Quite a bit
3. Some
4. Very little
5. None","-1. INAP, R selected for version NEW;
-8. Don't know
-9. Refused"
V083020a,A11c1a. [OLD] Days past wk watched loc TV news aft/early eve,"How many days in the PAST WEEK did you watch the LOCAL TV news
shows such as ""Eyewitness News"" or ""Action News"" in the LATE
AFTERNOON or EARLY-EVENING?","0. None
1. One day
2. Two days
3. Three days
4. Four days
5. Five days
6. Six days
7. Seven days","-1. INAP, R selected for version NEW
-8. Don't know
-9. Refused"
V083020b,A11c1b. [OLD] Days past wk watched local TV news late eve,"How many days in the PAST WEEK did you watch the LOCAL TV news
shows in the LATE EVENING?","0. None
1. One day
2. Two days
3. Three days
4. Four days
5. Five days
6. Six days
7. Seven days","-1. INAP, R selected for version NEW
-8. Don't know
-9. Refused"
V083020c,A11c2. [OLD] Attention to local news,"(Please look at page 1;2 of the booklet.)
How much attention do you pay to news on LOCAL news shows
about the campaign for President -- A GREAT DEAL, QUITE A BIT,
SOME, VERY LITTLE, or NONE?","1. A great deal
2. Quite a bit
3. Some
4. Very little
5. None","-1. INAP, R selected for version NEW;
-8. Don't know
-9. Refused"
V083021a,A11d1a. [OLD] Days in past week read a daily newspaper,How many days in the PAST WEEK did you read a daily newspaper?,"0. None
1. One day
2. Two days
3. Three days
4. Four days
5. Five days
6. Six days
7. Seven days","-1. INAP, R selected for version NEW
-8. Don't know
-9. Refused"
V083021b,A11d1b. [OLD] Days past week read a daily online newspaper,"How many days in the PAST WEEK did you read a daily newspaper on
the Internet?","0. None
1. One day
2. Two days
3. Three days
4. Four days
5. Five days
6. Six days
7. Seven days","-1. INAP, R selected for version NEW
-8. Don't know
-9. Refused"
V083021c,A11d2. [OLD] Did R read about campaign in newspaper,Did you read about the campaign in any newspaper?,"1. Yes
5. No","-1. INAP, R selected for version NEW;
-8. Don't know
-9. Refused"
V083021d,A11d2a. [OLD] Attention to newspaper articles,"(Please look at page 1;2 of the booklet.)
How much attention do you pay to newspaper articles about the
campaign for President -- A GREAT DEAL, QUITE A BIT, SOME, VERY
LITTLE, or NONE?","1. A great deal
2. Quite a bit
3. Some
4. Very little
5. None","-1. INAP, R selected for version NEW;
-8. Don't know
-9. Refused"
V083022,A11e. [OLD] Days in past week listen to radio news,"How many days in the PAST WEEK did you listen to news on the
radio?","0. None
1. One day
2. Two days
3. Three days
4. Four days
5. Five days
6. Six days
7. Seven days","-1. INAP, R selected for version NEW
-8. Don't know
-9. Refused"
V083022a,A11e1. [OLD] Attention to radio news,"(Please look at page 1;2 of the booklet.)
How much attention do you pay to news on the radio about the
campaign for President -- A GREAT DEAL, QUITE A BIT, SOME, VERY
LITTLE, or NONE?","1. A great deal
2. Quite a bit
3. Some
4. Very little
5. None","-1. INAP, R selected for version NEW;
-8. Don't know
-9. Refused"
V083023,A12a1. [NEW] Days in typical week review news on internet,"During a typical week, how many days do you watch, read, or listen
to news on the Internet, not including sports?","0. None
1. One day
2. Two days
3. Three days
4. Four days
5. Five days
6. Six days
7. Seven days","-1. INAP, R selected for version OLD
-8. Don't know
-9. Refused"
V083023a,A12a1a. [NEW] Time in typical day review news on internet,"On a typical day when you watch, read, or listen to news on the
internet, about how much time do you spend watching or reading
news on the internet, not including sports?",,"-1. INAP, R selected for version OLD;
-8. Don't know
-9. Refused"
V083023b,A12a1a1. [NEW] Attention to internet news,"How much attention do you pay to news about national politics on
the Internet?  A GREAT DEAL, A LOT, A MODERATE AMOUNT, A LITTLE,
or NONE AT ALL?","1. A great deal
2. A lot
3. A moderate amount
4. A little
5. None at all","-1. INAP, R selected for version OLD;
-8. Don't know
-9. Refused"
V083024,A12b. [NEW] Days in typical week watch news on TV,"During a typical week, how many days do you watch news on TV, not
including sports?","0. None
1. One day
2. Two days
3. Three days
4. Four days
5. Five days
6. Six days
7. Seven days","-1. INAP, R selected for version OLD
-8. Don't know
-9. Refused"
V083024a,A12b1. [NEW] Time in typical day watch news on TV,"On a typical day when you watch news on TV, about how much time do
you spend watching news on TV, not including sports",,"-1. INAP, R selected for version OLD;
-8. Don't know
-9. Refused"
V083024b,A12b1a. [NEW] Attention to TV news,"How much attention do you pay to news about national politics on TV?
A GREAT DEAL, A LOT, A MODERATE AMOUNT, A LITTLE, or NONE AT ALL?","1. A great deal
2. A lot
3. A moderate amount
4. A little
5. None at all","-1. INAP, R selected for version OLD;
-8. Don't know
-9. Refused"
V083025,A12c. [NEW] Days in typical wk read news in print newspaper,"During a typical week, how many days do you read news in a printed
newspaper, not including sports?","0. None
1. One day
2. Two days
3. Three days
4. Four days
5. Five days
6. Six days
7. Seven days","-1. INAP, R selected for version OLD
-8. Don't know
-9. Refused"
V083025a,A12c1. [NEW] Time in typical day read news in print newpaper,"On a typical day when you read news in a printed newspaper, about
how much time do you spend reading news in a printed newspaper,
not including sports?",,"-1. INAP, R selected for version OLD;
-8. Don't know
-9. Refused"
V083025b,A12c1a. [NEW] Attention to printed newspaper news,"How much attention do you pay to news about national politics in
printed newspapers?  A GREAT DEAL, A LOT, A MODERATE AMOUNT, A
LITTLE, or NONE AT ALL?","1. A great deal
2. A lot
3. A moderate amount
4. A little
5. None at all","-1. INAP, R selected for version OLD;
-8. Don't know
-9. Refused"
V083026,A12d. [NEW] Days in typical week listen news on radio,"During a typical week, how many days do you listen to news on
the radio, not including sports?","0. None
1. One day
2. Two days
3. Three days
4. Four days
5. Five days
6. Six days
7. Seven days","-1. INAP, R selected for version OLD
-8. Don't know
-9. Refused"
V083026a,A12d1. [NEW] Time in typical day listen news on radio,"On a typical day when you listen to news on the radio, about how
much time do you spend listening to news on the radio, not
including sports?",,"-1. INAP, R selected for version OLD;
-8. Don't know
-9. Refused"
V083026b,A12d1a. [NEW] Attention to radio news,"How much attention do you pay to news about national politics on
the radio?  A GREAT DEAL, A LOT, A MODERATE AMOUNT, A LITTLE,
or NONE AT ALL?","1. A great deal
2. A lot
3. A moderate amount
4. A little
5. None at all","-1. INAP, R selected for version OLD;
-8. Don't know
-9. Refused"
V083027,A13. Are things in the country on right track,"Do you feel things in this country are generally going in the
RIGHT DIRECTION, or do you feel things have pretty seriously
gotten off on the WRONG TRACK?","1. Right direction
5. Wrong track","-8. Don't know
-9. Refused"
V083028,A14a. Approve/disapprove President handling job as Pres,"Do you APPROVE or DISAPPROVE of the way George W. Bush is handling
his job as president?","1. Approve
5. Disapprove","-8. Don't know
-9. Refused"
V083028a,A14a1. How much approve/disapp Pres handling job,"Do you approve STRONGLY or NOT STRONGLY? /
Do you disapprove STRONGLY or NOT STRONGLY?","1. Strongly
5. Not strongly","-1. INAP, -8,-9 in A14a
-8. Don't know
-9. Refused"
V083028x,A14a1x. SUMMARY: R approve/disapp Pres handling job,"SUMMARY:
R APPROVE/DISAPPROVE PRESIDENT HANDLING JOB","1. Approve strongly
2. Approve not strongly
4. Disapprove not strongly
5. Disapprove strongly","-8. Don't know (in A14a or A14a1)
-9. Refused (in A14a or A14a1)"
V083029,A14b. Approve/disapprove President handling economy,"Do you APPROVE or DISAPPROVE of the way George W. Bush is handling
the economy?","1. Approve
5. Disapprove","-8. Don't know
-9. Refused"
V083029a,A14b1. How much approve/disapprove Pres handling economy,"Do you approve STRONGLY or NOT STRONGLY? /
Do you disapprove STRONGLY or NOT STRONGLY?","1. Strongly
5. Not strongly","-1. INAP, -8,-9 in A14b
-8. Don't know
-9. Refused"
V083029x,A14b1x. SUMMARY: R approve/disapp Pres handling economy,"SUMMARY:
R APPROVE/DISAPPROVE PRESIDENT HANDLING ECONOMY","1. Approve strongly
2. Approve not strongly
4. Disapprove not strongly
5. Disapprove strongly","-8. Don't know (in A14b or A14b1)
-9. Refused (in A14b or A14b1)"
V083030,A14c. Approve/disapprove President handling foreign relation,"Do you APPROVE or DISAPPROVE of the way George W. Bush is handling
relations with foreign countries?","1. Approve
5. Disapprove","-8. Don't know
-9. Refused"
V083030a,A14c1. How much approve/disapprove Pres handling foreign rel,"Do you approve STRONGLY or NOT STRONGLY? /
Do you disapprove STRONGLY or NOT STRONGLY?","1. Strongly
5. Not strongly","-1. INAP, -8,-9 in A14c
-8. Don't know
-9. Refused"
V083030x,A14c1x. SUMMARY: R approve/disapp Pres handling foreign rel,"SUMMARY:
R APPROVE/DISAPPROVE PRESIDENT HANDLING FOREIGN RELATIONS","1. Approve strongly
2. Approve not strongly
4. Disapprove not strongly
5. Disapprove strongly","-8. Don't know (in A14c or A14c1)
-9. Refused (in A14c or A14c1)"
V083031,A14d. Approve/disapprove President handling the environment,"Do you APPROVE or DISAPPROVE of the way George W. Bush is handling
the environment?","1. Approve
5. Disapprove","-8. Don't know
-9. Refused"
V083031a,A14d1. How much approve/disapprove Pres handling environment,"Do you approve STRONGLY or NOT STRONGLY? /
Do you disapprove STRONGLY or NOT STRONGLY?","1. Strongly
5. Not strongly","-1. INAP, -8,-9 in A14d
-8. Don't know
-9. Refused"
V083031x,A14d1x. SUMMARY: R approve/disapp Pres handling environment,"SUMMARY:
R APPROVE/DISAPPROVE PRESIDENT HANDLING ENVIRONMENT","1. Approve strongly
2. Approve not strongly
4. Disapprove not strongly
5. Disapprove strongly","-8. Don't know (in A14d or A14d1)
-9. Refused (in A14d or A14d1)"
V083032,A14e. Approve/disapprove President handling health care,"Do you APPROVE or DISAPPROVE of the way George W. Bush is handling
health care?","1. Approve
5. Disapprove","-8. Don't know
-9. Refused"
V083032a,A14e1. How much approve/disapprove Pres handling health care,"Do you approve STRONGLY or NOT STRONGLY? /
Do you disapprove STRONGLY or NOT STRONGLY?","1. Strongly
5. Not strongly","-1. INAP, -8,-9 in A14e
-8. Don't know
-9. Refused"
V083032x,A14e1x. SUMMARY: R approve/disapp Pres handling health care,"SUMMARY:
R APPROVE/DISAPPROVE PRESIDENT HANDLING HEALTH CARE","1. Approve strongly
2. Approve not strongly
4. Disapprove not strongly
5. Disapprove strongly","-8. Don't know (in A14e or A14e1)
-9. Refused (in A14e or A14e1)"
V083033,A14f. Approve/disapprove President handling war in Iraq,"Do you APPROVE or DISAPPROVE of the way George W. Bush is handling
the war in Iraq?","1. Approve
5. Disapprove","-8. Don't know
-9. Refused"
V083033a,A14f1. How much approve/disapprove Pres handling war in Iraq,"Do you approve STRONGLY or NOT STRONGLY? /
Do you disapprove STRONGLY or NOT STRONGLY?","1. Strongly
5. Not strongly","-1. INAP, -8,-9 in A14f
-8. Don't know
-9. Refused"
V083033x,A14f1x. SUMMARY: R approve/disapp Pres handling war in Iraq,"SUMMARY:
R APPROVE/DISAPPROVE PRESIDENT HANDLING WAR IN IRAQ","1. Approve strongly
2. Approve not strongly
4. Disapprove not strongly
5. Disapprove strongly","-8. Don't know (in A14f or A14f1)
-9. Refused (in A14f or A14f1)"
V083034,A15. Care who wins House election,"As you know, representatives to Congress in Washington are
being chosen in this election from congressional districts
all around the country.
How much would you say that you personally care about the way
the election to the U.S. House of Representatives comes out:
do you care VERY MUCH, PRETTY MUCH, NOT VERY MUCH or NOT AT
ALL?","1. Very much
2. Pretty much
3. Not very much
4. Not at all","-8. Don't know
-9. Refused"
V083035,A16. Approval of Congress handling its job,"Do you APPROVE or DISAPPROVE of the way the U.S. Congress has
been handling its job?","1. Approve
5. Disapprove","-8. Don't know
-9. Refused"
V083035a,A16a. Strength appr/disapprove Congress handling its job,"Do you approve STRONGLY or NOT STRONGLY? /
Do you disapprove STRONGLY or NOT STRONGLY?","1. Strongly
5. Not strongly","-1. INAP, -8,-9 in A16
-8. Don't know
-9. Refused"
V083035x,A16ax. SUMMARY: R approve/disapp Congress handling job,"SUMMARY:
R APPROVE/DISAPPROVE CONGRESS HANDLING ITS JOB","1. Approve strongly
2. Approve not strongly
4. Disapprove not strongly
5. Disapprove strongly","-8. Don't know (in A16 or A16a)
-9. Refused (in A14a or A14a1)"
V083036,B1a. Feeling Thermometer: President,"Looking at page 3 of the booklet:
How would you rate:
GEORGE W. BUSH",,"-6. Thermometer: 'don't know who this is'
-8. Don't know ('don't know where to rate')
-9. Refused"
V083037a,B1b1. Feeling Thermometer: Democratic Presidential cand,"(Looking at page 3 of the booklet)
(How would you rate:)
BARACK OBAMA",,"-6. Thermometer: 'don't know who this is'
-8. Don't know ('don't know where to rate')
-9. Refused"
V083037b,B1b2. Feeling Thermometer: Republican Presidential cand,"(Looking at page 3 of the booklet)
(How would you rate:)
JOHN MCCAIN",,"-6. Thermometer: 'don't know who this is'
-8. Don't know ('don't know where to rate')
-9. Refused"
V083038,B1c. Names: Feeling Thermometer Vice Presidential cands,Names: Feeling Thermometer Vice Presidential candidates,"1. Thermometer names: Joe Biden and Sarah Palin
2. Thermometer names: Jim Webb and Tim Pawlenty",
V083039a,B1c1. Feeling Thermometer: Democratic Vice-Pres cand,"(Looking at page 3 of the booklet)
(How would you rate:)
JOE BIDEN",,"-6. Thermometer: 'don't know who this is'
-8. Don't know ('don't know where to rate')
-9. Refused"
V083039b,B1c2. Feeling Thermometer: Republican Vice-Pres cand,"(Looking at page 3 of the booklet)
(How would you rate:)
SARAH PALIN",,"-6. Thermometer: 'don't know who this is'
-8. Don't know ('don't know where to rate')
-9. Refused"
V083040,B1d. Feeling Thermometer: Hillary Clinton,"(Looking at page 3 of the booklet)
(How would you rate:)
HILLARY CLINTON",,"-6. Thermometer: 'don't know who this is'
-8. Don't know ('don't know where to rate')
-9. Refused"
V083041,B1e. Feeling Thermometer: Bill Clinton,"(Looking at page 3 of the booklet)
(How would you rate:)
BILL CLINTON",,"-6. Thermometer: 'don't know who this is'
-8. Don't know ('don't know where to rate')
-9. Refused"
V083042,B1f. Feeling Thermometer: Condoleezza Rice,"(Looking at page 3 of the booklet)
(How would you rate:)
CONDOLEEZZA RICE",,"-6. Thermometer: 'don't know who this is'
-8. Don't know ('don't know where to rate')
-9. Refused"
V083043,B1g. Feeling Thermometer: Rush Limbaugh,"(Looking at page 3 of the booklet)
(How would you rate:)
RUSH LIMBAUGH",,"-6. Thermometer: 'don't know who this is'
-8. Don't know ('don't know where to rate')
-9. Refused"
V083044a,B1h. Feeling Thermometer: Democratic Party,"(Looking at page 3 of the booklet)
(How would you rate:)
the DEMOCRATIC PARTY",,"-6. Thermometer: 'don't know who this is'
-8. Don't know ('don't know where to rate')
-9. Refused"
V083044b,B1j. Feeling Thermometer: Republican Party,"(Looking at page 3 of the booklet)
(How would you rate:)
the REPUBLICAN PARTY",,"-6. Thermometer: 'don't know who this is'
-8. Don't know ('don't know where to rate')
-9. Refused"
V083045,C1a. Is there anything R likes about Democratic Party,"Is there anything in particular that you LIKE about the
Democratic party?","1. Yes
5. No","-8. Don't know
-9. Refused"
V083046,C1b. What does R like about Democratic party,(What is that?),,-3. Restricted text: not yet coded
V083047,C1c. Is there anything R dislikes about Democratic Party,"Is there anything in particular that you DON'T LIKE about the
Democratic party?","1. Yes
5. No","-8. Don't know
-9. Refused"
V083048,C1d. What does R dislike about the Democratic party,(What is that?),,-3. Restricted text: not yet coded
V083049,C2a. Is there anything R likes about Republican Party,"Is there anything in particular that you LIKE about the
Republican party?","1. Yes
5. No","-8. Don't know
-9. Refused"
V083050,C2b. What does R like about Republican party,(What is that?),,-3. Restricted text: not yet coded
V083051,C2c. Is there anything R dislikes about Republican Party,"Is there anything in particular that you DON'T LIKE about the
Republican party?","1. Yes
5. No","-8. Don't know
-9. Refused"
V083052,C2d. What does R dislike about the Republican party,(What is that?),,-3. Restricted text: not yet coded
V083053,C3. Is it better when one party controls presidency and Cong,"Do you think it is better when ONE PARTY CONTROLS both the
presidency and Congress, better when CONTROL IS SPLIT between
the Democrats and Republicans, or DOESN'T IT MATTER?","1. Better when one party controls both
3. Better when control is split
5. It doesn't matter","-8. Don't know
-9. Refused"
V083054,C4a. How similar are Republicans to one another,"How similar are Republicans to one another in terms of what
they want government to do and not do?
EXTREMELY SIMILAR, VERY SIMILAR, MODERATELY SIMILAR, SLIGHTLY
SIMILAR, or NOT SIMILAR AT ALL?","1. Extremely similar
2. Very similar
3. Moderately similar
4. Slightly similar
5. Not similar at all","-8. Don't know
-9. Refused"
V083055,C4b. How similar are Democrats to one another,"How similar are Democrats to one another in terms of what
they want government to do and not do?
EXTREMELY SIMILAR, VERY SIMILAR, MODERATELY SIMILAR, SLIGHTLY
SIMILAR, or NOT SIMILAR AT ALL?","1. Extremely similar
2. Very similar
3. Moderately similar
4. Slightly similar
5. Not similar at all","-8. Don't know
-9. Refused"
V083056,C5_. R living with family members,"Now on another topic. Are you living at home with one or more
persons who are family members?","1. Yes
5. No","-8. Don't know
-9. Refused"
V083057,C5. R better/worse off than 1 year ago,"We are interested in how people are getting along financially
these days.
Would you say that you are BETTER off or WORSE off than you
were a year ago? /
We are interested in how people are getting along financially
these days.
Would you say that you and your family living here are BETTER off
or WORSE off than you were a year ago?","1. Better
3. Worse
5. The same [VOL]","-8. Don't know
-9. Refused"
V083057a,C5a. R how much better/worse off than 1 year ago,"MUCH better or SOMEWHAT better? /
MUCH worse or SOMEWHAT worse?","1. Much
5. Somewhat","-1. INAP,
-8. Don't know
-9. Refused"
V083057x,C5ax. SUMMARY: R better/worse off than 1 year ago,"SUMMARY:
R BETTER/WORSE OFF THAN 1 YEAR AGO","1. Much better
2. Somewhat better
3. Same [VOL]
4. Somewhat worse
5. Much worse","-8. Don't know (in C5 or C5a)
-9. Refused (in C5 or C5a)"
V083058,C6. Will R be financially better/worse off one year from now,"Now looking ahead, do you think that a year from now [you / you and
your family living here] will be BETTER OFF financially, WORSE
OFF, or JUST ABOUT THE SAME as now?","1. Better
3. Worse
5. The same","-8. Don't know
-9. Refused"
V083058a,C6a. R how much better/worse off 1 year from now,"MUCH better or SOMEWHAT better? /
MUCH worse or SOMEWHAT worse?","1. Much
5. Somewhat","-1. INAP,
-8. Don't know
-9. Refused"
V083058x,C6x. SUMMARY: R better/worse off 1 year from now,"SUMMARY:
R BETTER/WORSE OFF 1 YEAR FROM NOW","1. Much better
2. Somewhat better
3. Same [VOL]
4. Somewhat worse
5. Much worse","-8. Don't know (in C6 or C6a)
-9. Refused (in C6 or C6a)"
V083059,C7. Does R or spouse have any money invested in stock market,"Do you personally, or jointly with a spouse, have any MONEY
INVESTED IN THE STOCK MARKET right now -- either in an
individual stock or in a mutual fund?","1. Yes
5. No","-8. Don't know
-9. Refused"
V083060,C8. Does R have health insurance,Do you presently have any kind of health insurance?,"1. Yes
5. No","-8. Don't know
-9. Refused"
V083061,D1a. Affect for Democratic Pres cand: angry,"[Think about BARACK OBAMA.
Has Barack Obama -- because of the kind of person he is or
because of something he has done, ever made you feel:
ANGRY /
Has Barack Obama -- because of the kind of person he is or
because of something he has done, ever made you feel:]
ANGRY","1. Yes
5. No","-8. Don't know
-9. Refused"
V083061a,D1a1. How often affect angry about Democratic Pres cand,"How often would you say you�ve felt angry -- VERY OFTEN, FAIRLY
OFTEN, OCCASIONALLY, or RARELY?","1. Very often
2. Fairly often
3. Occasionally
4. Rarely","-1. INAP,
-8. Don't know
-9. Refused"
V083062,D1b. Affect for Democratic Pres cand: hopeful,"[Think about BARACK OBAMA.
Has Barack Obama -- because of the kind of person he is or
because of something he has done, ever made you feel:
HOPEFUL /
Has Barack Obama -- because of the kind of person he is or
because of something he has done, ever made you feel:]
HOPEFUL","1. Yes
5. No","-8. Don't know
-9. Refused"
V083062a,D1b1. How often affect hopeful about Democratic Pres cand,"How often would you say you�ve felt hopeful -- VERY OFTEN, FAIRLY
OFTEN, OCCASIONALLY, or RARELY?","1. Very often
2. Fairly often
3. Occasionally
4. Rarely","-1. INAP,
-8. Don't know
-9. Refused"
V083063,D1c. Affect for Democratic Pres cand: afraid,"[Think about BARACK OBAMA.
Has Barack Obama -- because of the kind of person he is or
because of something he has done, ever made you feel:
AFRAID /
Has Barack Obama -- because of the kind of person he is or
because of something he has done, ever made you feel:]
AFRAID","1. Yes
5. No","-8. Don't know
-9. Refused"
V083063a,D1c1. How often affect afraid about Democratic Pres cand,"How often would you say you�ve felt afraid -- VERY OFTEN, FAIRLY
OFTEN, OCCASIONALLY, or RARELY?","1. Very often
2. Fairly often
3. Occasionally
4. Rarely","-1. INAP,
-8. Don't know
-9. Refused"
V083064,D1d. Affect for Democratic Pres cand: proud,"[Think about BARACK OBAMA.
Has Barack Obama -- because of the kind of person he is or
because of something he has done, ever made you feel:
PROUD /
Has Barack Obama -- because of the kind of person he is or
because of something he has done, ever made you feel:]
PROUD","1. Yes
5. No","-8. Don't know
-9. Refused"
V083064a,D1d1. How often affect proud about Democratic Pres cand,"How often would you say you�ve felt proud -- VERY OFTEN, FAIRLY
OFTEN, OCCASIONALLY, or RARELY?","1. Very often
2. Fairly often
3. Occasionally
4. Rarely","-1. INAP,
-8. Don't know
-9. Refused"
V083065,D2a. Affect for Republican Pres cand: angry,"[Think about JOHN MCCAIN.
Has John McCain -- because of the kind of person he is or
because of something he has done, ever made you feel:
ANGRY /
Has John McCain -- because of the kind of person he is or
because of something he has done, ever made you feel:]
ANGRY","1. Yes
5. No","-8. Don't know
-9. Refused"
V083065a,D2a1. How often affect angry about Republican Pres cand,"How often would you say you�ve felt angry -- VERY OFTEN, FAIRLY
OFTEN, OCCASIONALLY, or RARELY?","1. Very often
2. Fairly often
3. Occasionally
4. Rarely","-1. INAP,
-8. Don't know
-9. Refused"
V083066,D2b. Affect for Republican Pres cand: hopeful,"[Think about JOHN MCCAIN.
Has John McCain -- because of the kind of person he is or
because of something he has done, ever made you feel:
HOPEFUL /
Has John McCain -- because of the kind of person he is or
because of something he has done, ever made you feel:]
HOPEFUL","1. Yes
5. No","-8. Don't know
-9. Refused"
V083066a,D2b1. How often affect hopeful about Republican Pres cand,"How often would you say you�ve felt hopeful -- VERY OFTEN, FAIRLY
OFTEN, OCCASIONALLY, or RARELY?","1. Very often
2. Fairly often
3. Occasionally
4. Rarely","-1. INAP,
-8. Don't know
-9. Refused"
V083067,D2c. Affect for Republican Pres cand: afraid,"[Think about JOHN MCCAIN.
Has John McCain -- because of the kind of person he is or
because of something he has done, ever made you feel:
AFRAID /
Has John McCain -- because of the kind of person he is or
because of something he has done, ever made you feel:]
AFRAID","1. Yes
5. No","-8. Don't know
-9. Refused"
V083067a,D2c1. How often affect afraid about Republican Pres cand,"How often would you say you�ve felt afraid -- VERY OFTEN, FAIRLY
OFTEN, OCCASIONALLY, or RARELY?","1. Very often
2. Fairly often
3. Occasionally
4. Rarely","-1. INAP,
-8. Don't know
-9. Refused"
V083068,D2d. Affect for Republican Pres cand: proud,"[Think about JOHN MCCAIN.
Has John McCain -- because of the kind of person he is or
because of something he has done, ever made you feel:
PROUD /
Has John McCain -- because of the kind of person he is or
because of something he has done, ever made you feel:]
PROUD","1. Yes
5. No","-8. Don't know
-9. Refused"
V083068a,D2d1. How often affect proud about Republican Pres cand,"How often would you say you�ve felt proud -- VERY OFTEN, FAIRLY
OFTEN, OCCASIONALLY, or RARELY?","1. Very often
2. Fairly often
3. Occasionally
4. Rarely","-1. INAP,
-8. Don't know
-9. Refused"
V083069,E1a. Liberal/conservative self-placement -7-point scale,"Where would you place YOURSELF on this scale, or haven't you
thought much about this?","1. Extremely liberal
2. Liberal
3. Slightly liberal
4. Moderate; middle of the road
5. Slightly conservative
6. Conservative
7. Extremely conservative","-7. Haven't thought much about it
-8. Don't know
-9. Refused"
V083069a,E1b. If R had to choose liberal or conservative self-placemt,"If you had to choose, would you consider yourself a LIBERAL or a
CONSERVATIVE?","1. Liberal
3. Conservative
5. Moderate [VOL]","-1. INAP,
-8. Don't know
-9. Refused"
V083069x,E1x. SUMMARY: R self-placement 3pt liberal-conservative,"SUMMARY:
R SELF-PLACEMENT 3PT LIBERAL-CONSERVATIVE","1. Liberal [1-3 in E1a or
3. Moderate [4,-7,-8 in E1a and
5. Conservative [5-7 in E1a or
7. Refused to choose [RF in E1a or E1b]",-8. Don't know [-8 in E1b]
V083070a,E2a. Liberal/conservative - Dem Pres cand,"(Still looking at page 3)
Where would you place BARACK OBAMA on this scale?","1. Extremely liberal
2. Liberal
3. Slightly liberal
4. Moderate; middle of the road
5. Slightly conservative
6. Conservative
7. Extremely conservative","-8. Don't know
-9. Refused"
V083070b,E2b. Liberal/conservative - Rep Pres cand,"(Still looking at page 3)
Where would you place JOHN MCCAIN on this scale?","1. Extremely liberal
2. Liberal
3. Slightly liberal
4. Moderate; middle of the road
5. Slightly conservative
6. Conservative
7. Extremely conservative","-8. Don't know
-9. Refused"
V083071a,E3a. Liberal/conservative Dem party,"(Still looking at page 3)
Where would you place the DEMOCRATIC PARTY on this scale?","1. Extremely liberal
2. Liberal
3. Slightly liberal
4. Moderate; middle of the road
5. Slightly conservative
6. Conservative
7. Extremely conservative","-8. Don't know
-9. Refused"
V083071b,E3b. Liberal/conservative Rep party,"(Still looking at page 3)
Where would you place the REPUBLICAN PARTY on this scale?","1. Extremely liberal
2. Liberal
3. Slightly liberal
4. Moderate; middle of the road
5. Slightly conservative
6. Conservative
7. Extremely conservative","-8. Don't know
-9. Refused"
V083072,E4. Care who wins Presidential Election,"Generally speaking, would you say that you personally CARE
A GOOD DEAL who wins the presidential election this fall, or
that you DON'T CARE VERY MUCH who wins?","1. Care a good deal
3. Don't care very much","-8. Don't know
-9. Refused"
V083073,E5. Who does R think will be elected President,Who do you think will be elected President in November?,"1. Barack Obama
3. John McCain
7. Other (SPECIFY) [VOL]","-8. Don't know
-9. Refused"
V083074,E5a. Will Pres race be a close or will (winner) win by a lot,"Do you think the Presidential race will be CLOSE or will
[-NAME- / one candidate] WIN BY QUITE A BIT ?","1. Will be close
5. Win by quite a bit","-1. INAP, -9 in E5
-8. Don't know
-9. Refused"
V083075,E6. Which Pres cand will carry state,"What about here in -STATE-?
Which candidate for President do you think will carry this state?","1. Barack Obama
3. John McCain
7. Other (SPECIFY) [VOL]","-8. Don't know
-9. Refused"
V083076,E6a. Will Pres race be close in state,"Do you think the Presidential race will be CLOSE here in -STATE-
or will [-NAME- / one candidate] WIN BY QUITE A BIT ?","1. Will be close
5. Win by quite a bit","-1. INAP, -9 in E6
-8. Don't know
-9. Refused"
V083077,E7. Did R vote in the Presidential primary or caucus,Did you vote in a presidential primary election or caucus?,"1. Yes, voted in primary or caucus
5. No, didn't vote in primary or caucus","-8. Don't know
-9. Refused"
V083077a,E7a. For which candidate did R vote in Presidential primary,For which presidential candidate did you cast a vote?,"01. Joe Biden
02. Hillary Clinton
03. Chris Dodd
04. John Edwards
05. Rudy Giuliani
06. Mike Gravel
07. Mike Huckabee
08. Duncan Hunter
09. Alan Keyes
10. Dennis Kucinich
11. John McCain
12. Barack Obama
13. Ron Paul
14. Bill Richardson
15. Mitt Romney
16. Tom Tancredo
17. Fred Thompson
30. Someone else {SPECIFY}","-1. INAP,
-8. Don't know
-9. Refused"
V083078,E8. Does R believe in duty to vote in every natl election,"Generally speaking, do you believe that you HAVE A DUTY to vote
in every national election, or do you believe that you DO NOT
HAVE A DUTY to vote in every national election?","1. Yes, have a duty
5. No, don't have a duty","-8. Don't know
-9. Refused"
V083079a,E9a. [VERSION C] Politics/govt too complicated to understand,"Please look at page 5 of the booklet.
I'd like to read you a few statements about public life.
I'll read them one at a time. Please tell me how strongly you
agree or disagree with each of them.  'Sometimes, politics and
government seem so complicated that a person like me can't
really understand what's going on.'
Do you AGREE STRONGLY, AGREE SOMEWHAT, NEITHER AGREE NOR DISAGREE,
DISAGREE SOMEWHAT, or DISAGREE STRONGLY with this statement?","1. Agree strongly
2. Agree somewhat
3. Neither agree nor disagree
4. Disagree somewhat
5. Disagree strongly","-1. INAP, R selected for VERSION D
-8. Don't know
-9. Refused"
V083079b,E9b. [VERSION C] Good understanding of political issues,"(Looking at page 5 in the booklet)
'I feel that I have a pretty good understanding of the important
political issues facing our country.'
(Do you AGREE STRONGLY, AGREE SOMEWHAT, NEITHER AGREE NOR DISAGREE,
DISAGREE SOMEWHAT, or DISAGREE STRONGLY with this statement?)","1. Agree strongly
2. Agree somewhat
3. Neither agree nor disagree
4. Disagree somewhat
5. Disagree strongly","-1. INAP, R selected for VERSION D
-8. Don't know
-9. Refused"
V083079c,E9c. [VERSION C] Publ officials don't care what people think,"(Looking at page 5 in the booklet)
'Public officials don't care much what people like me think.'
(Do you AGREE STRONGLY, AGREE SOMEWHAT, NEITHER AGREE NOR DISAGREE,
DISAGREE SOMEWHAT, or DISAGREE STRONGLY with this statement?)","1. Agree strongly
2. Agree somewhat
3. Neither agree nor disagree
4. Disagree somewhat
5. Disagree strongly","-1. INAP, R selected for VERSION D
-8. Don't know
-9. Refused"
V083079d,E9d. [VERSION C] Have no say about what govt does,"(Looking at page 5 in the booklet)
'People like me don't have any say about what the government does.'
(Do you AGREE STRONGLY, AGREE SOMEWHAT, NEITHER AGREE NOR DISAGREE,
DISAGREE SOMEWHAT, or DISAGREE STRONGLY with this statement?)","1. Agree strongly
2. Agree somewhat
3. Neither agree nor disagree
4. Disagree somewhat
5. Disagree strongly","-1. INAP, R selected for VERSION D
-8. Don't know
-9. Refused"
V083080a,E10a. [VERSION D] Politics/govt too complicatd to understand,"How often do politics and government seem so complicated that
you can't really understand what's going on?  ALL THE TIME, MOST
OF THE TIME, ABOUT HALF THE TIME, SOME OF THE TIME, or NEVER?","1. All the time
2. Most of the time
3. About half the time
4. Some of the time
5. Never","-1. INAP, R selected for VERSION C
-8. Don't know
-9. Refused"
V083080b,E10b. [VERSION D] Good understanding of political issues,"How well do you understand the important political issues facing
our country?  EXTREMELY WELL, VERY WELL, MODERATELY WELL, SLIGHTLY
WELL, or NOT WELL AT ALL?","1. Extremely well
2. Very well
3. Moderately well
4. Slightly well
5. Not well at all","-1. INAP, R selected for VERSION C
-8. Don't know
-9. Refused"
V083080c,E10c. [VERSION D] Publ officials don't care what peopl think,"How much do public officials care what people like you think?
A GREAT DEAL, A LOT, A MODERATE AMOUNT, A LITTLE, or NOT AT ALL?","1. A great deal
2. A lot
3. A moderate amount
4. A little
5. Not at all","-1. INAP, R selected for VERSION C
-8. Don't know
-9. Refused"
V083080d,E10d. [VERSION D] Have no say about what govt does,"How much can people like you affect what the government does?
A GREAT DEAL, A LOT, A MODERATE AMOUNT, A LITTLE, or NOT AT ALL?","1. A great deal
2. A lot
3. A moderate amount
4. A little
5. Not at all","-1. INAP, R selected for VERSION C
-8. Don't know
-9. Refused"
V083081,E11. Extent successfully defend opinion,"If you wanted to defend an opinion of yours, how successfully
do you think you could do that?  EXTREMELY SUCCESSFULLY, VERY
SUCCESSFULLY, MODERATELY SUCCESSFULLY, SLIGHTLY SUCCESSFULLY,
or NOT SUCCESSFULLY AT ALL?","1. Extremely successfully
2. Very successfully
3. Moderately successfully
4. Slightly successfully
5. Not successfully at all","-8. Don't know
-9. Refused"
V083082,E12. How often see both disagreeing parties as right,"Of the situations when you see two people disagreeing with one
another, in how many of them can you see how both people could
be right?  ALL OF THEM, MOST OF THEM, ABOUT HALF OF THEM, A FEW
OF THEM, or NONE OF THEM?","1. All of them
2. Most of them
3. About half of them
4. A few of them
5. None of them","-8. Don't know
-9. Refused"
V083083,F1. National economy better/worse in last year,"Now thinking about the economy in the country as a whole, would
you say that over the past year the nation's economy has gotten
BETTER, stayed ABOUT THE SAME, or gotten WORSE?","1. Gotten better
3. Stayed about the same
5. Gotten worse","-8. Don't know
-9. Refused"
V083083a,F1a. How much economy better/worse in last year,"MUCH better or SOMEWHAT better? /
MUCH worse or SOMEWHAT worse?","1. Much
5. Somewhat","-1. INAP,
-8. Don't know
-9. Refused"
V083083x,F1ax. SUMMARY: economy better worse in last year,"SUMMARY:
ECONOMY BETTER/WORSE IN LAST YEAR","1. Much better
2. Somewhat better
3. Stayed about the same
4. Somewhat worse
5. Much worse","-8. Don't know (in F1 or F1a)
-9. Refused (in F1 or F1a)"
V083084,F2a. [VERSION E] Economy better or worse in next 12 months,"What about the next 12 months?  Do you expect the economy, in
the country as a whole, to get BETTER, stay ABOUT THE SAME,
or get WORSE?","1. Get better
3. Stay about the same
5. Get worse","-1. INAP, R selected for VERSION F
-8. Don't know
-9. Refused"
V083084a,F2a1. [VERSION E] How much econ better/worse next 12 months,"MUCH better or SOMEWHAT better? /
MUCH worse or SOMEWHAT worse?","1. Much
5. Somewhat","-1. INAP, R selected for VERSION F;
-8. Don't know
-9. Refused"
V083084x,F2a1x. [VERSION E] SUMMARY: economy better/worse next 12 mos,"SUMMARY:
ECONOMY BETTER/WORSE IN NEXT 12 MONTHS [VERSION E]","1. Much better
2. Somewhat better
3. Stay about the same
4. Somewhat worse
5. Much worse","-1. INAP, R selected for VERSION F
-8. Don't know (in F2a or F2a1)
-9. Refused (in F2a or F2a1)"
V083085,F2b1. [VERSION F] Economy better/worse if Dem Pres cand wins,"What about the next 12 months? If BARACK OBAMA wins the election,
do you expect the economy, in the country as a whole, to get
BETTER, stay ABOUT THE SAME, or get WORSE?","1. Get better
3. Stay about the same
5. Get worse","-1. INAP, R selected for VERSION E
-8. Don't know
-9. Refused"
V083085a,F2b1a. [VERSION F] How much econ bett/worse if Dem Pres wins,"How much better will the economy get if BARACK OBAMA wins the
election? MUCH better or SOMEWHAT better? /
How much worse will the economy get if BARACK OBAMA wins the
election? MUCH worse or SOMEWHAT worse?","1. Much
5. Somewhat","-1. INAP, R selected for VERSION E;
-8. Don't know
-9. Refused"
V083085x,F2b1ax. [VERSION F] SUMMARY: bett/wrse if Dem Pres cand win,"SUMMARY:
BETTER/WORSE IF DEMOCRATIC PRESIDENTIAL CAND WINS [VERSION F]","1. Much better
2. Somewhat better
3. Stay about the same
4. Somewhat worse
5. Much worse","-1. INAP, R selected for VERSION E
-8. Don't know (in F2b1 or F2b1a)
-9. Refused (in F2b1 or F2b1a)"
V083086,F2b2. [VERSION F] Economy better/worse if Rep Pres cand wins,"If JOHN MCCAIN wins the election, do you expect the economy, in
the country as a whole, to get BETTER, stay ABOUT THE SAME, or
get WORSE?","1. Get better
3. Stay about the same
5. Get worse","-1. INAP, R selected for VERSION E
-8. Don't know
-9. Refused"
V083086a,F2b2a.[VERSION F]  How much econ bett/worse if Rep Pres wins,"How much better will the economy get if JOHN MCCAIN wins the
election? MUCH better or SOMEWHAT better? /
How much worse will the economy get if JOHN MCCAIN wins the
election? MUCH worse or SOMEWHAT worse?","1. Much
5. Somewhat","-1. INAP, R selected for VERSION E;
-8. Don't know
-9. Refused"
V083086x,F2b2ax. [VERSION F] SUMMARY: bett/wrse if Rep Pres cand win,"SUMMARY:
BETTER/WORSE IF REPUBLICAN PRESIDENTIAL CAND WINS [VERSION F]","1. Much better
2. Somewhat better
3. Stay about the same
4. Somewhat worse
5. Much worse","-1. INAP, R selected for VERSION E
-8. Don't know (in F2b2 or F2b2a)
-9. Refused (in F2b2 or F2b2a)"
V083087,F3. Unemployment better or worse in last year,"Would you say that OVER THE PAST YEAR, the level of
unemployment in the country has gotten BETTER, stayed ABOUT
THE SAME, or gotten WORSE?","1. Better
3. About the same
5. Worse","-8. Don't know
-9. Refused"
V083087a,F3a. How much unemployment better or worse in last year,"Would you say MUCH better or SOMEWHAT better? /
Would you say MUCH worse or SOMEWHAT worse?","1. Much
5. Somewhat","-1. INAP,
-8. Don't know
-9. Refused"
V083087x,F3ax. SUMMARY: unemployment better/worse in last year,"SUMMARY:
UNEMPLOYMENT BETTER/WORSE IN LAST YEAR","1. Much better
2. Somewhat better
3. Stayed about the same
4. Somewhat worse
5. Much worse","-8. Don't know (in F3 or F3a)
-9. Refused (in F3 or F3a)"
V083088,F4. More or less unemployment in next year,"How about people out of work during THE COMING 12 MONTHS-- do
you think that there will be MORE unemployment than now, ABOUT
THE SAME, or LESS?","1. More
3. About the same
5. Less","-8. Don't know
-9. Refused"
V083089,F5. Inflation better or worse in last year,"Would you say that OVER THE PAST YEAR, inflation has gotten
BETTER, stayed ABOUT THE SAME, or gotten WORSE?","1. Better
3. About the same
5. Worse","-8. Don't know
-9. Refused"
V083089a,F5a. How much inflation better or worse in last year,"Would you say MUCH better or SOMEWHAT better? /
Would you say MUCH worse or SOMEWHAT worse?","1. Much
5. Somewhat","-1. INAP,
-8. Don't know (in F5 or F5a)
-9. Refused (in F5 or F5a)"
V083089x,F5ax. SUMMARY: inflation better/worse in last year,"SUMMARY:
INFLATION BETTER/WORSE IN LAST YEAR","1. Much better
2. Somewhat better
3. Stayed about the same
4. Somewhat worse
5. Much worse","-8. Don't know
-9. Refused"
V083090,F6. More or less inflation in next year,"How about inflation during the COMING 12 MONTHS -- do you
think that there will be HIGHER inflation than now, ABOUT THE
SAME, or LOWER inflation?","1. More
3. About the same
5. Less","-8. Don't know
-9. Refused"
V083091,F7. Could R borrow money if R needed to,"If you really needed to borrow money, could you borrow money
from a family member or a close friend, or is there no family
member or close friend you could borrow money from?","1. Could borrow from someone
5. There is no one","-8. Don't know
-9. Refused"
V083091a,F7a. How much money could R borrow if R needed to,"What is the largest TOTAL amount of money that you could borrow
from all family members and close friends combined?",9999999. Unlimited,"-1. INAP,
-8. Don't know
-9. Refused"
V083092a,F8a. [VERSION G] Can people be trusted,"Generally speaking, would you say that most people CAN BE TRUSTED,
or that you CAN'T BE TOO CAREFUL in dealing with people?","1. Most people can be trusted
2. Can't be too careful","-1. INAP, R selected for VERSION H
-8. Don't know
-9. Refused"
V083092b,F8b. [VERSION H] Can people be trusted,"Generally speaking, how often can you trust other people?
ALWAYS, MOST OF THE TIME, ABOUT HALF THE TIME, ONCE IN A WHILE,
or NEVER?","1. Always
2. Most of the time
3. About half the time
4. Once in a while
5. Never","-1. INAP, R selected for VERSION G
-8. Don't know
-9. Refused"
V083093,G1. Which party better: handling nations economy,"Which party do you think would do a better job of HANDLING
THE NATION'S ECONOMY... [the DEMOCRATS, the REPUBLICANS /
the REPUBLICANS, the DEMOCRATS], or WOULDN'T THERE BE MUCH
DIFFERENCE between them?","1. Democrats
3. Republicans
5. Not much difference between them
7. Neither party {VOL}","-8. Don't know
-9. Refused"
V083094a,G2a. [VERSION P] Which party better: keeping out of war,"Looking ahead, do you think the problem of KEEPING OUT OF WAR
would be handled better in the next four years by [the DEMOCRATS,
the REPUBLICANS / the REPUBLICANS, the DEMOCRATS], or ABOUT
THE SAME by both?","1. Democrats
3. Republicans
5. About the same by both
7. Neither party {VOL}","-1. INAP, R selected for VERSION Q
-8. Don't know
-9. Refused"
V083094b,G2b. [VERSION Q] Which party: more likely to involve in war,"Looking ahead, which party would be more likely to involve the
United States in another war in the next four years-- [the
DEMOCRATS, the REPUBLICANS / the REPUBLICANS, the DEMOCRATS],
or ABOUT THE SAME by both?","1. Democrats
3. Republicans
5. About the same by both
7. Neither party {VOL}","-1. INAP, R selected for VERSION P
-8. Don't know
-9. Refused"
V083095,"H1. During last year, U.S. position in world weaker/stronger","Turning to some other types of issues facing the country.
During the past year, would you say that the United States'
position in the world has grown WEAKER, stayed ABOUT THE SAME,
or has it grown STRONGER?","1. Weaker
3. Stayed about the same
5. Stronger","-8. Don't know
-9. Refused"
V083096,H2. Country would be better off if we just stayed home,"Do you AGREE or DISAGREE with this statement:
'This country would be better off if we just stayed home
and did not concern ourselves with problems in other parts
of the world.'","1. Agree
5. Disagree","-8. Don't know
-9. Refused"
V083097,"J1. Party ID: Does R think of self as Dem, Rep, Ind or what","Generally speaking, do you usually think of yourself as a
[DEMOCRAT, a REPUBLICAN / a REPUBLICAN, a DEMOCRAT], an
INDEPENDENT, or what?","1. Democrat
2. Republican
3. Independent
4. Other party (SPECIFY)
5. No preference {VOL}","-8. Don't know
-9. Refused"
V083098a,J1a. Party Identification strong - Democrat/Republican,"Would you call yourself a STRONG Democrat or a NOT VERY STRONG
Democrat /
Would you call yourself a STRONG Republican or a NOT VERY STRONG
Republican?","1. Strong
5. Not very strong","-1. INAP,
-8. Don't know
-9. Refused"
V083098b,J1b. No Party Identification - closer to Dems or Reps,"Do you think of yourself as CLOSER to the Republican Party or
to the Democratic party?","1. Closer to Republican
3. Neither [VOL]
5. Closer to Democratic","-1. INAP,
-8. Don't know
-9. Refused"
V083098x,J1x. SUMMARY: R Party Identification,"SUMMARY:
R PARTY IDENTIFICATION","0. Strong Democrat (1;1;-1)
1. Weak Democrat (1;5;-1)
2. Independent-Democrat (3,4,5,-8;-1;5)
3. Independent-Independent (3,4,5,-8;-1;3)
4. Independent-Republican (3,4,5,-8;-1;1)
5. Weak Republican (2;5;-1)
6. Strong Republican (2;1;-1)","-1. INAP, -9 in J1; -8,-9 in J1a; -8,-9 in J1b"
V083099a,K1a1. [VERSION J] Pres Dem cand trait moral,"[(Looking at page 6;7 of the booklet.)
Think about BARACK OBAMA.
In your opinion, does the phrase
'he is MORAL'
describe Barack Obama EXTREMELY WELL, QUITE WELL, NOT TOO WELL,
or NOT WELL AT ALL?
/
(Looking at page 6;7 of the booklet.)
(What about)
'MORAL'?
(Does this phrase describe Barack Obama EXTREMELY WELL, QUITE
WELL, NOT TOO WELL, or NOT WELL AT ALL?)]","1. Extremely well
2. Quite well
3. Not too well
4. Not well at all","-1. INAP, R selected for VERSION K
-8. Don't know
-9. Refused"
V083099b,K1a2. [VERSION J] Pres Dem cand trait strong leadership,"[(Looking at page 6;7 of the booklet.)
Think about BARACK OBAMA.
In your opinion, does the phrase
'he PROVIDES STRONG LEADERSHIP'
describe Barack Obama EXTREMELY WELL, QUITE WELL, NOT TOO WELL,
or NOT WELL AT ALL?
/
(Looking at page 6;7 of the booklet.)
(What about)
'PROVIDES STRONG LEADERSHIP'?
(Does this phrase describe Barack Obama EXTREMELY WELL, QUITE
WELL, NOT TOO WELL, or NOT WELL AT ALL?)]","1. Extremely well
2. Quite well
3. Not too well
4. Not well at all","-1. INAP, R selected for VERSION K
-8. Don't know
-9. Refused"
V083099c,K1a3. [VERSION J] Pres Dem cand trait really cares,"[(Looking at page 6;7 of the booklet.)
Think about BARACK OBAMA.
In your opinion, does the phrase
'he REALLY CARES ABOUT PEOPLE LIKE YOU'
describe Barack Obama EXTREMELY WELL, QUITE WELL, NOT TOO WELL,
or NOT WELL AT ALL?
/
(Looking at page 6;7 of the booklet.)
(What about)
'REALLY CARES ABOUT PEOPLE LIKE YOU'?
(Does this phrase describe Barack Obama EXTREMELY WELL, QUITE
WELL, NOT TOO WELL, or NOT WELL AT ALL?)]","1. Extremely well
2. Quite well
3. Not too well
4. Not well at all","-1. INAP, R selected for VERSION K
-8. Don't know
-9. Refused"
V083099d,K1a4. [VERSION J] Pres Dem cand trait knowledgeable,"[(Looking at page 6;7 of the booklet.)
Think about BARACK OBAMA.
In your opinion, does the phrase
'he is KNOWLEDGEABLE'
describe Barack Obama EXTREMELY WELL, QUITE WELL, NOT TOO WELL,
or NOT WELL AT ALL?
/
(Looking at page 6;7 of the booklet.)
(What about)
'KNOWLEDGEABLE'?
(Does this phrase describe Barack Obama EXTREMELY WELL, QUITE
WELL, NOT TOO WELL, or NOT WELL AT ALL?)]","1. Extremely well
2. Quite well
3. Not too well
4. Not well at all","-1. INAP, R selected for VERSION K
-8. Don't know
-9. Refused"
V083099e,K1a5. [VERSION J] Pres Dem cand trait intelligent,"[(Looking at page 6;7 of the booklet.)
Think about BARACK OBAMA.
In your opinion, does the phrase
'he is INTELLIGENT'
describe Barack Obama EXTREMELY WELL, QUITE WELL, NOT TOO WELL,
or NOT WELL AT ALL?
/
(Looking at page 6;7 of the booklet.)
(What about)
'INTELLIGENT'?
(Does this phrase describe Barack Obama EXTREMELY WELL, QUITE
WELL, NOT TOO WELL, or NOT WELL AT ALL?)]","1. Extremely well
2. Quite well
3. Not too well
4. Not well at all","-1. INAP, R selected for VERSION K
-8. Don't know
-9. Refused"
V083099f,K1a6. [VERSION J] Pres Dem cand trait honest,"[(Looking at page 6;7 of the booklet.)
Think about BARACK OBAMA.
In your opinion, does the phrase
'he is HONEST'
describe Barack Obama EXTREMELY WELL, QUITE WELL, NOT TOO WELL,
or NOT WELL AT ALL?
/
(Looking at page 6;7 of the booklet.)
(What about)
'HONEST'?
(Does this phrase describe Barack Obama EXTREMELY WELL, QUITE
WELL, NOT TOO WELL, or NOT WELL AT ALL?)]","1. Extremely well
2. Quite well
3. Not too well
4. Not well at all","-1. INAP, R selected for VERSION K
-8. Don't know
-9. Refused"
V083099g,K1a7. [VERSION J] Pres Dem cand trait optimistic,"[(Looking at page 6;7 of the booklet.)
Think about BARACK OBAMA.
In your opinion, does the phrase
'he is OPTIMISTIC'
describe Barack Obama EXTREMELY WELL, QUITE WELL, NOT TOO WELL,
or NOT WELL AT ALL?
/
(Looking at page 6;7 of the booklet.)
(What about)
'OPTIMISTIC'?
(Does this phrase describe Barack Obama EXTREMELY WELL, QUITE
WELL, NOT TOO WELL, or NOT WELL AT ALL?)]","1. Extremely well
2. Quite well
3. Not too well
4. Not well at all","-1. INAP, R selected for VERSION K
-8. Don't know
-9. Refused"
V083100a,K1b1. [VERSION K] Pres Dem cand trait moral,"[Think about BARACK OBAMA.
In your opinion, does the phrase
'he is MORAL'
describe Barack Obama EXTREMELY WELL, VERY WELL, MODERATELY WELL,
SLIGHTLY WELL, or NOT WELL AT ALL?
/
(What about)
'MORAL'?
(Does this phrase describe Barack Obama EXTREMELY WELL, VERY WELL,
MODERATELY WELL, SLIGHTLY WELL, or NOT WELL AT ALL?)]","1. Extremely well
2. Very well
3. Moderately well
4. Slightly well
5. Not well at all","-1. INAP, R selected for VERSION J
-8. Don't know
-9. Refused"
V083100b,K1b2. [VERSION K] Pres Dem cand trait strong leadership,"[Think about BARACK OBAMA.
In your opinion, does the phrase
'he PROVIDES STRONG LEADERSHIP'
describe Barack Obama EXTREMELY WELL, VERY WELL, MODERATELY WELL,
SLIGHTLY WELL, or NOT WELL AT ALL?
/
(What about)
'PROVIDES STRONG LEADERSHIP'?
(Does this phrase describe Barack Obama EXTREMELY WELL, VERY WELL,
MODERATELY WELL, SLIGHTLY WELL, or NOT WELL AT ALL?)]","1. Extremely well
2. Very well
3. Moderately well
4. Slightly well
5. Not well at all","-1. INAP, R selected for VERSION J
-8. Don't know
-9. Refused"
V083100c,K1b3. [VERSION K] Pres Dem cand trait really cares,"[Think about BARACK OBAMA.
In your opinion, does the phrase
'he REALLY CARES ABOUT PEOPLE LIKE YOU'
describe Barack Obama EXTREMELY WELL, VERY WELL, MODERATELY WELL,
SLIGHTLY WELL, or NOT WELL AT ALL?
/
(What about)
'REALLY CARES ABOUT PEOPLE LIKE YOU'?
(Does this phrase describe Barack Obama EXTREMELY WELL, VERY WELL,
MODERATELY WELL, SLIGHTLY WELL, or NOT WELL AT ALL?)]","1. Extremely well
2. Very well
3. Moderately well
4. Slightly well
5. Not well at all","-1. INAP, R selected for VERSION J
-8. Don't know
-9. Refused"
V083100d,K1b4. [VERSION K] Pres Dem cand trait knowledgeable,"[Think about BARACK OBAMA.
In your opinion, does the phrase
'he is KNOWLEDGEABLE'
describe Barack Obama EXTREMELY WELL, VERY WELL, MODERATELY WELL,
SLIGHTLY WELL, or NOT WELL AT ALL?
/
(What about)
'KNOWLEDGEABLE'?
(Does this phrase describe Barack Obama EXTREMELY WELL, VERY WELL,
MODERATELY WELL, SLIGHTLY WELL, or NOT WELL AT ALL?)]","1. Extremely well
2. Very well
3. Moderately well
4. Slightly well
5. Not well at all","-1. INAP, R selected for VERSION J
-8. Don't know
-9. Refused"
V083100e,K1b5. [VERSION K] Pres Dem cand trait intelligent,"[Think about BARACK OBAMA.
In your opinion, does the phrase
'he is INTELLIGENT'
describe Barack Obama EXTREMELY WELL, VERY WELL, MODERATELY WELL,
SLIGHTLY WELL, or NOT WELL AT ALL?
/
(What about)
'INTELLIGENT'?
(Does this phrase describe Barack Obama EXTREMELY WELL, VERY WELL,
MODERATELY WELL, SLIGHTLY WELL, or NOT WELL AT ALL?)]","1. Extremely well
2. Very well
3. Moderately well
4. Slightly well
5. Not well at all","-1. INAP, R selected for VERSION J
-8. Don't know
-9. Refused"
V083100f,K1b6. [VERSION K] Pres Dem cand trait honest,"[Think about BARACK OBAMA.
In your opinion, does the phrase
'he is HONEST'
describe Barack Obama EXTREMELY WELL, VERY WELL, MODERATELY WELL,
SLIGHTLY WELL, or NOT WELL AT ALL?
/
(What about)
'HONEST'?
(Does this phrase describe Barack Obama EXTREMELY WELL, VERY WELL,
MODERATELY WELL, SLIGHTLY WELL, or NOT WELL AT ALL?)]","1. Extremely well
2. Very well
3. Moderately well
4. Slightly well
5. Not well at all","-1. INAP, R selected for VERSION J
-8. Don't know
-9. Refused"
V083100g,K1b7. [VERSION K] Pres Dem cand trait optimistic,"[Think about BARACK OBAMA.
In your opinion, does the phrase
'he is OPTIMISTIC'
describe Barack Obama EXTREMELY WELL, VERY WELL, MODERATELY WELL,
SLIGHTLY WELL, or NOT WELL AT ALL?
/
(What about)
'OPTIMISTIC'?
(Does this phrase describe Barack Obama EXTREMELY WELL, VERY WELL,
MODERATELY WELL, SLIGHTLY WELL, or NOT WELL AT ALL?)]","1. Extremely well
2. Very well
3. Moderately well
4. Slightly well
5. Not well at all","-1. INAP, R selected for VERSION J
-8. Don't know
-9. Refused"
V083101a,K2a1. [VERSION J] Pres Rep cand trait moral,"[(Looking at page 6;7 of the booklet.)
Think about JOHN MCCAIN.
In your opinion, does the phrase
'he is MORAL'
describe John McCain EXTREMELY WELL, QUITE WELL, NOT TOO WELL,
or NOT WELL AT ALL?
/
(Looking at page 6;7 of the booklet.)
(What about)
'MORAL'?
(Does this phrase describe John McCain EXTREMELY WELL, QUITE
WELL, NOT TOO WELL, or NOT WELL AT ALL?)]","1. Extremely well
2. Quite well
3. Not too well
4. Not well at all","-1. INAP, R selected for VERSION K
-8. Don't know
-9. Refused"
V083101b,K2a2. [VERSION J] Pres Rep cand trait strong leadership,"[(Looking at page 6;7 of the booklet.)
Think about JOHN MCCAIN.
In your opinion, does the phrase
'he PROVIDES STRONG LEADERSHIP'
describe John McCain EXTREMELY WELL, QUITE WELL, NOT TOO WELL,
or NOT WELL AT ALL?
/
(Looking at page 6;7 of the booklet.)
(What about)
'PROVIDES STRONG LEADERSHIP'?
(Does this phrase describe John McCain EXTREMELY WELL, QUITE
WELL, NOT TOO WELL, or NOT WELL AT ALL?)]","1. Extremely well
2. Quite well
3. Not too well
4. Not well at all","-1. INAP, R selected for VERSION K
-8. Don't know
-9. Refused"
V083101c,K2a3. [VERSION J] Pres Rep cand trait really cares,"[(Looking at page 6;7 of the booklet.)
Think about JOHN MCCAIN.
In your opinion, does the phrase
'he REALLY CARES ABOUT PEOPLE LIKE YOU'
describe John McCain EXTREMELY WELL, QUITE WELL, NOT TOO WELL,
or NOT WELL AT ALL?
/
(Looking at page 6;7 of the booklet.)
(What about)
'REALLY CARES ABOUT PEOPLE LIKE YOU'?
(Does this phrase describe John McCain EXTREMELY WELL, QUITE
WELL, NOT TOO WELL, or NOT WELL AT ALL?)]","1. Extremely well
2. Quite well
3. Not too well
4. Not well at all","-1. INAP, R selected for VERSION K
-8. Don't know
-9. Refused"
V083101d,K2a4. [VERSION J] Pres Rep cand trait knowledgeable,"[(Looking at page 6;7 of the booklet.)
Think about JOHN MCCAIN.
In your opinion, does the phrase
'he is KNOWLEDGEABLE'
describe John McCain EXTREMELY WELL, QUITE WELL, NOT TOO WELL,
or NOT WELL AT ALL?
/
(Looking at page 6;7 of the booklet.)
(What about)
'KNOWLEDGEABLE'?
(Does this phrase describe John McCain EXTREMELY WELL, QUITE
WELL, NOT TOO WELL, or NOT WELL AT ALL?)]","1. Extremely well
2. Quite well
3. Not too well
4. Not well at all","-1. INAP, R selected for VERSION K
-8. Don't know
-9. Refused"
V083101e,K2a5. [VERSION J] Pres Rep cand trait intelligent,"[(Looking at page 6;7 of the booklet.)
Think about JOHN MCCAIN.
In your opinion, does the phrase
'he is INTELLIGENT'
describe John McCain EXTREMELY WELL, QUITE WELL, NOT TOO WELL,
or NOT WELL AT ALL?
/
(Looking at page 6;7 of the booklet.)
(What about)
'INTELLIGENT'?
(Does this phrase describe John McCain EXTREMELY WELL, QUITE
WELL, NOT TOO WELL, or NOT WELL AT ALL?)]","1. Extremely well
2. Quite well
3. Not too well
4. Not well at all","-1. INAP, R selected for VERSION K
-8. Don't know
-9. Refused"
V083101f,K2a6. [VERSION J] Pres Rep cand trait honest,"[(Looking at page 6;7 of the booklet.)
Think about JOHN MCCAIN.
In your opinion, does the phrase
'he is HONEST'
describe John McCain EXTREMELY WELL, QUITE WELL, NOT TOO WELL,
or NOT WELL AT ALL?
/
(Looking at page 6;7 of the booklet.)
(What about)
'HONEST'?
(Does this phrase describe John McCain EXTREMELY WELL, QUITE
WELL, NOT TOO WELL, or NOT WELL AT ALL?)]","1. Extremely well
2. Quite well
3. Not too well
4. Not well at all","-1. INAP, R selected for VERSION K
-8. Don't know
-9. Refused"
V083101g,K2a7. [VERSION J] Pres Rep cand trait optimistic,"[(Looking at page 6;7 of the booklet.)
Think about JOHN MCCAIN.
In your opinion, does the phrase
'he is OPTIMISTIC'
describe John McCain EXTREMELY WELL, QUITE WELL, NOT TOO WELL,
or NOT WELL AT ALL?
/
(Looking at page 6;7 of the booklet.)
(What about)
'OPTIMISTIC'?
(Does this phrase describe John McCain EXTREMELY WELL, QUITE
WELL, NOT TOO WELL, or NOT WELL AT ALL?)]","1. Extremely well
2. Quite well
3. Not too well
4. Not well at all","-1. INAP, R selected for VERSION K
-8. Don't know
-9. Refused"
V083102a,K2b1. [VERSION K] Pres Rep cand trait moral,"[Think about JOHN MCCAIN.
In your opinion, does the phrase
'he is MORAL'
describe John McCain EXTREMELY WELL, VERY WELL, MODERATELY WELL,
SLIGHTLY WELL, or NOT WELL AT ALL?
/
(What about)
'MORAL'?
(Does this phrase describe John McCain EXTREMELY WELL, VERY WELL,
MODERATELY WELL, SLIGHTLY WELL, or NOT WELL AT ALL?)]","1. Extremely well
2. Very well
3. Moderately well
4. Slightly well
5. Not well at all","-1. INAP, R selected for VERSION J
-8. Don't know
-9. Refused"
V083102b,K2b2. [VERSION K] Pres Rep cand trait strong leadership,"[Think about JOHN MCCAIN.
In your opinion, does the phrase
'he PROVIDES STRONG LEADERSHIP'
describe John McCain EXTREMELY WELL, VERY WELL, MODERATELY WELL,
SLIGHTLY WELL, or NOT WELL AT ALL?
/
(What about)
'PROVIDES STRONG LEADERSHIP'?
(Does this phrase describe John McCain EXTREMELY WELL, VERY WELL,
MODERATELY WELL, SLIGHTLY WELL, or NOT WELL AT ALL?)]","1. Extremely well
2. Very well
3. Moderately well
4. Slightly well
5. Not well at all","-1. INAP, R selected for VERSION J
-8. Don't know
-9. Refused"
V083102c,K2b3. [VERSION K] Pres Rep cand trait really cares,"[Think about JOHN MCCAIN.
In your opinion, does the phrase
'he REALLY CARES ABOUT PEOPLE LIKE YOU'
describe John McCain EXTREMELY WELL, VERY WELL, MODERATELY WELL,
SLIGHTLY WELL, or NOT WELL AT ALL?
/
(What about)
'REALLY CARES ABOUT PEOPLE LIKE YOU'?
(Does this phrase describe John McCain EXTREMELY WELL, VERY WELL,
MODERATELY WELL, SLIGHTLY WELL, or NOT WELL AT ALL?)]","1. Extremely well
2. Very well
3. Moderately well
4. Slightly well
5. Not well at all","-1. INAP, R selected for VERSION J
-8. Don't know
-9. Refused"
V083102d,K2b4. [VERSION K] Pres Rep cand trait knowledgeable,"[Think about JOHN MCCAIN.
In your opinion, does the phrase
'he is KNOWLEDGEABLE'
describe John McCain EXTREMELY WELL, VERY WELL, MODERATELY WELL,
SLIGHTLY WELL, or NOT WELL AT ALL?
/
(What about)
'KNOWLEDGEABLE'?
(Does this phrase describe John McCain EXTREMELY WELL, VERY WELL,
MODERATELY WELL, SLIGHTLY WELL, or NOT WELL AT ALL?)]","1. Extremely well
2. Very well
3. Moderately well
4. Slightly well
5. Not well at all","-1. INAP, R selected for VERSION J
-8. Don't know
-9. Refused"
V083102e,K2b5. [VERSION K] Pres Rep cand trait intelligent,"[Think about JOHN MCCAIN.
In your opinion, does the phrase
'he is INTELLIGENT'
describe John McCain EXTREMELY WELL, VERY WELL, MODERATELY WELL,
SLIGHTLY WELL, or NOT WELL AT ALL?
/
(What about)
'INTELLIGENT'?
(Does this phrase describe John McCain EXTREMELY WELL, VERY WELL,
MODERATELY WELL, SLIGHTLY WELL, or NOT WELL AT ALL?)]","1. Extremely well
2. Very well
3. Moderately well
4. Slightly well
5. Not well at all","-1. INAP, R selected for VERSION J
-8. Don't know
-9. Refused"
V083102f,K2b6. [VERSION K] Pres Rep cand trait honest,"[Think about JOHN MCCAIN.
In your opinion, does the phrase
'he is HONEST'
describe John McCain EXTREMELY WELL, VERY WELL, MODERATELY WELL,
SLIGHTLY WELL, or NOT WELL AT ALL?
/
(What about)
'HONEST'?
(Does this phrase describe John McCain EXTREMELY WELL, VERY WELL,
MODERATELY WELL, SLIGHTLY WELL, or NOT WELL AT ALL?)]","1. Extremely well
2. Very well
3. Moderately well
4. Slightly well
5. Not well at all","-1. INAP, R selected for VERSION J
-8. Don't know
-9. Refused"
V083102g,K2b7. [VERSION K] Pres Rep cand trait optimistic,"[Think about JOHN MCCAIN.
In your opinion, does the phrase
'he is OPTIMISTIC'
describe John McCain EXTREMELY WELL, VERY WELL, MODERATELY WELL,
SLIGHTLY WELL, or NOT WELL AT ALL?
/
(What about)
'OPTIMISTIC'?
(Does this phrase describe John McCain EXTREMELY WELL, VERY WELL,
MODERATELY WELL, SLIGHTLY WELL, or NOT WELL AT ALL?)]","1. Extremely well
2. Very well
3. Moderately well
4. Slightly well
5. Not well at all","-1. INAP, R selected for VERSION J
-8. Don't know
-9. Refused"
V083103,M1a. Was Iraq war worth the cost,"Taking everything into account, do you think the war in Iraq
has been WORTH THE COST or NOT?","1. Worth it
5. Not worth it","-8. Don't know
-9. Refused"
V083104,M2. Iraq war increased or decreased threat of terrorism,"As a result of the United States military action in Iraq, do
you think the threat of terrorism against the United States has
INCREASED, DECREASED, or stayed ABOUT THE SAME?","1. Increased
3. Decreased
5. Stayed about the same","-8. Don't know
-9. Refused"
V083105,N1a. [OLD] Spending and Services - 7-point scale self,"Where would you place YOURSELF on this scale, or haven't you thought
much about this?","1. Govt should provide many fewer services
7. Govt should provide many more services","-1. INAP, R selected for VERSION NEW
-7. Haven't thought much about this
-8. Don't know
-9. Refused"
V083106,N1b. [OLD] Importance of spending-services issue to R,"How important is this issue to you personally? NOT IMPORTANT
AT ALL, NOT TOO important, SOMEWHAT important, VERY important,
or EXTREMELY important?","1. Not important at all
2. Not too important
3. Somewhat important
4. Very important
5. Extremely important","-1. INAP, R selected for VERSION NEW
-8. Don't know
-9. Refused"
V083107a,N1c1. [OLD] Spending and Services: Dem Pres cand,"(Still looking at page 8 of the booklet)
Where would you place BARACK OBAMA on this issue?","1. Govt should provide many fewer services
7. Govt should provide many more services","-1. INAP, R selected for VERSION NEW
-8. Don't know
-9. Refused"
V083107b,N1c2. [OLD] Spending and Services: Rep Pres cand,"(Still looking at page 8 of the booklet)
Where would you place JOHN MCCAIN on this issue?","1. Govt should provide many fewer services
7. Govt should provide many more services","-1. INAP, R selected for VERSION NEW
-8. Don't know
-9. Refused"
V083108,N1d. [NEW] Spending and Services - self,"Do you think the government should provide MORE services than
it does now, FEWER services than it does now, or ABOUT THE
SAME NUMBER of services as it does now?","1. More services
3. Fewer services
5. About the same services","-1. INAP, R selected for VERSION OLD
-8. Don't know
-9. Refused"
V083108a,N1d1. [NEW] Amount more/less spending and Services - self,"Do you think that the government should provide A LOT more
services, SOMEWHAT more services, or SLIGHTLY more services
than it does now? /
Do you think that the government should provide A LOT fewer
services, SOMEWHAT fewer services, or SLIGHTLY fewer services
than it does now?","1. A lot
3. Somewhat
5. Slightly","-1. INAP,
-8. Don't know
-9. Refused"
V083108x,N1d1x. [NEW] SUMMARY: R position on services-spending,"SUMMARY: R POSITION-
GOVERNMENT SERVICES (BRANCHING) [NEW]","1. A lot more
2. Somewhat more
3. Slightly more
4. About the same
5. Slightly fewer
6. Somewhat fewer
7. A lot fewer","-1. INAP, R selected for VERSION OLD
-8. Don't know (in N1d or N1d1)
-9. Refused (in N1d or N1d1)"
V083109,N1e. [NEW] Importance of spending-services issue to R,"How important is this issue to you personally?
(NOT IMPORTANT AT ALL, SLIGHTLY IMPORTANT, MODERATELY IMPORTANT,
VERY IMPORTANT, or EXTREMELY IMPORTANT?)","1. Not important at all
2. Slightly important
3. Moderately important
4. Very important
5. Extremely important","-1. INAP, R selected for VERSION OLD
-8. Don't know
-9. Refused"
V083110,N1f1. [NEW] Spending and Services: Dem Pres cand,"What about BARACK OBAMA?
(Does Barack Obama think the government should provide MORE
services than it does now, FEWER services than it does now, or
ABOUT THE SAME NUMBER of services as it does now?)","1. More services
3. Fewer services
5. About the same services","-1. INAP, R selected for VERSION OLD
-8. Don't know
-9. Refused"
V083110a,N1f1a. [NEW] Amt more/less spending-services: Dem Pres cand,"Does he think that the government should provide A LOT more
services, SOMEWHAT more services, or SLIGHTLY more services
than it does now? /
Does he think that the government should provide A LOT fewer
services, SOMEWHATfewer services, or SLIGHTLY fewer services
than it does now?","1. A lot
3. Somewhat
5. Slightly","-1. INAP,
-8. Don't know
-9. Refused"
V083110x,N1f1ax. [NEW] SUMMARY: Dem Pres cand position on serv-spend,"SUMMARY: DEMOCRATIC PRESIDENTIAL CAND POSITION-
GOVT SERVICES (BRANCHING) [NEW]","1. A lot more
2. Somewhat more
3. Slightly more
4. About the same
5. Slightly fewer
6. Somewhat fewer
7. A lot fewer","-1. INAP, R selected for VERSION OLD
-8. Don't know (in N1f1 or N1f1a)
-9. Refused (in N1f1 or N1f1a)"
V083111,N1f2. [NEW] Spending and Services: Rep Pres cand,"What about JOHN MCCAIN?
(Does John McCain think the government should provide MORE
services than it does now, FEWER services than it does now, or
ABOUT THE SAME NUMBER of services as it does now?)","1. More services
3. Fewer services
5. About the same services","-1. INAP, R selected for VERSION OLD
-8. Don't know
-9. Refused"
V083111a,N1f2a. [NEW] Amt more/less spending-services: Rep Pres cand,"Does he think that the government should provide A LOT more
services, SOMEWHAT more services, or SLIGHTLY more services
than it does now? /
Does he think that the government should provide A LOT fewer
services, SOMEWHATfewer services, or SLIGHTLY fewer services
than it does now?","1. A lot
3. Somewhat
5. Slightly","-1. INAP,
-8. Don't know
-9. Refused"
V083111x,N1f2ax. [NEW] SUMMARY: Rep Pres cand position on serv-spend,"SUMMARY: REPUBLICAN PRESIDENTIAL CAND POSITION-
GOVT SERVICES (BRANCHING) [NEW]","1. A lot more
2. Somewhat more
3. Slightly more
4. About the same
5. Slightly fewer
6. Somewhat fewer
7. A lot fewer","-1. INAP, R selected for VERSION OLD
-8. Don't know (in N1f2 or N1f2a)
-9. Refused (in N1f2 or N1f2a)"
V083112,N2a. [OLD] Defense spending - 7-point scale self,"Where would you place YOURSELF on this scale, or haven't you
thought much about this?","1. Govt should decrease defense spending
7. Govt should increase defense spending","-1. INAP, R selected for VERSION NEW
-7. Haven't thought much about this
-8. Don't know
-9. Refused"
V083113,N2b. [OLD] Importance of defense spending issue to R,"How important is this issue to you personally? NOT IMPORTANT
AT ALL, NOT TOO important, SOMEWHAT important, VERY important,
or EXTREMELY important?","1. Not important at all
2. Not too important
3. Somewhat important
4. Very important
5. Extremely important","-1. INAP, R selected for VERSION NEW
-8. Don't know
-9. Refused"
V083114a,N2c1. [OLD] Defense spending scale: Dem Pres cand,"(Still looking at Page 9)
Where would you place BARACK OBAMA on this issue?","1. Govt should decrease defense spending
7. Govt should increase defense spending","-1. INAP, R selected for VERSION NEW
-8. Don't know
-9. Refused"
V083114b,N2c2.[OLD]  Defense spending scale: Rep Pres cand,"(Still looking at Page 9)
Where would you place JOHN MCCAIN on this issue?","1. Govt should decrease defense spending
7. Govt should increase defense spending","-1. INAP, R selected for VERSION NEW
-8. Don't know
-9. Refused"
V083115,N2d. [NEW] Defense spending - self,"Do you think that the government should spend MORE on national
defense, LESS on national defense, or ABOUT THE SAME on
national defense as it does now?","1. More
3. Less
5. About the same","-1. INAP, R selected for VERSION OLD
-8. Don't know
-9. Refused"
V083115a,N2d1. [NEW] Amount more/less defense spending - self,"Do you think that the government should spend A LOT more,
SOMEWHAT more, or SLIGHTLY more than it does now? /
Do you think that the government should spend A LOT less,
SOMEWHAT less, or SLIGHTLY less than it does now?","1. A lot
3. Somewhat
5. Slightly","-1. INAP,
-8. Don't know
-9. Refused"
V083115x,N2d1x. [NEW] SUMMARY: R position on def spend,"SUMMARY: R POSITION-
DEFENSE SPENDING (BRANCHING) [NEW]","1. A lot more
2. Somewhat more
3. Slightly more
4. About the same
5. Slightly less
6. Somewhat less
7. A lot less","-1. INAP, R selected for VERSION OLD
-8. Don't know (in N2d or N2d1)
-9. Refused (in N2d or N2d1)"
V083116,N2e. [NEW] Importance of defense spend issue to R,"How important is this issue to you personally?  (NOT IMPORTANT
AT ALL, SLIGHTLY IMPORTANT, MODERATELY IMPORTANT, VERY IMPORTANT,
or EXTREMELY IMPORTANT?)","1. Not important at all
2. Slightly important
3. Moderately important
4. Very important
5. Extremely important","-1. INAP, R selected for VERSION OLD
-8. Don't know
-9. Refused"
V083117,N2f1. [NEW] Defense spending: Dem Pres cand,"What about BARACK OBAMA?
(Does Barack Obama think the government should spend MORE
on national defense, LESS on national defense, or ABOUT THE
SAME on national defense?)","1. More
3. Less
5. About the same","-1. INAP, R selected for VERSION OLD
-8. Don't know
-9. Refused"
V083117a,N2f1a. [NEW] Amt more/less defense spend: Dem Pres cand,"Does he think that the government should spend A LOT more,
SOMEWHAT more, or SLIGHTLY more than it does now? /
Does he think that the government should spend A LOT less,
SOMEWHAT less, or SLIGHTLY less than it does now?","1. A lot
3. Somewhat
5. Slightly","-1. INAP,
-8. Don't know
-9. Refused"
V083117x,N2f1ax. [NEW] SUMMARY: Dem Pres cand position on def spend,"SUMMARY: DEMOCRATIC PRESIDENTIAL CAND POSITION-
DEFENSE SPENDING (BRANCHING) [NEW]","1. A lot more
2. Somewhat more
3. Slightly more
4. About the same
5. Slightly less
6. Somewhat less
7. A lot less","-1. INAP, R selected for VERSION OLD
-8. Don't know (in N2f1 or N2f1a)
-9. Refused (in N2f1 or N2f1a)"
V083118,N2f2. [NEW] Defense spending: Rep Pres cand,"What about JOHN MCCAIN?
(Does John McCain think the government should spend MORE
on national defense, LESS on national defense, or ABOUT THE
SAME on national defense?)","1. More
3. Less
5. About the same","-1. INAP, R selected for VERSION OLD
-8. Don't know
-9. Refused"
V083118a,N2f2a. [NEW] Amt more/less defense spend: Rep Pres cand,"Does he think that the government should spend A LOT more,
SOMEWHAT more, or SLIGHTLY more than it does now? /
Does he think that the government should spend A LOT less,
SOMEWHAT less, or SLIGHTLY less than it does now?","1. A lot
3. Somewhat
5. Slightly","-1. INAP,
-8. Don't know
-9. Refused"
V083118x,N2f2ax. [NEW] SUMMARY: Rep Pres cand position on def spend,"SUMMARY: REPUBLICAN PRESIDENTIAL CAND POSITION-
DEFENSE SPENDING (BRANCHING) [NEW]","1. A lot more
2. Somewhat more
3. Slightly more
4. About the same
5. Slightly less
6. Somewhat less
7. A lot less","-1. INAP, R selected for VERSION OLD
-8. Don't know (in N2f2 or N2f2a)
-9. Refused (in N2f2 or N2f2a)"
V083119,N3a. [OLD] Govt/private medical insur scale: self-placement,"Where would you place YOURSELF on this scale, or haven�t you
thought much about this?","1. Govt insurance plan
7. Private insurance plan","-1. INAP, R selected for VERSION NEW
-7. Haven't thought much about it
-8. Don't know
-9. Refused"
V083120,N3b. [OLD] Importance of govt insurance issue to R,"How important is this issue to you personally? NOT IMPORTANT
AT ALL, NOT TOO IMPORTANT, SOMEWHAT IMPORTANT, VERY IMPORTANT,
OR EXTREMELY IMPORTANT?","1. Not important at all
2. Not too important
3. Somewhat important
4. Very important
5. Extremely important","-1. INAP, R selected for VERSION NEW
-8. Don't know
-9. Refused"
V083121a,N3c1. [OLD] Insurance scale: Dem Pres cand,"(Still looking at Page 10)
Where would you place BARACK OBAMA on this issue?","1. Govt insurance plan
7. Private insurance plan","-1. INAP, R selected for VERSION NEW
-8. Don't know
-9. Refused"
V083121b,N3c2. [OLD] Insurance scale: Rep Pres cand,"(Still looking at Page 10)
Where would you place JOHN MCCAIN on this issue?","1. Govt insurance plan
7. Private insurance plan","-1. INAP, R selected for VERSION NEW
-8. Don't know
-9. Refused"
V083122,N3d. [NEW] Favor/opp prescription drug coverage for seniors,"Do you FAVOR, OPPOSE, or NEITHER FAVOR NOR OPPOSE the U.S.
government paying for all of the cost of prescription drugs for
senior citizens who are living on very little income?","1. Favor
2. Oppose
3. Neither favor nor oppose","-1. INAP, R selected for VERSION OLD
-8. Don't know
-9. Refused"
V083122a,N3d1. [NEW] How much favor/opp prescr drug cover for seniors,"Do you favor that A GREAT DEAL, MODERATELY, or A LITTLE? /
Do you oppose that A GREAT DEAL, MODERATELY, or A LITTLE?","1. A great deal
2. Moderately
3. A little","-1. INAP,
-8. Don't know
-9. Refused"
V083122x,N3d1x. [NEW] SUMMARY: R position on senior prescr drug cover,"SUMMARY: R POSITION-
SENIOR PRESCRIPTION DRUG COVERAGE (BRANCHING) [NEW]","1. Favor a great deal
2. Favor moderately
3. Favor a little
4. Neither favor nor oppose
5. Oppose a little
6. Oppose moderately
7. Oppose a great deal","-1. INAP, R selected for VERSION OLD
-8. Don't know (in N3d or N3d1)
-9. Refused (in N3d or N3d1)"
V083123,N3e. [NEW] Importance of prescript drug coverage for seniors,"How important is this issue to you personally?  (NOT IMPORTANT
AT ALL, SLIGHTLY IMPORTANT, MODERATELY IMPORTANT, VERY IMPORTANT,
or EXTREMELY IMPORTANT?)","1. Not important at all
2. Slightly important
3. Moderately important
4. Very important
5. Extremely important","-1. INAP, R selected for VERSION OLD
-8. Don't know
-9. Refused"
V083124,N3f. [NEW] Favor/oppose universal health coverage,"Do you FAVOR, OPPOSE, or NEITHER FAVOR NOR OPPOSE the U.S.
government paying for all necessary medical care for all
Americans?","1. Favor
2. Oppose
3. Neither favor nor oppose","-1. INAP, R selected for VERSION OLD
-8. Don't know
-9. Refused"
V083124a,N3f1. [NEW] How much favor/oppose universal health coverage,"Do you favor that A GREAT DEAL, MODERATELY, or A LITTLE? /
Do you oppose that A GREAT DEAL, MODERATELY, or A LITTLE?","1. A great deal
2. Moderately
3. A little","-1. INAP,
-8. Don't know
-9. Refused"
V083124x,N3f1x. [NEW] SUMMARY: R position on universal health care,"SUMMARY: R POSITION-
UNIVERSAL HEALTH CARE (BRANCHING) [NEW]","1. Favor a great deal
2. Favor moderately
3. Favor a little
4. Neither favor nor oppose
5. Oppose a little
6. Oppose moderately
7. Oppose a great deal","-1. INAP, R selected for VERSION OLD
-8. Don't know (in N3f or N3f1)
-9. Refused (in N3f or N3f1)"
V083125,N3g. [NEW] Importance of universal health coverage,"How important is this issue to you personally?  (NOT IMPORTANT
AT ALL, SLIGHTLY IMPORTANT, MODERATELY IMPORTANT, VERY IMPORTANT,
or EXTREMELY IMPORTANT?)","1. Not important at all
2. Slightly important
3. Moderately important
4. Very important
5. Extremely important","-1. INAP, R selected for VERSION OLD
-8. Don't know
-9. Refused"
V083126,N3h1. [NEW] Dem pres cand favor/opp universal health cover,"What about BARACK OBAMA?
(Does Barack Obama FAVOR, OPPOSE, or NEITHER FAVOR NOR OPPOSE
the U.S. government paying for all necessary medical care for
all Americans?)","1. Favor
2. Oppose
3. Neither favor nor oppose","-1. INAP, R selected for VERSION OLD
-8. Don't know
-9. Refused"
V083126a,N3h1a. [NEW] How mch Dem Pres cand fav/opp univ health cover,"Does he favor that A GREAT DEAL, MODERATELY, or A LITTLE? /
Does he oppose that A GREAT DEAL, MODERATELY, or A LITTLE?","1. A great deal
2. Moderately
3. A little","-1. INAP,
-8. Don't know
-9. Refused"
V083126x,N3h1ax. [NEW] SUMMARY: Dem Pres cand posn on univ healthcare,"SUMMARY: DEMOCRATIC PRESIDENTIAL CAND POSITION-
UNIVERSAL HEALTH CARE (BRANCHING) [NEW]","1. Favor a great deal
2. Favor moderately
3. Favor a little
4. Neither favor nor oppose
5. Oppose a little
6. Oppose moderately
7. Oppose a great deal","-1. INAP, R selected for VERSION OLD
-8. Don't know (in N3h1 or N3h1a)
-9. Refused (in N3h1 or N3h1a)"
V083127,N3h2. NEW] Rep pres cand favor/opp universal health cover,"What about JOHN MCCAIN?
(Does John McCain FAVOR, OPPOSE, or NEITHER FAVOR NOR OPPOSE
the U.S. government paying for all necessary medical care for
all Americans?)","1. Favor
2. Oppose
3. Neither favor nor oppose","-1. INAP, R selected for VERSION OLD
-8. Don't know
-9. Refused"
V083127a,N3h2a. [NEW] How mch Rep Pres cand fav/opp univ health cover,"Does he favor that A GREAT DEAL, MODERATELY, or A LITTLE? /
Does he oppose that A GREAT DEAL, MODERATELY, or A LITTLE?","1. A great deal
2. Moderately
3. A little","-1. INAP,
-8. Don't know
-9. Refused"
V083127x,N3h2ax. [NEW] SUMMARY: Rep Pres cand posn on univ healthcare,"SUMMARY: REPUBLICAN PRESIDENTIAL CAND POSITION-
UNIVERSAL HEALTH CARE (BRANCHING) [NEW]","1. Favor a great deal
2. Favor moderately
3. Favor a little
4. Neither favor nor oppose
5. Oppose a little
6. Oppose moderately
7. Oppose a great deal","-1. INAP, R selected for VERSION OLD
-8. Don't know (in N3h2 or N3h2a)
-9. Refused (in N3h2 or N3h2a)"
V083128,N4a. [OLD] Guaranteed job-income scale: self-placement,"Where would you place YOURSELF on this scale, or haven�t you
thought much about this?","1. Govt should see to jobs and standard of living
7. Govt should let each person get ahead on own","-1. INAP, R selected for VERSION NEW
-7. Haven't thought much about this
-8. Don't know
-9. Refused"
V083129,N4b. [OLD] Importance of guaranteed job-income issue to,"How important is this issue to you personally?  NOT IMPORTANT
AT ALL, NOT TOO IMPORTANT, SOMEWHAT IMPORTANT, VERY IMPORTANT,
OR EXTREMELY IMPORTANT?","1. Not important at all
2. Not too important
3. Somewhat important
4. Very important
5. Extremely important","-1. INAP, R selected for VERSION NEW
-8. Don't know
-9. Refused"
V083130a,N4c1. [OLD] Guar job scale: Dem Pres cand,"(Still looking at Page 11)
Where would you place BARACK OBAMA on this issue?","1. Govt should see to jobs and standard of living
7. Govt should let each person get ahead on own","-1. INAP, R selected for VERSION NEW
-8. Don't know
-9. Refused"
V083130b,N4c2. [OLD] Guar job scale: Rep Pres cand,"(Still looking at Page 11)
Where would you place JOHN MCCAIN on this issue?","1. Govt should see to jobs and standard of living
7. Govt should let each person get ahead on own","-1. INAP, R selected for VERSION NEW
-8. Don't know
-9. Refused"
V083131,N4d. [NEW] Favor/oppose illegal immigrant work period,"Citizens of other countries who have come to live in the
United States without the permission of the U.S. government are
called ""illegal immigrants.""
Do you FAVOR, OPPOSE, or NEITHER FAVOR NOR OPPOSE allowing
illegal immigrants to work in the United States for up to
three years, after which they would have to go back to
their home country?","1. Favor
2. Oppose
3. Neither favor nor oppose","-1. INAP, R selected for VERSION OLD
-8. Don't know
-9. Refused"
V083131a,N4d1. [NEW] How much favor/opp illegal immigrant work period,"Do you favor that A GREAT DEAL, MODERATELY, or A LITTLE? /
Do you oppose that A GREAT DEAL, MODERATELY, or A LITTLE?","1. A great deal
2. Moderately
3. A little","-1. INAP,
-8. Don't know
-9. Refused"
V083131x,N4d1x. [NEW] SUMMARY: R on illegal immigr work period,"SUMMARY: R POSITION-
ILLEGAL IMMIGRANT WORK PERIOD (BRANCHING) [NEW]","1. Favor a great deal
2. Favor moderately
3. Favor a little
4. Neither favor nor oppose
5. Oppose a little
6. Oppose moderately
7. Oppose a great deal","-1. INAP, R selected for VERSION OLD
-8. Don't know (in N4d or N4d1)
-9. Refused (in N4d or N4d1)"
V083132,N4e. [NEW] Importance of illegal immigrant work period,"How important is this issue to you personally?  (NOT IMPORTANT
AT ALL, SLIGHTLY IMPORTANT, MODERATELY IMPORTANT, VERY IMPORTANT,
or EXTREMELY IMPORTANT?)","1. Not important at all
2. Slightly important
3. Moderately important
4. Very important
5. Extremely important","-1. INAP, R selected for VERSION OLD
-8. Don't know
-9. Refused"
V083133,N4f. [NEW] Favor/opp citizenshp process for illeg immigrants,"Do you FAVOR, OPPOSE, or NEITHER FAVOR NOR OPPOSE the U.S.
government making it possible for illegal immigrants to
become U.S. citizens?","1. Favor
2. Oppose
3. Neither favor nor oppose","-1. INAP, R selected for VERSION OLD
-8. Don't know
-9. Refused"
V083133a,N4f1. [NEW] How much favor/oppose citizenship illegals,"Do you favor that A GREAT DEAL, MODERATELY, or A LITTLE? /
Do you oppose that A GREAT DEAL, MODERATELY, or A LITTLE?","1. A great deal
2. Moderately
3. A little","-1. INAP,
-8. Don't know
-9. Refused"
V083133x,N4f1x. [NEW] SUMMARY: R on illegal immigr citizenshp process,"SUMMARY: R POSITION-
ILLEGAL IMMIGRANT CITIZENSHIP PROCESS (BRANCHING) [NEW]","1. Favor a great deal
2. Favor moderately
3. Favor a little
4. Neither favor nor oppose
5. Oppose a little
6. Oppose moderately
7. Oppose a great deal","-1. INAP, R selected for VERSION OLD
-8. Don't know (in N4f or N4f1)
-9. Refused (in N4ff or N4f1)"
V083134,N4g. [NEW] Importance of citizenship illegals issue,"How important is this issue to you personally?  (NOT IMPORTANT
AT ALL, SLIGHTLY IMPORTANT, MODERATELY IMPORTANT, VERY IMPORTANT,
or EXTREMELY IMPORTANT?)","1. Not important at all
2. Slightly important
3. Moderately important
4. Very important
5. Extremely important","-1. INAP, R selected for VERSION OLD
-8. Don't know
-9. Refused"
V083135,N4h1. [NEW] Dem Pres cand favor/oppose citizenship illegals,"What about BARACK OBAMA?
(Does Barack Obama FAVOR, OPPOSE, or NEITHER FAVOR NOR OPPOSE
the U.S. government making it possible for illegal immigrants
to become U.S. citizens?","1. Favor
2. Oppose
3. Neither favor nor oppose","-1. INAP, R selected for VERSION OLD
-8. Don't know
-9. Refused"
V083135a,N4h1a. [NEW] How mch Dem Pres cand fav/opp citznshp illegals,"Does he favor that A GREAT DEAL, MODERATELY, or A LITTLE? /
Does he oppose that A GREAT DEAL, MODERATELY, or A LITTLE?","1. A great deal
2. Moderately
3. A little","-1. INAP,
-8. Don't know
-9. Refused"
V083135x,N4h1ax. [NEW] SUMMARY: Dem Pres cand on illeg immgr citznshp,"SUMMARY: DEMOCRATIC PRESIDENTIAL CAND POSITION-
ILLEGAL IMMIGRANT CITIZENSHIP PROCESS (BRANCHING) [NEW]","1. Favor a great deal
2. Favor moderately
3. Favor a little
4. Neither favor nor oppose
5. Oppose a little
6. Oppose moderately
7. Oppose a great deal","-1. INAP, R selected for VERSION OLD
-8. Don't know (in N4h1 or N4h1a)
-9. Refused (in N4h1 or N4h1a)"
V083136,N4h2. [NEW] Rep pres cand favor/oppose citizenship illegals,"What about JOHN MCCAIN?
(Does John McCain FAVOR, OPPOSE, or NEITHER FAVOR NOR OPPOSE
the U.S. government making it possible for illegal immigrants
to become U.S. citizens?","1. Favor
2. Oppose
3. Neither favor nor oppose","-1. INAP, R selected for VERSION OLD
-8. Don't know
-9. Refused"
V083136a,N4h2a. [NEW] How mch Rep Pres cand fav/opp citznshp illegals,"Does he favor that A GREAT DEAL, MODERATELY, or A LITTLE? /
Does he oppose that A GREAT DEAL, MODERATELY, or A LITTLE?","1. A great deal
2. Moderately
3. A little","-1. INAP,
-8. Don't know
-9. Refused"
V083136x,N4h2ax. [NEW] SUMMARY: Rep Pres cand on illeg immgr citznshp,"SUMMARY: REPUBLICAN PRESIDENTIAL CAND POSITION-
ILLEGAL IMMIGRANT CITIZENSHIP PROCESS (BRANCHING) [NEW]","1. Favor a great deal
2. Favor moderately
3. Favor a little
4. Neither favor nor oppose
5. Oppose a little
6. Oppose moderately
7. Oppose a great deal","-1. INAP, R selected for VERSION OLD
-8. Don't know (in N4h2 or N4h2a)
-9. Refused (in N4h2 or N4h2a)"
V083137,N5a. Govt assistance to blacks scale: self-placement,"(Still looking at page 12 of the booklet.)
Where would you place YOURSELF on this scale, or haven't you
thought much about this?","1. Govt should help blacks
7. Blacks should help themselves","-7. Haven't thought much about this
-8. Don't know
-9. Refused"
V083138a,N5b1. [OLD] Importance of aid to blacks issue to R,"How important is this issue to you personally?  (NOT IMPORTANT
AT ALL, NOT TOO IMPORTANT, SOMEWHAT IMPORTANT, VERY IMPORTANT,
or EXTREMELY IMPORTANT?)","1. Not important at all
2. Not too important
3. Somewhat important
4. Very important
5. Extremely important","-1. INAP, R selected for VERSION NEW
-8. Don't know
-9. Refused"
V083138b,N5b2. [NEW] Importance of aid to blacks issue to R,"How important is this issue to you personally?  (NOT IMPORTANT
AT ALL, SLIGHTLY IMPORTANT, MODERATELY IMPORTANT, VERY IMPORTANT,
or EXTREMELY IMPORTANT?)","1. Not important at all
2. Slightly important
3. Moderately important
4. Very important
5. Extremely important","-1. INAP, R selected for VERSION OLD
-8. Don't know
-9. Refused"
V083139a,N5c1. Aid to blacks Placement: Dem Pres cand,"(Still looking at page 12 of the booklet.)
Where would you place BARACK OBAMA on this issue?","1. Govt should help blacks
7. Blacks should help themselves","-8. Don't know
-9. Refused"
V083139b,N5c2. Aid to blacks Placement: Rep Pres cand,"(Still looking at page 12 of the booklet.)
Where would you place JOHN MCCAIN on this issue?","1. Govt should help blacks
7. Blacks should help themselves","-8. Don't know
-9. Refused"
V083140,P1a. Federal Budget Spending: building-repairing highways,"BUILDING AND REPAIRING HIGHWAYS
If you had a say in making up the federal budget this year,
should federal spending on building and repairing highways
be INCREASED, DECREASED, or kept ABOUT THE SAME?","1. Increased
3. Decreased
5. Kept about the same
7. Cut out entirely {VOL}","-8. Don't know
-9. Refused"
V083140a,P1a1. How much increase or decrease spending on highways,"Should it be increased A GREAT DEAL, A MODERATE AMOUNT, or A LITTLE? /
Should it be decreased A GREAT DEAL, A MODERATE AMOUNT, or A LITTLE?","1. A great deal
2. A moderate amount
3. A little","-1. INAP,
-8. Don't know
-9. Refused"
V083140x,P1a1x. SUMMARY: increase or decrease spending on highways,"SUMMARY: INCREASE OR DECREASE SPENDING-
HIGHWAYS","1. Increased a great deal
2. Increased a moderate amount
3. Increased a little
4. Kept about the same
5. Decreased a little
6. Decreased a moderate amount
7. Decreased a great deal
8. Cut out entirely [VOL]","-8. Don't know
-9. Refused"
V083141,P1b. Federal Budget Spending: Social Security,"(What about)
SOCIAL SECURITY
(Should federal spending on Social Security be INCREASED,
DECREASED, or kept ABOUT THE SAME?)","1. Increased
3. Decreased
5. Kept about the same
7. Cut out entirely {VOL}","-8. Don't know
-9. Refused"
V083141a,P1b1. How much increase or decrease spend on Soc Security,"Should it be increased A GREAT DEAL, A MODERATE AMOUNT, or A LITTLE? /
Should it be decreased A GREAT DEAL, A MODERATE AMOUNT, or A LITTLE?","1. A great deal
2. A moderate amount
3. A little","-1. INAP,
-8. Don't know
-9. Refused"
V083141x,P1b1x. SUMMARY: increase or decrease spend on Soc Security,"SUMMARY: INCREASE OR DECREASE SPENDING-
SOCIAL SECURITY","1. Increased a great deal
2. Increased a moderate amount
3. Increased a little
4. Kept about the same
5. Decreased a little
6. Decreased a moderate amount
7. Decreased a great deal
8. Cut out entirely [VOL]","-8. Don't know
-9. Refused"
V083142,P1c. Federal Budget Spending: public schools,"(What about)
PUBLIC SCHOOLS
(Should federal spending on public schools be INCREASED,
DECREASED, or kept ABOUT THE SAME?)","1. Increased
3. Decreased
5. Kept about the same
7. Cut out entirely {VOL}","-8. Don't know
-9. Refused"
V083142a,P1c1. How much increase or decrease spend on public schools,"Should it be increased A GREAT DEAL, A MODERATE AMOUNT, or A LITTLE? /
Should it be decreased A GREAT DEAL, A MODERATE AMOUNT, or A LITTLE?","1. A great deal
2. A moderate amount
3. A little","-1. INAP,
-8. Don't know
-9. Refused"
V083142x,P1c1x. SUMMARY: increase or decrease spend on public schools,"SUMMARY: INCREASE OR DECREASE SPENDING-
PUBLIC SCHOOLS","1. Increased a great deal
2. Increased a moderate amount
3. Increased a little
4. Kept about the same
5. Decreased a little
6. Decreased a moderate amount
7. Decreased a great deal
8. Cut out entirely [VOL]","-8. Don't know
-9. Refused"
V083143,P1d. Federal Budget Spending: science and technology,"(What about)
SCIENCE AND TECHNOLOGY
(Should federal spending on science and technology be INCREASED,
DECREASED, or kept ABOUT THE SAME?)","1. Increased
3. Decreased
5. Kept about the same
7. Cut out entirely {VOL}","-8. Don't know
-9. Refused"
V083143a,P1d1. How much increase/decrease spend on science and techn,"Should it be increased A GREAT DEAL, A MODERATE AMOUNT, or A LITTLE? /
Should it be decreased A GREAT DEAL, A MODERATE AMOUNT, or A LITTLE?","1. A great deal
2. A moderate amount
3. A little","-1. INAP,
-8. Don't know
-9. Refused"
V083143x,P1d1x. SUMMARY: increase/decrease spend on science and techn,"SUMMARY: INCREASE OR DECREASE SPENDING-
SCIENCE AND TECHNOLOGY","1. Increased a great deal
2. Increased a moderate amount
3. Increased a little
4. Kept about the same
5. Decreased a little
6. Decreased a moderate amount
7. Decreased a great deal
8. Cut out entirely [VOL]","-8. Don't know
-9. Refused"
V083144,P1e. Federal Budget Spending: dealing with crime,"(What about)
DEALING WITH CRIME
(Should federal spending on dealing with crime be INCREASED,
DECREASED, or kept ABOUT THE SAME?)","1. Increased
3. Decreased
5. Kept about the same
7. Cut out entirely {VOL}","-8. Don't know
-9. Refused"
V083144a,P1e1. How much increase or decrease spending on crime,"Should it be increased A GREAT DEAL, A MODERATE AMOUNT, or A LITTLE? /
Should it be decreased A GREAT DEAL, A MODERATE AMOUNT, or A LITTLE?","1. A great deal
2. A moderate amount
3. A little","-1. INAP,
-8. Don't know
-9. Refused"
V083144x,P1e1x. SUMMARY: increase or decrease spending on crime,"SUMMARY: INCREASE OR DECREASE SPENDING-
CRIME","1. Increased a great deal
2. Increased a moderate amount
3. Increased a little
4. Kept about the same
5. Decreased a little
6. Decreased a moderate amount
7. Decreased a great deal
8. Cut out entirely [VOL]","-8. Don't know
-9. Refused"
V083145,P1f. Federal Budget Spending: welfare programs,"(What about)
WELFARE PROGRAMS
(Should federal spending on welfare programs be INCREASED,
DECREASED, or kept ABOUT THE SAME?)","1. Increased
3. Decreased
5. Kept about the same
7. Cut out entirely {VOL}","-8. Don't know
-9. Refused"
V083145a,P1f1. How much increase or decrease spending on welfare,"Should it be increased A GREAT DEAL, A MODERATE AMOUNT, or A LITTLE? /
Should it be decreased A GREAT DEAL, A MODERATE AMOUNT, or A LITTLE?","1. A great deal
2. A moderate amount
3. A little","-1. INAP,
-8. Don't know
-9. Refused"
V083145x,P1f1x. SUMMARY: increase or decrease spending on welfare,"SUMMARY: INCREASE OR DECREASE SPENDING-
WELFARE","1. Increased a great deal
2. Increased a moderate amount
3. Increased a little
4. Kept about the same
5. Decreased a little
6. Decreased a moderate amount
7. Decreased a great deal
8. Cut out entirely [VOL]","-8. Don't know
-9. Refused"
V083146,P1g. Federal Budget Spending: child care,"(What about)
CHILD CARE
(Should federal spending on child care be INCREASED,
DECREASED, or kept ABOUT THE SAME?)","1. Increased
3. Decreased
5. Kept about the same
7. Cut out entirely {VOL}","-8. Don't know
-9. Refused"
V083146a,P1g1. How much increase or decrease spending on child care,"Should it be increased A GREAT DEAL, A MODERATE AMOUNT, or A LITTLE? /
Should it be decreased A GREAT DEAL, A MODERATE AMOUNT, or A LITTLE?","1. A great deal
2. A moderate amount
3. A little","-1. INAP,
-8. Don't know
-9. Refused"
V083146x,P1g1x. SUMMARY: increase or decrease spending on child care,"SUMMARY: INCREASE OR DECREASE SPENDING-
CHILD CARE","1. Increased a great deal
2. Increased a moderate amount
3. Increased a little
4. Kept about the same
5. Decreased a little
6. Decreased a moderate amount
7. Decreased a great deal
8. Cut out entirely [VOL]","-8. Don't know
-9. Refused"
V083147,P1h. Federal Budget Spending: foreign aid,"(What about)
FOREIGN AID
(Should federal spending on foreign aid be INCREASED,
DECREASED, or kept ABOUT THE SAME?)","1. Increased
3. Decreased
5. Kept about the same
7. Cut out entirely {VOL}","-8. Don't know
-9. Refused"
V083147a,P1h1. How much increase or decrease spending on foreign aid,"Should it be increased A GREAT DEAL, A MODERATE AMOUNT, or A LITTLE? /
Should it be decreased A GREAT DEAL, A MODERATE AMOUNT, or A LITTLE?","1. A great deal
2. A moderate amount
3. A little","-1. INAP,
-8. Don't know
-9. Refused"
V083147x,P1h1x. SUMMARY: increase or decrease spending on foreign aid,"SUMMARY: INCREASE OR DECREASE SPENDING-
FOREIGN AID","1. Increased a great deal
2. Increased a moderate amount
3. Increased a little
4. Kept about the same
5. Decreased a little
6. Decreased a moderate amount
7. Decreased a great deal
8. Cut out entirely [VOL]","-8. Don't know
-9. Refused"
V083148,P1j. Federal Budget Spending: aid to the poor,"(What about)
AID TO THE POOR
(Should federal spending on aid to the poor be INCREASED,
DECREASED, or kept ABOUT THE SAME?)","1. Increased
3. Decreased
5. Kept about the same
7. Cut out entirely {VOL}","-8. Don't know
-9. Refused"
V083148a,P1j1. How much increase or decrease spending on aid to poor,"Should it be increased A GREAT DEAL, A MODERATE AMOUNT, or A LITTLE? /
Should it be decreased A GREAT DEAL, A MODERATE AMOUNT, or A LITTLE?","1. A great deal
2. A moderate amount
3. A little","-1. INAP,
-8. Don't know
-9. Refused"
V083148x,P1j1x. SUMMARY: increase or decrease spending on aid to poor,"SUMMARY: INCREASE OR DECREASE SPENDING-
AID TO THE POOR","1. Increased a great deal
2. Increased a moderate amount
3. Increased a little
4. Kept about the same
5. Decreased a little
6. Decreased a moderate amount
7. Decreased a great deal
8. Cut out entirely [VOL]","-8. Don't know
-9. Refused"
V083149,P1k. Federal Budget Spending: border security,"(What about)
TIGHTENING BORDER SECURITY TO PREVENT ILLEGAL IMMIGRATION
(Should federal spending on tightening border security to
prevent illigal immigration be INCREASED, DECREASED, or kept
ABOUT THE SAME?)","1. Increased
3. Decreased
5. Kept about the same
7. Cut out entirely {VOL}","-8. Don't know
-9. Refused"
V083149a,P1k1. How much increase or decrease spending on border,"Should it be increased A GREAT DEAL, A MODERATE AMOUNT, or A LITTLE? /
Should it be decreased A GREAT DEAL, A MODERATE AMOUNT, or A LITTLE?","1. A great deal
2. A moderate amount
3. A little","-1. INAP,
-8. Don't know
-9. Refused"
V083149x,P1k1x. SUMMARY: increase or decrease spending on border,"SUMMARY: INCREASE OR DECREASE SPENDING-
TIGHTENING BORDER SECURITY","1. Increased a great deal
2. Increased a moderate amount
3. Increased a little
4. Kept about the same
5. Decreased a little
6. Decreased a moderate amount
7. Decreased a great deal
8. Cut out entirely [VOL]","-8. Don't know
-9. Refused"
V083150,P1m. Federal Budget Spending: war on terrorism,"(What about)
THE WAR ON TERRORISM
(Should federal spending on the war on terrorism be INCREASED,
DECREASED, or kept ABOUT THE SAME?)","1. Increased
3. Decreased
5. Kept about the same
7. Cut out entirely {VOL}","-8. Don't know
-9. Refused"
V083150a,P1m1. How much increase/decrease spendg on war on terrorism,"Should it be increased A GREAT DEAL, A MODERATE AMOUNT, or A LITTLE? /
Should it be decreased A GREAT DEAL, A MODERATE AMOUNT, or A LITTLE?","1. A great deal
2. A moderate amount
3. A little","-1. INAP,
-8. Don't know
-9. Refused"
V083150x,P1m1x. SUMMARY: increase/decrease spendg on war on terrorism,"SUMMARY: INCREASE OR DECREASE SPENDING-
WAR ON TERRORISM","1. Increased a great deal
2. Increased a moderate amount
3. Increased a little
4. Kept about the same
5. Decreased a little
6. Decreased a moderate amount
7. Decreased a great deal
8. Cut out entirely [VOL]","-8. Don't know
-9. Refused"
V083151,P1n. Federal Budget Spending: protecting the environment,"(What about)
PROTECTING THE ENVIRONMENT
(Should federal spending on protecting the environment
be INCREASED, DECREASED, or kept ABOUT THE SAME?)","1. Increased
3. Decreased
5. Kept about the same
7. Cut out entirely {VOL}","-8. Don't know
-9. Refused"
V083151a,P1n1. How much increase or decrease spending on environment,"Should it be increased A GREAT DEAL, A MODERATE AMOUNT, or A LITTLE? /
Should it be decreased A GREAT DEAL, A MODERATE AMOUNT, or A LITTLE?","1. A great deal
2. A moderate amount
3. A little","-1. INAP,
-8. Don't know
-9. Refused"
V083151x,P1n1x. SUMMARY: increase or decrease spending on environment,"SUMMARY: INCREASE OR DECREASE SPENDING-
PROTECTING THE ENVIRONMENT","1. Increased a great deal
2. Increased a moderate amount
3. Increased a little
4. Kept about the same
5. Decreased a little
6. Decreased a moderate amount
7. Decreased a great deal
8. Cut out entirely [VOL]","-8. Don't know
-9. Refused"
V083152,P2. Statement best agrees with R about graduated tax,"Please look at page 13 of the Respondent Booklet.
Which one of the following opinions best agrees with your view?
You can just tell me the number of the opinion you choose.
One:
People who make more money should pay a LARGER PERCENT of
their income in taxes to the government than people who make
less money.
Two:
people who make more money should pay a SMALLER PERCENT of
their income in taxes to the government than people who make
less money.
Three:
the amount of money people make SHOULD NOT DETERMINE what
percent of their income they pay in taxes.","1. Larger percent
2. Smaller percent
3. Income should not determine tax rate","-8. Don't know
-9. Refused"
V083153,P3. Big companies pay larger or smaller perc of profits,"Do you think that big companies should pay a LARGER percent
of their profits in taxes than small businesses do, that big
companies should pay a SMALLER percent of their profits in
taxes than small businesses do, or that big companies and small
businesses should pay the SAME percent of their profits in taxes?","1. Larger
2. Smaller
3. The same","-8. Don't know
-9. Refused"
V083154,P4a. [OLD]Environment vs. jobs tradeoff scale - self-place,"Where would you place YOURSELF on this scale, or haven't you
thought much about this?","1. Protect environment, even if it costs jobs & standard of living
7. Jobs & standard of living more important than environment","-1. INAP, R selected for VERSION NEW
-7. Haven't thought much about this
-8. Don't know
-9. Refused"
V083155,P4b. [OLD] Importance of environment/jobs issue to R,"How important is this issue to you personally?  NOT IMPORTANT
AT ALL, NOT TOO important, SOMEWHAT important, VERY important,
or EXTREMELY important?","1. Not important at all
2. Not too important
3. Somewhat important
4. Very important
5. Extremely important","-1. INAP, R selected for VERSION NEW
-8. Don't know
-9. Refused"
V083156a,P4c1. [OLD] Protect Environment/Jobs: Dem Pres cand,"(Still looking at page 14 of the booklet)
Where would you place BARACK OBAMA (on this issue)?","1. Protect environment, even if it costs jobs & standard of living
7. Jobs & standard of living more important than environment","-1. INAP, R selected for VERSION NEW
-8. Don't know
-9. Refused"
V083156b,P4c2. [OLD] Protect Environment/Jobs: Rep Pres cand,"(Still looking at page 14 of the booklet)
Where would you place JOHN MCCAIN (on this issue)?","1. Protect environment, even if it costs jobs & standard of living
7. Jobs & standard of living more important than environment","-1. INAP, R selected for VERSION NEW
-8. Don't know
-9. Refused"
V083157,P4d. [NEW] Favor/oppose lower emission stds,"Next, we�d like to ask whether you favor, oppose, or neither
favor nor oppose a series of ways that the federal government
might try to reduce future global warming.
Power plants put gases into the air that could cause global
warming.
Do you FAVOR, OPPOSE, or NEITHER FAVOR NOR OPPOSE the federal
government lowering the amount of these gases that power
plants are allowed to put into the air?","1. Favor
2. Oppose
3. Neither favor nor oppose","-1. INAP, R selected for VERSION OLD
-8. Don't know
-9. Refused"
V083157a,P4d1. [NEW] How much favor/oppose lower emission stds,"Do you favor that A GREAT DEAL, MODERATELY, or A LITTLE? /
Do you oppose that A GREAT DEAL, MODERATELY, or A LITTLE? /","1. A great deal
2. Moderately
3. A little","-1. INAP,
-8. Don't know
-9. Refused"
V083157x,P4d1x. [NEW] SUMMARY: favor/oppose lower emission stds,"SUMMARY: R POSITION-
LOWER EMISSION STANDARDS (BRANCHING) [NEW]","1. Favor a great deal
2. Favor moderately
3. Favor a little
4. Neither favor nor oppose
5. Oppose a little
6. Oppose moderately
7. Oppose a great deal","-1. INAP, R selected for VERSION OLD
-8. Don't know
-9. Refused"
V083158,P4e. [NEW] Importance of emission std issue,"How important is this issue to you personally?  (NOT IMPORTANT
AT ALL, SLIGHTLY IMPORTANT, MODERATELY IMPORTANT, VERY IMPORTANT,
or EXTREMELY IMPORTANT?)","1. Not important at all
2. Slightly important
3. Moderately important
4. Very important
5. Extremely important","-1. INAP, R selected for VERSION OLD
-8. Don't know
-9. Refused"
V083159,P4f1. [NEW] Favor/oppose lower emission stds: Dem Pres cand,"What about BARACK OBAMA?
(Does Barack Obama FAVOR, OPPOSE, or NEITHER FAVOR NOR OPPOSE
the federal government lowering the amount of these gases
that power plants are allowed to put into the air?","1. Favor
2. Oppose
3. Neither favor nor oppose","-1. INAP, R selected for VERSION OLD
-8. Don't know
-9. Refused"
V083159a,P4f1a. [NEW] How much Dem Pres cand fav/opp lower emissions,"Does he favor that A GREAT DEAL, MODERATELY, or A LITTLE? /
Does he oppose that A GREAT DEAL, MODERATELY, or A LITTLE? /","1. A great deal
2. Moderately
3. A little","-1. INAP,
-8. Don't know
-9. Refused"
V083159x,P4f1ax. [NEW] SUMMARY: Dem Pres cand fav/opp lower emissions,"SUMMARY: DEMOCRATIC PRESIDENTIAL CAND POSITION-
LOWER EMISSION STANDARDS (BRANCHING) [NEW]","1. Favor a great deal
2. Favor moderately
3. Favor a little
4. Neither favor nor oppose
5. Oppose a little
6. Oppose moderately
7. Oppose a great deal","-1. INAP, R selected for VERSION OLD
-8. Don't know
-9. Refused"
V083160,P4f2. [NEW] Favor/oppose lower emission stds: Rep Pres cand,"What about JOHN MCCAIN?
(Does John McCain FAVOR, OPPOSE, or NEITHER FAVOR NOR OPPOSE
the federal government lowering the amount of these gases
that power plants are allowed to put into the air?","1. Favor
2. Oppose
3. Neither favor nor oppose","-1. INAP, R selected for VERSION OLD
-8. Don't know
-9. Refused"
V083160a,P4f2a. [NEW] How much Rep Pres cand fav/opp lower emissions,"Does he favor that A GREAT DEAL, MODERATELY, or A LITTLE? /
Does he oppose that A GREAT DEAL, MODERATELY, or A LITTLE? /","1. A great deal
2. Moderately
3. A little","-1. INAP,
-8. Don't know
-9. Refused"
V083160x,P4f2ax. [NEW] SUMMARY: Rep Pres cand fav/opp lower emissions,"SUMMARY: REPUBLICAN PRESIDENTIAL CAND POSITION-
LOWER EMISSION STANDARDS (BRANCHING) [NEW]","1. Favor a great deal
2. Favor moderately
3. Favor a little
4. Neither favor nor oppose
5. Oppose a little
6. Oppose moderately
7. Oppose a great deal","-1. INAP, R selected for VERSION OLD
-8. Don't know
-9. Refused"
V083161,P4g. [NEW] Favor/oppose higher fuel standards,"Do you FAVOR, OPPOSE, or NEITHER FAVOR NOR OPPOSE the federal
government requiring automakers to build cars that use less
gasoline?","1. Favor
2. Oppose
3. Neither favor nor oppose","-1. INAP, R selected for VERSION OLD
-8. Don't know
-9. Refused"
V083161a,P4g1. [NEW] How much favor/oppose higher fuel std,"Do you favor that A GREAT DEAL, MODERATELY, or A LITTLE? /
Do you oppose that A GREAT DEAL, MODERATELY, or A LITTLE? /","1. A great deal
2. Moderately
3. A little","-1. INAP,
-8. Don't know
-9. Refused"
V083161x,P4g1x. [NEW] SUMMARY: favor/oppose higher fuel std,"SUMMARY: R POSITION-
HIGHER FUEL STANDARD FOR CARS (BRANCHING) [NEW]","1. Favor a great deal
2. Favor moderately
3. Favor a little
4. Neither favor nor oppose
5. Oppose a little
6. Oppose moderately
7. Oppose a great deal","-1. INAP, R selected for VERSION OLD
-8. Don't know
-9. Refused"
V083162,P4h. [NEW] Favor/oppose higher gas taxes,"Do you favor, oppose, or neither favor nor oppose increasing
taxes on gasoline so people either drive less or buy cars
that use less gas?","1. Favor
2. Oppose
3. Neither favor nor oppose","-1. INAP,
-8. Don't know
-9. Refused"
V083162a,P4h1. [NEW] How much favor/oppose higher gas taxes,"Do you favor that A GREAT DEAL, MODERATELY, or A LITTLE? /
Do you oppose that A GREAT DEAL, MODERATELY, or A LITTLE? /","1. A great deal
2. Moderately
3. A little","-1. INAP, R selected for VERSION OLD
-8. Don't know
-9. Refused"
V083162x,P4h1x. [NEW] SUMMARY: favor/oppose higher gas taxes,"SUMMARY: R POSITION-
HIGHER GASOLINE TAXES (BRANCHING) [NEW]","1. Favor a great deal
2. Favor moderately
3. Favor a little
4. Neither favor nor oppose
5. Oppose a little
6. Oppose moderately
7. Oppose a great deal","-1. INAP, R selected for VERSION OLD
-8. Don't know
-9. Refused"
V083163,P5. R favor/oppose death penalty,"(Not looking at the booklet now.)
Do you FAVOR or OPPOSE the death penalty for persons convicted
of murder?","1. Favor
5. Oppose","-8. Don't know
-9. Refused"
V083163a,P5a. Strength R favors/opposes death penalty,"(Do you favor the death penalty for persons convicted of murder)
STRONGLY or NOT STRONGLY? /
(Do you oppose the death penalty for persons convicted of murder)
STRONGLY or NOT STRONGLY?","1. Strongly
5. Not strongly","-1. INAP, -8,-9 in P5
-8. Don't know
-9. Refused"
V083163x,P5ax. SUMMARY: favor/oppose death penalty,"SUMMARY:
FAVOR/OPPOSE DEATH PENALTY","1. Favor strongly
2. Favor not strongly
4. Oppose not strongly
5. Oppose strongly","-8. Don't know (in P5 or P5a)
-9. Refused (in P5 or P5a)"
V083164,P6. Should fed govt make it more difficult to buy a gun,"Do you think the federal government should make it MORE DIFFICULT
for people to buy a gun than it is now, make it EASIER for
people to buy a gun, or keep these rules ABOUT THE SAME as
they are now?","1. More difficult
3. Make it easier
5. Keep these rules about the same","-8. Don't know
-9. Refused"
V083164a,P6a1. [OLD] Importance of gun access issue to R,"How important is this issue to you personally? NOT IMPORTANT
AT ALL, NOT TOO important, SOMEWHAT important, VERY important,
or EXTREMELY important?","1. Not important at all
2. Not too important
3. Somewhat important
4. Very important
5. Extremely important","-1. INAP, R selected for VERSION NEW
-8. Don't know
-9. Refused"
V083164b,P6a2. [NEW] Importance of gun access issue to R [NEW],"How important is this issue to you personally?  (NOT IMPORTANT
AT ALL, SLIGHTLY IMPORTANT, MODERATELY IMPORTANT, VERY IMPORTANT,
or EXTREMELY IMPORTANT?)","1. Not important at all
2. Slightly important
3. Moderately important
4. Very important
5. Extremely important","-1. INAP, R selected for VERSION OLD
-8. Don't know
-9. Refused"
V083165,P6b. Does R have a gun in his or her home or garage,"Do you happen to have in your home or garage any guns or
revolvers?","1. Yes
5. No","-8. Don't know
-9. Refused"
V083166,P7a. [OLD] Womens role self-placement,"Where would you place YOURSELF on this scale, or haven't you
thought much about this?","1. Women and men should have equal roles
7. A woman's place is in the home","-1. INAP, R selected for VERSION NEW
-7. Haven't thought much about this
-8. Don't know
-9. Refused"
V083167,P7b. [OLD] Importance of women's role  to R,"How important is this issue to you personally?  NOT IMPORTANT
AT ALL, NOT TOO important, SOMEWHAT important, VERY important,
or EXTREMELY important?","1. Not important at all
2. Not too important
3. Somewhat important
4. Very important
5. Extremely important","-1. INAP, R selected for VERSION NEW
-8. Don't know
-9. Refused"
V083168a,P7c1. [OLD] Women's role scale: Dem Pres cand,"(Still looking at page 15)
Where would you place BARACK OBAMA
(on this issue)?","1. Women and men should have equal roles
7. A woman's place is in the home","-1. INAP, R selected for VERSION NEW
-8. Don't know
-9. Refused"
V083168b,P7c2. [OLD] Women's role scale: Rep Pres cand,"(Still looking at page 15)
Where would you place JOHN MCCAIN
(on this issue)?","1. Women and men should have equal roles
7. A woman's place is in the home","-1. INAP,R selected for VERSION NEW
-8. Don't know
-9. Refused"
V083169,Q1. Does R think will vote this November,"(Not looking at the booklet now.)
So far as you know now, do you expect to vote in the
national elections this coming November or not? /
So far as you know now, do you expect to vote in the
national elections this coming November or not?","1. Yes
5. No","-8. Don't know
-9. Refused"
V083169a,Q1a. Who does R think will/would vote for President,"Who do you think you will vote for in the election for President? /
If you were going to vote, who do you think you would vote for
in the election for President?","1. Barack Obama
2. John McCain
5. None (if voter, will not vote for president) {VOL}
7. Other (SPECIFY)","-1. INAP, -9 in Q1
-8. Don't know
-9. Refused"
V083169b,Q1a1. Strength of preference for Pres cand R will/would vote,"Would you say that your preference for [Barack Obama / John McCain /
that candidate] is STRONG or NOT STRONG?","1. Strong
5. Not strong","-1. INAP,
-8. Don't know
-9. Refused"
V083170a,Q2a1a. [VERSION R] Black President make R uncomfortable,"Thinking not about Barack Obama but instead thinking about
all of the other black people who could be president in the
future, does the idea of a black person being president make
you feel EXTREMELY UNCOMFORTABLE, VERY UNCOMFORTABLE, MODERATELY
UNCOMFORTABLE, SLIGHTLY UNCOMFORTABLE, or NOT UNCOMFORTABLE
AT ALL?","1. Extremely uncomfortable
2. Very uncomfortable
3. Moderately uncomfortable
4. Slightly uncomfortable
5. Not uncomfortable at all","-1. INAP, R selected for VERSION S
-8. Don't know
-9. Refused"
V083170b,Q2a1b. [VERSION S] Black President make R uncomfortable,"Thinking about all of the black people who could be president in the
future, does the idea of a black person being president make
you feel EXTREMELY UNCOMFORTABLE, VERY UNCOMFORTABLE, MODERATELY
UNCOMFORTABLE, SLIGHTLY UNCOMFORTABLE, or NOT UNCOMFORTABLE
AT ALL?","1. Extremely uncomfortable
2. Very uncomfortable
3. Moderately uncomfortable
4. Slightly uncomfortable
5. Not uncomfortable at all","-1. INAP, R selected for VERSION R
-8. Don't know
-9. Refused"
V083170x,Q2a1x. 2-VERSION SUMMARY:Black President make R uncomfortble,"2-VERSION SUMMARY:
BLACK PRESIDENT MAKE R UNCOMFORTABLE","1. Extremely uncomfortable
2. Very uncomfortable
3. Moderately uncomfortable
4. Slightly uncomfortable
5. Not uncomfortable at all","-8. Don't know
-9. Refused"
V083171a,Q2a2a. [VERSION R] Black President make R pleased,"Thinking not about Barack Obama but instead thinking about
all of the other black people who could be president in the
future, does the idea of a black person being president make
you feel EXTREMELY PLEASED, VERY PLEASED, MODERATELY PLEASED,
SLIGHTLY PLEASED, or NOT PLEASED AT ALL?","1. Extremely Pleased
2. Very Pleased
3. Moderately Pleased
4. Slightly Pleased
5. Not Pleased at all","-1. INAP, R selected for VERSION S
-8. Don't know
-9. Refused"
V083171b,Q2a2b. [VERSION S] Black President make R pleased,"Thinking about all of the black people who could be president in the
future, does the idea of a black person being president make
you feel EXTREMELY PLEASED, VERY PLEASED, MODERATELY PLEASED,
SLIGHTLY PLEASED, or NOT PLEASED AT ALL?","1. Extremely Pleased
2. Very Pleased
3. Moderately Pleased
4. Slightly Pleased
5. Not Pleased at all","-1. INAP, R selected for VERSION R
-8. Don't know
-9. Refused"
V083171x,Q2a2x. 2-VERSION SUMMARY: Black President make R pleased,"2-VERSION SUMMARY:
BLACK PRESIDENT MAKE R PLEASED","1. Extremely Pleased
2. Very Pleased
3. Moderately Pleased
4. Slightly Pleased
5. Not Pleased at all","-8. Don't know
-9. Refused"
V083172,Q3. Hope that US has African-American President,"Generally speaking, do you personally hope that the United States
has an African American president in your lifetime, or not?","1. Yes
5. No","-8. Don't know
-9. Refused"
V083173,Q4. US ready for African-American President,"Do you think America is ready for an African American president,
or not?","1. Yes
5. No","-8. Don't know
-9. Refused"
V083174,R1a. Affect for GW Bush: angry,"[Think about GEORGE W. BUSH
Has George W. Bush -- because of the kind of person he is
or because of something he has done, ever made you
feel:
ANGRY /
Has George W. Bush -- because of the kind of person he is
or because of something he has done, ever made you feel:
ANGRY]","1. Yes
5. No","-8. Don't know
-9. Refused"
V083174a,R1a1. How often GW Bush affect angry,"How often would you say you�ve felt angry -- VERY OFTEN, FAIRLY
OFTEN, OCCASIONALLY, or RARELY?","1. Very often
2. Fairly often
3. Occasionally
4. Rarely","-1. INAP,
-8. Don't know
-9. Refused"
V083175,R1b. Affect for GW Bush: hopeful,"[Think about GEORGE W. BUSH
Has George W. Bush -- because of the kind of person he is
or because of something he has done, ever made you
feel:
HOPEFUL /
Has George W. Bush -- because of the kind of person he is
or because of something he has done, ever made you feel:
HOPEFUL]","1. Yes
5. No","-8. Don't know
-9. Refused"
V083175a,R1b1. How often GW Bush affect hopeful,"How often would you say you�ve felt hopeful -- VERY OFTEN, FAIRLY
OFTEN, OCCASIONALLY, or RARELY?","1. Very often
2. Fairly often
3. Occasionally
4. Rarely","-1. INAP,
-8. Don't know
-9. Refused"
V083176,R1c. Affect for GW Bush: afraid,"[Think about GEORGE W. BUSH
Has George W. Bush -- because of the kind of person he is
or because of something he has done, ever made you
feel:
AFRAID /
Has George W. Bush -- because of the kind of person he is
or because of something he has done, ever made you feel:
AFRAID]","1. Yes
5. No","-8. Don't know
-9. Refused"
V083176a,R1c1. How often GW Bush affect afraid,"How often would you say you�ve felt afraid -- VERY OFTEN, FAIRLY
OFTEN, OCCASIONALLY, or RARELY?","1. Very often
2. Fairly often
3. Occasionally
4. Rarely","-1. INAP,
-8. Don't know
-9. Refused"
V083177,R1d. Affect for GW Bush: proud,"[Think about GEORGE W. BUSH
Has George W. Bush -- because of the kind of person he is
or because of something he has done, ever made you
feel:
PROUD /
Has George W. Bush -- because of the kind of person he is
or because of something he has done, ever made you feel:
PROUD]","1. Yes
5. No","-8. Don't know
-9. Refused"
V083177a,R1d1. How often GW Bush affect proud,"How often would you say you�ve felt proud -- VERY OFTEN, FAIRLY
OFTEN, OCCASIONALLY, or RARELY?","1. Very often
2. Fairly often
3. Occasionally
4. Rarely","-1. INAP,
-8. Don't know
-9. Refused"
V083178a,R2a1. [VERSION J] President trait: moral,"[(Looking at page 6;7 of the booklet.)
Think about GEORGE W. BUSH.
In your opinion, does the phrase
'he is MORAL'
describe George W. Bush EXTREMELY WELL, QUITE WELL, NOT TOO WELL,
or NOT WELL AT ALL?
/
(Looking at page 6;7 of the booklet.)
(What about)
'MORAL'?
(Does this phrase describe George W. Bush EXTREMELY WELL, QUITE
WELL, NOT TOO WELL, or NOT WELL AT ALL?)]","1. Extremely well
2. Quite well
3. Not too well
4. Not well at all","-1. INAP, R selected for VERSION K
-8. Don't know
-9. Refused"
V083178b,R2a2. [VERSION J] President trait: strong leadership,"[(Looking at page 6;7 of the booklet.)
Think about GEORGE W. BUSH.
In your opinion, does the phrase
'he PROVIDES STRONG LEADERSHIP'
describe George W. Bush EXTREMELY WELL, QUITE WELL, NOT TOO WELL,
or NOT WELL AT ALL?
/
(Looking at page 6;7 of the booklet.)
(What about)
'PROVIDES STRONG LEADERSHIP'?
(Does this phrase describe George W. Bush EXTREMELY WELL, QUITE
WELL, NOT TOO WELL, or NOT WELL AT ALL?)]","1. Extremely well
2. Quite well
3. Not too well
4. Not well at all","-1. INAP, R selected for VERSION K
-8. Don't know
-9. Refused"
V083178c,R2a3. [VERSION J] President trait: really cares,"[(Looking at page 6;7 of the booklet.)
Think about GEORGE W. BUSH.
In your opinion, does the phrase
'he REALLY CARES ABOUT PEOPLE LIKE YOU'
describe George W. Bush EXTREMELY WELL, QUITE WELL, NOT TOO WELL,
or NOT WELL AT ALL?
/
(Looking at page 6;7 of the booklet.)
(What about)
'REALLY CARES ABOUT PEOPLE LIKE YOU'?
(Does this phrase describe George W. Bush EXTREMELY WELL, QUITE
WELL, NOT TOO WELL, or NOT WELL AT ALL?)]","1. Extremely well
2. Quite well
3. Not too well
4. Not well at all","-1. INAP, R selected for VERSION K
-8. Don't know
-9. Refused"
V083178d,R2a4. [VERSION J] President trait: knowledgeable,"[(Looking at page 6;7 of the booklet.)
Think about GEORGE W. BUSH.
In your opinion, does the phrase
'he is KNOWLEDGEABLE'
describe George W. Bush EXTREMELY WELL, QUITE WELL, NOT TOO WELL,
or NOT WELL AT ALL?
/
(Looking at page 6;7 of the booklet.)
(What about)
'KNOWLEDGEABLE'?
(Does this phrase describe George W. Bush EXTREMELY WELL, QUITE
WELL, NOT TOO WELL, or NOT WELL AT ALL?)]","1. Extremely well
2. Quite well
3. Not too well
4. Not well at all","-1. INAP, R selected for VERSION K
-8. Don't know
-9. Refused"
V083178e,R2a5. [VERSION J] President trait: intelligent,"[(Looking at page 6;7 of the booklet.)
Think about GEORGE W. BUSH.
In your opinion, does the phrase
'he is INTELLIGENT'
describe George W. Bush EXTREMELY WELL, QUITE WELL, NOT TOO WELL,
or NOT WELL AT ALL?
/
(Looking at page 6;7 of the booklet.)
(What about)
'INTELLIGENT'?
(Does this phrase describe George W. Bush EXTREMELY WELL, QUITE
WELL, NOT TOO WELL, or NOT WELL AT ALL?)]","1. Extremely well
2. Quite well
3. Not too well
4. Not well at all","-1. INAP, R selected for VERSION K
-8. Don't know
-9. Refused"
V083178f,R2a6. [VERSION J] President trait: honest,"[(Looking at page 6;7 of the booklet.)
Think about GEORGE W. BUSH.
In your opinion, does the phrase
'he is HONEST'
describe George W. Bush EXTREMELY WELL, QUITE WELL, NOT TOO WELL,
or NOT WELL AT ALL?
/
(Looking at page 6;7 of the booklet.)
(What about)
'HONEST'?
(Does this phrase describe George W. Bush EXTREMELY WELL, QUITE
WELL, NOT TOO WELL, or NOT WELL AT ALL?)]","1. Extremely well
2. Quite well
3. Not too well
4. Not well at all","-1. INAP, R selected for VERSION K
-8. Don't know
-9. Refused"
V083178g,R2a7. [VERSION J] President trait: optimistic,"[(Looking at page 6;7 of the booklet.)
Think about GEORGE W. BUSH.
In your opinion, does the phrase
'he is OPTIMISTIC'
describe George W. Bush EXTREMELY WELL, QUITE WELL, NOT TOO WELL,
or NOT WELL AT ALL?
/
(Looking at page 6;7 of the booklet.)
(What about)
'OPTIMISTIC'?
(Does this phrase describe George W. Bush EXTREMELY WELL, QUITE
WELL, NOT TOO WELL, or NOT WELL AT ALL?)]","1. Extremely well
2. Quite well
3. Not too well
4. Not well at all","-1. INAP, R selected for VERSION K
-8. Don't know
-9. Refused"
V083179a,R2b1. [VERSION K] President trait: moral,"[Think about GEORGE W. BUSH.
In your opinion, does the phrase
'he is MORAL'
describe George W. Bush EXTREMELY WELL, VERY WELL, MODERATELY
WELL, SLIGHTLY WELL, or NOT WELL AT ALL?
/
(What about)
'MORAL'?
(Does this phrase describe George W. Bush EXTREMELY WELL, VERY
WELL, MODERATELY WELL, SLIGHTLY WELL, or NOT WELL AT ALL?)]","1. Extremely well
2. Very well
3. Moderately well
4. Slightly well
5. Not well at all","-1. INAP, R selected for VERSION J
-8. Don't know
-9. Refused"
V083179b,R2b2. [VERSION K] President trait: strong leadership,"[Think about GEORGE W. BUSH.
In your opinion, does the phrase
'he PROVIDES STRONG LEADERSHIP'
describe George W. Bush EXTREMELY WELL, VERY WELL, MODERATELY
WELL, SLIGHTLY WELL, or NOT WELL AT ALL?
/
(What about)
'PROVIDES STRONG LEADERSHIP'?
(Does this phrase describe George W. Bush EXTREMELY WELL, VERY
WELL, MODERATELY WELL, SLIGHTLY WELL, or NOT WELL AT ALL?)]","1. Extremely well
2. Very well
3. Moderately well
4. Slightly well
5. Not well at all","-1. INAP, R selected for VERSION J
-8. Don't know
-9. Refused"
V083179c,R2b3. [VERSION K] President trait: really cares,"[Think about GEORGE W. BUSH.
In your opinion, does the phrase
'he REALLY CARES ABOUT PEOPLE LIKE YOU'
describe George W. Bush EXTREMELY WELL, VERY WELL, MODERATELY
WELL, SLIGHTLY WELL, or NOT WELL AT ALL?
/
(What about)
'REALLY CARES ABOUT PEOPLE LIKE YOU'?
(Does this phrase describe George W. Bush EXTREMELY WELL, VERY
WELL, MODERATELY WELL, SLIGHTLY WELL, or NOT WELL AT ALL?)]","1. Extremely well
2. Very well
3. Moderately well
4. Slightly well
5. Not well at all","-1. INAP, R selected for VERSION J
-8. Don't know
-9. Refused"
V083179d,R2b4. [VERSION K] President trait: knowledgeable,"[Think about GEORGE W. BUSH.
In your opinion, does the phrase
'he is KNOWLEDGEABLE'
describe George W. Bush EXTREMELY WELL, VERY WELL, MODERATELY
WELL, SLIGHTLY WELL, or NOT WELL AT ALL?
/
(What about)
'KNOWLEDGEABLE'?
(Does this phrase describe George W. Bush EXTREMELY WELL, VERY
WELL, MODERATELY WELL, SLIGHTLY WELL, or NOT WELL AT ALL?)]","1. Extremely well
2. Very well
3. Moderately well
4. Slightly well
5. Not well at all","-1. INAP, R selected for VERSION J
-8. Don't know
-9. Refused"
V083179e,R2b5. [VERSION K] President trait: intelligent,"[Think about GEORGE W. BUSH.
In your opinion, does the phrase
'he is INTELLIGENT'
describe George W. Bush EXTREMELY WELL, VERY WELL, MODERATELY
WELL, SLIGHTLY WELL, or NOT WELL AT ALL?
/
(What about)
'INTELLIGENT'?
(Does this phrase describe George W. Bush EXTREMELY WELL, VERY
WELL, MODERATELY WELL, SLIGHTLY WELL, or NOT WELL AT ALL?)]","1. Extremely well
2. Very well
3. Moderately well
4. Slightly well
5. Not well at all","-1. INAP, R selected for VERSION J
-8. Don't know
-9. Refused"
V083179f,R2b6. [VERSION K] President trait: honest,"[Think about GEORGE W. BUSH.
In your opinion, does the phrase
'he is HONEST'
describe George W. Bush EXTREMELY WELL, VERY WELL, MODERATELY
WELL, SLIGHTLY WELL, or NOT WELL AT ALL?
/
(What about)
'HONEST'?
(Does this phrase describe George W. Bush EXTREMELY WELL, VERY
WELL, MODERATELY WELL, SLIGHTLY WELL, or NOT WELL AT ALL?)]","1. Extremely well
2. Very well
3. Moderately well
4. Slightly well
5. Not well at all","-1. INAP, R selected for VERSION J
-8. Don't know
-9. Refused"
V083179g,R2b7. [VERSION K] President trait: optimistic,"[Think about GEORGE W. BUSH.
In your opinion, does the phrase
'he is OPTIMISTIC'
describe George W. Bush EXTREMELY WELL, VERY WELL, MODERATELY
WELL, SLIGHTLY WELL, or NOT WELL AT ALL?
/
(What about)
'OPTIMISTIC'?
(Does this phrase describe George W. Bush EXTREMELY WELL, VERY
WELL, MODERATELY WELL, SLIGHTLY WELL, or NOT WELL AT ALL?)]","1. Extremely well
2. Very well
3. Moderately well
4. Slightly well
5. Not well at all","-1. INAP, R selected for VERSION J
-8. Don't know
-9. Refused"
V083180,R3. U.S. more or less secure than when Pres took office,"Would you say that compared to 2000, the United States is
more secure from its foreign enemies, less secure, or hasn't
this changed very much?","1. More secure
3. Less secure
5. No change","-8. Don't know
-9. Refused"
V083180a,R3a. How much U.S. more/less secure than when Pres took ofc,"(Would you say) MUCH more secure or SOMEWHAT more secure? /
(Would you say) MUCH less secure or SOMEWHAT less secure?","1. Much
5. Somewhat","-1. INAP,
-8. Don't know
-9. Refused"
V083180x,R3ax. SUMMARY: U.S. more/less secure than when Pres took ofc,"SUMMARY:
U.S. MORE/LESS SECURE THAN WHEN PRESIDENT TOOK OFFICE","1. Much more secure
2. Somewhat more secure
3. No change
4. Somewhat less secure
5. Much less secure","-8. Don't know
-9. Refused"
V083181,W1. Is religion important part of R life,"Now on another topic....
Do you consider religion to be an IMPORTANT part of your life,
or NOT?","1. Important
5. Not important","-8. Don't know
-9. Refused"
V083182,W2. Religion provides some guidance in day-to-day living,"Would you say your religion provides SOME guidance in your
day-to-day living, QUITE A BIT of guidance, or a GREAT DEAL of
guidance in your day-to-day life?","1. Some
3. Quite a bit
5. A great deal","-1. INAP,
-8. Don't know
-9. Refused"
V083183,W3. How often does R pray,"Please look at page 16 of the booklet.
People practice their religion in different ways.  Outside of
attending religious services, do you pray SEVERAL TIMES A DAY,
ONCE A DAY, A FEW TIMES A WEEK, ONCE A WEEK OR LESS, or NEVER?","1. Several times a day
2. Once a day
3. A few times a week
4. Once a week or less
5. Never
7. Other (SPECIFY)","-8. Don't know
-9. Refused"
V083184,W4. Bible is word of God or men,"Please look at page 17 of the booklet.
Which of these statements comes closest to describing your
feelings about the Bible? You can just give me the number of
your choice.
1. The Bible is the actual word of God and is to be taken
   literally, word for word.
2. The Bible is the word of God but not everything in it
   should be taken literally, word for word.
3. The Bible is a book written by men and is not the word
   of God","1. The Bible is the actual word of God and is to be taken literally,
2. The Bible is the word of God but not everything in it should be taken
3. The Bible is a book written by men and is not the word of God.
7. Other (SPECIFY) {VOL}","-8. Don't know
-9. Refused"
V083185x,Xx1. SUMMARY: R religious identification (final),"SUMMARY: R religious identification

IF R ATTENDS RELIGIOUS SERVICES:
Do you mostly attend a place of worship that is PROTESTANT, ROMAN
CATHOLIC, JEWISH, or SOMETHING ELSE?
..........................................................................
IF R DOES NOT ATTEND RELIGIOUS SERVICES:
Regardless of whether you now attend any religious services do
you ever think of yourself as part of a particular church or
denomination?
-IF THINKS OF SELF AS PART OF CHURCH OR DENOMINATION:
  Do you consider yourself PROTESTANT, ROMAN CATHOLIC, JEWISH, or
  SOMETHING ELSE?
..........................................................................
IF R ATTENDS CHURCH AND ATTENDS AS PROTESTANT OR 'OTHER' /
IF R DOES NOT ATTEND CHURCH BUT THINKS OF SELF AS PART OF
CHURCH OR DENOMINATION AND CONSIDERS SELF PROTESTANT OR 'OTHER':
What church or denomination is that?
..........................................................................
-IF R DENOMINATION IS BAPTIST:
  With which Baptist group is your church associated?
  Is it the Southern Baptist Convention, the American Baptist
  Churches in the U.S.A., the American Baptist Association,
  the National Baptist Convention, an independent Baptist
  church, or some other Baptist group?
  IF R'S CHURCH IS INDEPENDENT BAPTIST:
    Are you affiliated with any larger Baptist group or is this
    strictly a local church?
..........................................................................
-IF R DENOMINATION IS LUTHERAN:
  Is this church part of the Evangelical Lutheran Church in America,
  the Missouri Synod, or some other Lutheran group?
..........................................................................
-IF R DENOMINATION IS METHODIST:
  Is your church part of the United Methodist Church, African
  Methodist Episcopal Church, African Methodist Episcopal Zion
  Church, or some other Methodist group?
..........................................................................
-IF R DENOMINATION IS PRESBYTERIAN:
  Is this the Presbyterian Church in the U.S.A. or some other
  Presbyterian group?
..........................................................................
-IF R DENOMINATION IS REFORMED:
  Is this the Christian Reformed Church, the Reformed Church in
  America or some other Reformed group?
..........................................................................
-IF R DENOMINATION IS BRETHREN:
  Is this the church of the Brethren, the Plymouth Brethren,
  or what?
..........................................................................
-IF R SAYS DENOMINATION IS 'CHRISTIAN':
  When you say ""Christian"" does that mean the denomination
  called the ""Christian Church Disciples of Christ,"" or
  some other Christian denomination, or do you mean to say
  ""I am just a Christian""?
..........................................................................
-IF R DENOMINATION IS CHURCH OF CHRIST:
  Is this the Church of Christ or the United Church of Christ?
..........................................................................
-IF R DENOMINATION IS CHURCH OF GOD:
  Is this the Church of God of Anderson, Indiana; the Church of
  God of Cleveland, Tennessee; the Church of God in Christ; or
  some other Church of God?
..........................................................................
-IF R DENOMINATION IS HOLINESS OR PENTECOSTAL:
  What kind of church is that?  What is it called exactly?
  Is that part of a larger church or denomination? What is
  the church called?
..........................................................................
-IF R SPECIFIC DENOMINATION 'OTHER':
  What is it called exactly?  Is that church part of a denomination?
 IF R SPECIFIC DENOMINATION 'OTHER':
  Is that group Christian?
..........................................................................
IF R ATTENDS RELIGIOUS SERVICES AND IS JEWISH /
IF R DOES NOT ATTEND RELIGIOUS SERVICES BUT THINKS OF SELF AS
PART OF CHURCH OR DENOMINATION AND CONSIDERS SELF JEWISH:
Do you usually attend a synagogue or temple that is ORTHODOX,
CONSERVATIVE, REFORM or what?/
Do you consider yourself ORTHODOX, CONSERVATIVE, REFORM or what?","870. Other, not codeable elsewhere
881. Agnostic (volunteered in X4)
882. Atheist (volunteered in X4)
890. No religious identification; none (R does not think of self","-4. NA (blank)
-8. Don't know
-9. Refused
-1. INAP, -8,-9 in X3"
V083185a,Xx1a. SUMMARY: R denomination,"SUMMARY:
R DENOMINATION","01. General Protestant
02. Adventist
03. Episcopalian, Anglican
04. Baptist
05. Congregational
06. European Free Church (Anabaptists)
07. Holiness
08. Church of God NA which; NA Holiness or Pentecostal
09. Independent fundamentalist
10. Lutheran
11. Methodist
12. Pentecostal
13. Presbyterian
14. Reformed
15. Restorationist
16. Non-traditional Protestants
17. Both Protestant and Roman Catholic
18. Roman Catholic
19. Eastern Orthodox
20. Messianic Judaism (incl. Jews for Jesus)
21. Jewish
22. Muslim; Islam
23. Buddhist
24. Hintu
25. Other non-Christian/non-Jewish religions
26. Mix of major religious: more than
30. Other, not codeable elsewhere
41. Agnostics (volunteered in X4)
42. Atheists (volunteered in X4)
50. No religious identification; none (5 in X3)","-4. NA (blank)
-8. Don't know
-9. Refused
-1. INAP, -8,-9 in X3"
V083185b,Xx1b. SUMMARY: R major religion group,"SUMMARY:
R MAJOR RELIGION GROUP","0. No religious identification; none (5 in X3)
1. Christian, Protestant
2. Christian, Catholic
3. Christian, Orthodox
4. Jewish
7. Other
8. Atheist or Agnostic (volunteered in X4)","-4. NA (blank)
-8. Don't know
-9. Refused
-1. INAP, -8,-9 in X3"
V083186,X1. Ever attend church/religious services,"Lots of things come up that keep people from attending
religious services even if they want to.  Thinking about your
life these days, do you ever attend religious services, apart
from occasional weddings, baptisms or funerals?","1. Yes
5. No","-8. Don't know
-9. Refused"
V083186a,X1a. Attend religious services how often,"Do you go to religious services EVERY WEEK, ALMOST EVERY WEEK,
ONCE OR TWICE A MONTH, A FEW TIMES A YEAR, or NEVER?","1. Every week
2. Almost every week
3. Once or twice a month
4. A few times a year
5. Never","-1. INAP,
-8. Don't know
-9. Refused"
V083186b,X1a1. Attend church more often than once a week,"Would you say you go to religious services ONCE A WEEK or
MORE OFTEN than once a week?","1. Once a week
2. More often than once a week","-1. INAP,
-8. Don't know
-9. Refused"
V083187,X3. Ever think of self as part of church or denomination,"Regardless of whether you now attend any religious services do
you ever think of yourself as part of a particular church or
denomination?","1. Yes
5. No","-1. INAP,
-8. Don't know
-9. Refused"
V083188a,X3a. (Attends church) R major religious group,"Do you mostly attend a place of worship that is PROTESTANT, ROMAN
CATHOLIC, JEWISH, or SOMETHING ELSE?","1. Protestant
2. Catholic
3. Jewish
7. Other","-1. INAP,
-8. Don't know
-9. Refused"
V083188b,X3b. (Nonattendance) R major religious group,"Do you consider yourself PROTESTANT, ROMAN CATHOLIC, JEWISH, or
SOMETHING ELSE?","1. Protestant
2. Catholic
3. Jewish
7. Other","-1. INAP,
-8. Don't know
-9. Refused"
V083188x,X3x. SUMMARY: X3a/X3b initial mention major religious group,"SUMMARY:
INITIAL MENTION MAJOR RELIGIOUS GROUP","1. Protestant
2. Catholic
3. Jewish
7. Other","-1. INAP,
-8. Don't know
-9. Refused"
V083189,X4. Major relig denomination,What church or denomination is that?,"01. Baptist
02. Episcopalian/Anglican/Church of England
03. Lutheran
04. Methodist
05. Just Protestant
06. Presbyterian
07. Reformed
08. Brethren
09. Evangelical United Brethren
10. Christian or just Christian
11. Christian Scientist
12. Church (or Churches) of Christ
13. United Church of Christ
14. Disciples of Christ
15. Church of God
16. Assembly of God
17. Congregationalist
18. Holiness
19. Pentecostal
20. Friends, Quaker
21. Orthodox (SPECIFY)
22. Non-denominational - Protestant
23. Mormons
24. Jehovah's Witnesses
25. Latter Day Saints
26. Unitarian/Universalist
27. Buddhist
28. Hindu
29. Muslim/Islam
30. Native American
80. Other (SPECIFY)","-1. INAP,
-8. Don't know
-9. Refused"
V083190,X4a. Specific Baptist denomination,"With which Baptist group is your church associated?
Is it the Southern Baptist Convention, the American Baptist
Churches in the U.S.A., the American Baptist Association,
the National Baptist Convention, an independent Baptist
church, or some other Baptist group?","1. Southern Baptist Convention
2. American Baptist Churches in USA
3. American Baptist Association
4. National Baptist Convention
5. Independent Baptist
7. Other (SPECIFY)","-1. INAP,
-8. Don't know
-9. Refused"
V083190a,X4a1. Specific indep. Baptist denomination,"Are you affiliated with any larger Baptist group or is this
strictly a local church?","1. Larger Baptist group (SPECIFY)
2. Local","-1. INAP,
-8. Don't know
-9. Refused"
V083191,X4b. Specific Lutheran denomination,"Is this church part of the Evangelical Lutheran Church in America,
the Missouri Synod, or some other Lutheran group?","1. Evangelical Lutheran Church
2. Missouri Synod
7. Other (SPECIFY)","-1. INAP,
-8. Don't know
-9. Refused"
V083192,X4c. Specific Methodist denomination,"Is your church part of the United Methodist Church, African
Methodist Episcopal Church, African Methodist Episcopal Zion
Church, or some other Methodist group?","1. United Methodist Church
2. African Methodist Episcopal
3. African Methodist Episcopal Zion
7. Other (SPECIFY)","-1. INAP,
-8. Don't know
-9. Refused"
V083193,X4d. Specific Presbyterian denomination,"Is this the Presbyterian Church in the U.S.A. or some other
Presbyterian group?","1. Presbyterian Church USA (formerly United Presbyterian Church)
7. Other (SPECIFY)","-1. INAP,
-8. Don't know
-9. Refused"
V083194,X4e. Specific Reformed denomination,"Is this the Christian Reformed Church, the Reformed Church in
America or some other Reformed group?","1. Christian Reformed Church
2. The Reformed Church in America
7. Other (SPECIFY)","-1. INAP,
-8. Don't know
-9. Refused"
V083195,X4f. Specific Brethren denomination,"Is this the church of the Brethren, the Plymouth Brethren,
or what?","1. Church of the Brethren
2. The Plymouth Brethren
7. Other (SPECIFY)","-1. INAP,
-8. Don't know
-9. Refused"
V083196,X4g. Specific Disciples denomination,"When you say ""Christian"" does that mean the denomination
called the ""Christian Church Disciples of Christ,"" or
some other Christian denomination, or do you mean to say
""I am just a Christian""?","1. Disciples of Christ
2. I am just a Christian
7. Other (SPECIFY)","-1. INAP,
-8. Don't know
-9. Refused"
V083197,X4h. Specific Church of Christ denomination,Is this the Church of Christ or the United Church of Christ?,"1. Church of Christ
2. United Church of Christ","-1. INAP,
-8. Don't know
-9. Refused"
V083198,X4j. Specific Church of God denomination,"Is this the Church of God of Anderson, Indiana; the Church of
God of Cleveland, Tennessee; the Church of God in Christ; or
some other Church of God?","1. Anderson, Indiana
2. Cleveland, Tennessee
3. Church of God in Christ
7. Other (SPECIFY)","-1. INAP,
-8. Don't know
-9. Refused"
V083199,X4k. Specific Holiness/Pentacostal denomination,"What kind of church is that?  What is it called exactly?
Is that part of a larger church or denomination? What is
the church called?",,"-3. Missing, restricted access (confidential)"
V083200,X5a. Specific other denomination,What is it called exactly?  Is that church part of a denomination?,,"-3. Missing, restricted access (confidential)"
V083201,X5b. Specific other denomination Christian,Is that group Christian?,"1. Yes
5. No","-1. INAP,
-4. NA
-8. Don't know
-9. Refused"
V083202a,X6a. (Attends) Specific Jewish denomination,"Do you usually attend a synagogue or temple that is ORTHODOX,
CONSERVATIVE, REFORM or what?","1. Orthodox
2. Conservative
3. Reform
7. Other (SPECIFY)","-1. INAP,
-8. Don't know
-9. Refused"
V083202b,X6b. (Nonattendance) Specific Jewish denomination,"Do you consider yourself ORTHODOX, CONSERVATIVE, REFORM or what?","1. Orthodox
2. Conservative
3. Reform
7. Other (SPECIFY)","-1. INAP,
-8. Don't know
-9. Refused"
V083202x,X6bx. SUMMARY: X6a/X6b Specific Jewish denomination,"SUMMARY:
SPECIFIC JEWISH DENOMINATION","1. Orthodox
2. Conservative
3. Reform
7. Other (SPECIFY)","-1. INAP,
-8. Don't know
-9. Refused"
V083203,X7. R consider self born again,"Would you call yourself a born-again Christian, that is,
have you personally had a conversion experience related to
Jesus Christ?","1. Yes
5. No","-1. INAP,
-8. Don't know
-9. Refused"
V083204,X8. R belief in transsubstantiation,"Do you believe that when people take Holy Communion, the
bread and wine become the body and blood of Jesus Christ, or
do you believe that does not happen?","1. Yes, does happen
5. No, does not happen","-1. INAP,
-8. Don't know
-9. Refused"
V083205,X8a. Importance of belief in transsubstantiation [NEW],"How important is this belief to you personally?  NOT IMPORTANT
AT ALL, SLIGHTLY IMPORTANT, MODERATELY IMPORTANT, VERY
IMPORTANT, or EXTREMELY IMPORTANT?","1. Not important at all
2. Slightly important
3. Moderately important
4. Very important
5. Extremely important","-1. INAP,
-8. Don't know
-9. Refused"
V083206,X9. R tried to be good Christian,"Have there been times in your life when you tried to be a good
Christian, or is that not something you have tried to do?","1. Yes, have been times
5. No, not tried to do","-1. INAP,
-8. Don't know
-9. Refused"
V083206a,X9a. In what way R tried to be good Christian,"When you have tried to be a good Christian, which did you
try to do more: avoid doing sinful things yourself, or help
other people?","1. Avoid sin
2. Help others","-1. INAP,
-8. Don't know
-9. Refused"
V083207a,X10a. Stereotype: whites hardworking,"In the first statement, a score of '1' means that you think almost
all of the people in that group tend to be ""hard-working."" A score
of '7' means that you think most people in the group are ""lazy.""
A score of '4' means that you think that most people in the group
are not closer to one end or the other, and of course, you may
choose any number in between.
Where would you rate WHITES in general on this scale?","1. Hard-working
7. Lazy","-8. Don't know
-9. Refused"
V083207b,X10b. Stereotype: blacks hardworking,"Still looking at page 18 of the booklet.
Where would you rate BLACKS on this scale?","1. Hard-working
7. Lazy","-8. Don't know
-9. Refused"
V083207c,X10c. Stereotype: Hispanic-Americans hardworking,"Still looking at page 18 of the booklet.
Where would you rate HISPANIC-AMERICANS on this scale?","1. Hard-working
7. Lazy","-8. Don't know
-9. Refused"
V083207d,X10d. Stereotype: Asian-Americans hardworking,"Still looking at page 18 of the booklet.
Where would you rate ASIAN-AMERICANS on this scale?","1. Hard-working
7. Lazy","-8. Don't know
-9. Refused"
V083208a,X11a. Stereotype: whites intelligent,Where would you rate WHITES in general on this scale?,"1. Intelligent
7. Unintelligent","-8. Don't know
-9. Refused"
V083208b,X11b. Stereotype: blacks intelligent,"(Still looking at page 19 of the booklet.)
Where would you rate BLACKS on this scale?","1. Intelligent
7. Unintelligent","-8. Don't know
-9. Refused"
V083208c,X11c. Stereotype: Hispanic-Americans intelligent,"(Still looking at page 19 of the booklet.)
Where would you rate HISPANIC-AMERICANS on this scale?","1. Intelligent
7. Unintelligent","-8. Don't know
-9. Refused"
V083208d,X11d. Stereotype: Asian-Americans intelligent,"(Still looking at page 19 of the booklet.)
Where would you rate ASIAN-AMERICANS on this scale?","1. Intelligent
7. Unintelligent","-8. Don't know
-9. Refused"
V083209,X12. Sexual orientation of R,"Do you consider yourself to be heterosexual or straight,
homosexual or gay (or lesbian), or bisexual?","1. Heterosexual or straight
3. Homosexual or gay (or lesbian)
5. Bisexual","-8. Don't know
-9. Refused"
V083210,X12a. Sexual orientation of family and friends,"Among your immediate family members, relatives, neightbors,
co-workers, or close friends, are any of them gay, lesbian, or
bisexual as far as you know?","1. Yes
5. No","-8. Don't know
-9. Refused"
V083211,X13. Should laws protect homosexuals against job discrim,"Do you FAVOR or OPPOSE laws to protect homosexuals against job
discrimination?","1. Favor
5. Oppose","-8. Don't know
-9. Refused"
V083211a,X13a. How much fav/opp laws protect gays against job discrim,"Do you favor such laws STRONGLY or NOT STRONGLY? /
Do you oppose such laws STRONGLY or NOT STRONGLY?","1. Strongly
5. Not strongly","-1. INAP, -8,-9 in X13
-8. Don't know
-9. Refused"
V083211x,X13x. SUMMARY: fav/opp laws protect gays against job discrim,"SUMMARY:
FAVOR/OPPOSE LAWS TO PROTECT GAYS AGAINST JOB DISCRIMINATION","1. Favor strongly
2. Favor not strongly
4. Oppose not strongly
5. Oppose strongly","-8. Don't know
-9. Refused"
V083212,X14. Should homosexuals serve in U.S. armed forces,"Do you think homosexuals should be allowed to serve in the
United States Armed Forces or don't you think so?","1. Homosexuals should be allowed to serve
5. Homosexuals should not be allowed to serve","-8. Don't know
-9. Refused"
V083212a,X14a. Strength favor/opp allowing gays to serve in military,"Do you feel STRONGLY or NOT STRONGLY that homosexuals should
be allowed to serve? /
Do you feel STRONGLY or NOT STRONGLY that homosexuals should not
be allowed to serve?","1. Strongly
5. Not strongly","-1. INAP, -8,-9 in X14
-8. Don't know
-9. Refused"
V083212x,X14x. SUMMARY: favor/opp allowing gays to serve in military,"SUMMARY:
FAVOR/OPPOSE ALLOWING GAYS TO SERVE IN MILITARY","1. Feel strongly should be allowed to serve
2. Feel not strongly should be allowed to serve
4. Feel not strongly should not be allowed to serve
5. Feel strongly should not be allowed to serve","-8. Don't know
-9. Refused"
V083213,X15. Should homosexual couples be allowed to adopt,"Do you think gay or lesbian couples, in other words, homosexual
couples, should be legally permitted to adopt children?","1. Yes
5. No","-8. Don't know
-9. Refused"
V083214,X16. R position on gay marriage,"Should same-sex couples be ALLOWED to marry, or do you think
they should NOT BE ALLOWED to marry?","1. Should be allowed
3. Should not be allowed
5. Should not be allowed to marry but should be allowed to
7. Other {VOL} {SPECIFY}","-8. Don't know
-9. Refused"
V083215a,Y1a. Birthdate Year,"(What is the month, day and year of your birth?)",,"-8. Don't know
-9. Refused"
V083215b,Y1b. Birthdate Month,"What is the month, day and year of your birth?","1. January
2. February
3. March
4. April
5. May
6. June
7. July
8. August
9. September
10. October
11. November
12. December","-4. NA
-8. Don't know
-9. Refused"
V083215c,Y1c. RESTRICTED: Birthdate Day,"(What is the month, day and year of your birth?)",,"-3. Missing, restricted access (confidential)"
V083215x,Y1x. Age of Respondent,AGE OF RESPONDENT,,"-4. NA (age
-8. Don't know
-9. Refused"
V083216a,Y2a. [VERSION M] Marital status,"Are you married now and living with your (husband/wife) -- or
are you widowed, divorced, separated, or have you never married?","1. Married
2. Widowed
3. Divorced
4. Separated
5. Never married
6. Partnered, not married {VOL}","-1. INAP, R selected for VERSION N
-8. Don't know
-9. Refused"
V083216b,Y2b. [VERSION N] Marital status,"Are you married, divorced, separated, widowed, or have you never
been married?","1. Married
2. Divorced
3. Separated
4. Widowed
5. Never married
6. Partnered, not married {VOL}","-1. INAP, R selected for VERSION M
-8. Don't know
-9. Refused"
V083216x,Y2x. SUMMARY: Marital status,"SUMMARY:
MARITAL STATUS","1. Married
2. Divorced
3. Separated
4. Widowed
5. Never married
6. Partnered, not married {VOL}","-8. Don't know
-9. Refused"
V083217,Y3. Highest grade of school or year of college R completed,"What is the highest grade of school or year of college you
have completed?",,"-8. Don't know
-9. Refused"
V083218a,Y3a. Did R get high school diploma,"Did you get a high school diploma or pass a high school
equivalency test?","1. Yes
5. No","-1. INAP,
-8. Don't know
-9. Refused"
V083218b,Y3b. Highest degree R has earned,What is the highest degree that you have earned?,"1. Bachelor's degree
2. Master's degree
3. PhD, LIT, SCD, DFA, DLIT, DPH, DPHIL, JSC, SJD
4. LLB, JD
5. MD, DDS, DVM, MVSA, DSC, DO
6. JDC, STD, THD
7. Associate degree (AA)
0. No degree earned","-1. INAP,
-8. Don't know
-9. Refused"
V083218x,Y3x. SUMMARY: R educational attainment,"SUMMARY:
R EDUCATIONAL ATTAINMENT","0. DK/RF grades - no HS diploma [-8,-9 in Y3 and
5. Junior or community college level degrees (AA degrees) [7 in Y3b]
6. BA level degrees [6 in Y3b] or
7. Advanced degree (including LLB) [2-6 in Y3b]","-8. DK [-8 in Y3a; -8 in Y3 and -9,1 in Y3a; -8 in Y3b]
-9. RF [-9 in Y3a; -9 in Y3 and -8,1 in Y3a; -9 in Y3b]"
V083219,Y4. Spouse: highest grade or year of college,"What is the highest grade of school or year of college (your
husband/your wife/your partner) has completed?",,"-1. INAP,
-8. Don't know
-9. Refused"
V083220a,Y4a. Did spouse get high school diploma,"Did (he/she) get a high school diploma or pass a high school
equivalency test?","1. Yes
5. No","-1. INAP,
-8. Don't know
-9. Refused"
V083220b,Y4b. Highest degree spouse has earned,What is the highest degree that (he/she) has earned?,"1. Bachelor's degree
2. Master's degree
3. PhD, LIT, SCD, DFA, DLIT, DPH, DPHIL, JSC, SJD
4. LLB, JD
5. MD, DDS, DVM, MVSA, DSC, DO
6. JDC, STD, THD
7. Associate degree (AA)
0. No degree earned","-1. INAP,
-8. Don't know
-9. Refused"
V083220x,Y4x. SUMMARY: Spouse/partner educational attainment,"SUMMARY:
SPOUSE/PARTNER EDUCATIONAL ATTAINMENT","0. DK/RF grades - no HS diploma [-8,-9 in Y4 and
5. Junior or community college level degrees (AA degrees) [7 in Y4b]
6. BA level degrees [6 in Y4b] or
7. Advanced degree (including LLB) [2-6 in Y4b]","-1. INAP,
-8. DK [-8 in Y4a; -8 in Y4 and -9,1 in Y4a; -8 in Y4b]
-9. RF [-9 in Y4a; -9 in Y4 and -8,1 in Y4a; -9 in Y4b]"
V083221,Y5. Is R or has R ever been in the military,"Have you ever served or are you currently serving in the US
military, the National Guard, or military reserves?","1. Currently serving
2. Not currently serving but previously served
3. R has never served in the military","-8. Don't know
-9. Refused"
V083222,Y6. Initial employment status,"Please look at page 20 of the booklet.
We'd like to know if YOU are working now, temporarily laid off,
or are you unemployed, retired, permanently disabled, a homemaker,
a student, or what?","1. Working Now (initial status) --to Y16a
2. Temporarily Laid Off (initial status)  --to Y16a
4. Unemployed (initial status)  --to Y9
5. Retired (initial status)  --to Y8a
6. Permanently Disabled (initial status)  --to Y9
7. Homemaker (initial status)  --to Y7a
8. Student (initial status)  --to Y7a","-8. Don't know
-9. Refused"
V083222x,Y6x1. SUMMARY: R employment status 2-digit,"SUMMARY:
RESPONDENT EMPLOYMENT STATUS (2-DIGIT)","10. WORKING NOW only
15. WORKING NOW and retired, working >=20 hours/wk
16. WORKING NOW and perm. disabled, working >=20 hours/wk
17. WORKING NOW and homemaker, working >=20 hours/wk
18. WORKING NOW and student, working >=20 hours/wk
20. TEMPORARILY LAID OFF
40. UNEMPLOYED
50. RETIRED, no other occupation
51. RETIRED and working now, working <20 hours/wk
60. PERMANENTLY DISABLED, not working
61. PERM. DISABLED and working now, working <20 hours/wk
70. HOMEMAKER, no other occupation
71. HOMEMAKER and working now, working <20 hours/wk
75. HOMEMAKER and student, no other occupation
80. STUDENT, no other occupation
81. STUDENT and working now, working <20 hours/wk","-8. Don't know
-9. Refused"
V083222a,Y6x2. SUMMARY: R employment status 1-digit,"SUMMARY:
RESPONDENT EMPLOYMENT STATUS (1-DIGIT)","1. R WORKING NOW  [10,15-18 in Y6x1]
2. R TEMPORARILY LAID OFF  [20 in Y6x1]
4. R UNEMPLOYED  [40 in Y6x1]
5. R RETIRED  [50,51 in Y6x1]
6. R PERMANENTLY DISABLED  [60,61 in Y6x1]
7. R HOMEMAKER  [70,71,75 in Y6x1]
8. R STUDENT  [80,81 in Y6x1]","-8. Don't know
-9. Refused"
V083223,Y7a. Initial status Homemaker/student: working now,Are you doing any work for pay at the present time?,"1. Yes
5. No","-1. INAP,
-8. Don't know
-9. Refused"
V083224,Y7b. Initial status Homemaker/student: job in last 6 months,Have you had a job in the LAST SIX MONTHS?,"1. Yes
5. No","-1. INAP,
-8. Don't know
-9. Refused"
V083225a,Y8a. Initial status retiree - when retired Year,(When did you retire?),,"-1. INAP,
-8. Don't know
-9. Refused"
V083225b,Y8b. Initial status retiree - when retired Month,When did you retire?,"1. January
2. February
3. March
4. April
5. May
6. June
7. July
8. August
9. September
10. October
11. November
12. December","-1. INAP,
-8. Don't know
-9. Refused"
V083225c,Y8c. RESTRICTED: Initial status retiree - when retired Day,(When did you retire?),,"-3. Missing, restricted access (confidential data)"
V083226,Y9. Initial status unemployed/disabled: R ever work for pay,Have you ever done any work for pay?,"1. Yes
5. No","-1. INAP,
-8. Don't know
-9. Refused"
V083227,Y10a. Past occupation  (R ret/dis/unemp/hmkr/stud),"What kind of work did you do on your last regular job?
(What was your occupation)? What were your most important
activities or duties?)",,-3. Restricted text: not yet coded
V083228,Y10c. Past industry  (R ret/dis/unemp/hmkr/stud),What kind of business/industry was that?,,-3. Restricted text: not yet coded
V083229,Y10d. Past self-empl status  (R ret/dis/unemp/hmkr/stud),"Did you work for someone else, were you self-employed, or what?","1. Someone else
3. Both self and someone else
5. Self-employed","-1. INAP,
-8. Don't know
-9. Refused"
V083230,Y10e. Past occupation: govt work (R ret/dis/unemp/hmkr/std),"Were you employed by a federal, state or local government?","1. Yes
5. No","-1. INAP,
-8. Don't know
-9. Refused"
V083231,Y11a. Initial status unempl/ret/disabled: job in last 6 mos,Have you had a job in the LAST SIX MONTHS?,"1. Yes
5. No","-1. INAP,
-8. Don't know
-9. Refused"
V083232,Y12. Recent occupation: how many hours worked avg week,About how many hours did you work on your job in the average week?,,"-1. INAP,
-8. Don't know
-9. Refused"
V083233,Y13a. Initial status retired/disabled: working now,Are you doing any work for pay at the present time?,"1. Yes
5. No","-1. INAP,
-8. Don't know
-9. Refused"
V083233a,Y14. Init status nonworkg ret/dis/unemp/hmkr/st: look for wk,Are you looking for work at the present time?,"1. Yes
5. No","-1. INAP,
-8. Don't know
-9. Refused"
V083233b,Y15. Init status nonworkg ret/dis/unemp/hmkr/st: worry find,"How worried are you about not being able to find a job in the
near future: A LOT, SOMEWHAT, or NOT MUCH AT ALL?","1. A lot
3. Somewhat
5. Not much at all","-1. INAP,
-8. Don't know
-9. Refused"
V083234,Y16a. Working/TLO now - occupation,"What is your main occupation?
(What kind of work do you do? What are your most important
activities or duties?)",,-3. Restricted text: not yet coded
V083235,Y16c. Working/TLO - industry,What kind of business/industry is that?,,-3. Restricted text: not yet coded
V083236,Y16d. Working/TLO now - work for self,"Do you work for someone else, are you self-employed, or what?","1. Someone else
3. Both self and someone else
5. Self-employed","-1. INAP,
-8. Don't know
-9. Refused"
V083237,Y16e. Working/TLO now - work for govt,"Are you employed by a federal, state or local government?","1. Yes
5. No","-1. INAP,
-8. Don't know
-9. Refused"
V083238,Y16f. Working/TLO now - how many hours R works,About how many hours do you work on your job in the average week?,,"-1. INAP,
-8. Don't know
-9. Refused"
V083239,Y16g. Working/TLO now - hours works OK,"Is that MORE hours than you want to work, FEWER hours than you
want to work, or generally ABOUT RIGHT?","1. More
3. Fewer
5. About right","-1. INAP, -8,-9 in Y16f;
-8. Don't know
-9. Refused"
V083240,Y16h. Working/TLO now: worry about losing job in near future,"How worried are you about losing your job in the near future:
A LOT, SOMEWHAT, or NOT MUCH AT ALL?","1. A lot
3. Somewhat
5. Not much at all","-1. INAP,
-8. Don't know
-9. Refused"
V083241,Y16j. Working now: out of work or laid off in last 6 mos,"Were you out of work or laid off at any time during the last
six months?","1. Yes
5. No","-1. INAP,
-8. Don't know
-9. Refused"
V083242,Y16k. Working now: had reduction in work hrs or pay cut,"During the last six months, have you had a reduction in your
work hours or had to take a cut in pay at any time for reasons
other than illness or personal choice?","1. Yes
5. No","-1. INAP,
-8. Don't know
-9. Refused"
V083243a,Y16x1. SUMMARY: R OCCUPATION IDENTIFIED - PAST/PRESENT,"SUMMARY:
R OCCUPATION IDENTIFIED IN EMPLOYMENT SERIES Y16a-Y16k- PAST/PRESENT","0. Neither current nor past occupation identified (no occupation:
1. Current occupation only (Y16a-Y16k)
2. Past occupation only (Y10a-Y10e)
3. Both current and past occupations",
V083243b,Y16x2. SUMMARY: STACKED OCCUPATION PAST OR PRESENT,"SUMMARY:
STACKED OCCUPATION PAST OR PRESENT","0. No occupation represented in stacked items Y16xx1-Y16xx8
1. Current occupation in stacked items Y16xx1-Y16xx8
2. Past occupation in stacked items Y16xx1-Y16xx8",
V083244a,Y16xx1. STACKED R EMPLOYMENT: OCCUPATION 3 DIGIT,"STACKED R EMPLOYMENT:
OCCUPATION 3 DIGIT",,-3. Restricted text not yet coded
V083244b,Y16xx2. STACKED R EMPLOYMENT: OCCUPATION 2 DIGIT,"STACKED R EMPLOYMENT:
OCCUPATION 2 DIGIT",,-3. Restricted text not yet coded
V083244c,Y16xx3. STACKED R EMPLOYMENT: OCCUPATION 1 DIGIT,"STACKED R EMPLOYMENT:
OCCUPATION 1 DIGIT",,-3. Restricted text not yet coded
V083244d,Y16xx4. STACKED R EMPLOYMENT: OCCUP PRESTIGE SCORE,"STACKED R EMPLOYMENT:
OCCUPATION PRESTIGE SCORE",,-3. Restricted text not yet coded
V083244e,Y16xx5. STACKED R EMPLOYMENT: OCCUP PRESTIGE SCORE COLLAPSED,"STACKED R EMPLOYMENT:
OCCUPATION PRESTIGE SCORE COLLAPSED",,-3. Restricted text not yet coded
V083244f,Y16xx6. STACKED R EMPLOYMENT: INDUSTRY OF OCCUPATION,"STACKED R EMPLOYMENT:
INDUSTRY OF OCCUPATION",,-3. Restricted text not yet coded
V083244g,Y16xx7. STACKED R EMPLOYMENT: WORKS/WORKED FOR SELF,"STACKED R EMPLOYMENT:
WORKS/WORKED FOR SELF OR OTHERS","1. Someone else
3. Both self and someone else
5. Self-employed","-1. INAP,
-8. Don't know
-9. Refused"
V083244h,Y16xx8. STACKED R EMPLOYMENT: WORKS/WORKED FOR GOVT,"STACKED R EMPLOYMENT:
WORKS/WORKED FOR GOVERNMENT","1. Yes
5. No","-1. INAP,
-8. Don't know
-9. Refused"
V083244j,Y16xx9. STACKED R EMPLOYMENT: HOURS WORKS/WORKED,"STACKED R EMPLOYMENT:
HOURS R WORKS OR RECENTLY WORKED (PAST 6 MONTHS)",,"-1. INAP,
-8. Don't know
-9. Refused"
V083244k,Y16xx10. STACKED R EMPLOYMENT: HOW WORRIED LOSE/FIND JOB,"STACKED R EMPLOYMENT:
HOW WORRIED ABOUT FINDING/LOSING JOB","1. A lot
3. Somewhat
5. Not much at all","-1. INAP,
-8. Don't know
-9. Refused"
V083244m,Y16xx11. STACKED R EMPLOYMENT: HAD JOB IN LAST 6 MOS.,"STACKED R EMPLOYMENT:
HAS R HAD A JOB IN THE LAST 6 MONTHS","1. Yes
5. No","-1. INAP,
-8. Don't know
-9. Refused"
V083245,Y17. CHECKPOINT: R married/partnered,CHECKPOINT: IS R MARRIED/PARTNERED,"0. R is not indicated as married/partnered (not
1. R is married/partnered (1,6 in Y2x)",
V083245a,Y18a. Spouse/partner working status mention 1,"Please look at page 20 of the booklet.
We'd like to know about your (HUSBAND/WIFE/PARTNER).
Is (he/she) working now, temporarily laid off, or is (he/she)
unemployed, retired, permanently disabled, a homemaker, a student,
or what?","1. Working now
2. Temporarily laid off
4. Unemployed
5. Retired
6. Permanently disabled
7. Homemaker
8. Student","-1. INAP,
-8. Don't know
-9. Refused"
V083245b,Y18b. Spouse/partner working status mention 2,"Please look at page 20 of the booklet.
We'd like to know about your (HUSBAND/WIFE/PARTNER).
Is (he/she) working now, temporarily laid off, or is (he/she)
unemployed, retired, permanently disabled, a homemaker, a student,
or what?","1. Working now
2. Temporarily laid off
4. Unemployed
5. Retired
6. Permanently disabled
7. Homemaker
8. Student","-1. INAP, no further mention;
-8. Don't know
-9. Refused"
V083245c,Y18c. Spouse/partner working status mention 3,"Please look at page 20 of the booklet.
We'd like to know about your (HUSBAND/WIFE/PARTNER).
Is (he/she) working now, temporarily laid off, or is (he/she)
unemployed, retired, permanently disabled, a homemaker, a student,
or what?","1. Working now
2. Temporarily laid off
4. Unemployed
5. Retired
6. Permanently disabled
7. Homemaker
8. Student","-1. INAP, no further mention;
-8. Don't know
-9. Refused"
V083246,Y19. Anyone in HH belong to labor union,Do you or anyone else in this household belong to a labor union?,"1. Yes
5. No","-8. Don't know
-9. Refused"
V083246a,Y19a. Who in HH belongs to union,Who is it that belongs?,"10. Respondent only
12. Respondent and spouse/partner
14. Respondent and someone else
20. Spouse/partner only
24. Spouse/partner and someone else
40. Someone else only","-1. INAP,
-8. Don't know
-9. Refused"
V083247,Y20. IWR INCOME CHECKPOINT- persons in HH age 14 or older,"INTERVIEWER CHECKPOINT (choose one) :
1. Someone IN ADDITION TO RESPONDENT is age 14 or older in household
5. NO ONE OTHER THAN RESPONDENT is age 14 or older in household","1. Someone IN ADDITION TO RESPONDENT is age
5. NO ONE OTHER THAN RESPONDENT is age",
V083248,Y21a. Family income,"Please look at page 21 of the booklet.
Please look at the booklet and tell me the letter of the income
group that includes the income of all members of your family
living here in 2007 before taxes.
This figure should include salaries, wages, pensions, dividends,
interest, and all other income.","1. A. None or less than $2,999
2. B. $3,000 -$4,999
3. C. $5,000 -$7,499
4. D. $7,500 -$9,999
5. E. $10,000 -$10,999
6. F. $11,000-$12,499
7. G. $12,500-$14,999
8. H. $15,000-$16,999
9. J. $17,000-$19,999
10. K. $20,000-$21,999
11. M. $22,000-$24,999
12. N. $25,000-$29,999
13. P. $30,000-$34,999
14. Q. $35,000-$39,999
15. R. $40,000-$44,999
16. S. $45,000-$49,999
17. T. $50,000-$59,999
18. U. $60,000-$74,999
19. V. $75,000-$89,999
20. W. $90,000-$99,999
21. X. $100,000-$109,999
22. Y. $110,000-$119,999
23. Z. $120,000-$134,999
24. AA. $135,000-$149,999
25. BB. $150,000 and over","-1. INAP,
-8. Don't know
-9. Refused"
V083248x,Y21ax. SUMMARY: FAMILY INCOME,"SUMMARY:
HOUSEHOLD INCOME","1. A. None or less than $2,999
2. B. $3,000 -$4,999
3. C. $5,000 -$7,499
4. D. $7,500 -$9,999
5. E. $10,000 -$10,999
6. F. $11,000-$12,499
7. G. $12,500-$14,999
8. H. $15,000-$16,999
9. J. $17,000-$19,999
10. K. $20,000-$21,999
11. M. $22,000-$24,999
12. N. $25,000-$29,999
13. P. $30,000-$34,999
14. Q. $35,000-$39,999
15. R. $40,000-$44,999
16. S. $45,000-$49,999
17. T. $50,000-$59,999
18. U. $60,000-$74,999
19. V. $75,000-$89,999
20. W. $90,000-$99,999
21. X. $100,000-$109,999
22. Y. $110,000-$119,999
23. Z. $120,000-$134,999
24. AA. $135,000-$149,999
25. BB. $150,000 and over","-8. Don't know
-9. Refused"
V083249,Y21b. R income,"[(RB, still on page 21)
Now we are interested in the income that you yourself
received in 2007, not including any of the income received by
(your spouse and) the rest of your family. Please look at
this page and tell me the income you yourself had in 2007
before taxes.
This figure should include salaries, wages, pensions, dividends,
interest, and all other income. /
(RB, page 21)
Please tell me the letter of the income group that includes
the income you had in 2007 before taxes.
This figure should include salaries, wages, pensions, dividends,
interest, and all other income.]","1. A. None or less than $2,999
2. B. $3,000 -$4,999
3. C. $5,000 -$7,499
4. D. $7,500 -$9,999
5. E. $10,000 -$10,999
6. F. $11,000-$12,499
7. G. $12,500-$14,999
8. H. $15,000-$16,999
9. J. $17,000-$19,999
10. K. $20,000-$21,999
11. M. $22,000-$24,999
12. N. $25,000-$29,999
13. P. $30,000-$34,999
14. Q. $35,000-$39,999
15. R. $40,000-$44,999
16. S. $45,000-$49,999
17. T. $50,000-$59,999
18. U. $60,000-$74,999
19. V. $75,000-$89,999
20. W. $90,000-$99,999
21. X. $100,000-$109,999
22. Y. $110,000-$119,999
23. Z. $120,000-$134,999
24. AA. $135,000-$149,999
25. BB. $150,000 and over","-8. Don't know
-9. Refused"
V083250,Y22. Think of self as belonging to class,"(Not using the booklet)
There's been some talk these days about different social classes.
Most people say they belong either to the middle class or the
working class.  Do you ever think of yourself as belonging in
one of these classes?","1. Yes
5. No","-8. Don't know
-9. Refused"
V083250a,Y22a. Social Class: working or middle,Which one?,"0. Lower class or poor {VOL}
1. Middle class
5. Working class
6. Both {VOL}
7. Other (SPECIFY)","-1. INAP,
-8. Don't know
-9. Refused"
V083250b,Y22b. Social Class: had to choose working/middle,"Well, if you had to make a choice, would you call yourself
MIDDLE CLASS or WORKING CLASS?","0. Upper class {VOL}
1. Middle class
3. Neither {VOL}
5. Working class
6. Lower class or poor {VOL}
7. Other (SPECIFY)","-1. INAP,
-8. Don't know
-9. Refused"
V083250c,Y23. Social class: average or upper working/middle class,"Would you say that you are about AVERAGE middle class or that
you are in the UPPER PART of the middle class? /
Would you say that you are about AVERAGE working class or that
you are in the UPPER PART of the working class?","0. Lower class or poor {VOL}
1. Average
5. Upper
6. Lower working/middle {VOL}
7. Other","-1. INAP,
-8. Don't know
-9. Refused"
V083250x,Y23x. SUMMARY: SOCIAL CLASS WORKING OR MIDDLE,"SUMMARY:
SOCIAL CLASS WORKING OR MIDDLE","0. Lower class or poor {VOL}
1. Working class
2. Middle class
3. Upper class {VOL}
7. Neither, Both, Other {VOL}","-8. Don't know (in Y22a or Y22b)
-9. Refused (in Y22a or Y22b)"
V083251a,Y24a. Race of Respondent- Mention 1,What racial or ethnic group or groups best describes you?,"10. Black
20. Asian
30. Native American
40. Hispanic or Latino
50. White
81. Other: recoded to Black
82. Other: recoded to Asian
83. Other: recoded to Native American
84. Other: recoded to Hispanic
85. Other: recoded to White
90. Other: {SPECIFY}","-8. Don't know
-9. Refused"
V083251b,Y24b. Race of Respondent- Mention 2,What racial or ethnic group or groups best describes you?,"10. Black
20. Asian
30. Native American
40. Hispanic or Latino
50. White
81. Other: recoded to Black
82. Other: recoded to Asian
83. Other: recoded to Native American
84. Other: recoded to Hispanic
85. Other: recoded to White
90. Other: {SPECIFY}","-1. INAP, no further mention"
V083251c,Y24c. Race of Respondent- Mention 3,What racial or ethnic group or groups best describes you?,"10. Black
20. Asian
30. Native American
40. Hispanic or Latino
50. White
81. Other: recoded to Black
82. Other: recoded to Asian
83. Other: recoded to Native American
84. Other: recoded to Hispanic
85. Other: recoded to White
90. Other: {SPECIFY}","-1. INAP, no further mention"
V083251d,Y24d. Race of Respondent- Mention 4,What racial or ethnic group or groups best describes you?,"10. Black
20. Asian
30. Native American
40. Hispanic or Latino
50. White
90. Other {SPECIFY}","-1. INAP, no further mention"
V083251e,Y24e. Race of Respondent- mention 5,What racial or ethnic group or groups best describes you?,"10. Black
20. Asian
30. Native American
40. Hispanic or Latino
50. White
90. Other {SPECIFY}","-1. INAP, no further mention
-8. Don't know
-9. Refused"
V083252a,Y25a. Main ethnic or nationality group MENTION 1,"In addition to being American, what do you consider your main
ethnic group or nationality group?",899. None/no (1st mention only),"-8. DK (1st mention only)
-9. RF (1st mention only)
-4. NA (blank)"
V083252b,Y25b. Main ethnic or nationality group MENTION 2,"In addition to being American, what do you consider your main
ethnic group or nationality group?",,"-1. INAP, no further mention"
V083252c,Y25c. Main ethnic or nationality group MENTION 3,"In addition to being American, what do you consider your main
ethnic group or nationality group?",,"-1. INAP, no further mention"
V083252d,Y25d. Main ethnic or nationality group MENTION 4,"In addition to being American, what do you consider your main
ethnic group or nationality group?",,"-1. INAP, no further mention"
V083252x,Y25x. SUMMARY: COUNT ETHNIC OR NATIONALITY GROUP,"In addition to being American, what do you consider your main
ethnic group or nationality group?","0. No coded mentions
1. One coded mention
2. Two coded mentions
3. Three coded mentions
4. Four coded mentions
5. More than",
V083253,Y26. IWR CHECKPOINT: number of ethnic mentions,"INTERVIEWER CHECKPOINT:
Number of ethnic groups mentioned by R","0. None
1. One
2. Two or more
9. NA,DK,RF (-4,-8,-9) in Y25a","-99. INAP, interviewer error:"
V083254,Y26a. Ethnic group most close,With which of these groups do you most closely identify?,,"-1. INAP,
-8. DK
-9. RF
-4. NA (blank)
-99. INAP, -99 in Y26"
V083255,Y27. IWR CHECKPOINT: MENTION ETHNIC HISPANIC,"INTERVIEWER CHECKPOINT:
DID R MENTION HISPANIC GROUP?","0. Hispanic not coded in race question (Y24a-Y24e) and no Hispanic mention
1. Hispanic coded in race question (Y24a-Y24e)
2. Hispanic mention in ethnicity question (Y25a-Y25d)
3. Hispanic coded in race question and Hispanic mention for ethnicity","-1. INAP, NA/DK/RF (-4,-8,-9) for ethnicity question"
V083256,Y28a. No ethnic mention Hispanic: is R of Hispanic descent,Are you of Spanish or Hispanic origin or descent?,"1. Yes
5. No","-1. INAP, -1,1,2,3 in Y27
-8. Don't know
-9. Refused
-99. INAP, interviewer error in checkpoint Y27: no Hispanic"
V083256a,Y28b. Hispanic: type Hispanic,"Please look at page 22 of the booklet and tell me which
category best describes your Hispanic origin.","1. Mexican
2. Puerto Rican
3. Cuban
4. Latin American
5. Central American
6. Spanish
7. Other (SPECIFY) {VOL}","-1. INAP, -1 in Y27 and
-4. NA
-8. Don't know
-9. Refused"
V083257,Y29a. Native status of parents,"Where were your parents born:  were they both born in the U.S.,
was one born in the U.S., or were both born in another country?","1. Both parents born in the U. S.
2. One parent born in the U. S.
3. Neither parent born in the U. S.","-4. NA, not asked due to IWR error, Hispanic mention at Y27
-8. Don't know
-9. Refused"
V083258,"Y29b. LATINO Rs: born U.S., Puerto Rico, or some other count","Were you born in the mainland United States, Puerto Rico or some
other country?","1. Mainland U. S.
2. Puerto Rico
3. Some other country {SPECIFY}","-1. INAP, no Hispanic mention at Y27 or Y28a
-4. NA due to IWR error, Hispanic mention at Y27 or Y28a
-8. Don't know
-9. Refused"
V083259,Y29c. LATINO Rs: how many grandparents born outside the U.S.,"How many of your grandparents, if any, were born outside the U.S.A.?","0. None
1. One
2. Two
3. Three
4. All","-1. INAP, no Hispanic mention at Y27 or Y28a
-4. NA due to IWR error, Hispanic mention at Y27 or Y28a
-8. Don't know
-9. Refused"
V083260,Y29d. LATINO Rs: country of Latino heritage,"Families of Hispanic or Latino background in the United States
come from many different countries.
From which country do you trace your Latino heritage?","1. Argentina
2. Bolivia
3. Chile
4. Colombia
5. Costa Rica
6. Cuba
7. Dominican Republic
8. Ecuador
9. El Salvador
10. Guatemala
11. Honduras
12. Mexico
13. Nicaragua
14. Panama
15. Paraguay
16. Peru
17. Puerto Rico
18. Spain
19. Uruguay
20. Venezuela
23. U. S. A.
77. OTHER {SPECIFY}","-1. INAP, no Hispanic mention at Y27 or Y28a
-4. NA due to IWR error, Hispanic mention at Y27 or Y28a
-8. Don't know
-9. Refused"
V083261,Y29g. LATINO Rs: When did R arrive in U.S.,When did you first arrive to live in the U.S. (mainland)?,,"-1. INAP,
-8. Don't know
-9. Refused"
V083262,Y29h. LATINO Rs: In what year did R become a U.S. citizen,In what year did you become a naturalized U.S. citizen?,,"-1. INAP,
-8. Don't know
-9. Refused"
V083263,Y29j. LATINO Rs: language at home,"What language do you primarily speak at home with your family?
Is it only English, mostly English, only Spanish, mostly
Spanish, or both languages equally?","1. Only English
2. Mostly English
3. Both languages equally
4. Mostly Spanish
5. Only Spanish","-1. INAP, no Hispanic mention at Y27 or Y28a
-4. NA due to IWR error, Hispanic mention at Y27 or Y28a
-8. Don't know
-9. Refused"
V083264,Y30. Where R grew up,Where was it that you grew up?,,"-4. NA (blank)
-8. Don't know
-9. Refused"
V083265a,Y31a. How many children in HH age 10 and younger,How many children age 10 or younger live in this household?,"0. No children age
1. One child age
2. Two children age
3. Three children age
4. Four children age
5. Five children age","-8. Don't know
-9. Refused"
V083265b,Y31b. How many children in HH age 11-17,How many children age 11 to 17 live in this household?,"0. No children age
1. One child age
2. Two children age
3. Three children age
4. Four children age
5. Five children age
6. Six children age
7. Seven children age
8. Eight children age
9. Nine children age","-8. Don't know
-9. Refused"
V083266a,Y32a. How long lived in this community: years,How long have you lived in your present (CITY/TOWN/TOWNSHIP/COUNTY)?,,"-8. Don't know
-9. Refused"
V083266b,Y32b. How long lived in this community - Months,How long have you lived in your present (CITY/TOWN/TOWNSHIP/COUNTY)?,,"-8. Don't know
-9. Refused"
V083267,Y33. Where R lived previously,Where did you live before you moved here?,,"-1. INAP, less than
-8. Don't know
-9. Refused"
V083268,Y34. Distance where R used to live (miles),How far away is that?,"0. Less than
1. One mile
90. Other (SPECIFY)","-1. INAP, less than
-8. Don't know
-9. Refused"
V083269a,Y35a. How long lived in this dwelling unit: years,How long have you lived in this (house/condo/apartment)?,,"-8. Don't know
-9. Refused"
V083269b,Y35b. How long lived in this dwelling unit - Months,How long have you lived in this (house/condo/apartment)?,,"-8. Don't know
-9. Refused"
V083270,Y36a. How many telephone numbers in HH,"How many telephone NUMBERS are there in this household,
including regular phone numbers, fax numbers, and cell phone
numbers that are answered by anyone who lives here?",,"-8. Don't know
-9. Refused"
V083271a,Y36b1. Business use - multiple HH phones,"How many of these -NUMBER- numbers are only for business use AND
are never answered for personal phone calls?",,"-1. INAP,
-8. Don't know
-9. Refused"
V083271b,Y36b2. Business use - 1 HH phone,"Is this number only for business use, or is it not for business
use only?","0. Not a business-only number (only
1. Business-only number","-1. INAP,
-8. Don't know
-9. Refused"
V083272a,Y36c1. Computer or fax - multiple phones,"Of the -NUMBER- numbers that are NOT only for business use,
how many are ever used for computers or fax machines?",,"-1. INAP,
-8. Don't know
-9. Refused"
V083272b,Y36c2. Computer or fax - 1 phone,"Is the one number that is NOT for business use ever used for a
computer or fax machine?","0. Not used for computer/fax
1. Used for computer/fax","-1. INAP,
-8. Don't know
-9. Refused"
V083273a,Y36d1. Answered computer or fax - multiple phones,"How many of these -NUMBER- numbers are ever answered for
talking in response to personal, non-business telephone calls?",,"-1. INAP,
-8. Don't know
-9. Refused"
V083273b,Y36d2. Answered computer or fax - 1 phone,"Is this number ever answered for talking in response to
personal, non-business telephone calls?","0. Not used for talking in personal phone calls
1. Used for talking in personal phone calls","-1. INAP, not
-8. Don't know
-9. Refused"
V083274a,Y36f1. Cell phone - multiple HH phones,"How many of the -NUMBER- telephone numbers in this household
are cell phone numbers?",,"-1. INAP,
-8. Don't know
-9. Refused"
V083274b,Y36f2. Cell phone - 1 HH phone,Is this a cell phone number?,"0. No
1. Yes","-1. INAP,
-8. Don't know
-9. Refused"
V083275a,Y36g1. Cell phone business use - multiple phones,"Of the -NUMBER- cell phone numbers, how many are for business
use only AND never answered for PERSONAL phone calls?",,"-1. INAP, -1,-8,-9,0,1 in Y36f1
-8. Don't know
-9. Refused"
V083275b,Y36g2. Cell phone business use - 1 phone,"Is this cell phone number for business use only, or is it not
for business use only?","0. Not a business-only number
1. Business-only number","-1. INAP,
-8. Don't know
-9. Refused"
V083276a,Y36h1. Non-business-only cell phones with use as modem/fax,"For the -NUMBER- cell phone numbers that are NOT only for
business, how many are ever used for computers or fax machines?",,"-1. INAP,
-8. Don't know
-9. Refused"
V083276b,Y36h2. 1 Non-business-only cell phone with use as modem/fax,"For the cell phone number that is NOT business-only, is it ever
used for a computer or fax machine?","0. Not used for computer/fax
1. Used for computer/fax","-1. INAP,
-8. Don't know
-9. Refused"
V083277a,Y36j1. Answered non-bus-only cell phones w/use as modem/fax,"How many of these -NUMBER- cell phone numbers that are used
for a computer or fax machine are also ever ANSWERED for
PERSONAL phone calls?",,"-1. INAP, -1,-8,-9,0,1 in Y36h1
-8. Don't know
-9. Refused"
V083277b,Y36j2. Answered non-bus-only cell phone w/use as modem/fax,Is it also ever ANSWERED for PERSONAL phone calls?,"0. Not answered for PERSONAL phone calls
1. Answered for PERSONAL phone calls","-1. INAP, -1,-8,-9,0,2-6 in Y36h1; -1,-8,-9,0 in Y36h2
-8. Don't know
-9. Refused"
V083278,Y36k. Phone discrepancy,"Earlier you said there were -NUMBER- telephone numbers in this
household, including regular phone numbers, fax numbers, and
cell phone numbers that are answered by anyone who lives here.
Did I record that correctly as -NUMBER-, or are there more
numbers than that?","1. NUMBER total numbers was recorded correctly
5. There are more telephone numbers than NUMBER
7. Other {INTERVIEWER: RECORD DESCRIPTION IN COMMENT FIELD}","-1. INAP, personal use numbers indicated in cell phone series
-8. Don't know
-9. Refused"
V083279,Y36k1. Phone discrepancy - set number,"How many telephone numbers are there altogether, including cell
phones?",,"-1. INAP,
-8. Don't know
-9. Refused"
V083280,Y36x.  Verification of landlines,"As a final check that I have been recording information
correctly, please give the total number of landlines in
this household that are ANSWERED for PERSONAL phone calls.",,"-8. Don't know
-9. Refused"
V083281,Y37. Does R family own/rent home,"(Do you/Does your family) own your home, pay rent, or what?","1. Own home
5. Pay rent
7. Other (SPECIFY)","-8. Don't know
-9. Refused"
V083301a,ZZ1a. PRE IWR OBS: others present - mention 1,"PRE-ELECTION INTERVIEWER:
Others present at time of interview:
Mention 1","0. No one other than R (1st mention only)
1. Children under
2. Older children
3. Unknown person
4. Other relatives
5. Other adults
6. Spouse","-4. NA (missing for ZZ1a-ZZ1f)
-8. Don't know (1st mention only)"
V083301b,ZZ1b. PRE IWR OBS: others present - mention 2,"PRE-ELECTION INTERVIEWER:
Others present at time of interview:
Mention 2","1. Children under
2. Older children
3. Unknown person
4. Other relatives
5. Other adults
6. Spouse","-1. INAP,
-4. NA (missing for ZZ1a-ZZ1f)"
V083301c,ZZ1c. PRE IWR OBS: others present - mention 3,"PRE-ELECTION INTERVIEWER:
Others present at time of interview:
Mention 3","1. Children under
2. Older children
3. Unknown person
4. Other relatives
5. Other adults
6. Spouse","-1. INAP,
-4. NA (missing for ZZ1a-ZZ1f)"
V083301d,ZZ1d. PRE IWR OBS: others present - mention 4,"PRE-ELECTION INTERVIEWER:
Others present at time of interview:
Mention 4","1. Children under
2. Older children
3. Unknown person
4. Other relatives
5. Other adults
6. Spouse","-1. INAP,
-4. NA (missing for ZZ1a-ZZ1f)"
V083301e,ZZ1e. PRE IWR OBS: others present - mention 5,"PRE-ELECTION INTERVIEWER:
Others present at time of interview:
Mention 5","1. Children under
2. Older children
3. Unknown person
4. Other relatives
5. Other adults
6. Spouse","-1. INAP,
-4. NA (missing for ZZ1a-ZZ1f)"
V083301f,ZZ1f. PRE IWR OBS: others present - mention 6,"PRE-ELECTION INTERVIEWER:
Others present at time of interview:
Mention 6","1. Children under
2. Older children
3. Unknown person
4. Other relatives
5. Other adults
6. Spouse","-1. INAP,
-4. NA (missing for ZZ1a-ZZ1f)"
V083302,ZZ2. PRE IWR OBS: R cooperation,"INTERVIEWER:
R's cooperation was:","1. Very good
2. Good
3. Fair
4. Poor
5. Very poor","-4. NA (missing)
-8. Don't know"
V083303,ZZ3. PRE IWR OBS: R level of information,"INTERVIEWER:
R's general level of information about politics and public
affairs seemed:","1. Very high
2. Fairly high
3. Average
4. Fairly low
5. Very low",-4. NA (missing)
V083304,ZZ4. PRE IWR OBS: R intelligence,"INTERVIEWER:
R's apparent intelligence:","1. Very high
2. Fairly high
3. Average
4. Fairly low
5. Very low",-4. NA (missing)
V083305,ZZ5. PRE IWR OBS: R suspicious,"INTERVIEWER:
How suspicious did R seem to be about the study before the interview?","1. Not at all suspicious
2. Somewhat suspicious
3. Very suspicious",-4. NA (missing)
V083306,ZZ6. PRE IWR OBS: R interest in IW,"INTERVIEWER:
Overall, how great was R's interest in the interview?","1. Very high
2. Fairly high
3. Average
4. Fairly low
5. Very low",-4. NA (missing)
V083307,ZZ7. PRE IWR OBS: R sincere,"INTERVIEWER:
How sincere did R seem to be in his/her answers?","1. Completely sincere
2. Usually sincere
3. Often seemed to be insincere",-4. NA (missing)
V083308,ZZ8. PRE IWR OBS: places where doubted sincerity,"INTERVIEWER:
Were there any particular parts of the interview for which you
doubted R's sincerity?","1. Yes {SPECIFY}
5. No","-1. INAP,
-4. NA (missing)"
V083309,ZZ9. PRE IWR OBS: R seem to report income accurately,"INTERVIEWER:
Do you feel R reported income accurately?","1. Yes, think R reported correctly
2. No, think R reported incorrectly
3. Refused income questions
4. No, think R reported dishonestly",-4. NA (missing)
V083309a,ZZ9a. PRE IWR OBS: estimate of family income,"INTERVIEWER:
If possible, give a reasonable estimate of what
R's family income is ((before taxes in 2003)).","01. A. None or less than $2,999
02. B. $3,000 -$4,999
03. C. $5,000 -$7,499
04. D. $7,500 -$9,999
05. E. $10,000 -$10,999
06. F. $11,000-$12,499
07. G. $12,500-$14,999
08. H. $15,000-$16,999
09. J. $17,000-$19,999
10. K. $20,000-$21,999
11. M. $22,000-$24,999
12. N. $25,000-$29,999
13. P. $30,000-$34,999
14. Q. $35,000-$39,999
15. R. $40,000-$44,999
16. S. $45,000-$49,999
17. T. $50,000-$59,999
18. U. $60,000-$74,999
19. V. $75,000-$89,999
20. W. $90,000-$99,999
21. X. $100,000-$109,999
22. Y. $110,000-$119,999
23. Z. $120,000-$134,999
24. AA. $135,000-$149,999
25. BB. $150,000 and over
98. Impossible to estimate",-4. NA (missing)
V083310,ZZ10. PRE IWR OBS: R age estimate,"INTERVIEWER:
What would you estimate R's age to be?",98. Hard to guess {SPECIFY},-4. NA (missing)
V083311,ZZ11. PRE IWR OBS: R gender,"INTERVIEWER:
Is R male or female?","1. Male
2. Female",-4. NA (missing)
V083312,ZZ12. PRE IWR OBS: R education estimate,"INTERVIEWER:
What would you estimate R's level of education to be?","1. Low - probably less than high school diploma
2. Probably has a high school diploma but probably no college
3. Probably a little college
4. Probably a college degree
8. Hard to guess {SPECIFY}",-4. NA (missing)
V083313a,ZZ13a. PRE IWR OBS: R reactions to IW - Mention 1,"PRE-ELECTION INTERVIEWER:
R's reaction to interview:
Mention 1","01. Negative - general
02. Negative - too long
03. Negative - too complicated
04. Negative - boring/tedious/repetitious
05. R wanted to stop before interview complete
06. R was ill/deaf/tired/had bad eyesight
07. R expressed lack of knowledge for interview
08. R stressed/agitated by interview PROCESS
09. R became angry at interview CONTENT
10. R concered with sampling purpose or bias
11. R could not read Repondent Booklet
12. R appeared to enjoy interview
13. Neutral or no feedback (1st mention only)",-4. NA (missing for ZZ13a-ZZ13m)
V083313b,ZZ13b. PRE IWR OBS: R reactions to IW - Mention 2,"PRE-ELECTION INTERVIEWER:
R's reaction to interview: Mention 2","01. Negative - general
02. Negative - too long
03. Negative - too complicated
04. Negative - boring/tedious/repetitious
05. R wanted to stop before interview complete
06. R was ill/deaf/tired/had bad eyesight
07. R expressed lack of knowledge for interview
08. R stressed/agitated by interview PROCESS
09. R became angry at interview CONTENT
10. R concered with sampling purpose or bias
11. R could not read Repondent Booklet
12. R appeared to enjoy interview","-1. INAP,
-4. NA (missing in ZZ13a-ZZ13m)"
V083313c,ZZ13c. PRE IWR OBS: R reactions to IW - Mention 3,"PRE-ELECTION INTERVIEWER:
R's reaction to interview: Mention 3","01. Negative - general
02. Negative - too long
03. Negative - too complicated
04. Negative - boring/tedious/repetitious
05. R wanted to stop before interview complete
06. R was ill/deaf/tired/had bad eyesight
07. R expressed lack of knowledge for interview
08. R stressed/agitated by interview PROCESS
09. R became angry at interview CONTENT
10. R concered with sampling purpose or bias
11. R could not read Repondent Booklet
12. R appeared to enjoy interview","-1. INAP,
-4. NA (missing in ZZ13a-ZZ13m)"
V083313d,ZZ13d. PRE IWR OBS: R reactions to IW - Mention 4,"PRE-ELECTION INTERVIEWER:
R's reaction to interview: Mention 4","01. Negative - general
02. Negative - too long
03. Negative - too complicated
04. Negative - boring/tedious/repetitious
05. R wanted to stop before interview complete
06. R was ill/deaf/tired/had bad eyesight
07. R expressed lack of knowledge for interview
08. R stressed/agitated by interview PROCESS
09. R became angry at interview CONTENT
10. R concered with sampling purpose or bias
11. R could not read Repondent Booklet
12. R appeared to enjoy interview","-1. INAP,
-4. NA (missing in ZZ13a-ZZ13m)"
V083313e,ZZ13e. PRE IWR OBS: R reactions to IW - Mention 5,"PRE-ELECTION INTERVIEWER:
R's reaction to interview: Mention 5","01. Negative - general
02. Negative - too long
03. Negative - too complicated
04. Negative - boring/tedious/repetitious
05. R wanted to stop before interview complete
06. R was ill/deaf/tired/had bad eyesight
07. R expressed lack of knowledge for interview
08. R stressed/agitated by interview PROCESS
09. R became angry at interview CONTENT
10. R concered with sampling purpose or bias
11. R could not read Repondent Booklet
12. R appeared to enjoy interview","-1. INAP,
-4. NA (missing in ZZ13a-ZZ13m)"
V083313f,ZZ13f. PRE IWR OBS: R reactions to IW - Mention 6,"PRE-ELECTION INTERVIEWER:
R's reaction to interview: Mention 6","01. Negative - general
02. Negative - too long
03. Negative - too complicated
04. Negative - boring/tedious/repetitious
05. R wanted to stop before interview complete
06. R was ill/deaf/tired/had bad eyesight
07. R expressed lack of knowledge for interview
08. R stressed/agitated by interview PROCESS
09. R became angry at interview CONTENT
10. R concered with sampling purpose or bias
11. R could not read Repondent Booklet
12. R appeared to enjoy interview","-1. INAP,
-4. NA (missing in ZZ13a-ZZ13m)"
V083313g,ZZ13g. PRE IWR OBS: R reactions to IW - Mention 7,"PRE-ELECTION INTERVIEWER:
R's reaction to interview: Mention 7","01. Negative - general
02. Negative - too long
03. Negative - too complicated
04. Negative - boring/tedious/repetitious
05. R wanted to stop before interview complete
06. R was ill/deaf/tired/had bad eyesight
07. R expressed lack of knowledge for interview
08. R stressed/agitated by interview PROCESS
09. R became angry at interview CONTENT
10. R concered with sampling purpose or bias
11. R could not read Repondent Booklet
12. R appeared to enjoy interview","-1. INAP,
-4. NA (missing in ZZ13a-ZZ13m)"
V083313h,ZZ13h. PRE IWR OBS: R reactions to IW - Mention 8,"PRE-ELECTION INTERVIEWER:
R's reaction to interview: Mention 8","01. Negative - general
02. Negative - too long
03. Negative - too complicated
04. Negative - boring/tedious/repetitious
05. R wanted to stop before interview complete
06. R was ill/deaf/tired/had bad eyesight
07. R expressed lack of knowledge for interview
08. R stressed/agitated by interview PROCESS
09. R became angry at interview CONTENT
10. R concered with sampling purpose or bias
11. R could not read Repondent Booklet
12. R appeared to enjoy interview","-1. INAP,
-4. NA (missing in ZZ13a-ZZ13m)"
V083313j,ZZ13j. PRE IWR OBS: R reactions to IW - Mention 9,"PRE-ELECTION INTERVIEWER:
R's reaction to interview: Mention 9","01. Negative - general
02. Negative - too long
03. Negative - too complicated
04. Negative - boring/tedious/repetitious
05. R wanted to stop before interview complete
06. R was ill/deaf/tired/had bad eyesight
07. R expressed lack of knowledge for interview
08. R stressed/agitated by interview PROCESS
09. R became angry at interview CONTENT
10. R concered with sampling purpose or bias
11. R could not read Repondent Booklet
12. R appeared to enjoy interview","-1. INAP,
-4. NA (missing in ZZ13a-ZZ13m)"
V083313k,ZZ13k. PRE IWR OBS: R reactions to IW - Mention 10,"PRE-ELECTION INTERVIEWER:
R's reaction to interview: Mention 10","01. Negative - general
02. Negative - too long
03. Negative - too complicated
04. Negative - boring/tedious/repetitious
05. R wanted to stop before interview complete
06. R was ill/deaf/tired/had bad eyesight
07. R expressed lack of knowledge for interview
08. R stressed/agitated by interview PROCESS
09. R became angry at interview CONTENT
10. R concered with sampling purpose or bias
11. R could not read Repondent Booklet
12. R appeared to enjoy interview","-1. INAP,
-4. NA (missing in ZZ13a-ZZ13m)"
V083313m,ZZ13m. PRE IWR OBS: R reactions to IW - Mention 11,"PRE-ELECTION INTERVIEWER:
R's reaction to interview: Mention 11","01. Negative - general
02. Negative - too long
03. Negative - too complicated
04. Negative - boring/tedious/repetitious
05. R wanted to stop before interview complete
06. R was ill/deaf/tired/had bad eyesight
07. R expressed lack of knowledge for interview
08. R stressed/agitated by interview PROCESS
09. R became angry at interview CONTENT
10. R concered with sampling purpose or bias
11. R could not read Repondent Booklet
12. R appeared to enjoy interview","-1. INAP,
-4. NA (missing in ZZ13a-ZZ13m)"
