var_name,description,valid_labels,missing_labels
version,ANES 2012TimeSeries Release Version,,
caseid,ANES 2012TimeSeries Case ID,,
weight_ftf,ANES 2012TimeSeries Post-stratified weight forface-to-face cases,,
weight_web,ANES 2012TimeSeries Post-stratified weight forweb cases,,
weight_full,ANES 2012TimeSeries Post-stratified weight forfull sample,,
psu_full,ANES 2012TimeSeries sample PSU forfull sample,,
psu_ftf,ANES 2012TimeSeries sample PSU forFTF sample component,,
strata_full,ANES 2012TimeSeries sample strata forfull sample,,
strata_ftf,ANES 2012TimeSeries sample strata forFTF sample component,,
ftf_oversample,ANES 2012TimeSeries FTF Oversample Case,"0. No oversample
1. Hispanicoversample
2. AA oversample
3. Both Hispanicand AA oversample
0. No oversample
1. Hispanicoversample
2. AA oversample
3. Both Hispanicand AA oversample
","-1. Inapplicable
-1. Inapplicable
"
wave_completions,ANES 2012TimeSeries number of wavescompleted,"1. Yes(pre-election and post-election interviews
2. No, unit nonresponse (no post-electioninterview)
3. No, post survey data deleteddue to partial
1. Yes(pre-election and
2. No, unitnonresponse (no
3. No, post surveydata
",
mode,ANES 2012TimeSeries interview mode,"1. FTF (face-to-face) mode
2. Internet mode
1. FTF(face-to-face) mode
2. Internet mode
",
gend_gendobs,PRE: FTFONLY:INTERVIEWER:IsR male or female (Observation),"1. Male
2. Female
1. Male
2. Female
","-1. Inapplicable
-1. Inapplicable
"
gender_respondent_x,SUMMARY:Gender of Respondent for bothFTF and Webmodes,"1. Male
2. Female
1. Male
2. Female
",
interest_attention,How oftendoes R pay attn to politicsand elections,"1. Always
2. Mostof the time
3. Abouthalf the time
4. Some ofthe time
5. Never
1. Always
2. Most ofthe time
3. About halfthe time
4. Some of thetime
5. Never
","-8. Don't know
-9. Refused
-8. Don'tknow
-9. Refused
"
interest_following,Interested infollowing campaigns standard,"1. Verymuch interested
2. Somewhat interested
3. Notmuch interested
1. Verymuch interested
2. Somewhat interested
3. Not muchinterested
","-8. Don't know
-9. Refused
-8. Don't know
-9. Refused
"
interest_wherevote,Does Rknow where to go to votein neighborhood,"1. Yes
2. No
3. Voteby mail only(VOL)
1. Yes
2. No
3. Voteby mail only(VOL)
","-8. Don't know
-9. Refused
-8. Don't know
-9. Refused
"
interest_voted2008,Did Rvote for President in 2008,"1. Yes,voted
2. No, didn't vote
1. Yes,voted
2. No, didn't vote
","-8. Don't know
-9. Refused
-8. Don't know
-9. Refused
"
interest_whovote2008,Recall oflast (2008) Presidential vote choice,"1. Barack obama
2. Johnmccain
5. Other (SPECIFY)
1. Barack obama
2. John mccain
5. Other (SPECIFY)
","-1. Inapplicable
-8. Don't know
-9. Refused
-1. Inapplicable
-8. Don't know
-9. Refused
"
interest_whovote2008_oth,PRE: OtherSpecify- Recall of last (2008) Presidentialvote choice,,"-2. Textresponses available in separatefile
-2. Textresponses available in separatefile
"
prmedia_useinet,HH Internetuse,"1. Yes
2. No
1. Yes
2. No
","-1. Inapplicable
-8. Don't know
-1. Inapplicable
-8. Don't know
"
prmedia_wkinews,Days intypical week review news on internet,"0. None
1. One day
2. Twodays
3. Three days
4. Four days
5. Five days
6. Six days
7. Sevendays
","-1. Inapplicable
-4. Error
-8. Don'tknow
-9. Refused
"
prmedia_atinews,Attention tointernet news,"1. Agreat deal
2. A lot
3. A moderate amount
4. Alittle
5. None at all
1. A greatdeal
2. A lot
3. A moderate amount
4. A little
5. None at all
","-1. Inapplicable
-1. Inapplicable
"
prmedia_wktvnws,Days intypical week watch news on TV,"0. None
1. One day
2. Twodays
3. Three days
4. Four days
5. Five days
6. Six days
7. Seven days
","-4. Error
-8. Don't know
-9. Refused
"
prmedia_attvnews,Attention toTV news,"1. A great deal
2. A lot
3. A moderateamount
4. A little
5. None at all
1. A greatdeal
2. A lot
3. A moderate amount
4. A little
5. None at all
","-1. Inapplicable
-8. Don't know
-9. Refused
-1. Inapplicable
-8. Don't know
-9. Refused
"
prmedia_wkpaprnws,Days intypical wk read news in printnewspaper,"0. None
1. One day
2. Twodays
3. Three days
4. Four days
5. Five days
6. Six days
7. Seven days
0. None
1. One day
2. Twodays
3. Threedays
4. Four days
5. Fivedays
6. Six days
7. Seven days
","-4. Error
-8. Don't know
-9. Refused
-4. Error
-8. Don't know
-9. Refused
"
prmedia_atpprnews,Attention toprinted newspaper news,"1. Agreat deal
2. A lot
3. A moderate amount
4. Alittle
5. None at all
1. A greatdeal
2. A lot
3. A moderate amount
4. A little
5. None at all
","-1. Inapplicable
-1. Inapplicable
"
prmedia_wkrdnws,Days intypical week listen news on radio,"0. None
1. One day
2. Twodays
3. Three days
4. Four days
5. Five days
6. Six days
7. Seven days
","-4. Error
-8. Don't know
-9. Refused
"
prmedia_atrdnews,Attention toradio news,"1. Agreat deal
2. A lot
3. A moderate amount
4. Alittle
5. None at all
","-1. Inapplicable
-4. Error
-9. Refused
"
prevote_regist_addr,PRE: Rregistered to vote (pre-election)- sample address,"1. Registered at this address
2. Registered at a differentaddress
3. Not currentlyregistered
1. Registered at this address
2. Registered at a differentaddress
3. Not currently registered
","-1. Inapplicable
-8. Don't know
-9. Refused
-1. Inapplicable
-8. Don't know
-9. Refused
"
prevote_regist_noaddr,PRE: WEBONLY:R registered tovote (pre-election)- no sample address,"1. Registered to vote
2. Not currently registered
1. Registered to vote
2. Not currently registered
","-1. Inapplicable
-1. Inapplicable
"
prevote_reg,RESTRICTED: OtherRegistration location - add1 etc,"0. Cityand state not identified in registration
1. City and stateidentified in correct fields
2. City and state identifiable;some recording of
","-1. Inapplicable
-2. Missing: R entered DK/RF fordifferentaddress
"
prevote_reg_recordstate,PRE: FTFONLY:Oth Registr. location - staterecorded in correct field,"0. Neither state nor city identifiedin registration
1. Stateof registration recorded in correct (state)
2. State of registration not recordedin correct field;
3. State of registration not recordedin correct field;
0. Neither state norcity
1. State of registration
2. State ofregistration not
3. State ofregistration not
","-1. Inapplicable
-2. Missing: R entered DK/RF fordifferentaddress
-1. Inapplicable
-2. Missing: RenteredDK/RF
"
prevote_reg_recordcity,PRE: FTFONLY:Oth Registr. location - cityrecorded in correct field,"0. Neither state nor city identifiedin registration
1. Cityof registration recorded in correct (city)field
2. City of registrationnot recorded in correct field
0. Neither state norcity
1. City of registration
2. City of registration not
","-1. Inapplicable
-2. Missing: R entered DK/RF fordifferentaddress
-1. Inapplicable
-2. Missing: RenteredDK/RF
"
prevote_reg_state,PRE: FTFONLY:Other Registr. location - stateof registr. (FIPSCODE),"06. California
48. Texas
22. Louisiana
12. Florida
36. NewYork
17. Illinois
37. NorthCarolina
45. South Carolina
13. Georgia
","-1. Inapplicable
"
prevote_reg_samestate,PRE: FTFONLY:Oth Reg. location - state sameas hsehold's state (Y/N),"0. Not same state as state ofresidence
1. Same state asstate of residence
0. Not same stateas state of residence
1. Samestate as state of residence
","-1. Inapplicable
-1. Inapplicable
"
prevote_regincnty,Is Rregistered to vote in preload county(resid),"1. Yes,registered in<preload: hhcounty>
2. No, registered in other county
6. Answered yes, regin county; other state for
","-1. Inapplicable
-8. Don't know
"
prevote_regyrs3cat,PRE: Howlong has R been registered atlocation (collapsed),"3. Morethan
3. More than
","-1. Inapplicable
-8. Don't know
-9. Refused
-1. Inapplicable
-8. Don't know
-9. Refused
"
prevote_regyrsfull,PRE: RESTRICTED:How long has R been registeredat location (full),,"-3. Restricted access
-3. Restricted access
"
prevote_regname,RESTRICTED: nameunder which R registered to vote,"0. FTF: no text in name field;Web: name not
1. text in name field
0. FTF:no text in name field;
1. text in name field
","-1. Inapplicable
-1. Inapplicable
"
prevote_regpty_state,PRE: Doesrecorded state of registration have partyregistration,"0. Notnot registered in state in withparty
1. Registered in statewith party registration
0. Not not registered in state
1. Registered in state with
","-1. Inapplicable
-1. Inapplicable
"
prevote_regpty,Party ofregistration,"1. Democraticparty
2. Republicanparty
4. Noneor 'independent'
5. Other (SPECIFY)
","-1. Inapplicable
-8. Don'tknow
-9. Refused
"
prevote_regpty_oth,PRE: RESTRICTED:Other specify- Party of registration,,"-3. Restricted access
-3. Restricted access
"
prevote_regint,Does Rintend to register to vote,"1. Yes,intendto register
2. No,do not intend to register
1. Yes,intend toregister
2. No,do not intend to register
","-1. Inapplicable
-8. Don'tknow
-9. Refused
-1. Inapplicable
-8. Don't know
-9. Refused
"
prevote_primv,Did Rvote in the Presidential primary orcaucus,"1. Yes,voted in primary orcaucus
2. No, didn't votein primary or caucus
1. Yes,voted in primary orcaucus
2. No, didn't votein primary or caucus
","-8. Don't know
-9. Refused
-8. Don't know
-9. Refused
"
prevote_primvwho,For whichcandidate did R vote in Presidentialprim,"01. Mitt romney
02. Barackobama
03. Rick santorum
04. Newtgingrich
05. Ronpaul
06. Rick perry
07. Michele bachmann
08. Jonhuntsman
09. Herman cain
95. Someone else(SPECIFY)
","-1. Inapplicable
-8. Don't know
-9. Refused
"
prevote_primvwho_oth,PRE: Othspecify- For which candidate did Rvote in Presidential prim,,"-2. Textresponses available in separatefile
-2. Textresponses available in separatefile
"
prevote_voted,Already votedin General Election,"1. Havevoted
2. Have not voted
1. Havevoted
2. Have not voted
","-1. Inapplicable
-9. Refused
-1. Inapplicable
-9. Refused
"
prevote_vconf,Confirmation voted(early) in November 6 election,"1. Yes,voted
2. No, have not voted
1. Yes,voted
2. No, have not voted
","-1. Inapplicable
-1. Inapplicable
"
prevote_howvote,In whatmanner did R vote,"1. Definitely voted inperson at a polling place
2. Definitely votedby mailing a ballot to elections
3. Definitely voted insome other way
4. Not completely sure whetheryou voted or not
","-1. Inapplicable
-9. Refused
"
prevote_ckbcard,FTF ONLY:IWR CHECKPOINT:have correct Preballot card,"1. Yes,have <blue/pink> color ballot cardfor r's
2. Have ballotcard in wrong color for r'sdistrict
3. Only have card(s) for wrongdistrict or have no
4. Webonly: card for wrong district/ no Housecard
","-1. Inapplicable
"
prevote_ballot_color,PRE: FTFONLY:Assigned color forBallot Card (if displayed),"1. Blue
2. Pink
1. Blue
2. Pink
","-1. Inapplicable
-1. Inapplicable
"
prevote_presvt,Did Rvote for President,"1. Yes,voted for President
2. No, didn't vote forPresident
1. Yes,voted for President
2. No, didn't vote for President
","-1. Inapplicable
-1. Inapplicable
"
prevote_presvtwho,For whomdid R vote for President,"5. Other candidate (SPECIFY)
","-1. Inapplicable
-9. Refused
"
prevote_presvtwho_oth,PRE: Otherspecify- For whom did R votefor President,,"-2. Textresponses available in separatefile
-2. Textresponses available in separatefile
"
prevote_presstr,Preference strongfor Pres cand for whom Rvoted,"1. Strong
2. Not strong
1. Strong
2. Not strong
","-1. Inapplicable
-8. Don't know
-1. Inapplicable
-8. Don't know
"
prevote_vtpresdec,How longbefore election R made decision Presvote,,"-2. Textresponses available in separatefile
-2. Textresponses available in separatefile
"
prevote_vtpresdec_dkrf,PRE: FTFONLY:Hw lng befelct R made decsn Pres vt: DK/RF selected,"1. FTF: codeDK selected in place of open-end
2. FTF: code RF selectedin place of open-end
1. FTF: code DK selectedin
2. FTF: code RF selected in
","-1. Inapplicable
-1. Inapplicable
"
prevote_intpres,Does Rintend to vote for President,"1. Yes
2. No
1. Yes
2. No
","-1. Inapplicable
-8. Don't know
-9. Refused
-1. Inapplicable
-8. Don't know
-9. Refused
"
prevote_intpreswho,For whomdoes R intend to vote forPresident,"5. Other candidate(SPECIFY)
","-1. Inapplicable
-8. Don't know
-9. Refused
"
prevote_intpreswho_oth,PRE: Otherspecify- For whom does R intendto vote for President,,"-2. Textresponses available in separatefile
-2. Textresponses available in separatefile
"
prevote_intpresst,Pref strngfor Pres cand for whom Rintends to vote,"1. Strong
2. Not strong
1. Strong
2. Not strong
","-1. Inapplicable
-8. Don't know
-9. Refused
-1. Inapplicable
-8. Don't know
-9. Refused
"
prevote_prefpres,Does Rprefer Pres cand (no intent toregister),"1. Yes
2. No
1. Yes
2. No
","-1. Inapplicable
-8. Don't know
-9. Refused
-1. Inapplicable
-8. Don't know
-9. Refused
"
prevote_prefprwho,Preference forPres cand (no intent to register),"5. Other candidate (SPECIFY)
5. Other candidate (SPECIFY)
","-1. Inapplicable
-8. Don't know
-9. Refused
-1. Inapplicable
-8. Don't know
-9. Refused
"
prevote_prefprwho_oth,PRE: Otherspecify- Preference for Pres cand (nointent to register),,"-2. Textresponses available in separatefile
-2. Textresponses available in separatefile
"
prevote_prefprstr,Preference strongfor Pres cand (no intent toreg),"1. Strong
2. Not strong
1. Strong
2. Not strong
","-1. Inapplicable
-8. Don't know
-1. Inapplicable
-8. Don't know
"
prevote_votehs,Did Rvote for U.S. House of Representatives,"1. Yes,voted for House of Representatives
2. No, didn't vote for Houseof Representatives
","-1. Inapplicable
-8. Don't know
-9. Refused
"
prevote_hsvtbc,For whomdid R vote for U.S. House(ballot card),"4. R vol: names on ballotcard are not correct
5. Other candidate (SPECIFY)
","-1. Inapplicable
-8. Don't know
-9. Refused
"
prevote_hsvtnobc,For whomdid R vote for U.S. House(no ballot card),"81. Democrat
82. Republican
87. Other-candidate not identified by major party
","-1. Inapplicable
-2. Missing
-8. Don'tknow
-9. Refused
"
prevote_inths,Does Rintend to vote for U.S. House,"1. Yes
2. No
","-1. Inapplicable
-8. Don't know
-9. Refused
"
prevote_inthsbc,For whomdoes R intend to vote forU.S. House (ballot card),"4. Rvol: names on ballotcard are not correct
5. Other candidate(SPECIFY)
","-1. Inapplicable
-2. Missing
-8. Don't know
-9. Refused
"
prevote_inthsnobc,For whomdoes R intend to vote forU.S. House (no ballot cd),"81. Democrat
82. Republican
87. Other-candidate not identified by major party
","-1. Inapplicable
-2. Missing
-8. Don'tknow
-9. Refused
"
prevote_hspref,Does Rprefer U.S. House candidate,"1. Yes
2. No
","-1. Inapplicable
-8. Don't know
-9. Refused
"
prevote_hsprefbc,Whom doesR prefer for U.S. House (ballotcard),"4. R vol: names on ballotcard are not correct
5. Other candidate (SPECIFY)
","-1. Inapplicable
-8. Don't know
-9. Refused
"
prevote_hsprefnobc,Whom doesR prefer for U.S. House (noballot card),"82. Republican
87. Other-candidate not identified by major party
82. Republican
87. Other- candidatenot identified by major party
","-1. Inapplicable
-1. Inapplicable
"
prevote_senhhstate,PRE: FTFONLY:Senate election instate of residence,"0. NoSenate race in state of residence
1. Senate race in stateof residence
0. NoSenate race in state of residence
1. Senate race in stateofresidence
","-1. Inapplicable
-1. Inapplicable
"
prevote_senregstate,PRE: FTFONLY:Sen election instate of regist (R not registat resid),"0. No Senaterace- state of registration recorded in
1. Senate race- state of registration recordedin
3. NoSenaterace-stateofregistrationnotrecorded
4. Senate race-state of registration not recorded in
0. No Senate race- state of
1. Senate race- stateof
3. No Senate race- state of
4. Senate race- stateof
","-1. Inapplicable
-2. Stateof registration asked, not recorded
-1. Inapplicable
-2. State of registration
"
prevote_votesen,Did Rvote for U.S. Senate,"1. Yes,voted for Senate
2. No, didn'tvote for Senate
","-1. Inapplicable
-8. Don't know
"
prevote_vtsenbc,R's votefor U.S. Senate (ballot card),"5. Other candidate (SPECIFY)
","-1. Inapplicable
-8. Don't know
-9. Refused
"
prevote_vtsennobc,R's votefor U.S. Senate (no ballot card),"81. Democrat
82. Republican
81. Democrat
82. Republican
","-1. Inapplicable
-8. Don't know
-9. Refused
-1. Inapplicable
-8. Don't know
-9. Refused
"
prevote_intsen,Does Rintend to vote for U.S. Senate,,
Unweighted Frequencies,,,
prevote_intsenbc,For whomdoes R intend to vote forU.S. Senate (ballot card,"5. Other candidate (SPECIFY)
","-1. Inapplicable
-8. Don't know
-9. Refused
"
prevote_intsennobc,For whomdoes R intend to vote forUS. Senate (no ballot cd),"81. Democrat
82. Republican
81. Democrat
82. Republican
","-1. Inapplicable
-8. Don't know
-1. Inapplicable
-8. Don't know
"
prevote_senpref,Does Rprefer U.S. Senate candidate,"1. Yes
2. No
","-1. Inapplicable
-8. Don't know
-9. Refused
"
prevote_senprefbc,Whom doesR prefer for U.S. Senate (ballotcard),"5. Other candidate (SPECIFY)
5. Other candidate (SPECIFY)
","-1. Inapplicable
-8. Don't know
-9. Refused
-1. Inapplicable
-8. Don't know
-9. Refused
"
prevote_senprefnobc,Whom doesR prefer for U.S. Senate (noballot card),"81. Democrat
82. Republican
81. Democrat
82. Republican
","-1. Inapplicable
-8. Don't know
-1. Inapplicable
-8. Don't know
"
prevote_govhhstate,PRE: FTFONLY:Gubernatorial election instate of residence,"0. No gubernatorial race in stateof residence
1. Gubernatorial race in stateof residence
0. No gubernatorial race in stateof residence
1. Gubernatorial race in stateof residence
","-1. Inapplicable
-1. Inapplicable
"
prevote_govregstate,PRE: FTFONLY:Gov election instate of regist (R not registat resid),"0. No governor race-state of registration recorded
1. Governorrace- state of registration recorded in
3. No governor race- stateof registration not
0. No governor race- state of
1. Governor race- state of
3. No governor race- state of
","-1. Inapplicable
-2. Stateof registration asked, not recorded
-1. Inapplicable
-2. State of registration
"
prevote_votegov,Did Rvote for governor,"1. Yes,voted for governor
2. No, didn'tvote for governor
","-1. Inapplicable
"
prevote_vtgovbc,R's votefor governor(ballot card),"5. Other candidate (SPECIFY)
5. Other candidate (SPECIFY)
","-1. Inapplicable
-9. Refused
-1. Inapplicable
-9. Refused
"
prevote_vtgovnobc,R's votefor governor (no ballot card),"82. Republican
82. Republican
","-1. Inapplicable
-1. Inapplicable
"
prevote_intgov,Does Rintend to vote for governor,"1. Yes
2. No
","-1. Inapplicable
-2. Missing
-8. Don't know
-9. Refused
"
prevote_intgovbc,For whomdoes R intend to vote forgovernor (ballot card),"5. Other candidate (SPECIFY)
5. Other candidate (SPECIFY)
","-1. Inapplicable
-8. Don't know
-9. Refused
-1. Inapplicable
-8. Don't know
-9. Refused
"
prevote_intgovnobc,For whomdoes R intend to vote forgovernor (no ballot cd),"81. Democrat
82. Republican
81. Democrat
82. Republican
","-1. Inapplicable
-8. Don't know
-1. Inapplicable
-8. Don't know
"
prevote_govpref,Does Rprefer gubernatorial candidate,"1. Yes
2. No
","-1. Inapplicable
-8. Don't know
"
prevote_govprefbc,Whom doesR prefer for governor (ballot card),"5. Other candidate (SPECIFY)
5. Other candidate (SPECIFY)
","-1. Inapplicable
-9. Refused
-1. Inapplicable
-9. Refused
"
prevote_govprefnobc,Whom doesR prefer for governor (no ballotcard),,"-1. Inapplicable
-9. Refused
-1. Inapplicable
-9. Refused
"
candlik_likedpc,Is thereanything R likes about Democratic Prescand,"1. Yes
2. No
1. Yes
2. No
","-8. Don't know
-9. Refused
-8. Don't know
-9. Refused
"
candlik_likewhatdpc,What isit that R likes about DemocraticPres cand,,"-2. Textresponses available in separatefile
-2. Textresponses available in separatefile
"
candlik_disldpc,Is thereanything R dislikes about Democratic Prescand,"1. Yes
2. No
1. Yes
2. No
","-8. Don'tknow
-9. Refused
-8. Don't know
-9. Refused
"
candlik_dislwhatdpc,What isit that R dislikes about DemocraticPres cand,,"-2. Textresponses available in separatefile
-2. Textresponses available in separatefile
"
candlik_likerpc,Is thereanything R likes about Republican Prescand,"1. Yes
2. No
1. Yes
2. No
","-8. Don't know
-9. Refused
-8. Don't know
-9. Refused
"
candlik_likewhatrpc,What isit that R likes about RepublicanPres cand,,"-2. Textresponses available in separatefile
-2. Textresponses available in separatefile
"
candlik_dislrpc,Is thereanything R dislikes about Republican Prescand,"1. Yes
2. No
1. Yes
2. No
","-8. Don't know
-9. Refused
-8. Don't know
-9. Refused
"
candlik_dislwhatrpc,What isit that R dislikes about RepublicanPres cand,,"-2. Textresponses available in separatefile
-2. Textresponses available in separatefile
"
congapp_job,Approval ofCongress handling its job,"1. Approve
2. Disapprove
1. Approve
2. Disapprove
","-8. Don't know
-9. Refused
-8. Don't know
-9. Refused
"
congapp_jobst,Strength appr/disapproveCongress handling its job,"1. Strongly
2. Not strongly
1. Strongly
2. Not strongly
","-1. Inapplicable
-8. Don't know
-9. Refused
-1. Inapplicable
-8. Don't know
-9. Refused
"
congapp_job_x,PRE: SUMMARY-Approvalof Congress,"1. Approve strongly
2. Approve not strongly
4. Disapprovenot strongly
5. Disapprove strongly
1. Approve strongly
2. Approvenot strongly
4. Disapprove notstrongly
5. Disapprove strongly
","-8. Don't know
-9. Refused
-8. Don'tknow
-9. Refused
"
presapp_track,Are thingsin the country on right track,"1. Right direction
2. Wrongtrack
1. Right direction
2. Wrongtrack
","-8. Don't know
-9. Refused
-8. Don't know
-9. Refused
"
presapp_job,Approve ordisapprove President handling job as Pres,"1. Approve
2. Disapprove
1. Approve
2. Disapprove
","-8. Don't know
-9. Refused
-8. Don't know
-9. Refused
"
presapp_jobstr,How muchapprove or disapp Pres handling job,"1. Strongly
2. Not strongly
1. Strongly
2. Not strongly
","-1. Inapplicable
-8. Don't know
-9. Refused
-1. Inapplicable
-8. Don't know
-9. Refused
"
presapp_job_x,PRE: SUMMARY-Approvalof President handling of job,"1. Approve strongly
2. Approve notstrongly
4. Disapprove not strongly
5. Disapprove strongly
1. Approve strongly
2. Approvenot strongly
4. Disapprove notstrongly
5. Disapprove strongly
","-8. Don't know
-9. Refused
-8. Don'tknow
-9. Refused
"
presapp_econ,Approve ordisapprove President handling economy,"1. Approve
2. Disapprove
1. Approve
2. Disapprove
","-8. Don'tknow
-9. Refused
-8. Don't know
-9. Refused
"
presapp_econstr,How muchapprove or disapprove Pres handling economy,"1. Strongly
2. Not strongly
1. Strongly
2. Not strongly
","-1. Inapplicable
-8. Don't know
-9. Refused
-1. Inapplicable
-8. Don't know
-9. Refused
"
presapp_econ_x,PRE: SUMMARY-Approvalof President handling economy,"1. Approve strongly
2. Approve not strongly
4. Disapprovenot strongly
5. Disapprove strongly
1. Approve strongly
2. Approvenot strongly
4. Disapprove notstrongly
5. Disapprove strongly
","-8. Don't know
-9. Refused
-8. Don'tknow
-9. Refused
"
presapp_foreign,Approve ordisapprove President handling foreign rel,"1. Approve
2. Disapprove
1. Approve
2. Disapprove
","-8. Don'tknow
-9. Refused
-8. Don't know
-9. Refused
"
presapp_foreignstr,How muchapprove/disapprove Pres handling foreign rrel,"1. Strongly
2. Not strongly
1. Strongly
2. Not strongly
","-1. Inapplicable
-8. Don't know
-9. Refused
-1. Inapplicable
-8. Don't know
-9. Refused
"
presapp_foreign_x,PRE: SUMMARY-Approvalof President handling foreign relations,"1. Approve strongly
2. Approve not strongly
4. Disapprovenot strongly
5. Disapprove strongly
1. Approve strongly
2. Approvenot strongly
4. Disapprove notstrongly
5. Disapprove strongly
","-8. Don't know
-9. Refused
-8. Don'tknow
-9. Refused
"
presapp_health,Approve ordisapprove President handling health care,"1. Approve
2. Disapprove
1. Approve
2. Disapprove
","-8. Don'tknow
-9. Refused
-8. Don't know
-9. Refused
"
presapp_healthstr,How muchapprove/disapprove Pres handling health care,"1. Strongly
2. Not strongly
1. Strongly
2. Not strongly
","-1. Inapplicable
-8. Don't know
-9. Refused
-1. Inapplicable
-8. Don't know
-9. Refused
"
presapp_health_x,PRE: SUMMARY-Approvalof President handling health care,"1. Approve strongly
2. Approve not strongly
4. Disapprovenot strongly
5. Disapprove strongly
1. Approve strongly
2. Approvenot strongly
4. Disapprove notstrongly
5. Disapprove strongly
","-8. Don't know
-9. Refused
-8. Don'tknow
-9. Refused
"
presapp_war,Approve ordisapprove President handling war in Afghanst,"1. Approve
2. Disapprove
1. Approve
2. Disapprove
","-8. Don't know
-9. Refused
-8. Don't know
-9. Refused
"
presapp_warstr,How muchapprove/disapprove Pres handling war in Afghanst,"1. Strongly
2. Not strongly
1. Strongly
2. Not strongly
","-1. Inapplicable
-8. Don't know
-9. Refused
-1. Inapplicable
-8. Don't know
-9. Refused
"
presapp_war_x,PRE: SUMMARY-Approvalof President handling war in Afghanistan,"1. Approve strongly
2. Approve notstrongly
4. Disapprove not strongly
5. Disapprove strongly
1. Approve strongly
2. Approvenot strongly
4. Disapprove notstrongly
5. Disapprove strongly
","-8. Don't know
-9. Refused
-8. Don'tknow
-9. Refused
"
ft_dpc,Feeling Thermometer: Democratic Presidential cand,,
ft_rpc,Feeling Thermometer: Republican Presidential cand,,
ft_dvpc,Feeling Thermometer: Democratic Vice-Prescand,,
ft_rvpc,Feeling Thermometer: Republican Vice-Prescand,,
ft_hclinton,Feeling Thermometer: Hillary Clinton,,
ft_gwb,Feeling Thermometer: GW Bush,,
ft_dem,Feeling Thermometer: Democratic Party,,
ft_rep,Feeling Thermometer: Republican Party,,
ptylik_likdp,Is thereanything R likes about Democratic Party,"1. Yes
2. No
1. Yes
2. No
","-8. Don't know
-9. Refused
-8. Don't know
-9. Refused
"
ptylik_lwhatdp,What doesR like about Democratic party,,"-2. Textresponses available in separatefile
-2. Textresponses available in separatefile
"
ptylik_disldp,Is thereanything R dislikes about Democratic Party,"1. Yes
2. No
1. Yes
2. No
","-8. Don'tknow
-9. Refused
-8. Don't know
-9. Refused
"
ptylik_dwhatdp,What doesR dislike about the Democratic party,,"-2. Textresponses available in separatefile
-2. Textresponses available in separatefile
"
ptylik_likrp,Is thereanything R likes about Republican Party,"1. Yes
2. No
1. Yes
2. No
","-8. Don'tknow
-9. Refused
-8. Don't know
-9. Refused
"
ptylik_lwhatrp,What doesR like about Republican party,,"-2. Textresponses available in separatefile
-2. Textresponses available in separatefile
"
ptylik_dislrp,Is thereanything R dislikes about Republican Party,"1. Yes
2. No
1. Yes
2. No
","-8. Don'tknow
-9. Refused
-8. Don't know
-9. Refused
"
ptylik_dwhatrp,What doesR dislike about the Republican party,,"-2. Textresponses available in separatefile
-2. Textresponses available in separatefile
"
finance_finfam,R livingwith how many family members,"0. No family members
1. One family member
2. Twofamily members
3. Threefamily members
4. Four family members
5. Five or morefamily members
0. No family members
1. One family member
2. Twofamilymembers
3. Three family members
4. Fourfamily members
5. Five or more familymembers
","-8. Don't know
-9. Refused
-8. Don't know
-9. Refused
"
finance_finpast,R better/worseoffthan 1 year ago,"1. Better
2. Worse
3. The same (VOL)
1. Better
2. Worse
3. Thesame (VOL)
","-8. Don'tknow
-9. Refused
-8. Don't know
-9. Refused
"
finance_finpastamt,R howmuch better/worse offthan 1 yearago,"1. Much
2. Somewhat
1. Much
2. Somewhat
","-1. Inapplicable
-8. Don't know
-9. Refused
-1. Inapplicable
-8. Don't know
-9. Refused
"
finance_finpast_x,PRE: SUMMARY-Betteror worse offthan 1year ago,"1. Much better
2. Somewhatbetter
3. The same (VOL)
4. Somewhat worse
5. Much worse
1. Much better
2. Somewhat better
3. Thesame (VOL)
4. Somewhat worse
5. Much worse
","-8. Don't know
-9. Refused
-8. Don't know
-9. Refused
"
finance_finnext,Will Rbe financially better/worse offone yearfrom now,"1. Better
2. Worse
3. The same
1. Better
2. Worse
3. The same
","-8. Don't know
-9. Refused
-8. Don't know
-9. Refused
"
finance_finnextamt,R howmuch better/worse off1 year fromnow,"1. Much
2. Somewhat
1. Much
2. Somewhat
","-1. Inapplicable
-8. Don't know
-9. Refused
-1. Inapplicable
-8. Don't know
-9. Refused
"
finance_finnext_x,PRE: SUMMARY-Betteror worse off1 yearfrom now,"1. Much better
2. Somewhatbetter
3. The same
4. Somewhat worse
5. Much worse
1. Much better
2. Somewhat better
3. The same
4. Somewhat worse
5. Much worse
","-8. Don't know
-9. Refused
-8. Don't know
-9. Refused
"
health_insured,Does Rhave health insurance,"1. Yes
2. No
1. Yes
2. No
","-8. Don't know
-9. Refused
-8. Don't know
-9. Refused
"
health_2010hcr,Favor oroppose 2010 health care law,"1. Favor
2. Oppose
3. Neither favor nor oppose
1. Favor
2. Oppose
3. Neitherfavor nor oppose
","-8. Don't know
-9. Refused
-8. Don't know
-9. Refused
"
health_2010hcrfav,Strength ofsupport or oppose 2010 law,"1. A great deal
2. Moderately
3. A little
1. A great deal
2. Moderately
3. A little
","-1. Inapplicable
-8. Don't know
-9. Refused
-1. Inapplicable
-8. Don't know
-9. Refused
"
health_2010hcropp,Strength ofsupport or oppose 2010 law,"1. A great deal
2. Moderately
3. A little
1. A great deal
2. Moderately
3. A little
","-1. Inapplicable
-8. Don't know
-9. Refused
-1. Inapplicable
-8. Don't know
-9. Refused
"
health_2010hcr_x,PRE: SUMMARY-Support2010 health care law,"1. Favor a great deal
2. Favor moderately
3. Favora little
4. Neither favor nor oppose
5. Oppose a little
6. Opposemoderately
7. Oppose a great deal
1. Favor a greatdeal
2. Favor moderately
3. Favor a little
4. Neitherfavor nor oppose
5. Oppose alittle
6. Oppose moderately
7. Opposea great deal
","-8. Don't know
-9. Refused
-8. Don't know
-9. Refused
"
health_self,Health ofR,"1. Excellent
2. Verygood
3. Good
4. Fair
5. Poor
1. Excellent
2. Verygood
3. Good
4. Fair
5. Poor
","-8. Don't know
-9. Refused
-8. Don't know
-9. Refused
"
health_smoke,Smoked Cigarettes,"1. Yes
2. No
1. Yes
2. No
","-8. Don'tknow
-9. Refused
-8. Don't know
-9. Refused
"
health_smokeamt,"If smoked,how many now","1. Every day
2. Some days
3. Not at all
1. Every day
2. Some days
3. Not at all
","-1. Inapplicable
-9. Refused
-1. Inapplicable
-9. Refused
"
candaff_angdpc,Affectfor Democratic Pres cand: angry,"1. Yes
2. No
1. Yes
2. No
","-8. Don't know
-9. Refused
-8. Don't know
-9. Refused
"
candaff_angdpcoft,How oftenaffectangry about Democratic Pres cand,"1. Always
2. Mostof the time
3. About halfthe time
4. Some of thetime
5. Never
","-1. Inapplicable
-8. Don't know
-9. Refused
"
candaff_hpdpc,Affectfor Democratic Pres cand: hopeful,"1. Yes
2. No
1. Yes
2. No
","-8. Don't know
-9. Refused
-8. Don't know
-9. Refused
"
candaff_hpdpcoft,How oftenaffecthopeful about Democratic Pres cand,"1. Always
2. Mostof the time
3. Abouthalf the time
4. Some ofthe time
5. Never
","-1. Inapplicable
-8. Don't know
-9. Refused
"
candaff_afrdpc,Affectfor Democratic Pres cand: afraid,"1. Yes
2. No
1. Yes
2. No
","-8. Don't know
-9. Refused
-8. Don't know
-9. Refused
"
candaff_afrdpcoft,How oftenaffectafraid about Democratic Pres cand,"1. Always
2. Mostof the time
3. About halfthe time
4. Some of thetime
5. Never
","-1. Inapplicable
-8. Don't know
-9. Refused
"
candaff_prddpc,Affectfor Democratic Pres cand: proud,"1. Yes
2. No
1. Yes
2. No
","-8. Don't know
-9. Refused
-8. Don't know
-9. Refused
"
candaff_prddpcoft,How oftenaffectproud about Democratic Pres cand,"1. Always
2. Mostof the time
3. Abouthalf the time
4. Some ofthe time
5. Never
","-1. Inapplicable
-8. Don't know
-9. Refused
"
candaff_angrpc,Affectfor Republican Pres cand: angry,"1. Yes
2. No
1. Yes
2. No
","-8. Don'tknow
-9. Refused
-8. Don't know
-9. Refused
"
candaff_angrpcoft,How oftenaffectangry about Republican Pres cand,"1. Always
2. Most of the time
3. About half the time
4. Some of the time
5. Never
","-1. Inapplicable
-8. Don't know
-9. Refused
"
candaff_hprpc,Affectfor Republican Pres cand: hopeful,"1. Yes
2. No
1. Yes
2. No
","-8. Don't know
-9. Refused
-8. Don't know
-9. Refused
"
candaff_hprpcoft,How oftenaffecthopeful about Republican Pres cand,"1. Always
2. Mostof the time
3. About halfthe time
4. Some of thetime
5. Never
","-1. Inapplicable
-8. Don't know
-9. Refused
"
candaff_afrrpc,Affectfor Republican Pres cand: afraid,"1. Yes
2. No
1. Yes
2. No
","-8. Don't know
-9. Refused
-8. Don't know
-9. Refused
"
candaff_afrrpcoft,How oftenaffectafraid about Republican Pres cand,"1. Always
2. Mostof the time
3. About halfthe time
4. Some of thetime
5. Never
1. Always
2. Most ofthe time
3. About halfthe time
4. Some of thetime
5. Never
","-1. Inapplicable
-1. Inapplicable
"
candaff_prdrpc,Affectfor Republican Pres cand: proud,"1. Yes
2. No
1. Yes
2. No
","-8. Don't know
-9. Refused
-8. Don't know
-9. Refused
"
candaff_prdrpcoft,How oftenaffectproud about Republican Pres cand,"1. Always
2. Mostof the time
3. About halfthe time
4. Some of thetime
5. Never
","-1. Inapplicable
-8. Don't know
-9. Refused
"
libcpre_self,7pt scaleLiberal/conservative self-placement,"1. Extremely liberal
2. Liberal
3. Slightly liberal
4. Moderate; middle ofthe road
5. Slightlyconservative
6. Conservative
7. Extremely conservative
","-2. Haven't thought much aboutthis
-8. Don't know
-9. Refused
"
libcpre_choose,If Rhad to choose liberal or conservativeself-placemt,"1. Liberal
2. Conservative
3. Moderate (VOL)
1. Liberal
2. Conservative
3. Moderate (VOL)
","-1. Inapplicable
-8. Don't know
-9. Refused
-1. Inapplicable
-8. Don't know
-9. Refused
"
libcpre_dpc,7pt scaleliberal/conservative - Dem Pres cand,"1. Extremely liberal
2. Liberal
3. Slightly liberal
4. Moderate; middle of theroad
5. Slightlyconservative
6. Conservative
7. Extremely conservative
","-8. Don't know
-9. Refused
"
libcpre_rpc,7pt scaleliberal/conservative - Rep Pres cand,"1. Extremely liberal
2. Liberal
3. Slightly liberal
4. Moderate; middle of theroad
5. Slightlyconservative
6. Conservative
7. Extremely conservative
1. Extremely liberal
2. Liberal
3. Slightly liberal
4. Moderate; middle of the road
5. Slightly conservative
6. Conservative
7. Extremely conservative
","-8. Don't know
-9. Refused
-8. Don't know
-9. Refused
"
libcpre_ptyd,7pt scaleliberal/conservative Dem party,"1. Extremely liberal
2. Liberal
3. Slightly liberal
4. Moderate; middle of theroad
5. Slightlyconservative
6. Conservative
7. Extremely conservative
","-8. Don't know
-9. Refused
"
libcpre_ptyr,7pt scaleliberal/conservative Rep party,"1. Extremely liberal
2. Liberal
3. Slightly liberal
4. Moderate; middle of theroad
5. Slightlyconservative
6. Conservative
7. Extremely conservative
1. Extremely liberal
2. Liberal
3. Slightly liberal
4. Moderate; middle of the road
5. Slightly conservative
6. Conservative
7. Extremely conservative
","-8. Don't know
-9. Refused
-8. Don't know
-9. Refused
"
divgov_splitgov,Party Controlor split government,"1. Better whenone party controls both
2. Better when control issplit
3. It doesn't matter
1. Better when oneparty controls both
2. Better when control issplit
3. Itdoesn't matter
","-8. Don't know
-9. Refused
-8. Don't know
-9. Refused
"
likelypct_howlikvt1,[1/2 SAMPLE2A] How likely is it thatR will vote in Nov,"1. Extremely likely
2. Verylikely
3. Moderately likely
4. Slightlylikely
5. Not likely at all
","-1. Inapplicable
-8. Don't know
-9. Refused
"
likelypct_whatpct1,[1/2 SAMPLE2B] What is percent chance Rwill vote in Nov,,
campfin_limcorp,Should govbe able to limit corporate contributions,"1. Favor
2. Oppose
3. Neither favor nor oppose
1. Favor
2. Oppose
3. Neitherfavor nor oppose
","-8. Don't know
-9. Refused
-8. Don't know
-9. Refused
"
campfin_banads,Ban corporate/unionads for candidates,"1. Favor
2. Oppose
3. Neither favor nor oppose
1. Favor
2. Oppose
3. Neitherfavor nor oppose
","-8. Don'tknow
-9. Refused
-8. Don't know
-9. Refused
"
ineq_incgap,Income gaptoday more or less than 20years ago,"1. Larger
2. Smaller
3. About the same
1. Larger
2. Smaller
3. About the same
","-8. Don't know
-9. Refused
-8. Don't know
-9. Refused
"
ineq_gapmore,How muchlarger is income gap today,"1. Much
2. Somewhat
1. Much
2. Somewhat
","-1. Inapplicable
-8. Don't know
-9. Refused
-1. Inapplicable
-8. Don't know
-9. Refused
"
ineq_gapless,How muchsmaller is income gap today,"1. Much
2. Somewhat
1. Much
2. Somewhat
","-1. Inapplicable
-8. Don't know
-9. Refused
-1. Inapplicable
-8. Don't know
-9. Refused
"
ineq_incgap_x,PRE: SUMMARY-Incomegap size compared to 20 yearsago,"1. Muchlarger
2. Somewhat larger
3. About the same
4. Somewhatsmaller
5. Much smaller
1. Muchlarger
2. Somewhat larger
3. About the same
4. Somewhatsmaller
5. Much smaller
","-8. Don'tknow
-9. Refused
-8. Don't know
-9. Refused
"
effic_complicstd,[STD] Politics/govttoo complicated to understand,"1. Agree strongly
2. Agreesomewhat
3. Neither agree nor disagree
4. Disagree somewhat
5. Disagree strongly
","-1. Inapplicable
-8. Don't know
-9. Refused
"
effic_undstd,[STD] Goodunderstanding of political issues,"1. Agree strongly
2. Agreesomewhat
3. Neither agree nor disagree
4. Disagree somewhat
5. Disagree strongly
","-1. Inapplicable
-8. Don't know
-9. Refused
"
effic_carestd,[STD] Publofficialsdon't care what people think,"1. Agree strongly
2. Agreesomewhat
3. Neither agree nor disagree
4. Disagree somewhat
5. Disagree strongly
","-1. Inapplicable
-8. Don't know
-9. Refused
"
effic_saystd,[STD] Haveno say about what govt does,"1. Agree strongly
2. Agreesomewhat
3. Neither agree nor disagree
4. Disagree somewhat
5. Disagree strongly
","-1. Inapplicable
-8. Don't know
-9. Refused
"
effic_complicrev,[REV] Politics/govttoo complicated to understand,"1. Always
2. Mostof the time
3. About halfthe time
4. Some of thetime
5. Never
","-1. Inapplicable
-8. Don't know
-9. Refused
"
effic_undrev,[REV] Goodunderstanding of political issues,"1. Extremelywell
2. Verywell
3. Moderatelywell
4. Slightly well
5. Not well atall
","-1. Inapplicable
-8. Don'tknow
-9. Refused
"
effic_carerev,[REV] Publofficialsdon't care what people think,"1. A greatdeal
2. Alot
3. A moderate amount
4. A little
5. Not at all
1. A greatdeal
2. A lot
3. A moderate amount
4. A little
5. Notat all
","-1. Inapplicable
-8. Don't know
-9. Refused
-1. Inapplicable
-8. Don't know
-9. Refused
"
effic_sayrev,[REV] Haveno say about what govt does,"1. A greatdeal
2. Alot
3. A moderate amount
4. A little
5. Not at all
1. A greatdeal
2. A lot
3. A moderate amount
4. A little
5. Notat all
","-1. Inapplicable
-8. Don't know
-9. Refused
-1. Inapplicable
-8. Don't know
-9. Refused
"
econ_ecnow,Current economygood or bad,"1. Verygood
2. Good
3. Neither good norbad
4. Bad
5. Verybad
1. Verygood
2. Good
3. Neither good nor bad
4. Bad
5. Verybad
","-8. Don't know
-9. Refused
-8. Don't know
-9. Refused
"
econ_ecpast,National economybetter/worse in last year,"1. Gotten better
2. Stayed about thesame
3. Gotten worse
1. Gotten better
2. Stayed about the same
3. Gotten worse
","-8. Don't know
-9. Refused
-8. Don't know
-9. Refused
"
econ_ecpastamt,How muchnational economy better/worse in last year,"1. Much
2. Somewhat
1. Much
2. Somewhat
","-1. Inapplicable
-8. Don't know
-9. Refused
-1. Inapplicable
-8. Don't know
-9. Refused
"
econ_ecpast_x,PRE: SUMMARY-U.S.economy better or worse than 1year ago,"1. Much better
2. Somewhat better
3. Stayed about thesame
4. Somewhat worse
5. Much worse
1. Muchbetter
2. Somewhat better
3. Stayed about the same
4. Somewhatworse
5. Much worse
","-8. Don't know
-9. Refused
-8. Don't know
-9. Refused
"
econ_ecnext,Economy betteror worse in next 12 months,"1. Get better
2. Stay aboutthe same
3. Get worse
1. Get better
2. Stay about thesame
3. Get worse
","-8. Don't know
-9. Refused
-8. Don't know
-9. Refused
"
econ_ecnextamt,How muchecon better/worse next 12 months,"1. Much
2. Somewhat
1. Much
2. Somewhat
","-1. Inapplicable
-8. Don't know
-1. Inapplicable
-8. Don't know
"
econ_ecnext_x,PRE: SUMMARY-U.S.economy better or worse 1 yearfrom now,"1. Muchbetter
2. Somewhat better
3. Stay aboutthe same
4. Somewhat worse
5. Much worse
1. Much better
2. Somewhat better
3. Stay about thesame
4. Somewhat worse
5. Much worse
","-8. Don't know
-9. Refused
-8. Don't know
-9. Refused
"
econ_unpast,Unemployment betteror worse in last year,"1. Better
2. About the same
3. Worse
1. Better
2. About the same
3. Worse
","-8. Don't know
-9. Refused
-8. Don't know
-9. Refused
"
econ_unlast,How muchunemployment better or worse in lastyear,"1. Much
2. Somewhat
1. Much
2. Somewhat
","-1. Inapplicable
-8. Don't know
-9. Refused
-1. Inapplicable
-8. Don't know
-9. Refused
"
econ_unpast_x,PRE: SUMMARY-Unemploymentbetter or worse than 1 yearago,"1. Much better
2. Somewhatbetter
3. About the same
4. Somewhat worse
5. Much worse
1. Much better
2. Somewhat better
3. About the same
4. Somewhat worse
5. Much worse
","-8. Don't know
-9. Refused
-8. Don't know
-9. Refused
"
econ_unnext,More orless unemployment in next year,"1. More
2. About the same
3. Less
1. More
2. About the same
3. Less
","-8. Don't know
-9. Refused
-8. Don't know
-9. Refused
"
ecblame_pres,How muchis President to blame for poorecon conditions,"1. Agreat deal
2. A lot
3. A moderate amount
4. Alittle
5. Not at all
","-8. Don't know
-9. Refused
"
ecblame_fmpr,How muchformer President to blame for poorecon conds,"1. A great deal
2. A lot
3. A moderateamount
4. A little
5. Not atall
","-8. Don't know
-9. Refused
"
ecblame_dem,How muchDems in Congress to blame forpoor econ conds,"1. Agreat deal
2. A lot
3. A moderate amount
4. Alittle
5. Not at all
","-8. Don't know
-9. Refused
"
ecblame_rep,How muchReps in Congress to blame forpoor econ conds,"1. Agreat deal
2. A lot
3. A moderate amount
4. Alittle
5. Not at all
","-8. Don't know
-9. Refused
"
ecblame_bank,How muchWallSt. bankersto blame for poor econ conds,"1. Agreat deal
2. A lot
3. A moderate amount
4. Alittle
5. Not at all
","-8. Don't know
-9. Refused
"
ecblame_cons,How muchconsumers to blame for poor economicconds,"1. Agreat deal
2. A lot
3. A moderate amount
4. Alittle
5. Not at all
","-8. Don't know
-9. Refused
"
ecblame_lend,How muchlenders to blame for poor economicconditions,"1. Agreat deal
2. A lot
3. A moderate amount
4. Alittle
5. Not at all
","-8. Don't know
-9. Refused
"
ptyperf_ptyecon,Which partybetter: handling nations economy,"1. Democrats
2. Republicans
3. Notmuch differencebetween them
4. Neither party (VOL)
1. Democrats
2. Republicans
3. Not muchdifferencebetween them
4. Neitherparty (VOL)
","-8. Don't know
-9. Refused
-8. Don'tknow
-9. Refused
"
preswin_care,Care whowins Presidential Election,"1. Care a good deal
2. Don'tcare very much
1. Care a good deal
2. Don't carevery much
","-8. Don'tknow
-9. Refused
-8. Don'tknow
-9. Refused
"
preswin_win,Who doesR think will be elected President,"5. Other (SPECIFY)(VOL)
5. Other (SPECIFY) (VOL)
","-8. Don'tknow
-9. Refused
-8. Don'tknow
-9. Refused
"
preswin_win_oth,PRE: Otherspecify- Who does R think willbe elected President,,"-2. Textresponses available in separatefile
-2. Textresponses available in separatefile
"
preswin_close,Will Presrace be a close or will(winner) win by a lot,"1. Will beclose
2. Win by quite abit
1. Will beclose
2. Win by quite abit
","-1. Inapplicable
-8. Don't know
-9. Refused
-1. Inapplicable
-8. Don't know
-9. Refused
"
preswin_state,Which Prescand will carry state,"5. Other (SPECIFY)(VOL)
5. Other (SPECIFY) (VOL)
","-8. Don'tknow
-9. Refused
-8. Don'tknow
-9. Refused
"
preswin_state_oth,PRE: Otherspecify- Which Pres cand will carrystate,,"-2. Textresponses available in separatefile
-2. Textresponses available in separatefile
"
preswin_closest,Will Presrace be close in state,"1. Will beclose
2. Win by quite abit
1. Will beclose
2. Win by quite abit
","-1. Inapplicable
-8. Don't know
-9. Refused
-1. Inapplicable
-8. Don't know
-9. Refused
"
preswin_dutychoice,[VERSION 1A]Does R consider voting a dutyor choice,"1. Mainlya duty
2. Mainly a choice
3. Neither a duty nora choice
","-1. Inapplicable
-8. Don't know
-9. Refused
"
preswin_choiceduty,[VERSION 1B]Does R consider voting a choiceor duty,"1. Mainly a choice
2. Mainlya duty
3. Neither a duty nora choice
1. Mainly a choice
2. Mainlya duty
3. Neither a duty nora choice
","-1. Inapplicable
-8. Don't know
-9. Refused
-1. Inapplicable
-8. Don't know
-9. Refused
"
preswin_dutyst,How stronglydoes R feel that voting isa duty,"1. Verystrongly
2. Moderately strongly
3. Alittle strongly
1. Verystrongly
2. Moderately strongly
3. A little strongly
","-1. Inapplicable
-9. Refused
-1. Inapplicable
-9. Refused
"
preswin_choicest,How stronglydoes R feel that voting isa choice,"1. Verystrongly
2. Moderately strongly
3. Alittle strongly
1. Verystrongly
2. Moderately strongly
3. A little strongly
","-1. Inapplicable
-1. Inapplicable
"
preswin_dutychoice_x,PRE: SUMMARY-DoesR consider voting as duty/choice,"1. Verystrongly feel voting is aduty
2. Moderately strongly feelvoting is a duty
3. A littlestrongly feel voting is a duty
4. Feel voting isneither duty nor choice
5. A little strongly feel votingis a choice
6. Moderately strongly feel voting is achoice
7. Verystrongly feelvoting is a choice
1. Verystrongly feel voting is a duty
2. Moderately strongly feel votingis a duty
3. A little stronglyfeel voting is a duty
4. Feel voting is neitherduty nor choice
5. A little strongly feel voting isa choice
6. Moderately stronglyfeel voting is a choice
7. Verystrongly feel votingis a choice
","-8. Don't know
-9. Refused
-8. Don'tknow
-9. Refused
"
usworld_stronger,"During lastyear,U.S. position in worldweaker/str","1. Weaker
2. Stayed about thesame
3. Stronger
1. Weaker
2. Stayed about the same
3. Stronger
","-8. Don't know
-9. Refused
-8. Don't know
-9. Refused
"
usworld_stay,Country wouldbe better offif we juststayed home,"1. Agree
2. Disagree
1. Agree
2. Disagree
","-8. Don't know
-9. Refused
-8. Don't know
-9. Refused
"
pid_self,"Party ID:Does R think of self asDem, Rep, Ind or what","0. No preference (VOL)
1. Democrat
2. Republican
3. Independent
5. Other party(SPECIFY)
","-8. Don't know
-9. Refused
"
pid_self_oth,PRE: RESTRICTED:Other specify- Party ID,,"-3. Restricted access
-3. Restricted access
"
pid_strong,Party Identificationstrong - Democrat/Republican,"1. Strong
2. Not very strong
1. Strong
2. Not verystrong
","-1. Inapplicable
-4. Error
-8. Don't know
-9. Refused
-1. Inapplicable
-4. Error
-8. Don'tknow
-9. Refused
"
pid_lean,No PartyIdentification - closer to Dems orReps,"1. Closerto Republican
2. Neither (VOL)
3. Closerto Democratic
1. Closer toRepublican
2. Neither (VOL)
3. Closer toDemocratic
","-1. Inapplicable
-8. Don'tknow
-9. Refused
-1. Inapplicable
-8. Don'tknow
-9. Refused
"
pid_x,PRE: SUMMARY-PartyID,"1. Strong Democrat
2. Not verystrong Democract
3. Independent-Democrat
4. Independent
5. Independent-Republican
6. Notvery strong Republican
7. Strong Republican
1. Strong Democrat
2. Not very strong Democract
3. Independent-Democrat
4. Independent
5. Independent-Republican
6. Not very strongRepublican
7. StrongRepublican
","-2. Missing
-2. Missing
"
tea_supp,TeaParty Support,"1. Support
2. Oppose
3. Neithersupport nor oppose
1. Support
2. Oppose
3. Neither supportnor oppose
","-8. Don't know
-9. Refused
-8. Don'tknow
-9. Refused
"
tea_suppstr,Strength supportor oppose tea party,"1. Strong
2. Not very strong
1. Strong
2. Not verystrong
","-1. Inapplicable
-8. Don't know
-9. Refused
-1. Inapplicable
-8. Don'tknow
-9. Refused
"
tea_suppln,Neither -closer to support or oppose,"1. Lean toward supporting
2. Lean toward opposing
3. Do not lean eitherway
1. Lean toward supporting
2. Lean toward opposing
3. Do not lean eitherway
","-1. Inapplicable
-8. Don't know
-9. Refused
-1. Inapplicable
-8. Don't know
-9. Refused
"
tea_supp_x,PRE: SUMMARY-TeaPartysupport,"1. Strongsupport
2. Not very strongsupport
3. Leantoward supporting
4. Do notlean either way
5. Lean toward opposing
6. Not very strong opposition
7. Strong opposition
1. Strong support
2. Not very strong support
3. Lean towardsupporting
4. Do not leaneither way
5. Lean toward opposing
6. Not very strong opposition
7. Strong opposition
","-8. Don't know
-9. Refused
-8. Don't know
-9. Refused
"
ctrait_dpcmoral,Pres Demcand trait moral,"1. Extremely well
2. Verywell
3. Moderately well
4. Slightly well
5. Notwell at all
","-8. Don't know
-9. Refused
"
ctrait_dpclead,Pres Demcand trait strong leadership,"1. Extremely well
2. Verywell
3. Moderately well
4. Slightly well
5. Not wellat all
","-8. Don'tknow
-9. Refused
"
ctrait_dpccare,Pres Demcand trait really cares,"1. Extremely well
2. Verywell
3. Moderately well
4. Slightly well
5. Not wellat all
","-8. Don'tknow
-9. Refused
"
ctrait_dpcknow,Pres Demcand trait knowledgeable,"1. Extremely well
2. Verywell
3. Moderately well
4. Slightly well
5. Not wellat all
","-8. Don'tknow
-9. Refused
"
ctrait_dpcint,Pres Demcand trait intelligent,"1. Extremely well
2. Verywell
3. Moderately well
4. Slightlywell
5. Not well at all
","-8. Don't know
-9. Refused
"
ctrait_dpchonst,Pres Demcand trait honest,"1. Extremely well
2. Verywell
3. Moderately well
4. Slightly well
5. Notwell at all
","-8. Don't know
-9. Refused
"
ctrait_rpcmoral,Pres Repcand trait moral,"1. Extremely well
2. Verywell
3. Moderately well
4. Slightly well
5. Notwell at all
","-8. Don't know
-9. Refused
"
ctrait_rpclead,Pres Repcand trait strong leadership,"1. Extremely well
2. Verywell
3. Moderately well
4. Slightly well
5. Notwell at all
","-8. Don't know
-9. Refused
"
ctrait_rpccare,Pres Repcand trait really cares,"1. Extremely well
2. Verywell
3. Moderately well
4. Slightly well
5. Not wellat all
","-8. Don'tknow
-9. Refused
"
ctrait_rpcknow,Pres Repcand trait knowledgeable,"1. Extremely well
2. Verywell
3. Moderately well
4. Slightly well
5. Not wellat all
","-8. Don'tknow
-9. Refused
"
ctrait_rpcint,Pres Repcand trait intelligent,"1. Extremely well
2. Verywell
3. Moderately well
4. Slightly well
5. Not wellat all
","-8. Don'tknow
-9. Refused
"
ctrait_rpchonst,Pres Repcand trait honest,"1. Extremely well
2. Verywell
3. Moderately well
4. Slightlywell
5. Not well at all
","-8. Don't know
-9. Refused
"
war_worthit,Waswar worth the cost,"1. Worthit
2. Not worth it
1. Worthit
2. Not worth it
","-8. Don't know
-9. Refused
-8. Don't know
-9. Refused
"
war_terror,Warincreased or decreased threat of terrorism,"1. Increased
2. Decreased
3. Stayed about thesame
1. Increased
2. Decreased
3. Stayed about the same
","-8. Don't know
-9. Refused
-8. Don't know
-9. Refused
"
spsrvpr_ssself,7pt scalespending and Services self-placement,,
spsrvpr_ssdpc,7pt scalespending and Services Dem Presidential cand,,
spsrvpr_ssrpc,7pt scalespending and Services Rep Presidential cand,,
spsrvpr_ssdem,7pt scalespending and Services Dem Party,,
spsrvpr_ssrep,7pt scalespending and Services Rep Party,,
defsppr_self,7pt scaledefense spending self-placement,,
defsppr_dpc,7pt scaledefense spending Dem Pres cand,,
defsppr_rpc,7pt scaledefense spending Rep Pres cand,,
defsppr_dem,7pt scaledefense spending Dem Party,,
defsppr_rep,7pt scaledefense spending Rep Party,,
inspre_self,7pt scalegovt-private medical insur scale: self-plmt,,
inspre_dpc,7pt scalegovt-private medical insur scale: Dem Pres cand,,
inspre_rpc,7pt scalegovt-private medical insur scale: Rep Pres cxand,,
inspre_dem,7pt scalegovt-private medical insur scale: Dem Party,,
inspre_rep,7pt scalegovt-private medical insur scale: Rep Party,,
gun_control,Should fedgovt make it more difficulttobuy a gun,"1. More difficult
2. Easier
3. Keep theserules about the same
1. More difficult
2. Easier
3. Keep theserules about the same
","-8. Don'tknow
-9. Refused
-8. Don'tknow
-9. Refused
"
gun_importance,Importance ofgun access issue to R,"1. Extremely important
2. Veryimportant
3. Somewhat important
4. Not too important
5. Notimportantat all
1. Extremely important
2. Veryimportant
3. Somewhat important
4. Nottoo important
5. Not importantat all
","-8. Don't know
-9. Refused
-8. Don'tknow
-9. Refused
"
guarpr_self,7pt scaleguaranteed job-income scale: self-placement,,
guarpr_dpc,7pt scaleguaranteed job-income scale: DemPres cand,,
guarpr_rpc,7pt scaleguaranteed job-income scale: RepPres cand,,
guarpr_dem,7pt scaleguaranteed job-income scale: DemParty,,
guarpr_rep,7pt scaleguaranteed job-income scale: RepParty,,
immig_policy,U.S. governmentpolicy toward unauthorized immigrants,"1. Make allunauthorized immigrants felons and
2. Have a guest worker program thatallows
3. Allow unauthorized immigrants toremain in the
4. Allow unauthorized immigrants toremain in the
","-8. Don't know
-9. Refused
"
immig_citizen,Opinion onproposal to allow citzship to someilleg aliens,"1. Favor
2. Oppose
3. Neither favoror oppose
1. Favor
2. Oppose
3. Neither favor oroppose
","-8. Don't know
-9. Refused
-8. Don't know
-9. Refused
"
immig_checks,Opinion onlaws to allow immigr status checkson suspects,"1. Favor
2. Oppose
3. Neither favoror oppose
1. Favor
2. Oppose
3. Neither favor oroppose
","-8. Don't know
-9. Refused
-8. Don't know
-9. Refused
"
aidblack_self,7pt scalegovt assistance to blacks scale: self-placemt,,
aidblack_dpc,7pt scalegovt assistance to blacks scale: Dem Pres cand,,
aidblack_rpc,7pt scalegovt assistance to blacks scale: Rep Pres cand,,
envjob_self,7pt scaleenvironment-jobs tradeoffself-placement,,
envjob_dpc,7pt scaleenvironment-jobs tradeoffDem Pres cand,,
envjob_rpc,7pt scaleenvironment-jobs tradeoffRep Pres cand,,
aa_uni,Does Rfavor or oppose affirmativeaction inuniversities,"1. Favor
2. Oppose
3. Neither favor nor oppose
1. Favor
2. Oppose
3. Neitherfavor nor oppose
","-8. Don't know
-9. Refused
-8. Don't know
-9. Refused
"
aa_unifav,How muchdoes R favor affirmativeaction inuniversities,"1. A greatdeal
2. A moderate amount
3. A little
1. A greatdeal
2. A moderate amount
3. A little
","-1. Inapplicable
-8. Don't know
-1. Inapplicable
-8. Don't know
"
aa_uniopp,How muchdoes R oppose affirmativeaction inuniversities,"1. A greatdeal
2. A moderate amount
3. A little
1. A greatdeal
2. A moderate amount
3. A little
","-1. Inapplicable
-4. Error
-8. Don't know
-1. Inapplicable
-4. Error
-8. Don't know
"
aa_uni_x,PRE: SUMMARY-Favor/opposeaffirmativeaction in universities,"1. Favor agreat deal
2. Favor moderately
3. Favor alittle
4. Neither favor nor oppose
5. Opposea little
6. Oppose moderately
7. Oppose a great deal
1. Favor a greatdeal
2. Favor moderately
3. Favor a little
4. Neitherfavor nor oppose
5. Oppose alittle
6. Oppose moderately
7. Opposea great deal
","-1. Inapplicable
-8. Don'tknow
-9. Refused
-1. Inapplicable
-8. Don't know
-9. Refused
"
aa_work,Does Rfavor or oppose affirmativeaction atwork,"1. Favor
2. Oppose
3. Neither favor nor oppose
1. Favor
2. Oppose
3. Neitherfavor nor oppose
","-8. Don't know
-9. Refused
-8. Don't know
-9. Refused
"
aa_workfav,How muchdoes R favor affirmativeaction atwork,"1. A greatdeal
2. A moderate amount
3. A little
1. A greatdeal
2. A moderate amount
3. A little
","-1. Inapplicable
-8. Don't know
-1. Inapplicable
-8. Don't know
"
aa_workopp,How muchdoes R oppose affirmativeaction atwork,"1. Agreat deal
2. A moderate amount
3. Alittle
1. A greatdeal
2. A moderate amount
3. A little
","-1. Inapplicable
-8. Don't know
-1. Inapplicable
-8. Don't know
"
aa_work_x,PRE: SUMMARY-Favor/opposeaffirmativeaction at work,"1. Favor agreat deal
2. Favor moderately
3. Favor alittle
4. Neither favor nor oppose
5. Opposea little
6. Oppose moderately
7. Oppose a great deal
1. Favor a greatdeal
2. Favor moderately
3. Favor a little
4. Neitherfavor nor oppose
5. Oppose alittle
6. Oppose moderately
7. Opposea great deal
","-8. Don'tknow
-9. Refused
-8. Don't know
-9. Refused
"
fedspend_ss,Federal BudgetSpending: Social Security,"1. Increased
2. Decreased
","-8. Don't know
-9. Refused
"
fedspend_schools,Federal BudgetSpending: public schools,"1. Increased
2. Decreased
1. Increased
2. Decreased
","-8. Don't know
-9. Refused
-8. Don't know
-9. Refused
"
fedspend_scitech,Federal BudgetSpending: science and technology,"1. Increased
2. Decreased
1. Increased
2. Decreased
","-8. Don't know
-9. Refused
-8. Don't know
-9. Refused
"
fedspend_crime,Federal BudgetSpending: dealing with crime,"1. Increased
2. Decreased
1. Increased
2. Decreased
","-8. Don't know
-9. Refused
-8. Don't know
-9. Refused
"
fedspend_welfare,Federal BudgetSpending: welfare programs,"1. Increased
2. Decreased
1. Increased
2. Decreased
","-8. Don't know
-9. Refused
-8. Don't know
-9. Refused
"
fedspend_child,Federal BudgetSpending: child care,"1. Increased
2. Decreased
1. Increased
2. Decreased
","-8. Don't know
-9. Refused
-8. Don't know
-9. Refused
"
fedspend_poor,Federal BudgetSpending: aid to thepoor,"1. Increased
2. Decreased
1. Increased
2. Decreased
","-8. Don't know
-9. Refused
-8. Don't know
-9. Refused
"
fedspend_enviro,Federal BudgetSpending: protecting the environment,"1. Increased
2. Decreased
1. Increased
2. Decreased
","-8. Don't know
-9. Refused
-8. Don't know
-9. Refused
"
candrel_dpc,What isthe religion of the Democratic Presidentialcand,"01. Protestant
02. Catholic
03. Jewish
04. Muslim
05. Mormon
06. Not religious
10. Christian(VOL)
11. Baptist (VOL)
12. Other specific Protestant denomination (VOL)
95. Somethingelse (SPECIFY)
","-8. Don't know
-9. Refused
"
candrel_dpc_oth,PRE: Otherspecify- What is the religion ofthe Dem Presidential cand,,"-2. Textresponses available in separatefile
-2. Textresponses available in separatefile
"
candrel_rpc,What isthe religion of the Republican Presidentialcand,"01. Protestant
02. Catholic
03. Jewish
04. Muslim
05. Mormon
06. Not religious
10. Christian (VOL)
12. Other specific Protestant denomination (VOL)
95. Somethingelse (SPECIFY)
","-8. Don't know
-9. Refused
"
candrel_rpc_oth,PRE: Otherspecify- What is the religion ofthe DemoPresidential cand,,"-2. Textresponses available in separatefile
-2. Textresponses available in separatefile
"
trustgov_trustgrev,[REV] Howoften trust govt in Washto do what is right,"1. Always
2. Mostof the time
3. About halfthe time
4. Some of thetime
5. Never
","-1. Inapplicable
-8. Don't know
-9. Refused
"
trustgov_trustgstd,[STD] Howoften trust govt in Washto do what is right,"1. Just aboutalways
2. Mostof the time
3. Only someof the time
4. Never(VOL)
","-1. Inapplicable
-8. Don't know
-9. Refused
"
trustgov_bigintrst,Govt runby a few big interests orfor benefit of all,"1. Run by a few biginterests
2. For thebenefit of all the people
1. Run by a few big interests
2. For thebenefit of all the people
","-8. Don'tknow
-9. Refused
-8. Don'tknow
-9. Refused
"
trustgov_waste,Does governmentwaste much tax money,"1. Wastealot
2. Wastesome
3. Don't wastevery much
1. Wastealot
2. Wastesome
3. Don't waste verymuch
","-8. Don't know
-9. Refused
-8. Don't know
-9. Refused
"
trustgov_corrpt,How manyin government are corrupt,"1. All
2. Most
3. About half
4. A few
5. None
1. All
2. Most
3. About half
4. Afew
5. None
","-8. Don't know
-9. Refused
-8. Don't know
-9. Refused
"
trust_social,How oftencan people be trusted,"1. Always
2. Mostof the time
3. Abouthalf the time
4. Some ofthe time
5. Never
1. Always
2. Most ofthe time
3. About halfthe time
4. Some of thetime
5. Never
","-8. Don't know
-9. Refused
-8. Don'tknow
-9. Refused
"
respons_elections,Elections makegovt pay attention,"1. A good deal
2. Some
3. Not much
1. A good deal
2. Some
3. Not much
","-8. Don't know
-9. Refused
-8. Don't know
-9. Refused
"
econcand_dwin,Economy betteror worse if Dem Pres candwins,"1. Getbetter
2. Stay about the same
3. Get worse
1. Get better
2. Stay about thesame
3. Get worse
","-8. Don't know
-9. Refused
-8. Don't know
-9. Refused
"
econcand_rwin,Economy betteror worse if Rep Pres candwins,"1. Get better
2. Stay aboutthe same
3. Get worse
1. Get better
2. Stay about thesame
3. Get worse
","-8. Don't know
-9. Refused
-8. Don't know
-9. Refused
"
envir_drill,Favor oroppose increased U.S. offshoredrilling,"1. Favor
2. Oppose
3. Neither favor nor oppose
1. Favor
2. Oppose
3. Neitherfavor nor oppose
","-8. Don't know
-9. Refused
-8. Don't know
-9. Refused
"
envir_nuke,Should UShave more or fewer nuclear powerplants,"1. More
2. Fewer
3. The samenumber
1. More
2. Fewer
3. The samenumber
","-8. Don't know
-9. Refused
-8. Don'tknow
-9. Refused
"
envir_gwarm,Is globalwarming happening or not,"1. Has probably been happening
2. Probablyhasn't been happening
1. Hasprobably been happening
2. Probablyhasn't been happening
","-8. Don'tknow
-9. Refused
-8. Don't know
-9. Refused
"
envir_gwgood,Rising temperaturesgood or bad,"1. Good
2. Bad
3. Neither good nor bad
1. Good
2. Bad
3. Neither good nor bad
","-8. Don't know
-9. Refused
-8. Don't know
-9. Refused
"
envir_gwhow,Anthropogenic climatechange,"1. Mostly by human activity
2. Mostlyby natural causes
3. About equally by humanactivity and natural
1. Mostly by human activity
2. Mostly bynatural causes
3. About equally by human
","-8. Don't know
-9. Refused
-8. Don't know
-9. Refused
"
gayrt_discrev,[REV] Shouldlaws protect gays/lesbians against job discrim,"1. Favor
2. Oppose
1. Favor
2. Oppose
","-1. Inapplicable
-8. Don't know
-9. Refused
-1. Inapplicable
-8. Don't know
-9. Refused
"
gayrt_discstrev,[REV] Howmch fav/opp laws protect gays/lesbians jobdiscr,"1. Strongly
2. Not strongly
1. Strongly
2. Not strongly
","-1. Inapplicable
-8. Don't know
-9. Refused
-1. Inapplicable
-8. Don't know
-9. Refused
"
gayrt_discrev_x,PRE:SUMMARYREVversion-favorlawsagainstgays/lesbiansjobdiscrim,"1. Approve strongly
2. Approve not strongly
4. Disapprove notstrongly
5. Disapprove strongly
1. Approve strongly
2. Approvenot strongly
4. Disapprove notstrongly
5. Disapprove strongly
","-1. Inapplicable
-8. Don't know
-9. Refused
-1. Inapplicable
-8. Don'tknow
-9. Refused
"
gayrt_discstd,[STD] Shouldlaws protect homosexuals against job discrim,"1. Favor
2. Oppose
1. Favor
2. Oppose
","-1. Inapplicable
-8. Don't know
-9. Refused
-1. Inapplicable
-8. Don't know
-9. Refused
"
gayrt_discststd,[STD] Howmch fav/opp laws protect homosexuals jobdiscrim,"1. Strongly
2. Not strongly
1. Strongly
2. Not strongly
","-1. Inapplicable
-8. Don't know
-9. Refused
-1. Inapplicable
-8. Don't know
-9. Refused
"
gayrt_discstd_x,PRE:SUMMARYSTDversion-favorlawsagainstgays/lesbiansjobdiscrim,"1. Approve strongly
2. Approve not strongly
4. Disapprove notstrongly
5. Disapprove strongly
1. Approve strongly
2. Approvenot strongly
4. Disapprove notstrongly
5. Disapprove strongly
","-1. Inapplicable
-8. Don't know
-9. Refused
-1. Inapplicable
-8. Don'tknow
-9. Refused
"
gayrt_milrev,[REV] Shouldgays and lesbians serve in U.S.armed forces,"1. Gaysand lesbians should be allowed to serve
2. Gaysandlesbiansshouldnotbeallowedtoserve
1. Gays and lesbians should
2. Gays and lesbians should
","-1. Inapplicable
-8. Don't know
-9. Refused
-1. Inapplicable
-8. Don't know
-9. Refused
"
gayrt_milstrev,[REV] Strengthfavor/opp allow gays serve in armedforces,"1. Strongly
2. Not strongly
1. Strongly
2. Not strongly
","-1. Inapplicable
-8. Don't know
-9. Refused
-1. Inapplicable
-8. Don't know
-9. Refused
"
gayrt_milrev_x,PRE: SUMMARY REV version- allow gays/lesbians serve in US armed,"1. Feel stronglythat gays and lesbians should be
2. Feelnot strongly that gays and lesbians should
4. Feelnot strongly that gays and lesbians should
5. Feelstronglythat gays and lesbians should not
1. Feelstronglythatgaysand
2. Feel not strongly that gays
4. Feel not strongly that gays
5. Feelstronglythatgaysand
","-1. Inapplicable
-8. Don't know
-9. Refused
-1. Inapplicable
-8. Don't know
-9. Refused
"
gayrt_milstd,[STD] Shouldhomosexuals serve in U.S. armed forces,"1. Homosexuals should be allowedto serve
2. Homosexualsshould not be allowed to serve
1. Homosexuals should be allowed toserve
2. Homosexualsshould not be allowed to serve
","-1. Inapplicable
-8. Don'tknow
-9. Refused
-1. Inapplicable
-8. Don't know
-9. Refused
"
gayrt_milststd,[STD] Strengthfav/opp allow homosexuals serve armed forces,"1. Strongly
2. Not strongly
1. Strongly
2. Not strongly
","-1. Inapplicable
-8. Don't know
-9. Refused
-1. Inapplicable
-8. Don't know
-9. Refused
"
gayrt_milstd_x,PRE: SUMMARY STD version- allow gays/lesbians serve in US armed,"1. Feel strongly that homosexualsshould be
2. Feelnot strongly that homosexuals should be
4. Feel not stronglythat homosexuals should not be
5. Feelstrongly that homosexuals should not be
1. Feel strongly that
2. Feel notstrongly that
4. Feel notstrongly that
5. Feel strongly that
","-1. Inapplicable
-8. Don't know
-9. Refused
-1. Inapplicable
-8. Don't know
-9. Refused
"
gayrt_adopt,Should gayand lesbian couples be allowed toadopt,"1. Yes
2. No
1. Yes
2. No
","-8. Don't know
-9. Refused
-8. Don't know
-9. Refused
"
gayrt_marry,R positionon gay marriage,"1. Gay and lesbiancouples should be allowed to
2. Gay and lesbiancouples should be allowed to
3. Thereshould be no legal recognition of agay or
1. Gay andlesbian couples
2. Gay andlesbian couples
3. Thereshould be no legal
","-8. Don't know
-9. Refused
-8. Don't know
-9. Refused
"
abortpre_4point,STD Abortion: self-placement,"1. Bylaw,abortion should never be permitted.
2. The law should permitabortion only in case of
3. The law should permitabortion for reasons other
4. Bylaw,a woman should alwaysbe able to obtain
5. Other(SPECIFY) (VOL)
","-8. Don't know
-9. Refused
"
abortpre_4point_oth,PRE: Otherspecify- STD Abortion: self-placement,,"-2. Textresponses available in separatefile
-2. Textresponses available in separatefile
"
penalty_favdpen,R favor/opposedeath penalty,"1. Favor
2. Oppose
1. Favor
2. Oppose
","-8. Don't know
-9. Refused
-8. Don't know
-9. Refused
"
penalty_dpenstr,Strength Rfavors/opposes death penalty,"1. Strongly
2. Not strongly
1. Strongly
2. Not strongly
","-1. Inapplicable
-8. Don't know
-9. Refused
-1. Inapplicable
-8. Don't know
-9. Refused
"
penalty_favopp_x,PRE: SUMMARY-Favordeath penalty,"1. Approve strongly
2. Approve not strongly
4. Disapprovenot strongly
5. Disapprove strongly
1. Approve strongly
2. Approvenot strongly
4. Disapprove notstrongly
5. Disapprove strongly
","-8. Don't know
-9. Refused
-8. Don'tknow
-9. Refused
"
presadm_secure,U.S. moreor less secure than when Prestook office,"1. More secure
2. Less secure
3. Nochange
1. Moresecure
2. Less secure
3. No change
","-8. Don'tknow
-9. Refused
-8. Don't know
-9. Refused
"
pctlikely_whatpct2,[1/2 SAMPLE2B] What is percent chance Rwill vote in Nov,,
pctlikely_howlikvt2,[1/2 SAMPLE2A] How likely is it thatR will vote in Nov,"1. Extremely likely
2. Verylikely
3. Moderately likely
4. Slightlylikely
5. Not likely at all
","-1. Inapplicable
-8. Don't know
-9. Refused
"
relig_import,Is religionimportant part of R life,"1. Important
2. Not important
1. Important
2. Not important
","-8. Don't know
-9. Refused
-8. Don't know
-9. Refused
"
relig_guide,Religion providesguidance in day-to-day living,"1. Some
2. Quite a bit
3. A great deal
1. Some
2. Quite a bit
3. A great deal
","-1. Inapplicable
-8. Don't know
-9. Refused
-1. Inapplicable
-8. Don't know
-9. Refused
"
relig_pray,How oftendoes R pray (forward/reverse images),"01. Severaltimes a day
02. Once a day
03. A few times a week
04. Once a week or less
05. Never
95. Other (VOL) (SPECIFY)
","-8. Don'tknow
-9. Refused
"
relig_pray_oth,PRE: Otherspecify- How often does R pray,,"-2. Textresponses available in separatefile
-2. Textresponses available in separatefile
"
relig_wordgod,Is Bibleword of God or men,"1. The bible is theactual word of god and isto be
2. The bible is theword of god but not everythingin
3. The bibleis a book written by menand is not the
5. Other(SPECIFY) (VOL)
","-8. Don't know
-9. Refused
"
relig_wordgod_oth,PRE: Otherspecify- Is Bible word of Godor men,,"-2. Textresponses available in separatefile
-2. Textresponses available in separatefile
"
relig_church,Ever attendchurch or religious services,"1. Yes
2. No
1. Yes
2. No
","-8. Don't know
-9. Refused
-8. Don't know
-9. Refused
"
relig_churchoft,Attend religiousservices how often,"1. Every week
2. Almost every week
3. Once ortwicea month
4. A few timesa year
5. Never
1. Everyweek
2. Almost every week
3. Once or twice amonth
4. A few times ayear
5. Never
","-1. Inapplicable
-9. Refused
-1. Inapplicable
-9. Refused
"
relig_churchwk,Attend churchmore often than once a week,"1. Oncea week
2. More often than once aweek
1. Once aweek
2. More often than once aweek
","-1. Inapplicable
-8. Don't know
-1. Inapplicable
-8. Don't know
"
relig_chmember,Ever thinkof self as part of churchor denomination,"1. Yes
2. No
1. Yes
2. No
","-1. Inapplicable
-8. Don't know
-9. Refused
-1. Inapplicable
-8. Don't know
-9. Refused
"
relig_7cat_x,PRE: Religionsummary 7 categories,"1. Mainline Protestant
2. EvangelicalProtestant
3. Black Protestant
4. Roman Catholic
5. UndifferentiatedChristian
6. Jewish
7. Other religion
8. Not religious
1. MainlineProtestant
2. Evangelical Protestant
3. Black Protestant
4. Roman Catholic
5. UndifferentiatedChristian
6. Jewish
7. Other religion
8. Notreligious
","-2. Missing
-2. Missing
"
relig_mastersummary,PRE: Religionmaster summary,"400. Roman Catholic
880. None (noreligion)
149. Baptist (NFS or otherBaptist group not in
010. Protestant, NFS, other,unknown,inter-, or
099. Christian, NFS,unknown,inter-, or
135. Southern Baptist Convention
230. United Methodist Church; Evangelical United
220. Evangelical Lutheran Church in America
199. Pentecostal (NFS);Church of God (NFS);
270. Presbyterian church in the U.S.A.
",
relig_group,(Attends church)R major religious group,"1. Protestant
2. Catholic
3. Jewish
4. Other
1. Protestant
2. Catholic
3. Jewish
4. Other
","-1. Inapplicable
-8. Don't know
-9. Refused
-1. Inapplicable
-8. Don't know
-9. Refused
"
relig_groupna,(Nonattendance) Rmajor religious group,"1. Protestant
2. Catholic
3. Jewish
4. Other
1. Protestant
2. Catholic
3. Jewish
4. Other
","-1. Inapplicable
-8. Don't know
-9. Refused
-1. Inapplicable
-8. Don't know
-9. Refused
"
relig_denom,Major religdenomination,"01. Baptist
10. Christian or just Christian
04. Methodist
03. Lutheran
22. Non-denominational - Protestant
95. Other (SPECIFY) <notrecodeable to other
06. Presbyterian
19. Pentecostal
02. Episcopalian/Anglican/Church of England
","-1. Inapplicable
"
relig_bapt,Specific Baptistdenomination,"1. Southern Baptist Convention
2. American Baptist Churchesin USA
3. American Baptist Association
4. National Baptist Convention
5. Independent Baptist
44. Methodist mention made in Baptistother specify
95. Other (SPECIFY)
","-1. Inapplicable
-8. Don't know
-9. Refused
"
relig_indbapt,Specific indep. Baptist denomination,"1. Larger Baptistgroup (SPECIFY)
2. Local
1. Larger Baptist group(SPECIFY)
2. Local
","-1. Inapplicable
-8. Don't know
-9. Refused
-1. Inapplicable
-8. Don't know
-9. Refused
"
relig_luth,Specific Lutherandenomination,"1. EvangelicalLutheran Church
2. Missouri Synod
5. Other(SPECIFY)
1. EvangelicalLutheranChurch
2. Missouri Synod
5. Other(SPECIFY)
","-1. Inapplicable
-8. Don'tknow
-9. Refused
-1. Inapplicable
-8. Don't know
-9. Refused
"
relig_meth,Specific Methodistdenomination,"1. United MethodistChurch
2. AfricanMethodist Episcopal
3. African Methodist Episcopal zion
5. Other (SPECIFY)
1. United Methodist Church
2. AfricanMethodist Episcopal
3. African Methodist Episcopal zion
5. Other (SPECIFY)
","-1. Inapplicable
-8. Don't know
-1. Inapplicable
-8. Don't know
"
relig_presb,Specific Presbyteriandenomination,"1. Presbyterian Church USA (formerly United
5. Other (SPECIFY)
1. Presbyterian Church USA
5. Other (SPECIFY)
","-1. Inapplicable
-8. Don't know
-9. Refused
-1. Inapplicable
-8. Don't know
-9. Refused
"
relig_refrm,Specific Reformeddenomination,"1. Christian Reformed Church
2. TheReformed Church in America
5. Other (SPECIFY)
1. Christian Reformed Church
2. The ReformedChurch in America
5. Other(SPECIFY)
","-1. Inapplicable
-1. Inapplicable
"
relig_brethr,Specific Brethrendenomination,"1. Church ofthe Brethren
1. Church ofthe Brethren
","-1. Inapplicable
-1. Inapplicable
"
relig_discp,Specific Disciplesdenomination,"1. Disciplesof Christ
2. I am just a Christian
5. Other (SPECIFY)
44. Methodist mention made in Christian Other
59. Pentacostal mention made inChristian other
","-1. Inapplicable
-8. Don't know
"
relig_chchrst,Specific Churchof Christ denomination,"1. Church of Christ
2. United Church ofChrist
1. Churchof Christ
2. United Church of Christ
","-1. Inapplicable
-8. Don't know
-9. Refused
-1. Inapplicable
-8. Don't know
-9. Refused
"
relig_chgod,Specific Churchof God denomination,"1. Anderson, Indiana
2. Cleveland, Tennessee
3. Churchof God in Christ
5. Other (SPECIFY)
1. Anderson, Indiana
2. Cleveland, Tennessee
3. Church ofGod in Christ
5. Other(SPECIFY)
","-1. Inapplicable
-8. Don'tknow
-1. Inapplicable
-8. Don'tknow
"
relig_pent,Specific Holiness/Pentecostaldenomination,,"-3. Restricted access text (not availablethrough special access)
-3. Restricted access text
"
relig_denother,Specific otherdenomination,"41. Baptist mentioned in other description
44. Methodist mentionedin other description
45. Just Protestant mentioned inother description
50. Just Christian mentioned inother description
55. Church ofGod mentioned in other description
56. Assembly of Godmentioned in other description
58. Holiness mentionedin other description
59. Pentecostal mentionedin other description
61. Orthodox mentioned in otherdescription
95. Other notcodeable to major denomination
","-1. Inapplicable
-9. Refused
"
relig_othxian,Specific otherdenomination Christian,"1. Yes
2. No
1. Yes
2. No
","-1. Inapplicable
-8. Don't know
-1. Inapplicable
-8. Don't know
"
relig_jewisha,(Attends) SpecificJewish denomination,"1. Orthodox
2. Conservative
3. Reform
5. Other (SPECIFY)
1. Orthodox
2. Conservative
3. Reform
5. Other (SPECIFY)
","-1. Inapplicable
-1. Inapplicable
"
relig_jewishna,(Nonattendance) SpecificJewish denomination,"1. Orthodox
2. Conservative
3. Reform
5. Other (SPECIFY)
1. Orthodox
2. Conservative
3. Reform
5. Other (SPECIFY)
","-1. Inapplicable
-8. Don't know
-1. Inapplicable
-8. Don't know
"
relig_bornagn,Does ChristianR consider self born again,"1. Yes
2. No
1. Yes
2. No
","-1. Inapplicable
-8. Don't know
-9. Refused
-1. Inapplicable
-8. Don't know
-9. Refused
"
relig_ident_1st,PRE: FTFONLY:Ordered self-descript Rreligious identity- 1st mention,"1. Progressive
2. Non-traditional believer
3. Secular
4. Agnostic
5. Atheist
6. Spiritualbut not religious
7. None ofthe above(1st mention only)
1. Progressive
2. Non-traditional believer
3. Secular
4. Agnostic
5. Atheist
6. Spiritual but notreligious
7. None of theabove(1st mention only)
","-1. Inapplicable
-8. Don't know
-9. Refused
-1. Inapplicable
-8. Don't know
-9. Refused
"
relig_ident_2nd,PRE: FTFONLY:Ordered self-descript Rreligious identity- 2nd mention,"2. Non-traditional believer
3. Secular
4. Agnostic
5. Atheist
6. Spiritual butnot religious
2. Non-traditional believer
3. Secular
4. Agnostic
5. Atheist
6. Spiritual but notreligious
","-1. Inapplicable
-1. Inapplicable
"
relig_ident_3rd,PRE: FTFONLY:Ordered self-descript Rreligious identity- 3rd mention,"3. Secular
5. Atheist
6. Spiritual butnot religious
3. Secular
5. Atheist
6. Spiritual but notreligious
","-1. Inapplicable
-1. Inapplicable
"
relig_religident_prog,PRE: Rself-description religious identity: mentionProgressive,"0. Not selected byR
1. Selected by R
0. Not selected byR
1. Selectedby R
",
relig_religident_nontrad,PRE: Rself-description religious identity: mentionnontraditional,"0. Not selected byR
1. Selected by R
0. Not selected byR
1. Selectedby R
",
relig_religident_secular,PRE: Rself-description religious identity: mentionsecular,"0. Not selected byR
1. Selected by R
0. Not selected byR
1. Selectedby R
",
relig_religident_agnostic,PRE: Rself-description religious identity: mentionagnostic,"0. Not selected byR
1. Selected by R
0. Not selected byR
1. Selectedby R
",
relig_religident_atheist,PRE: Rself-description religious identity: mentionatheist,"0. Not selected byR
1. Selected by R
0. Not selected byR
1. Selectedby R
",
relig_religident_spiritual,"PRE: Rself-descript relig identity: mentionspiritual, not religious","0. Not selected byR
1. Selected by R
0. Not selected byR
1. Selectedby R
",
relig_religident_none,PRE: Rself-description religious identity: mentionnone,"0. Not selected byR
1. Selected by R
0. Not selected byR
1. Selectedby R
",
relig_religident_dkrf,PRE: FTFONLY:R self-description religiousidentity: mention DKRF,"0. Not selected byR
1. Dk selected by R
2. Rfselected by R
0. Not selected byR
1. Dk selected by R
2. Rf selectedby R
",
dem_birthmo,Birthdate: month of birth,,"-3. Restricted access
-3. Restricted access
"
dem_birthdy,Birthdate: day of birth,,"-3. Restricted access
-3. Restricted access
"
dem_birthyr,Birthdate: year of birth,,
dem_age_r_x,PRE: SUMMARY:Age of R,,
dem_agegrp_iwdate_x,PRE: SUMMARY-Rage on interview date (age group),"01. Agegroup
02. Agegroup
03. Agegroup
04. Agegroup
05. Agegroup
06. Agegroup
07. Agegroup
08. Agegroup
09. Agegroup
10. Agegroup
11. Age group
12. Agegroup
13. Age group
","-2. Missing, birthdate fieldsleft blank
"
dem_marital,Marital status,"1. Married: spouse present
2. FTF only: married: spouse absent(VOL)
3. Widowed
4. Divorced
5. Separated
6. Nevermarried
1. Married: spouse present
2. FTF only: married: spouseabsent (VOL)
3. Widowed
4. Divorced
5. Separated
6. Never married
","-9. Refused
-9. Refused
"
dem_partner,Domestic partnershipstatus,"1. Yes
2. No
1. Yes
2. No
","-1. Inapplicable
-9. Refused
-1. Inapplicable
-9. Refused
"
dem_edu,Highest levelof Education,"09. High school graduate- highschool diploma or
10. Some college butno degree
13. Bachelor's degree(for example: ba, ab,bs)
14. Master's degree (for example: ma, ms, meng,
11. Associate degree in college -
12. Associate degree in college -- academic
15. Professional school degree (for example:
",
dem_edu_oth,PRE: RESTRICTED:Other specify- R highest level ofeducation,,"-3. Restricted access
-3. Restricted access
"
dem_dipged,R: Diplomaor GED,"1. Graduationfrom high school
2. Ged or otherequivalent
1. Graduation fromhigh school
2. Ged or otherequivalent
","-1. Inapplicable
-1. Inapplicable
"
dem_edugroup_x,PRE: SUMMARY-Rlevel of highest education (group),"1. Less than highschool credential
2. Highschool credential
3. Somepost-high-school, no bachelor's degree
4. Bachelor's degree
5. Graduatedegree
1. Less thanhigh school credential
2. High school credential
3. Some post-high-school, no bachelor's degree
4. Bachelor's degree
5. Graduate degree
","-2. Missing, othernot codeable to
-9. Refused
-2. Missing, other not codeable to
-9. Refused
"
dem_edusp,Spouse/partner: Highest Level of Education,"09. Highschool graduate- high school diploma or
13. Bachelor's degree (for example: ba, ab, bs)
10. Some college but no degree
14. Master'sdegree (for example: ma, ms, meng,
12. Associate degree incollege -- academic
11. Associate degreein college -
16. Doctorate degree (forexample: phd, edd)
","-1. Inapplicable
"
dem_edusp_oth,PRE: RESTRICTED:Other specify- Spouse highest level ofeducation,,"-3. Restricted access
-3. Restricted access
"
dem_dipgedsp,Spouse: Diploma or GED,"1. Graduationfrom high school
2. Ged or otherequivalent
1. Graduation fromhigh school
2. Ged or otherequivalent
","-1. Inapplicable
-8. Don'tknow
-9. Refused
-1. Inapplicable
-8. Don'tknow
-9. Refused
"
dem_eduspgroup_x,PRE: SUMMARY-Spouselevel of highest education (group),"1. Less than high schoolcredential
2. High schoolcredential
3. Some post-high-school,no bachelor's degree
4. Bachelor's degree
5. Graduate degree
1. Less thanhigh school credential
2. High school credential
3. Some post-high-school, no bachelor's degree
4. Bachelor's degree
5. Graduate degree
","-1. Inapplicable
-2. Missing, other notcodeable to
-8. Don't know
-9. Refused
-1. Inapplicable
-2. Missing, other not codeable to
-8. Don't know
-9. Refused
"
dem_veteran,R everserved on active duty in ArmedForces,"1. Yes
2. No
1. Yes
2. No
","-8. Don't know
-9. Refused
-8. Don't know
-9. Refused
"
dem_milwhen_1st,PRE: Whenwas R active military service- 1stmention,"1. September
2. August
3. May
4. Vietnamera (august
5. February1955 to july
6. Koreanwar (july
7. January
8. Worldwar ii (december1941to december
1. September
2. August
3. May
4. Vietnamera (august
5. February
6. Korean war (july1950 to january
7. January1947 to june
8. Worldwar ii (december
","-1. Inapplicable
-9. Refused
-1. Inapplicable
-9. Refused
"
dem_milwhen_2nd,PRE: Whenwas R active military service- 2ndmention,"2. August
3. May
4. Vietnamera (august
5. February1955 to july
6. Koreanwar (july
7. January
8. Worldwar ii (december1941to december
2. August
3. May
4. Vietnamera (august
5. February
6. Korean war (july1950 to january
7. January1947 to june
8. Worldwar ii (december
","-1. Inapplicable
-1. Inapplicable
"
dem_milwhen_3rd,PRE: Whenwas R active military service- 3rdmention,"3. May
4. Vietnamera(august
5. February
6. Korean war (july
7. January
3. May1975 to july
4. Vietnamera(august
5. February
6. Korean war (july
7. January
","-1. Inapplicable
-1. Inapplicable
"
dem_milwhen_4th,PRE: Whenwas R active military service- 4thmention,"4. Vietnamera (august
5. February1955 to july
6. Koreanwar (july
7. January
8. Worldwar ii (december1941to december
4. Vietnamera (august
5. February
6. Korean war (july1950 to january
7. January1947 to june
8. Worldwar ii (december
","-1. Inapplicable
-1. Inapplicable
"
dem_milnow,Still inArmed Forces,,"-3. Restricted access
-3. Restricted access
"
dem_emptype_1st,PRE: FTFONLY:Ordered R employmentstatus- 1st mention,"1. Workingnow
2. Temporarilylaid off
4. Unemployed
5. Retired
6. Permanently disabled
7. Homemaker
8. Student
1. Workingnow
2. Temporarilylaid off
4. Unemployed
5. Retired
6. Permanentlydisabled
7. Homemaker
8. Student
","-1. Inapplicable
-8. Don't know
-9. Refused
-1. Inapplicable
-8. Don't know
-9. Refused
"
dem_emptype_2nd,PRE: FTFONLY:Ordered R employmentstatus- 2nd mention,"5. Retired
6. Permanently disabled
7. Homemaker
8. Student
5. Retired
6. Permanentlydisabled
7. Homemaker
8. Student
","-1. Inapplicable
-1. Inapplicable
"
dem_emptype_3rd,PRE: FTFONLY:Ordered R employmentstatus- 3rd mention,"6. Permanently disabled
7. Homemaker
8. Student
6. Permanentlydisabled
7. Homemaker
8. Student
","-1. Inapplicable
-1. Inapplicable
"
dem_emptype_4th,PRE: FTFONLY:Ordered R employmentstatus- 4th mention,"7. Homemaker
8. Student
7. Homemaker
8. Student
","-1. Inapplicable
-1. Inapplicable
"
dem_emptype_work,PRE: Remployment status: mention workingnow,"0. Not selected byR
1. Selected by R
0. Not selected byR
1. Selectedby R
",
dem_emptype_layoff,PRE: Remployment status: mention temporarilylaid off,"0. Not selected byR
1. Selected by R
0. Not selected byR
1. Selectedby R
",
dem_emptype_unemp,PRE: Remployment status: mention unemployed,"0. Not selected byR
1. Selected by R
0. Not selected byR
1. Selectedby R
",
dem_emptype_retire,PRE: Remployment status: mention retired,"0. Not selected byR
1. Selected by R
0. Not selected byR
1. Selectedby R
",
dem_emptype_disabled,PRE: Remployment status: mention permanentlydisabled,"0. Not selected byR
1. Selected by R
0. Not selected byR
1. Selectedby R
",
dem_emptype_hmaker,PRE: Remployment status: mention homemaker,"0. Not selected byR
1. Selected by R
0. Not selected byR
1. Selectedby R
",
dem_emptype_student,PRE: Remployment status: mention student,"0. Not selected byR
1. Selected by R
0. Not selected byR
1. Selectedby R
",
dem_emptype_dkrf,PRE: FTFONLY:R employment status: mention DK/RF,"0. Not selected byR
1. Dk selected by R
2. Rfselected by R
0. Not selected byR
1. Dk selected by R
2. Rf selectedby R
",
dem_empstatus_2digitfin_x,PRE:SUMMARY-Final2-digitemplstatusbasedonfullemploymt/occsec-,"10. Workingnow only
50. Retired,no other occupation
60. Permanently disabled, not working
40. Unemployed, nomention of retired, disabled,
70. Homemaker,no other occupation
80. Student, noother occupation
81. Student and working now,working <20 hours
18. Workingnow and student,working >20 hours
20. Temporarilylaid off
17. Workingnow andhomemaker,working >20
",
dem_empstatus_1digitfin_x,PRE:SUMMARY-Final1-digitemplstatusbasedonfullemploymt/occsec-,"1. R workingnow (if also retired, disabled,
2. Rtemporarily laid off
4. R unemployed
5. R retired (if alsoworking, working <20 hrs/wk)
6. R permanently disabled(if also working, working
7. Rhomemaker (if also working, working <20
8. R student(if also working, working <20 hrs/wk)
","-8. Don't know
-9. Refused
"
dem_empstatus_initial,PRE: Initialemployment status for R occupation section,"1. Workingnow
2. Temporarilylaidoff
4. Unemployed
5. Retired
6. Permanently disabled
7. Homemaker
8. Student
1. Workingnow
2. Temporarilylaid off
4. Unemployed
5. Retired
6. Permanentlydisabled
7. Homemaker
8. Student
","-1. Inapplicable
-8. Don't know
-9. Refused
-1. Inapplicable
-8. Don't know
-9. Refused
"
dem_hsworkg,Initial statusHomemaker/student: working now,"1. Yes
2. No
1. Yes
2. No
","-1. Inapplicable
-1. Inapplicable
"
dem_hsjob6mo,Initial statusHomemaker/student: job in last6 mon,"1. Yes
2. No
1. Yes
2. No
","-1. Inapplicable
-1. Inapplicable
"
dem_retiremo,Initial statusretiree - when retired,,"-3. Restricted access
-3. Restricted access
"
dem_retiredy,PRE: RESTRICTED:Initial status retiree - when retiredDAY,,"-3. Restricted access
-3. Restricted access
"
dem_retireyr,Initial statusretiree - when retired,,
dem_retireperiod_x,PRE: SUMMARY-Retireedate of retirement,"1. Retired
2. Retired
3. Retired
4. Retired
5. Retired
1. Retired
2. Retired
3. Retired
4. Retired
5. Retired
","-1. Inapplicable
-2. Missing, field leftblank
-9. Refused
-1. Inapplicable
-2. Missing, field left blank
-9. Refused
"
dem_everwk,Initial statusunemployed/disabled: R ever workfor pay,"1. Yes
2. No
1. Yes
2. No
","-1. Inapplicable
-8. Don't know
-9. Refused
-1. Inapplicable
-8. Don't know
-9. Refused
"
dem_occpast,Past occupation(R ret/dis/unemp/hmkr/stud),,"-2. Textresponses availablein separate file; coded
-2. Textresponsesavailable
"
dem_indpast,Past industry(R ret/dis/unemp/hmkr/stud),,"-2. Textresponses availablein separate file; coded
-2. Textresponsesavailable
"
dem_semplpst,Past self-emplstatus (R ret/dis/unemp/hmkr/stud),"1. Someone else
2. Both self and someone else
3. Self-employed
1. Someone else
2. Both self and someone else
3. Self-employed
","-1. Inapplicable
-8. Don't know
-9. Refused
-1. Inapplicable
-8. Don't know
-9. Refused
"
dem_empgovpst,Past occupation: govt work (R ret/dis/unemp/hmkr/stud),"1. Yes
2. No
1. Yes
2. No
","-1. Inapplicable
-8. Don't know
-9. Refused
-1. Inapplicable
-8. Don't know
-9. Refused
"
dem_rdjob6mon,Initial statusunempl/ret/disabled: job in last6 mo,"1. Yes
2. No
1. Yes
2. No
","-1. Inapplicable
-1. Inapplicable
"
dem_hrsrecent,Recent occupation: how many hours workedavg week,,
dem_rdworkg,Initial statusretired/disabled: working now,"1. Yes
2. No
1. Yes
2. No
","-1. Inapplicable
-1. Inapplicable
"
dem_lookwk,Init statusnonworkg ret/dis/unemp/hmkr/st: look forwork,"1. Yes
2. No
1. Yes
2. No
","-1. Inapplicable
-8. Don't know
-9. Refused
-1. Inapplicable
-8. Don't know
-9. Refused
"
dem_findjob,Init statusnonworkg ret/dis/unemp/hmkr/st: worry findjob,"1. Not atall
2. A little
3. Moderately
4. Very
5. Extremely
1. Not at all
2. A little
3. Moderately
4. Very
5. Extremely
","-1. Inapplicable
-1. Inapplicable
"
dem_occnow,Working/TLOnow - occupation,,"-2. Textresponses availablein separate file; coded
-2. Textresponsesavailable
"
dem_indnow,Working/TLO- industry,,"-2. Textresponses availablein separate file; coded
-2. Textresponsesavailable
"
dem_semplnow,Working/TLOnow - work for self,"1. Someone else
2. Both self and someone else
3. Self-employed
1. Someone else
2. Both self and someone else
3. Self-employed
","-1. Inapplicable
-8. Don't know
-9. Refused
-1. Inapplicable
-8. Don't know
-9. Refused
"
dem_empgovnow,Working/TLOnow - work for govt,"1. Yes
2. No
1. Yes
2. No
","-1. Inapplicable
-8. Don't know
-1. Inapplicable
-8. Don't know
"
dem_hrsnow,Working/TLOnow - how many hours R works,,
dem_okhrsnow,Working/TLOnow - hours works OK,"1. More
2. Fewer
3. Aboutright
1. More
2. Fewer
3. About right
","-1. Inapplicable
-8. Don't know
-9. Refused
-1. Inapplicable
-8. Don't know
-9. Refused
"
dem_losejob,Working/TLOnow: worry about losingjob in near fute,"1. Not atall
2. A little
3. Moderately
4. Very
5. Extremely
","-1. Inapplicable
-8. Don't know
-9. Refused
"
dem_offwork,Workingnow: out of workor laid offin last 6mos,"1. Yes
2. No
1. Yes
2. No
","-1. Inapplicable
-8. Don't know
-9. Refused
-1. Inapplicable
-8. Don't know
-9. Refused
"
dem_hrsreduce,Workingnow: had reduction inwork hrs or pay cut,"1. Yes
2. No
1. Yes
2. No
","-1. Inapplicable
-8. Don't know
-9. Refused
-1. Inapplicable
-8. Don't know
-9. Refused
"
dem_emptypesp_1st,PRE: FTFONLY:Ordered spouse/partner employmentstatus- 1st mention,"1. Workingnow
2. Temporarilylaid off
4. Unemployed
5. Retired
6. Permanently disabled
7. Homemaker
8. Student
1. Workingnow
2. Temporarilylaid off
4. Unemployed
5. Retired
6. Permanentlydisabled
7. Homemaker
8. Student
","-1. Inapplicable
-8. Don't know
-9. Refused
-1. Inapplicable
-8. Don't know
-9. Refused
"
dem_emptypesp_2nd,PRE:FTFONLY:Orderedspouse/partneremploymentstatus-2ndmention,"5. Retired
6. Permanently disabled
7. Homemaker
8. Student
5. Retired
6. Permanentlydisabled
7. Homemaker
8. Student
","-1. Inapplicable
-1. Inapplicable
"
dem_emptypesp_3rd,PRE:FTFONLY:Orderedspouse/partneremploymentstatus-3rdmention,"7. Homemaker
8. Student
7. Homemaker
8. Student
","-1. Inapplicable
-1. Inapplicable
"
dem_emptypesp_4th,PRE: FTFONLY:Ordered spouse/partner employmentstatus- 4th mention,"8. Student
8. Student
","-1. Inapplicable
-1. Inapplicable
"
dem_emptypesp_work,PRE: Spouse/partneremployment status: mention workingnow,"0. Not selected byR
1. Selected by R
0. Not selected byR
1. Selectedby R
","-1. Inapplicable
-1. Inapplicable
"
dem_emptypesp_layoff,PRE: Spouse/partneremployment status: mention temporarilylaid off,"0. Not selected byR
1. Selected by R
0. Not selected byR
1. Selectedby R
","-1. Inapplicable
-1. Inapplicable
"
dem_emptypesp_unemp,PRE: Spouse/partneremployment status: mention unemployed,"0. Not selected byR
1. Selected by R
0. Not selected byR
1. Selectedby R
","-1. Inapplicable
-1. Inapplicable
"
dem_emptypesp_retire,PRE: Spouse/partneremployment status: mention retired,"0. Not selected byR
1. Selected by R
0. Not selected byR
1. Selectedby R
","-1. Inapplicable
-1. Inapplicable
"
dem_emptypesp_disabled,PRE: Spouse/partneremployment status: mention permanentlydisabled,"0. Not selected byR
1. Selected by R
0. Not selected byR
1. Selectedby R
","-1. Inapplicable
-1. Inapplicable
"
dem_emptypesp_hmaker,PRE: Spouse/partneremployment status: mention homemaker,"0. Not selected byR
1. Selected by R
0. Not selected byR
1. Selectedby R
","-1. Inapplicable
-1. Inapplicable
"
dem_emptypesp_student,PRE: Spouse/partneremployment status: mention student,"0. Not selected byR
1. Selected by R
0. Not selected byR
1. Selectedby R
","-1. Inapplicable
-1. Inapplicable
"
dem_emptypesp_dkrf,PRE: FTFONLY:Spouse/partner employment status: mention DK/RF,"0. Not selected byR
1. Dk selected by R
2. Rfselected by R
0. Not selected byR
1. Dk selected by R
2. Rf selectedby R
","-1. Inapplicable
-1. Inapplicable
"
dem_csesjobsp,Spouse/partner job,,"-2. Textresponses availablein separate file; coded
-2. Textresponsesavailable
"
dem_unionhh,Anyone inHH belong to labor union,"1. Yes
2. No
1. Yes
2. No
","-8. Don't know
-9. Refused
-8. Don't know
-9. Refused
"
dem_unionwho_1st,PRE: FTFONLY:Ordered who belongsto labor union- 1st mention,"1. Respondent
2. Spouse/partner
3. Someone else
1. Respondent
2. Spouse/partner
3. Someoneelse
","-1. Inapplicable
-1. Inapplicable
"
dem_unionwho_2nd,PRE: FTFONLY:Ordered who belongsto labor union- 2nd mention,"2. Spouse/partner
3. Someone else
2. Spouse/partner
3. Someoneelse
","-1. Inapplicable
-1. Inapplicable
"
dem_unionwho_r,PRE: Whobelongs to labor union: mention Respondent,"0. Not selected byR
1. Selected by R
0. Not selected byR
1. Selectedby R
","-1. Inapplicable
-1. Inapplicable
"
dem_unionwho_spouse,PRE: Whobelongs to labor union: mention spouse,"0. Not selected byR
1. Selected by R
0. Not selected byR
1. Selectedby R
","-1. Inapplicable
-1. Inapplicable
"
dem_unionwho_personoth,PRE: Whobelongs to labor union: mention another person,"0. Not selected byR
1. Selected by R
0. Not selected byR
1. Selectedby R
","-1. Inapplicable
-1. Inapplicable
"
dem_unionwho_dkrf,PRE: FTFONLY:Who belongs tolabor union: mentionDK/RF,"0. Not selected byR
1. Dk selected by R
0. Not selected byR
1. Dk selected by R
","-1. Inapplicable
-1. Inapplicable
"
dem_class,Think ofself as belonging to class,"1. Yes
2. No
1. Yes
2. No
","-8. Don't know
-9. Refused
-8. Don't know
-9. Refused
"
dem_whichclass,Social Class: working or middle,"0. Lower class orpoor (VOL)
1. Middleclass
2. Workingclass
3. Both (VOL)
4. Upper class (VOL)
5. Other (SPECIFY)
","-1. Inapplicable
-8. Don't know
-9. Refused
"
dem_whichclass_oth,PRE: Otherspecify- Social Class: workingor middle,,"-2. Textresponses available in separatefile
-2. Textresponses available in separatefile
"
dem_chclass,Social Class: had to choose working/middle,"0. Upperclass (VOL)
1. Middle class
2. Workingclass
3. Neither(VOL)
4. Lower class orpoor (VOL)
5. Other (SPECIFY)
","-1. Inapplicable
-8. Don't know
-9. Refused
"
dem_chclass_oth,PRE: Otherspecify- Social Class: hadto choose working/middle,,"-2. Textresponses available in separatefile
-2. Textresponses available in separatefile
"
dem_avgclass,Social class: average or upper working/middleclass,"0. Lower classor poor (VOL)
1. Average<middle/working> class
2. Upper <middle/working>class
3. Lower <middle/working class> (VOL)
4. Upper class (VOL)
5. Other (SPECIFY)
","-1. Inapplicable
-8. Don't know
-9. Refused
"
dem_avgclass_oth,PRE: Otherspecify- Social class: avgor upper working/middle class,,"-2. Textresponses available in separatefile
-2. Textresponses available in separatefile
"
dem_hisp,"R: Areyou Spanish, Hispanic, or Latino","1. Yes
2. No
1. Yes
2. No
","-8. Don't know
-9. Refused
-8. Don't know
-9. Refused
"
dem_hisptyp_1st,PRE: FTFONLY:Ordered mentions Hispanictype - 1st mention,"1. Mexican
2. Mexican-American
3. Chicano
4. Puerto Rican
5. Cuban
6. Cuban-American
7. Other
1. Mexican
2. Mexican-American
3. Chicano
4. Puerto Rican
5. Cuban
6. Cuban-American
7. Other
","-1. Inapplicable
-8. Don't know
-9. Refused
-1. Inapplicable
-8. Don't know
-9. Refused
"
dem_hisptyp_2nd,PRE: FTFONLY:Ordered mentions Hispanictype - 2nd mention,"1. Mexican
2. Mexican-American
3. Chicano
4. Puerto Rican
5. Cuban
7. Other
1. Mexican
2. Mexican-American
3. Chicano
4. Puerto Rican
5. Cuban
7. Other
","-1. Inapplicable
-1. Inapplicable
"
dem_hisptyp_mex,PRE: R:Which Hispanic group are you- mentionMexican,"0. Not selected byR
1. Selected by R
0. Not selected byR
1. Selectedby R
","-1. Inapplicable
-1. Inapplicable
"
dem_hisptyp_mexam,PRE: R:Which Hispanic group are you- mentionMexican-American,"0. Not selected byR
1. Selected by R
0. Not selected byR
1. Selectedby R
","-1. Inapplicable
-1. Inapplicable
"
dem_hisptyp_chicano,PRE: R:Which Hispanic group are you- mentionChicano,"0. Not selected byR
1. Selected by R
0. Not selected byR
1. Selectedby R
","-1. Inapplicable
-1. Inapplicable
"
dem_hisptyp_puertorican,PRE: R:Which Hispanic group are you- mentionPuerto Rican,"0. Not selected byR
1. Selected by R
0. Not selected byR
1. Selectedby R
","-1. Inapplicable
-1. Inapplicable
"
dem_hisptyp_cuban,PRE: R:Which Hispanic group are you- mentionCuban,"0. Not selected byR
1. Selected by R
0. Not selected byR
1. Selectedby R
","-1. Inapplicable
-1. Inapplicable
"
dem_hisptyp_cubanam,PRE: R:Which Hispanic group are you- mentionCuban-American,"0. Not selected byR
1. Selected by R
0. Not selected byR
1. Selectedby R
","-1. Inapplicable
-1. Inapplicable
"
dem_hisptyp_othhisp,PRE: R:Which Hispanic group are you- mentionother Hispanic,"0. Not selected byR
1. Selected by R
0. Not selected byR
1. Selectedby R
","-1. Inapplicable
-1. Inapplicable
"
dem_hisptyp_dkrf,PRE: FTFONLY:R: Which Hispanicgroup are you- DK/RF,"0. Not selected byR
1. Dk selected by R
2. Rfselected by R
0. Not selected byR
1. Dk selected by R
2. Rf selectedby R
","-1. Inapplicable
-1. Inapplicable
"
dem_hispoth,R: OtherHispanic group,,"-3. Restricted access
-3. Restricted access
"
dem_hispmost,R: Hispanicgroup R most identifies with,"1. Mexican
2. Mexican-American
3. Chicano
4. Puerto Rican
5. Cuban
6. Cuban-American
7. Other(SPECIFY)
","-1. Inapplicable
-8. Don't know
"
dem_hispmost_oth,PRE: RESTRICTED:Other specify- Hispanic group R mostidentifies with,,"-3. Restricted access
-3. Restricted access
"
dem_racecps_1st,PRE: FTFONLY:Ordered race self-identification: 1st mention,"01. White
02. Black or African-American
03. American Indian or Alaska Native
04. Asian
05. NativeHawaiian or other Pacific Islander
90. Other mention is 'none' or'neither' (VOL)
95. Other (SPECIFY) <not codeableto
01. White
02. Black or African-American
03. American Indian or Alaska Native
04. Asian
05. NativeHawaiian or other Pacific Islander
90. Other mention is 'none' or'neither' (VOL)
95. Other (SPECIFY) <not codeable to01-90>
","-1. Inapplicable
-8. Don't know
-9. Refused
-1. Inapplicable
-8. Don't know
-9. Refused
"
dem_racecps_2nd,PRE: FTFONLY:Ordered race self-identification: 2nd mention,"01. White
02. Black or African-American
03. American Indian or Alaska Native
04. Asian
05. NativeHawaiian or other Pacific Islander
90. Other mention is 'none' or'neither' (VOL)
95. Other (SPECIFY) <not codeableto
01. White
02. Black or African-American
03. American Indian or Alaska Native
04. Asian
05. NativeHawaiian or other Pacific Islander
90. Other mention is 'none' or'neither' (VOL)
95. Other (SPECIFY) <not codeable to01-90>
","-1. Inapplicable
-1. Inapplicable
"
dem_racecps_3rd,PRE: FTFONLY:Ordered race self-identification: 3rd mention,"01. White
03. American Indian or Alaska Native
04. Asian
05. NativeHawaiian or other Pacific Islander
95. Other (SPECIFY) <not codeableto
01. White
03. American Indian or Alaska Native
04. Asian
05. NativeHawaiian or other Pacific Islander
95. Other (SPECIFY) <not codeable to01-90>
","-1. Inapplicable
-1. Inapplicable
"
dem_racecps_white,PRE: Raceself-identification: mention White,"0. Not selected byR
1. Selected by R
0. Not selected byR
1. Selectedby R
",
dem_racecps_black,PRE: Raceself-identification: mention Black,"0. Not selected byR
1. Selected by R
0. Not selected byR
1. Selectedby R
",
dem_racecps_native,PRE: Raceself-identification: mention Native American,"0. Not selected byR
1. Selected by R
0. Not selected byR
1. Selectedby R
",
dem_racecps_asian,PRE: Raceself-identification: mention Asian,"0. Not selected byR
1. Selected by R
0. Not selected byR
1. Selectedby R
",
dem_racecps_pacif,PRE: Raceself-identification: mention Pacific Islander,"0. Not selected byR
1. Selected by R
0. Not selected byR
1. Selectedby R
",
dem_racecps_othrace,PRE: Raceself-identification: mention other race,"00. Not selected
01. Selected, notblank or codeable to one of:
10. Other-specify text codeable to White
20. Other-specify text codeable toBlack
40. Other-specify text codeableto Native American
50. Other-specify text codeable to Hispanic
90. WEBONLY:Selected byR, text is blank
00. Not selected
01. Selected, not blank or
10. Other-specify text
20. Other-specify text
40. Other-specify text
50. Other-specify text
90. WEB ONLY:Selected by
",
dem_racecps_racedkrf,PRE: FTFONLY:Race self-identification: DK/RF,"0. Not selected byR
1. DK selected by R
2. RF selected by R
0. Not selected byR
1. DK selected by R
2. RF selected by R
",
dem_racecps_oth,PRE: RESTRICTED:Other specify- Race self-identification,,"-3. Restricted access
-3. Restricted access
"
dem_raceeth_x,PRE: SUMMARY-Rrace and ethnicity group,"1. White, non-Hispanic
2. Black, non-Hispanic
3. Asian, native Hawaiian or otherPacif Islr,
4. Native American or AlaskaNative, non-Hispanic
5. Hispanic
6. Other non-Hispanicincl multiple races (Web:
1. White, non-Hispanic
2. Black, non-Hispanic
3. Asian,native Hawaiian or
4. Native Americanor Alaska
5. Hispanic
6. Othernon-Hispanic incl
","-9. Missing
-9. Missing
"
dem_ethnic,Ethnic ornationality group,,"-3. Restricted access
-3. Restricted access
"
dem_numeth,FTF ONLY:IWR CHECKPOINT:number ofethnicmentions,"0. None inaddition to American (incl DK) andR did
1. One
2. More than one (twoor more)
3. Respondent refused to answer orR said no
0. Nonein addition to
1. One
2. More than one(two or
3. Respondent refused to
","-1. Inapplicable
-1. Inapplicable
"
dem_mosteth,Ethnic groupmost close,,"-3. Restricted access
-3. Restricted access
"
dem_parents,Native statusof parents,"1. Both parents born inthe U.S.
2. Oneparent born in the U.S.
3. Neither parent bornin the U.S.
1. Both parents born inthe U.S.
2. One parentborn in the U.S.
3. Neither parent bornin the U.S.
","-8. Don't know
-9. Refused
-8. Don't know
-9. Refused
"
dem_nativity,"Rs: born U.S., Puerto Rico, orsome other count","1. A U.S. State or D.C.
2. Puerto Rico
3. Another U.S. Territory(Guam,Amer. Samoa, US
4. Another country (SPECIFY) <not codeable to
11. U.S. Mention for otherspecify
1. A U.S. State or D.C.
2. Puerto Rico
3. Another U.S.Territory
4. Another country
11. U.S.Mention for other
","-8. Don't know
-9. Refused
-8. Don't know
-9. Refused
"
dem_nativity_oth,"PRE:RESTRICTED:Othspec-R:bornU.S.,PuertoRico,orothercountry",,"-3. Restricted access
-3. Restricted access
"
dem_hispgpar,LATINORs: how manygrandparents born outside the U.S.,"0. None
1. One
2. Two
3. Three
4. All
0. None
1. One
2. Two
3. Three
4. All
","-1. Inapplicable
-8. Don't know
-9. Refused
-1. Inapplicable
-8. Don't know
-9. Refused
"
dem_hispcntry,LATINORs: country ofLatino heritage,,"-3. Restricted access
-3. Restricted access
"
dem_hispcntry_oth,PRE:RESTRICTED:Otherspecify-LATINORs: countryofLatinoheritage,,"-3. Restricted access
-3. Restricted access
"
dem_arr,PRE: RESTRICTED:NON-US BORN Rs: Whendid R arrive in U.S.,,"-3. Restricted access
-3. Restricted access
"
dem_arrperiod,PRE: NON-USBORN Rs: Timeperiod when R arrived in U.S.,"1. Arrived before
2. Arrived
3. Arrived
4. Arrived
1. Arrived before
2. Arrived
3. Arrived
4. Arrived
","-1. Inapplicable
-8. Don't know
-9. Refused
-1. Inapplicable
-8. Don't know
-9. Refused
"
dem_cit,PRE:RESTRICTED:NON-USBORNRs: InwhatyeardidRbecomeaU.S.,,"-3. Restricted access
-3. Restricted access
"
dem_citperiod,PRE: NON-USBORN Rs: Timeperiod when R became citizen,"1. Becamecitizen before
2. Became citizen1970-1989
3. Became citizen1990-1999
4. Became citizen2000-2012
7. Born outside the U.S. Butborn a U.S. Citizen
1. Becamecitizen before
2. Became citizen1970-1989
3. Became citizen1990-1999
4. Became citizen2000-2012
7. Born outside theU.S.But
","-1. Inapplicable
-8. Don't know
-9. Refused
-1. Inapplicable
-8. Don't know
-9. Refused
"
dem_hisplang,LATINORs: language athome,"1. Only English
2. Mostly English
3. Both languages equally
4. Mostly Spanish
5. OnlySpanish
1. Only English
2. Mostly English
3. Both languages equally
4. Mostly Spanish
5. OnlySpanish
","-1. Inapplicable
-9. Refused
-1. Inapplicable
-9. Refused
"
dem2_ch10less,How manychildren in HH age 10 andyounger,"0. No childrenage
1. One child age10 or younger
2. Twoormore children age
0. No childrenage
1. One child age
2. Twoormorechildren age
","-9. Refused
-9. Refused
"
dem2_ch11to17,How manychildren in HH age 11-17,"0. No children age
1. One child age
2. Twoor more childrenage
0. No children age
1. One child age
2. Twoor more children age11-17
","-9. Refused
-9. Refused
"
dem2_numchild,PRE: TotalNumberof children in HH,"0. No children in household
1. Onechild in household
2. Twochildren inhousehold
3. Threeor more children in household
0. No children in household
1. One childin household
2. Twochildren in household
3. Threeor more children in household
","-9. Refused
-9. Refused
"
dem2_schenrl_1st,PRE: FTFONLY:Ordered school enrollmentof child(ren)- 1st mention,"1. Publicschool
2. Private religious school
3. Private non-religious school
4. Home school
5. Not enrolled in school
1. Public school
2. Private religious school
3. Privatenon-religious school
4. Home school
5. Notenrolled in school
","-1. Inapplicable
-8. Don't know
-9. Refused
-1. Inapplicable
-8. Don't know
-9. Refused
"
dem2_schenrl_2nd,PRE: FTFONLY:Ordered school enrollmentof child(ren)- 2nd mention,"2. Private religious school
3. Private non-religious school
4. Home school
5. Not enrolled in school
2. Private religious school
3. Privatenon-religious school
4. Home school
5. Notenrolled in school
","-1. Inapplicable
-1. Inapplicable
"
dem2_schenrl_3rd,PRE: FTFONLY:Ordered school enrollmentof child(ren)- 3rd mention,"3. Private non-religious school
4. Home school
3. Privatenon-religious school
4. Home school
","-1. Inapplicable
-1. Inapplicable
"
dem2_schenrl_public,PRE: Schoolenrollment of child(ren)- mention public,"0. Not selected byR
1. Selected by R
0. Not selected byR
1. Selectedby R
","-1. Inapplicable
-1. Inapplicable
"
dem2_schenrl_privrel,PRE: Schoolenrollment of child(ren)- mention private religious,"0. Not selected byR
1. Selected by R
0. Not selected byR
1. Selectedby R
","-1. Inapplicable
-1. Inapplicable
"
dem2_schenrl_privnonrel,PRE: Schoolenrollment of child(ren)- mention private nonreligious,"0. Not selected byR
1. Selected by R
0. Not selected byR
1. Selectedby R
","-1. Inapplicable
-1. Inapplicable
"
dem2_schenrl_home,PRE: Schoolenrollment of child(ren)- mention home school,"0. Not selected byR
1. Selected by R
0. Not selected byR
1. Selectedby R
","-1. Inapplicable
-1. Inapplicable
"
dem2_schenrl_enrollno,PRE: Schoolenrollment of child(ren)- mention no enrollment,"0. Not selected byR
1. Selected by R
0. Not selected byR
1. Selectedby R
","-1. Inapplicable
-1. Inapplicable
"
dem2_schenrl_enrolldkrf,PRE: FTFONLY:School enrollment ofchild(ren)- DK/RF,"0. Not selected byR
1. Dk selected by R
2. Rfselected by R
0. Not selected byR
1. Dk selected by R
2. Rf selectedby R
","-1. Inapplicable
-1. Inapplicable
"
dem2_inethome,Internet useat home,"1. Yes
2. No
1. Yes
2. No
","-9. Refused
-9. Refused
"
dem2_inettyp,Broadband ordial-up home Internet connection,"1. A regular 'dial-up' telephone
2. Dsl, cable modem,fiber optics, satellite, wireless
3. Something else
1. A regular 'dial-up'
2. Dsl, cable modem, fiber
3. Something else
","-1. Inapplicable
-8. Don't know
-9. Refused
-1. Inapplicable
-8. Don't know
-9. Refused
"
dem2_landline,Number oflandline telephone numbers at home,,
dem2_cellnum,Number ofcell phone numbers in household,,
dem2_cellpers,Does Rpersonally have a cell phone,"1. Yes
2. No
1. Yes
2. No
","-1. Inapplicable
-9. Refused
-1. Inapplicable
-9. Refused
"
dem2_smartph,Is R'scell phone a smartphone,"1. Yes,have a smartphone
2. No smartphone
1. Yes,have a smartphone
2. No smartphone
","-1. Inapplicable
-8. Don't know
-9. Refused
-1. Inapplicable
-8. Don't know
-9. Refused
"
dem3_grewup,Where Rgrew up,,"-9. Refused
-8. Don't know
-2. Missing; coded in forthcoming release
-2. Missing; coded in forthcoming release
"
dem3_yearscomm,How longlived in this community YRS,,
dem3_yearscomm_full,PRE: RESTRICTED:How long lived in this communityYRS (full),,"-3. Restricted access
-3. Restricted access
"
dem3_moscomm,How longlived in this community MONTHS,,"-3. Restricted access
-3. Restricted access
"
dem3_prevzip,Zip Codeof previous residence,,"-3. Restricted access
-3. Restricted access
"
dem3_prevcty,City/state ofprevious residence,,"-1. Inapplicable
-3. Restricted access
-1. Inapplicable
-3. Restricted access
"
dem3_ownhome,Does Rfamily own/rent home,"1. Own home
2. Pay rent
5. Other (SPECIFY)
1. Own home
2. Pay rent
5. Other (SPECIFY)
","-8. Don't know
-9. Refused
-8. Don't know
-9. Refused
"
dem3_ownhome_oth,PRE: Otherspecify- Does R family own/rent home,,"-2. Textresponses available in separatefile
-2. Textresponses available in separatefile
"
dem3_namech,Name everchanged,"1. Have changedname
2. Neverchanged name
1. Have changed name
2. Neverchanged name
","-9. Refused
-9. Refused
"
dem3_namechyr,Yearof mostrecent change,,"-3. Restricted access
-3. Restricted access
"
dem3_altname,Use ofalternate names,"1. Yes
2. No
1. Yes
","-8. Don't know
-9. Refused
-8. Don't know
-9. Refused
"
dem3_lenaddr,YearsR livedat address,"1. Number of years:
2. Number of years:
3. Number of years:
4. Number of years:
5. Number of years:
6. Number of years:
7. Number of years:
8. Number of years:
9. Numberof years:
","-8. Don't know
-9. Refused
"
dem3_lenaddr_full,PRE: RESTRICTED:YearsR lived at address (full),,"-3. Restricted access
-3. Restricted access
"
dem3_add5yr_state,"PRE:RESTRICTED:IfRhaslivedincurrentstate<5yrs,Rstate5yrsago",,"-3. Restricted access
-3. Restricted access
"
dem3_add5yr_samestate,"PRE: IfR has lived in current state<5yrs, R state 5 yrs agosame","0. Not same stateas current state
1. Same state as current state
0. Not same state ascurrent state
1. Same stateas current state
","-1. Inapplicable
-2. Missing: previous state notdetermined (DK/RF)
-1. Inapplicable
-2. Missing: previous state not determined (DK/RF)
"
dem3_driver,Have Driver'sLicense,"1. Have anon-expired driver's license
2. Do not have one
1. Have anon-expired driver's license
2. Do not have one
","-8. Don't know
-9. Refused
-8. Don'tknow
-9. Refused
"
dem3_passport,Have passport,"1. Have a validU.S. Passport
2. Do not haveone
1. Have a validU.S. Passport
2. Do not haveone
","-8. Don't know
-9. Refused
-8. Don't know
-9. Refused
"
dem3_govtid,Have governmentissued ID,"1. Have another form ofid
2. Do not have
1. Have another form ofid
2. Do not have
","-1. Inapplicable
-8. Don't know
-9. Refused
-1. Inapplicable
-8. Don't know
-9. Refused
"
casistart_iwrset4,FTF CASIONLY:CASI SETUP 4,"1. Yes
2. No
1. Yes
2. No
","-1. Inapplicable
-1. Inapplicable
"
casistart_iwrset6,FTF CASIONLY:CASI SETUP 6,,"-1. Inapplicable
-2. Textresponses available in separatefile
-1. Inapplicable
-2. Textresponses available in separatefile
"
selfgend_gender,FTF CASIONLY:are you (R)male or female,"1. Male
2. Female
","-9. Refused
-8. Don't know
-1. Inapplicable
-1. Inapplicable
"
wealth_stocks,CASI Moneyinvested in Stock Market,"1. Yes
2. No
1. Yes
2. No
","-8. Don't know
-9. Refused
-8. Don't know
-9. Refused
"
wealth_whoinvest,CASI Workor own investments,"1. Investments through work
2. Investments made on your own
3. Both
1. Investments through work
2. Investments made on your own
3. Both
","-1. Inapplicable
-8. Don't know
-9. Refused
-1. Inapplicable
-8. Don't know
-9. Refused
"
wealth_vachome,CASI Ownedvacation home,"1. Yes,have done this
2. No, have not
1. Yes,have done this
2. No, have not
","-8. Don't know
-9. Refused
-8. Don't know
-9. Refused
"
wealth_ownrental,CASI Ownedproperty that you rented,"1. Yes,have done this
2. No, have not
1. Yes,have done this
2. No, have not
","-8. Don't know
-9. Refused
-8. Don't know
-9. Refused
"
wealth_stockgrnts,CASI Awardedstock grants or options,"1. Yes,have done this
2. No, have not
1. Yes,have done this
2. No, have not
","-8. Don't know
-9. Refused
-8. Don't know
-9. Refused
"
wealth_undland,CASI Ownedunderdeveloped land,"1. Yes,have done this
2. No, have not
1. Yes,have done this
2. No, have not
","-8. Don't know
-9. Refused
-8. Don't know
-9. Refused
"
wealth_investbus,CASI Investedin someone's business,"1. Yes,have done this
2. No, have not
1. Yes,have done this
2. No, have not
","-8. Don't know
-9. Refused
-8. Don't know
-9. Refused
"
inc_totinc,CASI Totalincomeamount,,"-3. Restricted access
"
inc_totmiss40,CASI Incomeamt missing - ge or lt40K,"2. Lessthan
","-1. Inapplicable
-2. Missing;IWR mistakenly entered '2' in placeof
-8. Don't know
-9. Refused
"
inc_totmiss20,CASI Incomeamt missing - ge or lt20K,"2. Less than20,000
","-1. Inapplicable
-8. Don't know
-9. Refused
"
inc_totl20,CASI Incomeamt missing - categories lt 20K,"1. Under
","-1. Inapplicable
-8. Don'tknow
-9. Refused
"
inc_totg20l40,CASI Incomeamt missing - categories 20-40K,,"-1. Inapplicable
-8. Don't know
-9. Refused
"
inc_totmiss70,CASI Incomeamt missing - ge or lt70K,"2. Less than70,000
","-1. Inapplicable
-8. Don't know
-9. Refused
"
inc_totg40l70,CASI Incomeamt missing - categories 40-70K,,"-1. Inapplicable
-8. Don't know
-9. Refused
"
inc_totmiss100,CASI Incomeamt missing - ge or lt100K,"2. Less than
","-1. Inapplicable
-8. Don't know
-9. Refused
"
inc_totg70l100,CASI Incomeamt missing - categories 70-100K,,"-1. Inapplicable
-8. Don't know
-9. Refused
"
inc_totg100,CASI Incomeamt missing - categories 100+K,,"-1. Inapplicable
-8. Don'tknow
-9. Refused
"
inc_incgroup_pre,PRE: CASI/WEB: SUMARY- Pre family income (see also: inc-,"01. Under
","-9. Refused
"
medsrc_campsrcs_1st,PRE:FTFCASIONLY:Ordr'dmedsrcesRfollowdabtthePres: 1stmentn,"1. Televisionnews programs(morning or evening)
2. Newspapers
3. Televisiontalk shows, public affairs,or news
4. Internet sites, chat rooms,or blogs
5. Radio newsor talk shows
6. Have not heardanything about the presidential
","-1. Inapplicable
-8. Don't know
-9. Refused
"
medsrc_campsrcs_2nd,PRE:FTFCASIONLY:Ordr'dmedsrcesRfollowdabtthePres: 2ndmentn,"2. Newspapers
3. Televisiontalk shows, public affairs,or news
4. Internet sites, chatrooms, or blogs
5. Radio newsor talk shows
2. Newspapers
3. Televisiontalk shows,
4. Internet sites, chat rooms,
5. Radio news ortalk shows
","-1. Inapplicable
-1. Inapplicable
"
medsrc_campsrcs_3rd,PRE:FTFCASIONLY:Ordr'dmedsrcesRfollowdabtthePres: 3rdmentn,"3. Televisiontalk shows, public affairs,or news
4. Internet sites, chat rooms,or blogs
5. Radio newsor talk shows
3. Televisiontalk shows,
4. Internet sites, chat rooms,
5. Radio news ortalk shows
","-1. Inapplicable
-1. Inapplicable
"
medsrc_campsrcs_4th,PRE:FTFCASIONLY:Ordr'dmedsrcesRfollowdabtthePres: 4thmentn,"4. Internet sites, chat rooms, or blogs
5. Radio news or talk shows
4. Internetsites, chat rooms, or blogs
5. Radio news or talk shows
","-1. Inapplicable
-1. Inapplicable
"
medsrc_campsrcs_5th,PRE:FTFCASIONLY:Ordr'dmedsrcesRfollowdabtthePres: 5thmentn,"5. Radio news or talk shows
5. Radio news or talk shows
","-1. Inapplicable
-1. Inapplicable
"
medsrc_campsrcs_tvnews,PRE:CASI/WEBMediasrcesRfollowedaboutthePres: mentionTVnews,"0. Not selected byR
1. Selected by R
0. Not selected byR
1. Selectedby R
",
medsrc_campsrcs_newsp,PRE:CASI/WEBMediasrcesRfoll'daboutthePres: mentionnewspapers,"0. Not selected byR
1. Selected by R
0. Not selected byR
1. Selectedby R
",
medsrc_campsrcs_tvtalk,PRE: CASI/WEBMedia srces R foll'd abt thePres: mention TV talkshows,"0. Not selected by R
1. Selected by R
0. Not selected byR
1. Selectedby R
",
medsrc_campsrcs_inet,PRE: CASI/WEBMedia sources R followed about thePres: mention Intnet,"0. Not selected byR
1. Selected by R
0. Not selected byR
1. Selectedby R
",
medsrc_campsrcs_radio,PRE: CASI/WEBMedia sources R followed about thePres: mention radio,"0. Not selected byR
1. Selected by R
0. Not selected byR
1. Selectedby R
",
medsrc_campsrcs_none,PRE: CASI/WEBMedia sources R followed about thePres: none,"0. Not selected byR
1. Selected by R
0. Not selected byR
1. Selectedby R
",
medsrc_campsrcs_dkrf,PRE: FTFONLY:CASI Media sourcesR followed about the Pres: DK/RF,"0. Not selected byR
1. Dk selected by R
2. Rfselected by R
0. Not selected byR
1. Dk selected by R
2. Rf selectedby R
",
medsrc_tvprog_01,PRE: CASI/WEBWhich tv programs R watches regularly: mention 20/20,"0. Not selected byR
1. Selected by R
0. Not selected byR
1. Selectedby R
","-1. Inapplicable
-1. Inapplicable
"
medsrc_tvprog_02,PRE: CASI/WEBWhich tv progs R watches regularly: mention 60 Minutes,"0. Not selected by R
1. Selected by R
0. Not selected byR
1. Selectedby R
","-1. Inapplicable
-1. Inapplicable
"
medsrc_tvprog_03,PRE: CASI/WEB Wch tv prgs R watches reg'ly: mention ABC News Night-,"0. Not selected byR
1. Selected by R
0. Not selected byR
1. Selectedby R
","-1. Inapplicable
-1. Inapplicable
"
medsrc_tvprog_04,PRE: CASI/WEB Wch tv prgs R watch reg'ly: mentn ABC World News,"0. Not selected byR
1. Selected by R
0. Not selected byR
1. Selectedby R
","-1. Inapplicable
-1. Inapplicable
"
medsrc_tvprog_05,PRE:CASI/WEBWhichtvprogsRwatchesregularly: mentionAmericaLive,"0. Not selected byR
1. Selected by R
0. Not selected byR
1. Selectedby R
","-1. Inapplicable
-1. Inapplicable
"
medsrc_tvprog_06,PRE:CASI/WEBWchtvprgsRwatchesreg'ly: mentnAmericaThisMorn-,"0. Not selected byR
1. Selected by R
0. Not selected byR
1. Selectedby R
","-1. Inapplicable
-1. Inapplicable
"
medsrc_tvprog_07,PRE: CASI/WEB Wch tv progs R watches reg'ly: mentn America's News-,"0. Not selected byR
1. Selected by R
0. Not selected byR
1. Selectedby R
","-1. Inapplicable
-1. Inapplicable
"
medsrc_tvprog_08,PRE:CASI/WEBWchtvprogsRwatchesregularly: mentionAmericanIdol,"0. Not selected byR
1. Selected by R
0. Not selected byR
1. Selectedby R
","-1. Inapplicable
-1. Inapplicable
"
medsrc_tvprog_09,PRE: CASI/WEB Wch tv progs R watches regularly: mentn Anderson,"0. Not selected byR
1. Selected by R
0. Not selected byR
1. Selectedby R
","-1. Inapplicable
-1. Inapplicable
"
medsrc_tvprog_10,PRE:CASI/WEBWchtvprogsRwatchesreg'ly: mentnTheBigBangThe-,"0. Not selected byR
1. Selected by R
0. Not selected byR
1. Selectedby R
","-1. Inapplicable
-1. Inapplicable
"
medsrc_tvprog_11,PRE: CASI/WEB Wch tv progs R watches regularly: mentn CBS Evening,"0. Not selected by R
1. Selected by R
0. Not selected byR
1. Selectedby R
","-1. Inapplicable
-1. Inapplicable
"
medsrc_tvprog_12,PRE:CASI/WEBWchtvprogsRwatchesregularly: mentnCBSThisMorn-,"0. Not selected byR
1. Selected by R
0. Not selected byR
1. Selectedby R
","-1. Inapplicable
-1. Inapplicable
"
medsrc_tvprog_13,PRE: CASI/WEB Wch tv progs R watches reg'ly: mentn Chris Matthews,"0. Not selected byR
1. Selected by R
0. Not selected byR
1. Selectedby R
","-1. Inapplicable
-1. Inapplicable
"
medsrc_tvprog_14,PRE:CASI/WEBWchtvprogsRwatchesregularly: mentionColbertReport,"0. Not selected byR
1. Selected by R
0. Not selected byR
1. Selectedby R
","-1. Inapplicable
-1. Inapplicable
"
medsrc_tvprog_15,PRE:CASI/WEBTvprgsRwtchreg'ly: mentnDailyShowwithJonStewart,"0. Not selected byR
1. Selected by R
0. Not selected byR
1. Selectedby R
","-1. Inapplicable
-1. Inapplicable
"
medsrc_tvprog_16,PRE:CASI/WEBWchtvprogsRwatchregly: mentnDancingwiththeStars,"0. Not selected byR
1. Selected by R
0. Not selected byR
1. Selectedby R
","-1. Inapplicable
-1. Inapplicable
"
medsrc_tvprog_17,PRE: CASI/WEB Which tv progs R watches regularly: mention Dateline,"0. Not selected byR
1. Selected by R
0. Not selected byR
1. Selectedby R
","-1. Inapplicable
-1. Inapplicable
"
medsrc_tvprog_18,PRE:CASI/WEBWhichtvprogramsRwatchesregularly: mentionDoctors,"0. Not selected byR
1. Selected by R
0. Not selected byR
1. Selectedby R
","-1. Inapplicable
-1. Inapplicable
"
medsrc_tvprog_19,PRE: CASI/WEB Tv prgs R watches reg'ly: mentn The Ellen DeGeneres,"0. Not selected byR
1. Selected by R
0. Not selected byR
1. Selectedby R
","-1. Inapplicable
-1. Inapplicable
"
medsrc_tvprog_20,PRE:CASI/WEBWhichtvprogsRwatchesreg'ly: mentionFacetheNation,"0. Not selected byR
1. Selected by R
0. Not selected byR
1. Selectedby R
","-1. Inapplicable
-1. Inapplicable
"
medsrc_tvprog_21,PRE:CASI/WEBWhichtvprogramsRwatchesregularly: mentionTheFive,"0. Not selected byR
1. Selected by R
0. Not selected byR
1. Selectedby R
","-1. Inapplicable
-1. Inapplicable
"
medsrc_tvprog_22,PRE: CASI/WEBWhich tv progs R watches regularly: mention Fox Report,"0. Not selected byR
1. Selected by R
0. Not selected byR
1. Selectedby R
","-1. Inapplicable
-1. Inapplicable
"
medsrc_tvprog_23,PRE:CASI/WEBWhichtvprogramsRwatchesregularly: mentionFrontline,"0. Not selected byR
1. Selected by R
0. Not selected byR
1. Selectedby R
","-1. Inapplicable
-1. Inapplicable
"
medsrc_tvprog_24,PRE: CASI/WEB Wch tv progs R watches regly: mentn Good Morning,"0. Not selected byR
1. Selected by R
0. Not selected byR
1. Selectedby R
","-1. Inapplicable
-1. Inapplicable
"
medsrc_tvprog_25,PRE:CASI/WEBWhichtvprogramsRwatchesregularly: mentionHannity,"0. Not selected byR
1. Selected by R
0. Not selected byR
1. Selectedby R
","-1. Inapplicable
-1. Inapplicable
"
medsrc_tvprog_26,PRE: CASI/WEB Which tv programs R watches regularly: mention Huck-,"0. Not selected byR
1. Selected by R
0. Not selected byR
1. Selectedby R
","-1. Inapplicable
-1. Inapplicable
"
medsrc_tvprog_27,PRE: CASI/WEBWhich tv programs R watches regularly: mention Insider,"0. Not selected byR
1. Selected by R
0. Not selected byR
1. Selectedby R
","-1. Inapplicable
-1. Inapplicable
"
medsrc_tvprog_28,PRE: CASI/WEB Wch tv progs R watches reg'ly: mention Jimmy Kimmel,"0. Not selected byR
1. Selected by R
0. Not selected byR
1. Selectedby R
","-1. Inapplicable
-1. Inapplicable
"
medsrc_tvprog_29,PRE: CASI/WEB Which tv programs R watches reg'ly: mention Key and,"0. Not selected byR
1. Selected by R
0. Not selected byR
1. Selectedby R
","-1. Inapplicable
-1. Inapplicable
"
medsrc_tvprog_30,PRE:CASI/WEBTvprgsRwatch: TheLateLateShowwithCraigFerguson,"0. Not selected byR
1. Selected by R
0. Not selected byR
1. Selectedby R
","-1. Inapplicable
-1. Inapplicable
"
medsrc_tvprog_31,PRE:CASI/WEBTvprgsRwatch: mentionLateShowwithDavidLetterman,"0. Not selected byR
1. Selected by R
0. Not selected byR
1. Selectedby R
","-1. Inapplicable
-1. Inapplicable
"
medsrc_tvprog_32,PRE: CASI/WEB Wch tv programs R watches reg'ly: mention Meet the,"0. Not selected byR
1. Selected by R
0. Not selected byR
1. Selectedby R
","-1. Inapplicable
-1. Inapplicable
"
medsrc_tvprog_33,PRE:CASI/WEBWchtvprogramsRwatchesreg'ly: mentionTheMentalist,"0. Not selected byR
1. Selected by R
0. Not selected byR
1. Selectedby R
","-1. Inapplicable
-1. Inapplicable
"
medsrc_tvprog_34,PRE: CASI/WEB Wch tv programs R watches reg'ly: mentn NBC Nightly,"0. Not selected by R
1. Selected by R
0. Not selected byR
1. Selectedby R
","-1. Inapplicable
-1. Inapplicable
"
medsrc_tvprog_35,PRE: CASI/WEBWhich tv programs R watches regularly: mention NCIS,"0. Not selected byR
1. Selected by R
0. Not selected byR
1. Selectedby R
","-1. Inapplicable
-1. Inapplicable
"
medsrc_tvprog_36,PRE: CASI/WEBWhich tv progs R watches reg'ly: mention O'Reilly Factor,"0. Not selected byR
1. Selected by R
0. Not selected byR
1. Selectedby R
","-1. Inapplicable
-1. Inapplicable
"
medsrc_tvprog_37,PRE: CASI/WEB Tv prgs R watches: On the Record with Greta Van Sus-,"0. Not selected byR
1. Selected by R
0. Not selected byR
1. Selectedby R
","-1. Inapplicable
-1. Inapplicable
"
medsrc_tvprog_38,PRE: CASI/WEBWch tv progs R watches reg'ly: mentn Person of Interest,"0. Not selected byR
1. Selected by R
0. Not selected byR
1. Selectedby R
","-1. Inapplicable
-1. Inapplicable
"
medsrc_tvprog_39,PRE: CASI/WEBTv prgs R watch reg'ly: Rock Center with Brian Williams,"0. Not selected byR
1. Selected by R
0. Not selected byR
1. Selectedby R
","-1. Inapplicable
-1. Inapplicable
"
medsrc_tvprog_40,PRE:CASI/WEBWchtvprogsRwatchesreg'ly: mentnSaturdayNightLive,"0. Not selected by R
1. Selected by R
0. Not selected byR
1. Selectedby R
","-1. Inapplicable
-1. Inapplicable
"
medsrc_tvprog_41,PRE: CASI/WEBTv prgs R watches reg'ly: Special Report with Bret Baier,"0. Not selected byR
1. Selected by R
0. Not selected byR
1. Selectedby R
","-1. Inapplicable
-1. Inapplicable
"
medsrc_tvprog_42,PRE:CASI/WEBWhichtvprogramsRwatchesreg'ly: mentionTavisSmiley,"0. Not selected byR
1. Selected by R
0. Not selected byR
1. Selectedby R
","-1. Inapplicable
-1. Inapplicable
"
medsrc_tvprog_43,PRE:CASI/WEBWhichtvprogsRwatchesreg'ly: mentionSundayMorning,"0. Not selected byR
1. Selected by R
0. Not selected byR
1. Selectedby R
","-1. Inapplicable
-1. Inapplicable
"
medsrc_tvprog_44,PRE:CASI/WEBWhichtvprogramsRwatchesregularly: mentionTheView,"0. Not selected byR
1. Selected by R
0. Not selected byR
1. Selectedby R
","-1. Inapplicable
-1. Inapplicable
"
medsrc_tvprog_45,PRE: CASI/WEB Which tv programs R watches regularly: mention This,"0. Not selected byR
1. Selected by R
0. Not selected byR
1. Selectedby R
","-1. Inapplicable
-1. Inapplicable
"
medsrc_tvprog_46,PRE:CASI/WEBWhichtvprogsRwatchesregularly: mentionTodayShow,"0. Not selected byR
1. Selected by R
0. Not selected byR
1. Selectedby R
","-1. Inapplicable
-1. Inapplicable
"
medsrc_tvprog_47,PRE: CASI/WEBWhich tv programs R watches reg'ly: mention The Voice,"0. Not selected byR
1. Selected by R
0. Not selected byR
1. Selectedby R
","-1. Inapplicable
-1. Inapplicable
"
medsrc_tvprog_48,PRE:CASI/WEBWhichtvprogramsRwatchesregularly: mentionTheTalk,"0. Not selected byR
1. Selected by R
0. Not selected byR
1. Selectedby R
","-1. Inapplicable
-1. Inapplicable
"
medsrc_tvprog_49,PRE:CASI/WEBWhichtvprogramsRwatchesregularly: mentionAlPunto,"0. Not selected byR
1. Selected by R
0. Not selected byR
1. Selectedby R
","-1. Inapplicable
-1. Inapplicable
"
medsrc_tvprog_50,PRE:CASI/WEBWhichtvprogsRwatchesregularly: mentionAlRojoVivo,"0. Not selected byR
1. Selected by R
0. Not selected byR
1. Selectedby R
","-1. Inapplicable
-1. Inapplicable
"
medsrc_tvprog_51,PRE:CASI/WEBWhichtvprogsRwatchesregularly: mentionAquiyAhora,"0. Not selected byR
1. Selected by R
0. Not selected byR
1. Selectedby R
","-1. Inapplicable
-1. Inapplicable
"
medsrc_tvprog_52,PRE:CASI/WEBWhichtvprogsRwatchesreg'ly: mentionCNNenEspanol,"0. Not selected byR
1. Selected by R
0. Not selected byR
1. Selectedby R
","-1. Inapplicable
-1. Inapplicable
"
medsrc_tvprog_53,PRE: CASI/WEB Wch tv progs R watches reg'ly: mention Despierta Amer-,"0. Not selected byR
1. Selected by R
0. Not selected byR
1. Selectedby R
","-1. Inapplicable
-1. Inapplicable
"
medsrc_tvprog_54,PRE:CASI/WEBWchtvprogsRwatchesreg'ly: mentnElGordoyLaFlaca,"0. Not selected byR
1. Selected by R
0. Not selected byR
1. Selectedby R
","-1. Inapplicable
-1. Inapplicable
"
medsrc_tvprog_55,PRE:CASI/WEBWhichtvprogramsRwatchesregularly: mentionEnfoque,"0. Not selected byR
1. Selected by R
0. Not selected byR
1. Selectedby R
","-1. Inapplicable
-1. Inapplicable
"
medsrc_tvprog_56,PRE: CASI/WEBWhich tv programs R watches regularly: mention Hoy,"0. Not selected byR
1. Selected by R
0. Not selected byR
1. Selectedby R
","-1. Inapplicable
-1. Inapplicable
"
medsrc_tvprog_57,PRE:CASI/WEBWchtvprgsRwatchesreg'ly: LoMejordeCasoCerrado,"0. Not selected byR
1. Selected by R
0. Not selected byR
1. Selectedby R
","-1. Inapplicable
-1. Inapplicable
"
medsrc_tvprog_58,PRE: CASI/WEBWch tv progs R watches reg'ly: Noticiero Enrique Gratas,"0. Not selected byR
1. Selected by R
0. Not selected byR
1. Selectedby R
","-1. Inapplicable
-1. Inapplicable
"
medsrc_tvprog_59,PRE:CASI/WEBWhichtvprogramsRwatchesreg'ly: NoticieroTelemundo,"0. Not selected byR
1. Selected by R
0. Not selected byR
1. Selectedby R
","-1. Inapplicable
-1. Inapplicable
"
medsrc_tvprog_60,PRE:CASI/WEBWchtvprogsRwatchesreg'ly: mentnNoticieroUnivision,"0. Not selected byR
1. Selected by R
0. Not selected byR
1. Selectedby R
","-1. Inapplicable
-1. Inapplicable
"
medsrc_tvprog_61,PRE: CASI/WEBWhich tv progs R watches reg'ly: Pa'lante con Cristiana,"0. Not selected byR
1. Selected by R
0. Not selected byR
1. Selectedby R
","-1. Inapplicable
-1. Inapplicable
"
medsrc_tvprog_62,PRE: CASI/WEB Which tv progs R watches reg'ly: mentn Pequenos Gi-,"0. Not selected byR
1. Selected by R
0. Not selected byR
1. Selectedby R
","-1. Inapplicable
-1. Inapplicable
"
medsrc_tvprog_63,PRE:CASI/WEBWhichtvprogsRwatchesreg'ly: mentionPrimerImpacto,"0. Not selected byR
1. Selected by R
0. Not selected byR
1. Selectedby R
","-1. Inapplicable
-1. Inapplicable
"
medsrc_tvprog_64,PRE:CASI/WEBWhichtvprogsRwatchesreg'ly: mentionSabadoGigante,"0. Not selected byR
1. Selected by R
0. Not selected byR
1. Selectedby R
","-1. Inapplicable
-1. Inapplicable
"
medsrc_tvprog_none,PRE: CASI/WEBWhich tv programs R watches regularly: none on screen,"0. Notselected on any screen
1. Selected on screen
2. Selected on screen
3. Selected on screen
4. Selected on screen
0. Not selected on anyscreen
1. Selected onscreen
2. Selected onscreen
3. Selected onscreen
4. Selected onscreen
","-1. Inapplicable
-1. Inapplicable
"
medsrc_tvprog_dk,PRE: FTF ONLY: CASI Which television programs R watches regularly:,"0. Dknot on any screen
1. Dk screen1
2. Dk screen2
3. Dk screen3
4. Dk screen4
0. Dknot on any screen
1. Dk screen
2. Dk screen
3. Dk screen
4. Dk screen
","-1. Inapplicable
-1. Inapplicable
"
medsrc_tvprog_rf,PRE: CASI/WEB Which television programs R watches regularly: screen,"0. Rf noton any screen
1. Rf screen
2. Rf screen
3. Rf screen
4. Rf screen
0. Rf noton any screen
1. Rf screen
2. Rf screen
3. Rf screen
4. Rf screen
","-1. Inapplicable
-1. Inapplicable
"
medsrc_radio_01,PRE: CASI/WEBRadio prgs R lstns reg'ly: All Things Considered (NPR),"0. Not selected byR
1. Selected by R
0. Not selected byR
1. Selectedby R
","-1. Inapplicable
-1. Inapplicable
"
medsrc_radio_02,PRE: CASI/WEB Radio progs R lstns reg'ly: mention The Dave Ramsey,"0. Not selected byR
1. Selected by R
0. Not selected byR
1. Selectedby R
","-1. Inapplicable
-1. Inapplicable
"
medsrc_radio_03,PRE: CASI/WEBRadio progs R lstns reg'ly: mention The Ed Shultz Show,"0. Not selected byR
1. Selected by R
0. Not selected byR
1. Selectedby R
","-1. Inapplicable
-1. Inapplicable
"
medsrc_radio_04,PRE: CASI/WEBRadio progs R listens regularly: mention Fresh Air (NPR),"0. Not selected byR
1. Selected by R
0. Not selected byR
1. Selectedby R
","-1. Inapplicable
-1. Inapplicable
"
medsrc_radio_05,PRE:CASI/WEBRadioprogsRlstnstoreg'ly: mentnGlennBeckProgram,"0. Not selected byR
1. Selected by R
0. Not selected byR
1. Selectedby R
","-1. Inapplicable
-1. Inapplicable
"
medsrc_radio_06,PRE: CASI/WEB Radio prgs R lstns reg'ly: mentn The Laura Ingraham,"0. Not selected byR
1. Selected by R
0. Not selected byR
1. Selectedby R
","-1. Inapplicable
-1. Inapplicable
"
medsrc_radio_07,PRE:CASI/WEBRadioprogsRlistensreg'ly: mentnTheMarkLevinShow,"0. Not selected byR
1. Selected by R
0. Not selected byR
1. Selectedby R
","-1. Inapplicable
-1. Inapplicable
"
medsrc_radio_08,PRE: CASI/WEBRadio progs R lstns reg'ly: mentn Morning Edition (NPR),"0. Not selected byR
1. Selected by R
0. Not selected byR
1. Selectedby R
","-1. Inapplicable
-1. Inapplicable
"
medsrc_radio_09,PRE:CASI/WEBRadioprogsRlistensreg'ly: mentnTheNealBoortzShow,"0. Not selected byR
1. Selected by R
0. Not selected byR
1. Selectedby R
","-1. Inapplicable
-1. Inapplicable
"
medsrc_radio_10,PRE:CASI/WEBRadioprgsRlstnsreg'ly: mentnThePower(JoeMadison),"0. Not selected byR
1. Selected by R
0. Not selected byR
1. Selectedby R
","-1. Inapplicable
-1. Inapplicable
"
medsrc_radio_11,PRE: CASI/WEB Radio progs R lstns reg'ly: mentn The Rush Limbaugh,"0. Not selected byR
1. Selected by R
0. Not selected byR
1. Selectedby R
","-1. Inapplicable
-1. Inapplicable
"
medsrc_radio_12,PRE:CASI/WEBRadioprgsRlstns: TheSavageNation(MichaelSavage),"0. Not selected byR
1. Selected by R
0. Not selected byR
1. Selectedby R
","-1. Inapplicable
-1. Inapplicable
"
medsrc_radio_13,PRE:CASI/WEBRadioprogsRlstnsreg'ly: mentnTheSeanHannityShow,"0. Not selected byR
1. Selected by R
0. Not selected byR
1. Selectedby R
","-1. Inapplicable
-1. Inapplicable
"
medsrc_radio_14,PRE: CASI/WEBRadio progs R listens reg'ly: Talkof the Nation (NPR),"0. Not selected byR
1. Selected by R
0. Not selected byR
1. Selectedby R
","-1. Inapplicable
-1. Inapplicable
"
medsrc_radio_15,PRE: CASI/WEB Radio progs R listens reg'ly: The Thom Hartmann Pro-,"0. Not selected byR
1. Selected by R
0. Not selected byR
1. Selectedby R
","-1. Inapplicable
-1. Inapplicable
"
medsrc_radio_none,PRE: CASI/WEBRadio progs R listens reg'ly: none of the above selected,"0. Not selected byR
1. Selected by R
0. Not selected byR
1. Selectedby R
","-1. Inapplicable
-1. Inapplicable
"
medsrc_radio_dkrf,PRE:FTFONLY:CASIWhichradioprogramsRlistenstoregularly: DK/RF,"0. Not selected byR
1. Dk selected by R
3. Rfselected by R
0. Not selected byR
1. Dk selected by R
3. Rf selectedby R
","-1. Inapplicable
-1. Inapplicable
"
medsrc_websites_01,PRE: CASI/WEB Wch websites R visits reg'ly: ABC News (abc-,"0. Not selected byR
1. Selected by R
0. Not selected byR
1. Selectedby R
","-1. Inapplicable
-1. Inapplicable
"
medsrc_websites_02,PRE: CASI/WEBWhich web sites R visits regularly: CNN (cnn.com),"0. Not selected byR
1. Selected by R
0. Not selected byR
1. Selectedby R
","-1. Inapplicable
-1. Inapplicable
"
medsrc_websites_03,PRE:CASI/WEBWbsitesRvisitsregly: DrudgeReport(drudgereport.com),"0. Not selected byR
1. Selected by R
0. Not selected byR
1. Selectedby R
","-1. Inapplicable
-1. Inapplicable
"
medsrc_websites_04,PRE: CASI/WEBWhich web sites R visits regularly: Forbes (forbes.com),"0. Not selected byR
1. Selected by R
0. Not selected byR
1. Selectedby R
","-1. Inapplicable
-1. Inapplicable
"
medsrc_websites_05,PRE:CASI/WEBWhichwebsitesRvisitsreg'ly: FoxNews(foxnews.com),"0. Not selected byR
1. Selected by R
0. Not selected byR
1. Selectedby R
","-1. Inapplicable
-1. Inapplicable
"
medsrc_websites_06,PRE: CASI/WEB Websites R visits: Good Morning America,"0. Not selected byR
1. Selected by R
0. Not selected byR
1. Selectedby R
","-1. Inapplicable
-1. Inapplicable
"
medsrc_websites_07,PRE:CASI/WEBWchsitesRvisitsreg'ly: GoogleNews(news.google.com),"0. Not selected byR
1. Selected by R
0. Not selected byR
1. Selectedby R
","-1. Inapplicable
-1. Inapplicable
"
medsrc_websites_08,PRE: CASI/WEBWebsitesR visits: HuffingtonPost (huffingtonpost.com),"0. Not selected byR
1. Selected by R
0. Not selected byR
1. Selectedby R
","-1. Inapplicable
-1. Inapplicable
"
medsrc_websites_09,PRE: CASI/WEBSites R visits reg'ly: Los Angeles Times(latimes.com),"0. Not selected byR
1. Selected by R
0. Not selected byR
1. Selectedby R
","-1. Inapplicable
-1. Inapplicable
"
medsrc_websites_10,PRE:CASI/WEBWhichwebsitesRvisitsreg'ly: MSNBC(msnbc.msn.com),"0. Not selected byR
1. Selected by R
0. Not selected byR
1. Selectedby R
","-1. Inapplicable
-1. Inapplicable
"
medsrc_websites_11,PRE: CASI/WEBWch sites R visits reg'ly: New YorkTimes(nytimes.com),"0. Not selected byR
1. Selected by R
0. Not selected byR
1. Selectedby R
","-1. Inapplicable
-1. Inapplicable
"
medsrc_websites_12,PRE:CASI/WEBSitesRvisitsreg'ly: TodayShow(today.msnbc.msn.com),"0. Not selected byR
1. Selected by R
0. Not selected byR
1. Selectedby R
","-1. Inapplicable
-1. Inapplicable
"
medsrc_websites_13,PRE: CASI/WEBWch websites R visits reg'ly: USA Today(usatoday.com),"0. Not selected byR
1. Selected by R
0. Not selected byR
1. Selectedby R
","-1. Inapplicable
-1. Inapplicable
"
medsrc_websites_14,PRE: CASI/WEB Websites R visits: Washington Post (washington-,"0. Not selected byR
1. Selected by R
0. Not selected byR
1. Selectedby R
","-1. Inapplicable
-1. Inapplicable
"
medsrc_websites_15,PRE: CASI/WEB Wch wbsites R visits reg'ly: Yahoo News,"0. Not selected byR
1. Selected by R
0. Not selected byR
1. Selectedby R
","-1. Inapplicable
-1. Inapplicable
"
medsrc_websites_othweb,PRE: CASI/WEBWhich websites R visits regularly: mention other website,"0. Not selected byR
1. Selected by R
0. Not selected byR
1. Selectedby R
","-1. Inapplicable
-1. Inapplicable
"
medsrc_websites_oth,PRE: CASI/WEBOther specify- Which web sites Rvisits regularly,,"-2. Textresponses available in separatefile
-2. Textresponses available in separatefile
"
medsrc_websites_none,PRE: CASI/WEBWhich sites R visits reg'ly: none of the above selected,"0. Not selected byR
1. Selected by R
0. Not selected byR
1. Selectedby R
","-1. Inapplicable
-1. Inapplicable
"
medsrc_websites_dkrf,PRE: FTFONLY:CASI Which websites R visits regularly: DK/RF,"0. Not selected byR
1. Dk selected by R
2. Rfselected by R
0. Not selected byR
1. Dk selected by R
2. Rf selectedby R
","-1. Inapplicable
-1. Inapplicable
"
medsrc_printnews_01,PRE:CASI/WEBPrintpapersRreads: NewYorkTimes/www.nytimes.com,"0. Not selected byR
1. Selected by R
0. Not selected byR
1. Selectedby R
","-1. Inapplicable
-1. Inapplicable
"
medsrc_printnews_02,PRE: CASI/WEB Print papers R reads reg'ly: USA Today/,"0. Not selected byR
1. Selected by R
0. Not selected byR
1. Selectedby R
","-1. Inapplicable
-1. Inapplicable
"
medsrc_printnews_03,PRE: CASI/WEBPrint paprs R reads: WallStreet Journal/ online.wsj.com,"0. Not selected byR
1. Selected by R
0. Not selected byR
1. Selectedby R
","-1. Inapplicable
-1. Inapplicable
"
medsrc_printnews_04,PRE: CASI/WEB Pnt papr R read: Washington Post/,"0. Not selected byR
1. Selected by R
0. Not selected byR
1. Selectedby R
","-1. Inapplicable
-1. Inapplicable
"
medsrc_printnews_05,PRE:CASI/WEBWhichprintpapersRreadsreg'ly: mentionnewspaper05,"0. Not selected byR
1. Selected by R
0. Not selected byR
1. Selectedby R
","-1. Inapplicable
-1. Inapplicable
"
medsrc_printnews_06,PRE:CASI/WEBWhichprintpapersRreadsreg'ly: mentionnewspaper06,"0. Not selected byR
1. Selected by R
0. Not selected byR
1. Selectedby R
","-1. Inapplicable
-1. Inapplicable
"
medsrc_printnews_07,PRE:CASI/WEBWhichprintpapersRreadsreg'ly: mentionnewspaper07,"0. Not selected byR
1. Selected by R
0. Not selected byR
1. Selectedby R
","-1. Inapplicable
-1. Inapplicable
"
medsrc_printnews_08,PRE:CASI/WEBWhichprintpapersRreadsreg'ly: mentionnewspaper08,"0. Not selected byR
1. Selected by R
0. Not selected byR
1. Selectedby R
","-1. Inapplicable
-1. Inapplicable
"
medsrc_printnews_09,PRE:CASI/WEBWhichprintpapersRreadsreg'ly: mentionnewspaper09,"0. Not selected byR
1. Selected by R
0. Not selected byR
1. Selectedby R
","-1. Inapplicable
-1. Inapplicable
"
medsrc_printnews_10,PRE:CASI/WEBWhichprintpapersRreadsreg'ly: mentionnewspaper10,"0. Not selected byR
1. Selected by R
0. Not selected byR
1. Selectedby R
","-1. Inapplicable
-1. Inapplicable
"
medsrc_printnews_11,PRE:CASI/WEBWhichprintpapersRreadsreg'ly: mentionnewspaper11,"0. Not selected byR
1. Selected by R
0. Not selected byR
1. Selectedby R
","-1. Inapplicable
-1. Inapplicable
"
medsrc_printnews_12,PRE:CASI/WEBWhichprintpapersRreadsreg'ly: mentionnewspaper12,"0. Not selected byR
1. Selected by R
0. Not selected byR
1. Selectedby R
","-1. Inapplicable
-1. Inapplicable
"
medsrc_printnews_13,PRE:CASI/WEBWhichprintpapersRreadsreg'ly: mentionnewspaper13,"0. Not selected byR
1. Selected by R
0. Not selected byR
1. Selectedby R
","-1. Inapplicable
-1. Inapplicable
"
medsrc_printnews_14,PRE:CASI/WEBWhichprintpapersRreadsreg'ly: mentionnewspaper14,"0. Not selected byR
0. Not selected byR
","-1. Inapplicable
-1. Inapplicable
"
medsrc_printnews_15,PRE:CASI/WEBWhichprintpapersRreadsreg'ly: mentionnewspaper15,"0. Not selected byR
0. Not selected byR
","-1. Inapplicable
-1. Inapplicable
"
medsrc_printnews_othnews,PRE: CASI/WEBWhich print papers R reads reg'ly: mention other newsp,"0. Not selected byR
1. Selected by R
0. Not selected byR
1. Selectedby R
","-1. Inapplicable
-1. Inapplicable
"
medsrc_printnews_none,PRE: CASI/WEBPrint papers R reads reg'ly: none of the above selected,"0. Not selected byR
1. Selected by R
0. Not selected byR
1. Selectedby R
","-1. Inapplicable
-1. Inapplicable
"
medsrc_printnews_dkrf,PRE: FTFONLY:CASI Which printnewspapers R reads regularly: DK/RF,"0. Not selected byR
1. Dk selected by R
2. Rfselected by R
0. Not selected byR
1. Dk selected by R
2. Rf selectedby R
","-1. Inapplicable
-1. Inapplicable
"
medsrc_inetnews_01,PRE: CASI/WEB Onln paprs R read regly: New York Times/,"0. Not selected byR
1. Selected by R
0. Not selected byR
1. Selectedby R
","-1. Inapplicable
-1. Inapplicable
"
medsrc_inetnews_02,PRE: CASI/WEB Online paprs R reads reg'ly: USA Today/,"0. Not selected byR
1. Selected by R
0. Not selected byR
1. Selectedby R
","-1. Inapplicable
-1. Inapplicable
"
medsrc_inetnews_03,PRE: CASI/WEBOnlin paprs R reads: WallStreet Journal/ online.wsj.com,"0. Not selected byR
1. Selected by R
0. Not selected byR
1. Selectedby R
","-1. Inapplicable
-1. Inapplicable
"
medsrc_inetnews_04,PRE: CASI/WEB Onl pprs R read: Washington Post/,"0. Not selected byR
1. Selected by R
0. Not selected byR
1. Selectedby R
","-1. Inapplicable
-1. Inapplicable
"
medsrc_inetnews_05,PRE: CASI/WEB Which online papers R reads reg'ly: mention newspaper,"0. Not selected byR
1. Selected by R
0. Not selected byR
1. Selectedby R
","-1. Inapplicable
-1. Inapplicable
"
medsrc_inetnews_06,PRE: CASI/WEB Which online papers R reads reg'ly: mention newspaper,"0. Not selected byR
1. Selected by R
0. Not selected byR
1. Selectedby R
","-1. Inapplicable
-1. Inapplicable
"
medsrc_inetnews_07,PRE: CASI/WEB Which online papers R reads reg'ly: mention newspaper,"0. Not selected byR
1. Selected by R
0. Not selected byR
1. Selectedby R
","-1. Inapplicable
-1. Inapplicable
"
medsrc_inetnews_08,PRE: CASI/WEB Which online papers R reads reg'ly: mention newspaper,"0. Not selected byR
1. Selected by R
0. Not selected byR
1. Selectedby R
","-1. Inapplicable
-1. Inapplicable
"
medsrc_inetnews_09,PRE: CASI/WEB Which online papers R reads reg'ly: mention newspaper,"0. Not selected byR
1. Selected by R
0. Not selected byR
1. Selectedby R
","-1. Inapplicable
-1. Inapplicable
"
medsrc_inetnews_10,PRE: CASI/WEB Which online papers R reads reg'ly: mention newspaper,"0. Not selected byR
1. Selected by R
0. Not selected byR
1. Selectedby R
","-1. Inapplicable
-1. Inapplicable
"
medsrc_inetnews_11,PRE: CASI/WEB Which online papers R reads reg'ly: mention newspaper,"0. Not selected byR
1. Selected by R
0. Not selected byR
1. Selectedby R
","-1. Inapplicable
-1. Inapplicable
"
medsrc_inetnews_12,PRE: CASI/WEB Which online papers R reads reg'ly: mention newspaper,"0. Not selected byR
1. Selected by R
0. Not selected byR
1. Selectedby R
","-1. Inapplicable
-1. Inapplicable
"
medsrc_inetnews_13,PRE: CASI/WEB Which online papers R reads reg'ly: mention newspaper,"0. Not selected byR
1. Selected by R
0. Not selected byR
1. Selectedby R
","-1. Inapplicable
-1. Inapplicable
"
medsrc_inetnews_14,PRE: CASI/WEB Which online papers R reads reg'ly: mention newspaper,"0. Not selected byR
0. Not selected byR
","-1. Inapplicable
-1. Inapplicable
"
medsrc_inetnews_15,PRE: CASI/WEB Which online papers R reads reg'ly: mention newspaper,"0. Not selected byR
0. Not selected byR
","-1. Inapplicable
-1. Inapplicable
"
medsrc_inetnews_othnews,PRE:CASI/WEBWhichonlinepapersRreadsreg'ly: mentionothernewsp,"0. Not selected byR
1. Selected by R
0. Not selected byR
1. Selectedby R
","-1. Inapplicable
-1. Inapplicable
"
medsrc_inetnews_none,PRE: CASI/WEBWch onlin paprs R reads reg'ly: none of the aboveselctd,"0. Not selected byR
1. Selected by R
0. Not selected byR
1. Selectedby R
","-1. Inapplicable
-1. Inapplicable
"
medsrc_inetnews_dkrf,PRE:FTFONLY:CASIWhichonlinenewspapersRreadsregularly: DK/RF,"0. Not selected byR
1. Dk selected by R
2. Rfselected by R
0. Not selected byR
1. Dk selected by R
2. Rf selectedby R
","-1. Inapplicable
-1. Inapplicable
"
medsrc_socmedia,CASI No.daysin wk R uses soc mediato learn Pres,"0. None
1. One day
2. Twodays
3. Three days
4. Four days
5. Five days
6. Six days
7. Sevendays
","-4. Error
-8. Don'tknow
-9. Refused
"
medsrc_blogs,CASI No.daysin wk R uses blogs tolearn abt Pres,"0. None
1. One day
2. Twodays
3. Threedays
4. Four days
5. Five days
6. Six days
7. Seven days
","-4. Error
-8. Don't know
-9. Refused
"
medsrc_specblogs,CASI Whichblogs R uses to learn abtPres electn,,"-2. Textresponses available in separatefile
-2. Textresponses available in separatefile
"
owngun_owngun,CASI DoesR own a gun,"1. Yes
2. No
1. Yes
2. No
","-8. Don't know
-9. Refused
-8. Don't know
-9. Refused
"
wordsum_setb,CASI WORDSUMset B,"1. Incorrect
2. Incorrect
3. Incorrect
4. Incorrect
5. Correct
1. Incorrect
2. Incorrect
3. Incorrect
4. Incorrect
5. Correct
","-2. Missing: soft refusal
-9. Refused
-2. Missing: soft refusal
-9. Refused
"
wordsum_setd,CASI WORDSUMset D,"1. Incorrect
2. Incorrect
3. Correct
4. Incorrect
5. Incorrect
1. Incorrect
2. Incorrect
3. Correct
4. Incorrect
5. Incorrect
","-2. Missing: soft refusal
-9. Refused
-2. Missing: soft refusal
-9. Refused
"
wordsum_sete,CASI WORDSUMset E,"1. Correct
2. Incorrect
3. Incorrect
4. Incorrect
5. Incorrect
1. Correct
2. Incorrect
3. Incorrect
4. Incorrect
5. Incorrect
","-2. Missing: soft refusal
-9. Refused
-2. Missing: soft refusal
-9. Refused
"
wordsum_setf,CASI WORDSUMset F,"1. Incorrect
2. Incorrect
3. Correct
4. Incorrect
5. Incorrect
1. Incorrect
2. Incorrect
3. Correct
4. Incorrect
5. Incorrect
","-2. Missing: soft refusal
-9. Refused
-2. Missing: soft refusal
-9. Refused
"
wordsum_setg,CASI WORDSUMset G,"1. Incorrect
2. Incorrect
3. Incorrect
4. Inorrect
5. Correct
1. Incorrect
2. Incorrect
3. Incorrect
4. Inorrect
5. Correct
","-2. Missing: soft refusal
-9. Refused
-2. Missing: soft refusal
-9. Refused
"
wordsum_seth,CASI WORDSUMset H,"1. Incorrect
2. Incorrect
3. Incorrect
4. Correct
5. Incorrect
1. Incorrect
2. Incorrect
3. Incorrect
4. Correct
5. Incorrect
","-2. Missing: soft refusal
-9. Refused
-2. Missing: soft refusal
-9. Refused
"
wordsum_setj,CASI WORDSUMset J,"1. Correct
2. Incorrect
3. Incorrect
4. Incorrect
5. Incorrect
1. Correct
2. Incorrect
3. Incorrect
4. Incorrect
5. Incorrect
","-2. Missing: soft refusal
-9. Refused
-2. Missing: soft refusal
-9. Refused
"
wordsum_setk,CASI WORDSUMset K,"1. Correct
2. Incorrect
3. Incorrect
4. Incorrect
5. Incorrect
1. Correct
2. Incorrect
3. Incorrect
4. Incorrect
5. Incorrect
","-2. Missing: soft refusal
-9. Refused
-2. Missing: soft refusal
-9. Refused
"
wordsum_setl,CASI WORDSUMset L,"1. Incorrect
2. Incorrect
3. Incorrect
4. Correct
5. Incorrect
1. Incorrect
2. Incorrect
3. Incorrect
4. Correct
5. Incorrect
","-2. Missing: soft refusal
-9. Refused
-2. Missing: soft refusal
-9. Refused
"
wordsum_seto,CASI WORDSUMset O,"1. Incorrect
2. Correct
3. Incorrect
4. Incorrect
5. Incorrect
1. Incorrect
2. Correct
3. Incorrect
4. Incorrect
5. Incorrect
","-2. Missing: soft refusal
-9. Refused
-2. Missing: soft refusal
-9. Refused
"
orientn_rgay,CASI Sexualorientation of R,"1. Heterosexual orstraight
2. Homosexual orgay (or lesbian)
3. Bisexual
1. Heterosexual orstraight
2. Homosexual or gay(or lesbian)
3. Bisexual
","-8. Don't know
-9. Refused
-8. Don't know
-9. Refused
"
orientn_knowgay,CASI Sexualorientation of family and friends,"1. Yes
2. No
1. Yes
2. No
","-8. Don't know
-9. Refused
-8. Don't know
-9. Refused
"
preknow_prestimes,CASI Politicalknowledge: number times canbe ele,,
preknow_sizedef,CASI Politicalknowledge: size of federaldeficit,"1. Bigger
2. About thesame
3. Smaller
1. Bigger
2. About the same
3. Smaller
","-2. Missing: soft refusal
-9. Refused
-2. Missing: soft refusal
-9. Refused
"
preknow_senterm,CASI YearsSenatorElected,,
preknow_medicare,CASI Politicalknowledge: What is Medicare,"1. AprogramrunbytheU.S.Federalgovernmentto
2. Aprogram run by state governments toprovide
3. Aprivatehealthinsuranceplansoldtoindividuals
4. Aprivate, non-profit organization that runs free
1. A programrun by the U.S.
2. A program runby state
3. A private health insurance
4. A private, non-profit
","-2. Missing: soft refusal
-9. Refused
-2. Missing: soft refusal
-9. Refused
"
preknow_leastsp,CASI Politicalknowledge: program Fed govtspends,"1. Foreign aid
2. Medicare
3. National defense
4. Social security
1. Foreign aid
2. Medicare
3. National defense
4. Social security
","-2. Missing: soft refusal
-9. Refused
-2. Missing: soft refusal
-9. Refused
"
happ_lifesatisf,How satisfiedis R with life,"1. Extremely satisfied
2. Verysatisfied
3. Moderately satisfied
4. Slightlysatisfied
5. Not satisfied at all satisfied
1. Extremely satisfied
2. Verysatisfied
3. Moderately satisfied
4. Slightly satisfied
5. Not satisfied at all satisfied
","-8. Don't know
-9. Refused
-8. Don't know
-9. Refused
"
mediapo_tv,Watchcampaign programs on TV,"1. Yes
2. No
1. Yes
2. No
","-6. Notasked, unit nonresponse (no post-election
-7. Deleteddue to partial (post-election) interview
-8. Don't know
-9. Refused
-6. Not asked, unit
-7. Deleted due to partial
-8. Don't know
-9. Refused
"
mediapo_tvamt,How manycampaign programs on TV,"1. Agood many
2. Several
3. Just one or two
1. A goodmany
2. Several
3. Just one or two
","-1. Inapplicable
-6. Notasked, unit nonresponse (no post-election
-7. Deleted due to partial (post-election) interview
-8. Don't know
-1. Inapplicable
-6. Not asked, unit
-7. Deleted due to partial
-8. Don't know
"
mediapo_radio,Hear radiospeeches/discussn about Pres campaign,"1. Yes
2. No
1. Yes
2. No
","-6. Notasked, unit nonresponse (no post-election
-7. Deleteddue to partial (post-election) interview
-6. Not asked, unit
-7. Deleted due to partial
"
mediapo_radioamt,How manyradio speech/discussn abt Pres campaign,"1. A goodmany
2. Several
3. Just one or two
1. A goodmany
2. Several
3. Just one or two
","-1. Inapplicable
-6. Notasked, unit nonresponse (no post-election
-7. Deleteddue to partial (post-election) interview
-8. Don't know
-1. Inapplicable
-6. Not asked, unit
-7. Deleted due to partial
-8. Don't know
"
mediapo_nwsprev,Read aboutPresidential campaign in newspaper,"1. Yes
2. No
1. Yes
2. No
","-6. Not asked, unit nonresponse(no post-election
-7. Deleted due topartial (post-election) interview
-6. Not asked, unit
-7. Deleted due to partial
"
mediapo_nwsprevamt,How manystories abt Pres campaign in newspaper,"1. A good many
2. Several
3. Just oneor two
1. A goodmany
2. Several
3. Just one or two
","-1. Inapplicable
-6. Not asked, unit nonresponse(no post-election
-7. Deleted due topartial (post-election) interview
-1. Inapplicable
-6. Not asked, unit
-7. Deleted due to partial
"
mediapo_net,View/hearinternetinformation abt Pres campaign,"1. Yes
2. No
1. Yes
2. No
","-6. Notasked, unit nonresponse (no post-election
-7. Deleted due to partial (post-election)interview
-8. Don't know
-9. Refused
-6. Not asked, unit
-7. Deleted due to partial
-8. Don't know
-9. Refused
"
mediapo_netamt,How ofteninternet info about Pres campaign,"1. Agood many
2. Several
3. Just one or two
","-1. Inapplicable
-6. Notasked, unit nonresponse (no post-election
-7. Deleted due to partial (post-election) interview
-8. Don't know
-9. Refused
"
mediapo_site,Did Rvisit website of candidate,"1. VisitedWebsite(s)
2. Didnot visit
1. VisitedWebsite(s)
2. Did notvisit
","-1. Inapplicable
-6. Notasked, unit nonresponse (no post-election
-7. Deleted due to partial (post-election) interview
-9. Refused
-1. Inapplicable
-6. Not asked, unit
-7. Deleted due to partial
-9. Refused
"
mediapo_siteamt,How oftenvisited website of candidate or party,"1. A goodmany
2. Several
3. Just one or two
1. A goodmany
2. Several
3. Just one or two
","-1. Inapplicable
-6. Notasked, unit nonresponse (no post-election
-7. Deleteddue to partial (post-election) interview
-1. Inapplicable
-6. Not asked, unit
-7. Deleted due to partial
"
mobilpo_party,Did partycontact R about 2012 campaign,"1. Yes
2. No
1. Yes
2. No
","-6. Notasked, unit nonresponse (no post-election
-7. Deleteddue to partial (post-election) interview
-8. Don't know
-6. Not asked, unit
-7. Deleted due to partial
-8. Don't know
"
mobilpo_wparty,Which partycontacted R about 2012 campaign,"1. Democrats
2. Republicans
3. Both (VOL)
5. Other (SPECIFY)
","-1. Inapplicable
-6. Notasked, unit nonresponse (no post-election
-7. Deleteddue to partial (post-election) interview
-8. Don't know
-9. Refused
"
mobilpo_wparty_oth,POST:Other specify-Did party contact R about 2012campaign,,"-2. Textresponses available in separatefile
-2. Textresponses available in separatefile
"
mobilpo_contactoth,Did anyoneother than parties contact R aboutcands,"1. Yes
2. No
1. Yes
2. No
","-6. Notasked, unit nonresponse (no post-election
-7. Deleteddue to partial (post-election) interview
-8. Don't know
-9. Refused
-6. Not asked, unit
-7. Deleted due to partial
-8. Don't know
-9. Refused
"
mobilpo_latino,LATINORs: Wascontactby Latino person(s),"1. Latinos
2. Non-latinos
3. Both
4. Don't remember
1. Latinos
2. Non-latinos
3. Both
4. Don't remember
","-1. Inapplicable
-6. Notasked, unit nonresponse (no post-election
-7. Deleteddue to partial (post-election) interview
-9. Refused
-1. Inapplicable
-6. Not asked, unit
-7. Deleted due to partial
-9. Refused
"
mobilpo_lang,LATINORs: Wascontactin Spanish or English,"1. Mostlyin Spanish
2. Mostly in English
3. Both
4. Don't remember
1. Mostly inSpanish
2. Mostly in English
3. Both
4. Don't remember
","-1. Inapplicable
-6. Notasked, unit nonresponse (no post-election
-7. Deleteddue to partial (post-election) interview
-1. Inapplicable
-6. Not asked, unit
-7. Deleted due to partial
"
mobilpo_reg,Anyone talkto R abt registering or gettingout to vote,"1. Yes,someonedid
2. No, noone did
1. Yes,someonedid
2. No, noone did
","-6. Notasked, unit nonresponse (no post-election
-7. Deleteddue to partial (post-election) interview
-8. Don't know
-9. Refused
-6. Not asked, unit
-7. Deleted due to partial
-8. Don't know
-9. Refused
"
mobilpo_rmob,R talkto anyone about voting for oragainst cand or pty,"1. Yes
2. No
1. Yes
2. No
","-6. Not asked, unit nonresponse(no post-election
-7. Deleted due topartial (post-election) interview
-8. Don't know
-9. Refused
-6. Not asked, unit
-7. Deleted due to partial
-8. Don't know
-9. Refused
"
mobilpo_rally,"R goto any political meetings, rallies, speeches","1. Yes
2. No
1. Yes
2. No
","-6. Notasked, unit nonresponse (no post-election
-7. Deleteddue to partial (post-election) interview
-8. Don't know
-9. Refused
-6. Not asked, unit
-7. Deleted due to partial
-8. Don't know
-9. Refused
"
mobilpo_sign,R wearcampaign button or post sign orbumper sticker,"1. Yes
2. No
1. Yes
2. No
","-6. Notasked, unit nonresponse (no post-election
-7. Deleteddue to partial (post-election) interview
-9. Refused
-6. Not asked, unit
-7. Deleted due to partial
-9. Refused
"
mobilpo_otherwork,R doany (other) work for party orcandidate,"1. Yes
2. No
1. Yes
2. No
","-6. Notasked, unit nonresponse (no post-election
-7. Deleteddue to partial (post-election) interview
-9. Refused
-6. Not asked, unit
-7. Deleted due to partial
-9. Refused
"
mobilpo_ctbcand,R contributemoney to specific candidate campaign,"1. Yes
2. No
1. Yes
2. No
","-6. Notasked, unit nonresponse (no post-election
-7. Deleteddue to partial (post-election) interview
-8. Don't know
-9. Refused
-6. Not asked, unit
-7. Deleted due to partial
-8. Don't know
-9. Refused
"
mobilpo_ctbcndpty,Party ofcandidate for whom R contributed money,"1. Democratic
2. Republican
3. Both Democratic and Republican (VOL)
5. Other (SPECIFY)
1. Democratic
2. Republican
3. Both Democratic and
5. Other (SPECIFY)
","-1. Inapplicable
-6. Notasked, unit nonresponse (no post-election
-7. Deleteddue to partial (post-election) interview
-1. Inapplicable
-6. Not asked, unit
-7. Deleted due to partial
"
mobilpo_ctbcndpty_oth,POST: RESTRICTED: Other specify - party of candidate for whom R con-,,"-3. Restricted access
-6. Notasked, unit nonresponse (no post-election
-7. Deleteddue to partial (post-election) interview
-3. Restricted access
-6. Not asked, unit
-7. Deleted due to partial
"
mobilpo_ctbpty,R contributemoney to political party,"1. Yes
2. No
1. Yes
2. No
","-6. Notasked, unit nonresponse (no post-election
-7. Deleteddue to partial (post-election) interview
-9. Refused
-6. Not asked, unit
-7. Deleted due to partial
-9. Refused
"
mobilpo_ctbwhpty,Party towhich R contributed,"1. Democratic
2. Republican
3. Both Democratic and Republican parties(VOL)
5. Other(SPECIFY)
1. Democratic
2. Republican
3. Both Democratic and
5. Other (SPECIFY)
","-1. Inapplicable
-6. Not asked, unit nonresponse (post-election)
-7. deleted due to partial(post-election) interview
-1. Inapplicable
-6. Not asked, unit
-7. deleted due to partial
"
mobilpo_ctbwhpty_oth,POST:RESTRICTED: Otherspecify -party to which R contributed,,"-3. Restricted access
-6. Notasked, unit nonresponse (no post-election
-7. Deleteddue to partial (post-election) interview
-3. Restricted access
-6. Not asked, unit
-7. Deleted due to partial
"
mobilpo_ctboth,R contributeto any other group for/against acand,"1. Yes
2. No
1. Yes
2. No
","-6. Notasked, unit nonresponse (no post-election
-7. Deleteddue to partial (post-election) interview
-8. Don't know
-9. Refused
-6. Not asked, unit
-7. Deleted due to partial
-8. Don't know
-9. Refused
"
dhsinvolv_march,DHS: HasR in past 4 years: joined a protest march,"1. Have done thisin past
2. Have notdone this in the past
1. Have donethis in past
2. Have not done this inthe
","-6. Notasked, unit nonresponse (no post-election
-7. Deleteddue to partial (post-election) interview
-8. Don't know
-9. Refused
-6. Not asked, unit
-7. Deleted due to partial
-8. Don't know
-9. Refused
"
dhsinvolv_board,DHS: HasR in past 4 years: attended city/school brd,"1. Have done thisin past
2. Have notdone this in the past
1. Have donethis in past
2. Have not done this inthe
","-6. Notasked, unit nonresponse (no post-election
-7. Deleteddue to partial (post-election) interview
-8. Don't know
-9. Refused
-6. Not asked, unit
-7. Deleted due to partial
-8. Don't know
-9. Refused
"
dhsinvolv_netpetition,DHS: HasR in past 4 years: sign internet petition,"1. Have done thisin past
2. Have notdone this in the past
1. Have donethis in past
2. Have not done this inthe
","-6. Notasked, unit nonresponse (no post-election
-7. Deleteddue to partial (post-election) interview
-8. Don't know
-9. Refused
-6. Not asked, unit
-7. Deleted due to partial
-8. Don't know
-9. Refused
"
dhsinvolv_petition,DHS: HasRin past 4 years: signed paper petition online,"1. Have done thisin past
2. Have notdone this in the past
1. Have donethis in past
2. Have not done this inthe
","-6. Notasked, unit nonresponse (no post-election
-7. Deleteddue to partial (post-election) interview
-8. Don't know
-9. Refused
-6. Not asked, unit
-7. Deleted due to partial
-8. Don't know
-9. Refused
"
dhsinvolv_relig,DHS: HasR in past 4 years: given money to relig. org,"1. Have donethis in past
2. Havenot done this in the past4 years
1. Have donethis in past
2. Have not done this inthe
","-6. Notasked, unit nonresponse (no post-election
-7. Deleted due to partial (post-election)interview
-8. Don't know
-9. Refused
-6. Not asked, unit
-7. Deleted due to partial
-8. Don't know
-9. Refused
"
dhsinvolv_org,DHS: HasR in past 4 years: gave money to soc/pol org,"1. Have done thisin past
2. Have notdone this in the past
1. Have donethis in past
2. Have not done this inthe
","-6. Notasked, unit nonresponse (no post-election
-7. Deleteddue to partial (post-election) interview
-8. Don't know
-9. Refused
-6. Not asked, unit
-7. Deleted due to partial
-8. Don't know
-9. Refused
"
dhsinvolv_call,DHS: HasR in past 4 yrs: called radio/TV about polit iss,"1. Have done thisin past
2. Have notdone this in the past
1. Have donethis in past
2. Have not done this inthe
","-6. Notasked, unit nonresponse (no post-election
-7. Deleteddue to partial (post-election) interview
-8. Don't know
-9. Refused
-6. Not asked, unit
-7. Deleted due to partial
-8. Don't know
-9. Refused
"
dhsinvolv_message,DHS: senta message on Facebook/Twitteraboutpolit iss,"1. Have done thisin past
2. Have notdone this in the past
1. Have donethis in past
2. Have not done this inthe
","-6. Notasked, unit nonresponse (no post-election
-7. Deleteddue to partial (post-election) interview
-8. Don't know
-9. Refused
-6. Not asked, unit
-7. Deleted due to partial
-8. Don't know
-9. Refused
"
dhsinvolv_letter,DHS: writtena letter to newspaper/mag about politiss,"1. Have done thisin past
2. Have notdone this in the past
1. Have donethis in past
2. Have not done this inthe
","-6. Notasked, unit nonresponse (no post-election
-7. Deleteddue to partial (post-election) interview
-9. Refused
-6. Not asked, unit
-7. Deleted due to partial
-9. Refused
"
dhsinvolv_contact1,Contact Congressmanor Senator,"1. Have done thisin past
2. Have notdone this in the past
1. Have donethis in past
2. Have not done this inthe
","-6. Notasked, unit nonresponse (no post-election
-7. Deleteddue to partial (post-election) interview
-8. Don't know
-9. Refused
-6. Not asked, unit
-7. Deleted due to partial
-8. Don't know
-9. Refused
"
dhsinvolv_contact2_1st,POST:Who didR contact: U.S. Senatoror Representative_1st mention,"1. U.S. Senatorfrom respondent's state
2. U.S. Senator from another state
3. U.S. HouseRepresentative from respondent's
4. Anothermember of the U.S. House of
1. U.S.Senator from
2. U.S.Senator from another
3. U.S. House
4. Another memberof the
","-1. Inapplicable
-6. Notasked, unit nonresponse (no post-election
-7. Deleteddue to partial (post-election) interview
-8. Don't know
-1. Inapplicable
-6. Not asked, unit
-7. Deleted due to partial
-8. Don't know
"
dhsinvolv_contact2_2nd,POST:Who didR contact: U.S. Senatoror Representative_2nd mention,"2. U.S. Senator from another state
3. U.S. HouseRepresentative from respondent's
4. Anothermember of the U.S. House of
2. U.S.Senator from another
3. U.S. House
4. Another memberof the
","-1. Inapplicable
-6. Notasked, unit nonresponse (no post-election
-7. Deleteddue to partial (post-election) interview
-1. Inapplicable
-6. Not asked, unit
-7. Deleted due to partial
"
dhsinvolv_contact2_3rd,POST:Who didR contact: U.S. Senatoror Representative_3rd mention,"3. U.S. HouseRepresentative from respondent's
4. Anothermember of the U.S. House of
3. U.S. House
4. Another memberof the
","-1. Inapplicable
-6. Notasked, unit nonresponse (no post-election
-7. Deleteddue to partial (post-election) interview
-1. Inapplicable
-6. Not asked, unit
-7. Deleted due to partial
"
dhsinvolv_contact2_4th,POST:Who didR contact: U.S. Senatoror Representative_4th mention,"4. Anothermember of the U.S. House of
4. Another memberof the
","-1. Inapplicable
-6. Notasked, unit nonresponse (no post-election
-7. Deleteddue to partial (post-election) interview
-1. Inapplicable
-6. Not asked, unit
-7. Deleted due to partial
"
dhsinvolv_contact2_stsen,POST:Who didR contact: was itU.S. Senator from R's state,"0. Not selected byR
1. Selected by R
0. Not selected byR
1. Selectedby R
","-1. Inapplicable
-6. Notasked, unit nonresponse (no post-election
-7. Deleteddue to partial (post-election) interview
-1. Inapplicable
-6. Not asked, unit
-7. Deleted due to partial
"
dhsinvolv_contact2_othsen,POST:Who didR contact: was itU.S. Senator from another state,"0. Not selected byR
1. Selected by R
0. Not selected byR
1. Selectedby R
","-1. Inapplicable
-6. Notasked, unit nonresponse (no post-election
-7. Deleteddue to partial (post-election) interview
-1. Inapplicable
-6. Not asked, unit
-7. Deleted due to partial
"
dhsinvolv_contact2_distrep,POST:Who didR contact: was itR's district U.S. Representative,"0. Not selected byR
1. Selected by R
0. Not selected byR
1. Selectedby R
","-1. Inapplicable
-6. Notasked, unit nonresponse (no post-election
-7. Deleteddue to partial (post-election) interview
-1. Inapplicable
-6. Not asked, unit
-7. Deleted due to partial
"
dhsinvolv_contact2_othrep,POST:Who didR contact: was itother U.S. Representative,"0. Not selected byR
1. Selected by R
0. Not selected byR
1. Selectedby R
","-1. Inapplicable
-6. Notasked, unit nonresponse (no post-election
-7. Deleteddue to partial (post-election) interview
-1. Inapplicable
-6. Not asked, unit
-7. Deleted due to partial
"
dhsinvolv_contact2_dkrf,POST:FTF ONLY:Who did Rcontact: DK/RF,"0. Not selected byR
1. Dk selected by R
0. Not selected byR
1. Dk selected by R
","-1. Inapplicable
-6. Notasked, unit nonresponse (no post-election
-7. Deleteddue to partial (post-election) interview
-1. Inapplicable
-6. Not asked, unit
-7. Deleted due to partial
"
postvote_regpre,POST:FTF ONLY:WasR registeredPre-election,"0. R notregistered pre-election or DK/RF if
1. Rregisteredpre-election-ataddressofresidence
2. R registered pre-election-at other address
0. Rnot registered
1. Rregistered pre-election-
2. Rregistered pre-election-
","-1. Inapplicable
-6. Notasked, unit nonresponse (no post-election
-7. Deleteddue to partial (post-election) interview
-1. Inapplicable
-6. Not asked, unit
-7. Deleted due to partial
"
postvote_votedpre,POST:FTF ONLY:Did registered R reportvoting Pre-election,"0. R reported not voting yet inpre-election
1. Dk/RF whether voted alreadyin pre-election
2. R reported voting already inpre-election
0. Rreportednotvotingyetin
1. Dk/RFwhether voted
2. R reportedvoting already
","-1. Inapplicable
-6. Notasked, unit nonresponse (no post-election
-7. Deleteddue to partial (post-election) interview
-1. Inapplicable
-6. Not asked, unit
-7. Deleted due to partial
"
postvote_prestatus_nonvtr,POST:FTF ONLY:Status of pre-election nonvoters,"0. notregistered
1. registered at residence
2. Dk/RF if registered atresidence
3. not registered atresidence - same state and
4. not registered atresidence - same state, different
5. not registeredat residence - same state, DK/RFif
6. not registeredat residence - differentstate
7. notregistered at residence- state notidentified;
8. not registeredat residence- differentstate
","-1. Inapplicable
-6. Not asked, unit nonresponse(no post-election
-7. Deleted due topartial (post-election) interview
"
postvote_regist_addr,POST:Is Rregistered at address of residence,"1. Registered atthis address
2. Registered at a differentaddress
3. Not currently registered
1. Registered atthis address
2. Registeredat a different
3. Not currently registered
","-1. Inapplicable
-6. Notasked, unit nonresponse (no post-election
-7. Deleteddue to partial (post-election) interview
-8. Don't know
-9. Refused
-1. Inapplicable
-6. Not asked, unit
-7. Deleted due to partial
-8. Don't know
-9. Refused
"
postvote_regist_noaddr,POST:WEB ONLY:Is R registered(addressnot determined),"1. Registered to vote
2. Not currently registered
1. Registeredto vote
2. Not currently registered
","-1. Inapplicable
-6. Notasked, unit nonresponse (no post-election
-7. Deleteddue to partial (post-election) interview
-9. Refused
-1. Inapplicable
-6. Not asked, unit
-7. Deleted due to partial
-9. Refused
"
postvote_reg,RESTRICTED: OtherRegistration location - add1 (etc),"0. Cityand state not identified in registration
1. City and state identifiedin correct registration
2. Statein correct field; city not identified(blank)
3. City in correct field; stateidentifiable but not
","-1. Inapplicable
-6. Notasked, unit nonresponse (no post-election
-7. Deleteddue to partial (post-election) interview
"
postvote_reg_state,POST:FTF ONLY:Other Regist. location - state of registr. (FIPS CODE),"00. Blank (all fields for locationof other registration
36. New york
48. Texas
01. Alabama
12. Florida
06. California
20. Kansas
","-1. Inapplicable
-6. Notasked, unit nonresponse (no post-election
-7. Deleteddue to partial (post-election) interview
"
postvote_reg_samestate,POST:FTF ONLY:Oth Regist. location - state same ashousehold's (Y/N),"0. Not same stateas state of residence
1. State ofregistration not determined
2. Samestate as state of residence
0. Not same state as stateof
1. State ofregistration not
2. Same stateas state of
","-1. Inapplicable
-6. Notasked, unit nonresponse (no post-election
-7. Deleteddue to partial (post-election) interview
-1. Inapplicable
-6. Not asked, unit
-7. Deleted due to partial
"
postvote_regincnty,Is Rregistered to vote in preload county(residence),"1. Yes,registered in<preload: hhcounty>
2. No, registered in other county
","-1. Inapplicable
-4. Error
-6. Notasked, unit nonresponse (no post-election
-7. Deleteddue to partial (post-election) interview
"
postvote_regyrs3cat,POST:How longhas R been registered at location(collapsed),"3. More than5 years
3. More than5 years
","-1. Inapplicable
-4. Error
-6. Notasked, unit nonresponse (no post-election
-7. Deleteddue to partial (post-election) interview
-8. Don't know
-9. Refused
-1. Inapplicable
-4. Error
-6. Not asked, unit
-7. Deleted due to partial
-8. Don't know
-9. Refused
"
postvote_regyrsfull,POST:RESTRICTED: Howlong has R been registered atlocation (full),,"-3. Restricted access
-6. Notasked, unit nonresponse (no post-election
-7. Deleteddue to partial (post-election) interview
-3. Restricted access
-6. Not asked, unit
-7. Deleted due to partial
"
postvote_regname,RESTRICTED: nameunder which R is registered tovote,"0. FTF: no text in namefield; Web: notext in field
1. Textin namefield
0. FTF: no text in namefield;
1. Textin name field
","-1. Inapplicable (FTF only)
-6. Notasked, unit nonresponse (no post-election
-7. Deleteddue to partial (post-election) interview
-1. Inapplicable (FTF only)
-6. Not asked, unit
-7. Deleted due to partial
"
postvote_regpty_state,POST:Does recordedstate of registration have party registration,"0. Not notregistered in state in with party
1. Registered in state withparty registration
0. Not not registered in state
1. Registered in state with
","-1. Inapplicable
-6. Notasked, unit nonresponse (no post-election
-7. Deleteddue to partial (post-election) interview
-1. Inapplicable
-6. Not asked, unit
-7. Deleted due to partial
"
postvote_regpty,Party ofregistration,"1. Democratic party
2. Republican party
4. None or 'independent'
5. Other party(SPECIFY)
","-1. Inapplicable
-6. Notasked, unit nonresponse (no post-election
-7. Deleteddue to partial (post-election) interview
-8. Don't know
"
postvote_regpty_oth,POST:RESTRICTED: Otherspecify- Party of registration,,"-3. Restricted access
-6. Notasked, unit nonresponse (no post-election
-7. Deleteddue to partial (post-election) interview
-3. Restricted access
-6. Not asked, unit
-7. Deleted due to partial
"
postvote_rvote,Did Rvote,"1. I did notvote (in the election this november)
2. Ithought about voting this time, butdidn't
3. Iusually vote, but didn't this time
4. I am sure Ivoted
","-1. Inapplicable
-6. Notasked, unit nonresponse (no post-election
-7. Deleteddue to partial (post-election) interview
-9. Refused
"
rvote2012_x,PREPOST SUMMARY:Did R vote inNovember general election,"1. R voted in the2012 elections
2. R did not vote inthe
1. R voted in the2012 elections
2. R did not vote in the2012 elections
","-2. Missing,
-2. Missing,
"
postvote_ckbcard,FTF ONLY:IWR CHECKPOINT:have correct Postballot card,"1. Yes,have <blue/pink> color ballot cardfor r's
2. Have ballotcard in wrong color for r'sdistrict
3. Only have card(s) for wrongdistrict or have no
","-1. Inapplicable
-4. Error; FTF: prereg in same county as residence
-6. Notasked, unit nonresponse (no post-election
-7. Deleteddue to partial (post-election) interview
"
postvote_ballotcolor,POST:FTF ONLY:Assigned color for BallotCard (if displayed),"1. Blue
2. Pink
1. Blue
2. Pink
","-1. Inapplicable
-6. Notasked, unit nonresponse (no post-election
-7. Deleted due to partial (post-election) interview
-1. Inapplicable
-6. Not asked, unit
-7. Deleted due to partial
"
postvote_presvt,Did Rvote for President,"1. Yes,votedfor President
2. No, didn't vote for President
1. Yes,votedfor President
2. No, didn't vote for
","-1. Inapplicable
-6. Notasked, unit nonresponse (no post-election
-7. Deleteddue to partial (post-election) interview
-8. Don't know
-9. Refused
-1. Inapplicable
-6. Not asked, unit
-7. Deleted due to partial
-8. Don't know
-9. Refused
"
postvote_presvtwho,For whomdid R vote for President,"5. Other candidate(SPECIFY)
","-1. Inapplicable
-6. Notasked, unit nonresponse (no post-election
-7. Deleted due to partial (post-election) interview
-9. Refused
"
presvote2012_x,PREPOST SUMMARY:For whom did Rvote for President in 2012,"1. Barack obama
2. Mitt romney
5. Other
1. Barack obama
2. Mitt romney
5. Other
","-2. R did not votefor Pres or did not reportvote for
-2. R did notvote for Pres or
"
postvote_presvtwho_oth,POST:Other specify-For whom did R vote forPresident,,"-2. Textresponses available in separatefile
-2. Textresponses available in separatefile
"
postvote_presstr,Preference strongfor Pres candidate for whom Rvote,"1. Strong
2. Not strong
","-1. Inapplicable
-6. Notasked, unit nonresponse (no post-election
-7. Deleteddue to partial (post-election) interview
-8. Don't know
-9. Refused
"
postvote_vtpresdec,How longbefore election R made decision Presvote,,"-2. Textresponses available in separatefile
-2. Textresponses available in separatefile
"
postvote_vtpresdec_dkrf,POST:FTFONLY:HowlngbefelectnmadedecisnPresvt: DK/RFselectd,"1. FTF: codeDK selected in place of open-end
2. FTF: code RF selectedin place of open-end
1. FTF: code DK selectedin
2. FTF: code RF selected in
","-1. Inapplicable
-6. Notasked, unit nonresponse (no post-election
-7. Deleteddue to partial (post-election) interview
-1. Inapplicable
-6. Not asked, unit
-7. Deleted due to partial
"
postvote_prefpres,Does Rprefer Pres candidate (did not vote),"1. yes
2. No
","-1. Inapplicable
-2. Missing
-6. Notasked, unit nonresponse (no post-election
-7. Deleteddue to partial (post-election) interview
-8. Don't know
-9. Refused
"
postvote_prefprwho,Preference forPres candidate (did not vote),"5. Other candidate (SPECIFY)
","-1. Inapplicable
-4. Error
-6. Notasked, unit nonresponse (no post-election
-7. Deleteddue to partial (post-election) interview
-8. Don't know
-9. Refused
"
postvote_prefprwho_oth,POST:Other specify-Preference for Pres cand,,"-2. Textresponses available in separatefile
-2. Textresponses available in separatefile
"
postvote_prefprstr,Preference strongfor Pres candidate (did not vote),"1. Strong
2. Not strong
","-1. Inapplicable
-4. Error
-6. Notasked, unit nonresponse (no post-election
-7. Deleteddue to partial (post-election) interview
-8. Don't know
"
postvote_votehs,Did Rvote for U.S. House of Representatives,"1. Yes,voted forHouse of Representatives
2. No,didn't vote for House of Representatives
","-1. Inapplicable
-6. Notasked, unit nonresponse (no post-election
-7. Deleted due to partial (post-election) interview
-8. Don't know
-9. Refused
"
postvote_hsvtbc,For whomdid R vote for U.S. House(ballot card),"4. R vol: names on ballotcard are not correct
5. Other candidate (SPECIFY)
","-1. Inapplicable
-6. Notasked, unit nonresponse (no post-election
-7. Deleteddue to partial (post-election) interview
-8. Don't know
-9. Refused
"
postvote_hsvtnobc,For whomdid R vote for U.S. House(no ballot card),"01. Ballot card notshown in error: <preload:
02. Ballot card notshown in error: <preload:
05. Ballot cardnot shown in error: other name
81. Democrat (no ballot card)
82. Republican(no ballot card)
87. Other (no ballot card)- candidate notidentified
","-1. Inapplicable
-6. Notasked, unit nonresponse (no post-election
-7. Deleteddue to partial (post-election) interview
-8. Don't know
-9. Refused
"
hsevote2012_x,PREPOST SUMMARY:For whom did Rvote for U.S. House in 2012,"1. Votedfor Democratic House candidate
2. VotedforRepublican House candidate
7. Votedfor other House candidate
1. Votedfor Democratic
2. Votedfor Republican
7. Votedfor otherHouse
","-1. Inap,R did not or DK/RF ifvoted; voted but not
-2. Missing, DK/RF forwhom R voted
-6. No post-election data(deleted partial or no post
-1. Inap,RdidnotorDK/RFif
-2. Missing, DK/RFfor whom
-6. No post-election data
"
postvote_hspref,Does Rprefer U.S. House candidate,"1. Yes
2. No
","-1. Inapplicable
-6. Notasked, unit nonresponse (no post-election
-7. Deleteddue to partial (post-election) interview
-8. Don't know
-9. Refused
"
postvote_hsprefbc,Whom doesR prefer for U.S. House (ballotcard),"4. R vol: names on ballotcard are not correct
5. Other candidate (SPECIFY)
","-1. Inapplicable
-6. Notasked, unit nonresponse (no post-election
-7. Deleteddue to partial (post-election) interview
-8. Don't know
-9. Refused
"
postvote_hsprefnobc,Whom doesR prefer for U.S. House (noballot card),"01. Ballotcardnotshowninerror: <dem_hsename>
81. Democrat (no ballot card)
82. Republican(no ballot card)
87. Other (no ballot card)- candidate notidentified
","-1. Inapplicable
-6. Notasked, unit nonresponse (no post-election
-7. Deleteddue to partial (post-election) interview
-8. Don't know
-9. Refused
"
postvote_senhhstate,POST:FTF ONLY:Senate election in stateof residence,"0. No Senate race instate of residence
1. Senate racein state of residence
0. No Senate race in state of
1. Senate race instateof
","-1. Inapplicable
-6. Notasked, unit nonresponse (no post-election
-7. Deleteddue to partial (post-election) interview
-1. Inapplicable
-6. Not asked, unit
-7. Deleted due to partial
"
postvote_senregstate,POST:FTF ONLY:Sen elctn regstate(R not reg at resid Preor Post),"0. No Senaterace- state of registration recorded in
1. Senate race- state of registration recordedin
3. NoSenaterace-stateofregistrationnotrecorded
4. Senate race-state of registration not recorded in
","-1. Inapplicable
-2. Stateof registration asked, not recorded
-6. Notasked, unit nonresponse (no post-election
-7. Deleteddue to partial (post-election) interview
"
postvote_votesen,Did Rvote for U.S. Senate,,
postvote_vtsenbc,R's votefor U.S. Senate (ballot card),"5. Other candidate (SPECIFY)
","-1. Inapplicable
-6. Notasked, unit nonresponse (no post-election
-7. Deleteddue to partial (post-election) interview
-8. Don't know
-9. Refused
"
postvote_vtsennobc,R's votefor U.S. Senate (no ballot card),"01. Ballotcardnotshowninerror: <dem_senname>
02. Ballot card notshown in error: <rep_senname>
81. Democrat (no ballot card)
82. Republican(no ballot card)
87. Other (no ballot card)- candidate notidentified
","-1. Inapplicable
-6. Notasked, unit nonresponse (no post-election
-7. Deleteddue to partial (post-election) interview
-8. Don't know
-9. Refused
"
senvote2012_x,PREPOST SUMMARY:For whom did Rvote for U.S. Senate in 2012,"1. Votedfor Democratic Senate candidate
2. Votedfor Republican Senate candidate
7. Votedfor other Senate candidate
1. Votedfor Democratic
2. Votedfor Republican
7. Votedforother Senate
","-1. Inap, R did not voteor DK/RF if voted; voted but
-2. Missing, DK/RF for whomR voted
-6. No post-election data(deletedpartial or no post
-1. Inap, R didnot vote or
-2. Missing, DK/RFfor whom
-6. No post-election data
"
postvote_senpref,Does Rprefer U.S. Senate candidate,,
postvote_senprefbc,Whom doesR prefer for U.S. Senate,"5. Other candidate (SPECIFY)
","-1. Inapplicable
-4. Error
-6. Notasked, unit nonresponse (no post-election
-7. Deleteddue to partial (post-election) interview
"
postvote_senprefnobc,Whom doesR prefer for U.S. Senate,"01. Ballotcardnotshowninerror: <dem_senname>
02. Ballot card notshown in error: <rep_senname>
81. Democrat (no ballot card)
82. Republican(no ballot card)
87. Other (no ballot card)- candidate notidentified
","-1. Inapplicable
-6. Notasked, unit nonresponse (no post-election
-7. Deleteddue to partial (post-election) interview
-8. Don't know
-9. Refused
"
postvote_govhhstate,POST:FTF ONLY:Gubernatorial election in stateof residence,"0. No governor race instate of residence
1. Governor race instate of residence
0. No governor race in state
1. Governor race in stateof
","-1. Inapplicable
-6. Notasked, unit nonresponse (no post-election
-7. Deleteddue to partial (post-election) interview
-1. Inapplicable
-6. Not asked, unit
-7. Deleted due to partial
"
postvote_govregstate,POST:FTF ONLY:Gov elctn regstate(R not reg at resid Preor Post),"0. No governor race-state of registration recorded
1. Governorrace- state of registration recorded in
3. No governor race- stateof registration not
0. No governor race- state of
1. Governor race- state of
3. No governor race- state of
","-1. Inapplicable
-2. Stateof registration asked, not recorded
-6. Notasked, unit nonresponse (no post-election
-7. Deleteddue to partial (post-election) interview
-1. Inapplicable
-2. State of registration
-6. Not asked, unit
-7. Deleted due to partial
"
postvote_votegov,Did Rvote for governor,,
postvote_vtgovbc,R's votefor governor(ballot card),"5. Other candidate (SPECIFY)
","-1. Inapplicable
-6. Notasked, unit nonresponse (no post-election
-7. Deleteddue to partial (post-election) interview
-8. Don't know
-9. Refused
"
postvote_vtgovnobc,R's votefor governor (no ballot card),"01. Ballotcardnotshowninerror: <dem_govname>
02. Ballot card notshown in error: <rep_govname>
05. Ballot cardnot shown in error: other name
81. Democrat (no ballot card)
82. Republican(no ballot card)
87. Other (no ballot card)- candidate notidentified
","-1. Inapplicable
-6. Notasked, unit nonresponse (no post-election
-7. Deleteddue to partial (post-election) interview
-8. Don't know
-9. Refused
"
govvote2012_x,PREPOST SUMMARY:For whom did Rvote for Governer in 2012,"1. Votedfor Democratic gubernatorialcandidate
2. Votedfor Republican gubernatorialcandidate
7. Votedfor othergubernatorial candidate
1. Votedfor Democratic
2. Votedfor Republican
7. Votedfor other
","-1. Inap, R did not voteor DK/RF if voted; voted but
-2. Missing, DK/RF for whomR voted
-6. No post-election data(deletedpartial or no post
-1. Inap, R didnot vote or
-2. Missing, DK/RFfor whom
-6. No post-election data
"
postvote_govpref,Does Rprefer gubernatorial candidate,,
postvote_govprefbc,Whom doesR prefer for governor,,"-1. Inapplicable
-4. Error
-6. Not asked, unit nonresponse(no post-election
-7. Deleted due topartial (post-election) interview
-8. Don't know
-9. Refused
"
postvote_govprefnobc,Whom doesR prefer for governor,"02. Ballot card notshown in error: <rep_govname>
81. Democrat (no ballot card)
82. Republican(no ballot card)
87. Other (no ballot card)- candidate notidentified
","-1. Inapplicable
-6. Notasked, unit nonresponse (no post-election
-7. Deleteddue to partial (post-election) interview
"
ptywom_bettrpty,Party doesbetter job for the interests ofwomen,"1. Democratic party
2. Republican party
3. Both parties do anequally good or bad job
","-6. Notasked, unit nonresponse (no post-election
-7. Deleteddue to partial (post-election) interview
-8. Don't know
-9. Refused
"
ofcrec_speaker,Officerecognition: Speaker of theHouse Boehner,,"-2. Textresponses available in separatefile
-2. Textresponses available in separatefile
"
ofcrec_speaker_correct,POST:Officerecognition: Correct for Speakerof the House Boehner,"0. Not correct
1. Correct
0. Not correct
1. Correct
","-6. Notasked, unit nonresponse (no post-election
-7. Deleteddue to partial (post-election) interview
-6. Not asked, unit
-7. Deleted due to partial
"
ofcrec_speaker_probe,POST:FTFONLY:Officerecognitionprobe: SpeakeroftheHouseBoehner,"1. Yes
5. No
1. Yes
5. No
","-1. Inapplicable
-6. Not asked, unit nonresponse(no post-election
-7. Deleted due topartial (post-election) interview
-1. Inapplicable
-6. Not asked, unit
-7. Deleted due to partial
"
ofcrec_vp,Officerecognition: Vice-PresidentBiden,,"-2. Textresponses available in separatefile
-2. Textresponses available in separatefile
"
ofcrec_vp_correct,POST:Officerecognition: Correct for Vice-PresidentBiden,"0. Not correct
1. Correct
0. Not correct
1. Correct
","-6. Notasked, unit nonresponse (no post-election
-7. Deleteddue to partial (post-election) interview
-6. Not asked, unit
-7. Deleted due to partial
"
ofcrec_vp_probe,POST:FTF ONLY:Officerecognition probe: Vice-PresidentBiden,"1. Yes
5. No
1. Yes
5. No
","-1. Inapplicable
-6. Notasked, unit nonresponse (no post-election
-7. Deleteddue to partial (post-election) interview
-1. Inapplicable
-6. Not asked, unit
-7. Deleted due to partial
"
ofcrec_pmuk,Officerecognition: Prime Minister ofUK Cameron,,"-2. Textresponses available in separatefile
-2. Textresponses available in separatefile
"
ofcrec_pmuk_correct,POST:Officerecognition: Correct for PrimeMinister of UK Cameron,"0. Not correct
1. Correct
0. Not correct
1. Correct
","-6. Notasked, unit nonresponse (no post-election
-7. Deleteddue to partial (post-election) interview
-6. Not asked, unit
-7. Deleted due to partial
"
ofcrec_pmuk_probe,POST:FTFONLY:Officerecognitionprobe: PrimeMinisterofUKCameron,"1. Yes
5. No
1. Yes
5. No
","-1. Inapplicable
-6. Notasked, unit nonresponse (no post-election
-7. Deleteddue to partial (post-election) interview
-1. Inapplicable
-6. Not asked, unit
-7. Deleted due to partial
"
ofcrec_cj,Officerecognition: US Supreme CtChief Justice Roberts,,"-2. Textresponses available in separatefile
-2. Textresponses available in separatefile
"
ofcrec_cj_correct,POST:Officerecognition: CorrectforUSSupremeCtChiefJusticeRoberts,,
ofcrec_cj_probe,POST:FTF ONLY:Officerecognition probe: US Supreme Ct ChiefJustice,"1. Yes
5. No
1. Yes
5. No
","-1. Inapplicable
-6. Notasked, unit nonresponse (no post-election
-7. Deleteddue to partial (post-election) interview
-1. Inapplicable
-6. Not asked, unit
-7. Deleted due to partial
"
ftpo_pres,Feeling thermometer: Democratic Presidential candidate,,
ftpo_rpc,Feeling thermometer: Republican Presidential candidate,,
ftpo_rpcsp,Feeling thermometer: spouse of Republican Presidentialcand,,
ftpo_dpcsp,Feeling thermometer: spouse of Democratic Presidentialcand,,
ftpo_hdc,Feeling thermometer: HOUSE DEMOCRATICCANDIDATE,,
ftpo_hrc,Feeling thermometer: HOUSE REPUBLICAN CANDIDATE,,
ftpo_hoth,Feeling thermometer: HOUSE IND/3rd-PARTYCANDIDATE,,
ftpo_sdc,Feeling thermometer: SENATEDEMOCRATICCANDIDATE,,
ftpo_src,Feeling thermometer: SENATEREPUBLICANCANDIDATE,,
ftpo_soth,Feeling thermometer: SENATEIND/3rd-PARTYCANDIDATE,,
ftpo_sensr,Feeling thermometer: SR. SENATORIN STATEWITHOUTRACE,,
ftpo_senjr,Feeling thermometer: JR. SENATORIN STATEWITHOUTRACE,,
ftpo_sennot,Feeling thermometer: NONRUNNING SENATORIN STATEW/RACE,,
ftpo_dvpc,Feeling thermometer: Democratic VicePresidentialcand,,
ftpo_rvpc,Feeling thermometer: Republican VicePresidentialcand,,
ftpo_roberts,Feeling thermometer: John Roberts,,
ftgr_xfund,Feeling thermometer: CHRISTIAN FUNDAMENTALISTS,,
ftgr_catholics,Feeling thermometer: CATHOLICS,,
ftgr_feminists,Feeling thermometer: FEMINISTS,,
ftgr_fedgov,Feeling thermometer: FEDERAL GOVERNMENT IN WASHINGTON,,
ftgr_liberals,Feeling thermometer: LIBERALS,,
ftgr_middle,Feeling thermometer: MIDDLE CLASS PEOPLE,,
ftgr_unions,Feeling thermometer: LABOR UNIONS,,
ftgr_poor,Feeling thermometer: POOR PEOPLE,,
ftgr_military,Feeling thermometer: THE MILITARY,,
ftgr_bigbus,Feeling thermometer: BIG BUSINESS,,
ftgr_welfare,Feeling thermometer: PEOPLE ON WELFARE,,
ftgr_cons,Feeling thermometer: CONSERVATIVES,,
ftgr_working,Feeling thermometer: WORKING CLASS PEOPLE,,
ftgr_ussc,Feeling thermometer: THE U.S. SUPREME COURT,,
ftgr_gay,Feeling thermometer: GAYMENAND LESBIANS,,
ftgr_congress,Feeling thermometer: CONGRESS,,
ftgr_rich,Feeling thermometer: RICH PEOPLE,,
ftgr_muslims,Feeling thermometer: MUSLIMS,,
ftgr_xian,Feeling thermometer: CHRISTIANS,,
ftgr_atheists,Feeling thermometer: ATHEISTS,,
ftgr_mormons,Feeling thermometer: MORMONS,,
ftgr_tea,Feeling thermometer: TEA PARTY,,
hseinc_approval,Approve ordisapprove of House incumbent,"1. Approve
2. Disapprove
","-1. Inapplicable
-4. Error
-6. Notasked, unit nonresponse (no post-election
-7. Deleted due to partial (post-election) interview
-8. Don't know
-9. Refused
"
hseinc_appstr,How muchapprove House incumbent,"1. Strongly
2. Not strongly
1. Strongly
2. Notstrongly
","-1. Inapplicable
-6. Not asked, unit nonresponse(no post-election
-7. Deleted due topartial (post-election) interview
-8. Don't know
-9. Refused
-1. Inapplicable
-6. Not asked, unit
-7. Deleted due to partial
-8. Don't know
-9. Refused
"
hseinc_disstr,How muchdisapprove House incumbent,"1. Strongly
2. Not strongly
1. Strongly
2. Notstrongly
","-1. Inapplicable
-4. Error
-6. Notasked, unit nonresponse (no post-election
-7. Deleteddue to partial (post-election) interview
-8. Don't know
-1. Inapplicable
-4. Error
-6. Not asked, unit
-7. Deleted due to partial
-8. Don't know
"
hseinc_approval_x,POST:SUMMARY-House incumbentapproval,"1. Approve strongly
2. Approve not strongly
4. Disapprove not strongly
5. Disapprove strongly
1. Approve strongly
2. Approve not strongly
4. Disapprovenot strongly
5. Disapprove strongly
","-1. Inapplicable
-4. Error
-6. Notasked, unit nonresponse (no post-election
-7. Deleted due to partial (post-election) interview
-8. Don't know
-9. Refused
-1. Inapplicable
-4. Error
-6. Not asked, unit
-7. Deleted due to partial
-8. Don't know
-9. Refused
"
hseinc_hinctouch,How gooda job does House incumbent doin district,"1. Verygood
2. Fairly good
3. Fairly poor
4. Verypoor
","-1. Inapplicable
-4. Error
-6. Notasked, unit nonresponse (no post-election
-7. Deleted due to partial (post-election) interview
-8. Don't know
-9. Refused
"
mip_problem1,POST:Mention 1most important problems facing the country,,"-2. Textresponses available in separatefile
-2. Textresponses available in separatefile
"
mip_prob1_dkrf,POST:FTF ONLY:DK/RF selectd- 1st mostimport probs to USA (no text),"0. Dk orRF not selected (text recorded)
0. Dk orRF not selected (text
","-1. Inapplicable
-6. Notasked, unit nonresponse (no post-election
-7. Deleteddue to partial (post-election) interview
-8. Don't now
-9. Refused
-1. Inapplicable
-6. Not asked, unit
-7. Deleted due to partial
-8. Don't now
-9. Refused
"
mip_prob1pty,Party todeal with mention 1 MIP,"1. Democrats
2. Republicans
3. Wouldn'tbemuch difference
","-1. Inapplicable
-6. Notasked, unit nonresponse (no post-election
-7. Deleted due to partial (post-election) interview
-8. Don't know
-9. Refused
"
mip_problem2,POST:Mention 2most important problems facing the country,,"-2. Textresponses available in separatefile
-2. Textresponses available in separatefile
"
mip_prob2_dkrf,POST:FTF ONLY:DK/RF selectd- 2nd mostimport probs to USA (no text),"0. Dk orRF not selected (text recorded)
0. Dk orRF not selected (text
","-1. Inapplicable
-6. Notasked, unit nonresponse (no post-election
-7. Deleteddue to partial (post-election) interview
-8. Don't now
-9. Refused
-1. Inapplicable
-6. Not asked, unit
-7. Deleted due to partial
-8. Don't now
-9. Refused
"
mip_prob2pty,Party todeal with mention 2 MIP,"1. Democrats
2. Republicans
3. Wouldn'tbe much difference
","-1. Inapplicable
-6. Not asked, unitnonresponse (no post-election
-7. Deleted due topartial (post-election) interview
-8. Don'tknow
-9. Refused
"
mip_problem3,POST:Mention 3most important problems facing the country,,"-2. Textresponses available in separatefile
-2. Textresponses available in separatefile
"
mip_prob3_dkrf,POST:FTF ONLY:DK/RF selectd- 3rd mostimport probs to USA (no text),"0. Dk orRF not selected (text recorded)
0. Dk orRF not selected (text
","-1. Inapplicable
-6. Notasked, unit nonresponse (no post-election
-7. Deleteddue to partial (post-election) interview
-8. Don't now
-9. Refused
-1. Inapplicable
-6. Not asked, unit
-7. Deleted due to partial
-8. Don't now
-9. Refused
"
mip_prob3pty,Party todeal with mention 3 MIP,"1. Democrats
2. Republicans
3. Wouldn'tbe much difference
","-1. Inapplicable
-6. Not asked, unitnonresponse (no post-election
-7. Deleted due topartial (post-election) interview
-8. Don'tknow
-9. Refused
"
mip_mostproblem,POST:Which amongmentions is the most important problem,,"-2. Textresponses available in separatefile
-2. Textresponses available in separatefile
"
mip_mostprob_dkrf,POST:FTF ONLY:DK/RF slctd- most amongimport probs 2 USA (no text),"0. Dk orRF not selected (text recorded)
0. Dk orRF not selected (text
","-1. Inapplicable
-6. Notasked, unit nonresponse (no post-election
-7. Deleteddue to partial (post-election) interview
-8. Don't now
-9. Refused
-1. Inapplicable
-6. Not asked, unit
-7. Deleted due to partial
-8. Don't now
-9. Refused
"
securpub_secchg,Have changesin security at public places gonetoo far,"1. Havegone too far
2. Are just about right
3. Do notgo far enough
1. Havegone too far
2. Are just about right
3. Do not gofar enough
","-6. Notasked, unit nonresponse (no post-election
-7. Deleted due to partial (post-election) interview
-8. Don't know
-9. Refused
-6. Not asked, unit
-7. Deleted due to partial
-8. Don't know
-9. Refused
"
knowl_housemaj,Know partywith most members in House beforeelection,"1. Democrats
2. Republicans (correct)
1. Democrats
2. Republicans (correct)
","-6. Notasked, unit nonresponse (no post-election
-7. Deleted due to partial (post-election)interview
-8. Don't know
-9. Refused
-6. Not asked, unit
-7. Deleted due to partial
-8. Don't know
-9. Refused
"
knowl_senmaj,Know partywith most members in Senate beforeelectn,"1. Democrats (correct)
2. Republicans
1. Democrats (correct)
2. Republicans
","-6. Notasked, unit nonresponse (no post-election
-7. Deleted due to partial (post-election)interview
-8. Don't know
-9. Refused
-6. Not asked, unit
-7. Deleted due to partial
-8. Don't know
-9. Refused
"
wpres_gdbd,WomenPresident in next 20 years,"1. Good ifthe united states has a woman President
2. Bad if the united states hasa woman President
3. Neither good nor bad if theunited states has a
1. Good if the united states
2. Badiftheunitedstateshas
3. Neither good nor bad ifthe
","-6. Notasked, unit nonresponse (no post-election
-7. Deleteddue to partial (post-election) interview
-8. Don't know
-9. Refused
-6. Not asked, unit
-7. Deleted due to partial
-8. Don't know
-9. Refused
"
wpres_gdstr,How goodwould it be if we hada woman President,"1. Extremely
2. Moderately
3. A little
","-1. Inapplicable
-6. Notasked, unit nonresponse (no post-election
-7. Deleted due to partial (post-election) interview
-8. Don't know
-9. Refused
"
wpres_bdstr,How badwould it be if we hada woman President,"1. Extremely
2. Moderately
3. A little
1. Extremely
2. Moderately
3. A little
","-1. Inapplicable
-6. Not asked, unit nonresponse(no post-election
-7. Deleted due topartial (post-election) interview
-8. Don't know
-1. Inapplicable
-6. Not asked, unit
-7. Deleted due to partial
-8. Don't know
"
wpres_gdbd_x,POST:SUMMARY-How good/badwoman Pres in next 20yrs,"1. Extremely good
2. Moderately good
3. A little good
4. Neither good nor bad
5. A little bad
6. Moderately bad
7. Extremely bad
","-6. Notasked, unit nonresponse (no post-election
-7. Deleted due to partial (post-election)interview
-8. Don't know
-9. Refused
"
wpres_importyes,Important thatwoman elected president - Good,"1. Extremely important
2. Veryimportant
3. Moderately important
4. Alittle important
5. Not at all important
","-1. Inapplicable
-6. Notasked, unit nonresponse (no post-election
-7. Deleted due to partial (post-election) interview
-8. Don't know
-9. Refused
"
wpres_importno,Important thatwoman elected president --Bad,"1. Extremelyimportant
2. Veryimportant
3. Moderately important
4. A little important
5. Not at allimportant
","-1. Inapplicable
-6. Not asked, unit nonresponse(no post-election
-7. Deleted due topartial (post-election) interview
-9. Refused
"
budget_deficit,Favor oroppose reducing federal deficit,"1. Favor
2. Oppose
3. Neither favor nor oppose
1. Favor
2. Oppose
3. Neither favor nor oppose
","-6. Notasked, unit nonresponse (no post-election
-7. Deleteddue to partial (post-election) interview
-8. Don't know
-9. Refused
-6. Not asked, unit
-7. Deleted due to partial
-8. Don't know
-9. Refused
"
budget_deficitfav,How stronglyfavor reducing deficit,"1. Strongly
2. Not strongly
1. Strongly
2. Notstrongly
","-1. Inapplicable
-6. Notasked, unit nonresponse (no post-election
-7. Deleteddue to partial (post-election) interview
-8. Don't know
-9. Refused
-1. Inapplicable
-6. Not asked, unit
-7. Deleted due to partial
-8. Don't know
-9. Refused
"
budget_deficitopp,How stronglyoppose reducing deficit,"1. Strongly
2. Not strongly
1. Strongly
2. Notstrongly
","-1. Inapplicable
-6. Notasked, unit nonresponse (no post-election
-7. Deleteddue to partial (post-election) interview
-8. Don't know
-9. Refused
-1. Inapplicable
-6. Not asked, unit
-7. Deleted due to partial
-8. Don't know
-9. Refused
"
budget_deficitlean,Lean tofavor or oppose deficit reduction,"1. Leantoward favoring
2. Leantoward opposing
3. Do not lean eitherway
","-1. Inapplicable
-6. Notasked, unit nonresponse (no post-election
-7. Deleteddue to partial (post-election) interview
-8. Don't know
-9. Refused
"
budget_deficit_x,POST:SUMMARY-Favor reducingthe Federal budget deficit,"1. Strongly favor
2. Not very strongly favor
3. Leantoward favoring
4. Do not lean eitherway
5. Leantoward opposing
6. Not very strongly oppose
7. Strongly oppose
","-6. Notasked, unit nonresponse (no post-election
-7. Deleteddue to partial (post-election) interview
-8. Don't know
-9. Refused
"
budget_defimp,Importance ofreducing deficit,"1. Extremely important
2. Veryimportant
3. Moderately important
4. Alittle important
5. Not at all important
","-6. Notasked, unit nonresponse (no post-election
-7. Deleted due to partial (post-election)interview
-8. Don't know
-9. Refused
"
budget_rdef250k,POST:Reduce deficitby raising personal inc tax forover 250K inc,"1. Favor
2. Oppose
3. Neither favor nor oppose
1. Favor
2. Oppose
3. Neither favor nor oppose
","-6. Notasked, unit nonresponse (no post-election
-7. Deleteddue to partial (post-election) interview
-8. Don't know
-9. Refused
-6. Not asked, unit
-7. Deleted due to partial
-8. Don't know
-9. Refused
"
budget_rdefmed,Reduce deficitby replacing medicare with voucher system,"1. Favor
2. Oppose
3. Neither favor nor oppose
","-6. Notasked, unit nonresponse (no post-election
-7. Deleteddue to partial (post-election) interview
-8. Don't know
-9. Refused
"
budget_rdefctax,Reduce deficitby increasing corporate taxes,"1. Favor
2. Oppose
3. Neither favor nor oppose
","-6. Notasked, unit nonresponse (no post-election
-7. Deleteddue to partial (post-election) interview
-8. Don't know
-9. Refused
"
budget_rdefmil,Reduce deficitby cutting military spending,"1. Favor
2. Oppose
3. Neither favor nor oppose
","-6. Notasked, unit nonresponse (no post-election
-7. Deleteddue to partial (post-election) interview
-8. Don't know
-9. Refused
"
budget_rdefemp,Reduce deficitby cutting fed employees by 10percent,"1. Favor
2. Oppose
3. Neither favor noroppose
","-6. Notasked, unit nonresponse (no post-election
-7. Deleted due to partial (post-election)interview
-8. Don't know
-9. Refused
"
budget_rdefgov,Reduce deficitby cutting govt activities excluding military,"1. Favor
2. Oppose
3. Neither favor nor oppose
","-6. Notasked, unit nonresponse (no post-election
-7. Deleteddue to partial (post-election) interview
-8. Don't know
-9. Refused
"
patriot_flag,Emotion seeingflag fly,"1. Extremely good
2. Verygood
3. Moderately good
4. Slightly good
5. Not good atall
","-6. Notasked, unit nonresponse (no post-election
-7. Deleted due to partial (post-election)interview
-8. Don't know
-9. Refused
"
patriot_love,Love ofcountry,"1. Hate it
2. Dislike it
3. Neither like nor dislike it
4. Like it
5. Love it
","-6. Notasked, unit nonresponse (no post-election
-7. Deleteddue to partial (post-election) interview
-8. Don't know
-9. Refused
"
patriot_amident,Important beingAmerican,"1. Extremely important
2. Veryimportant
3. Somewhat important
4. A littleimportant
5. Not at all important
","-6. Notasked, unit nonresponse (no post-election
-7. Deleteddue to partial (post-election) interview
-8. Don't know
-9. Refused
"
milln_milltax,Favor oroppose tax on millionaires,"1. Favor
2. Oppose
3. Neither favor nor oppose
1. Favor
2. Oppose
3. Neither favor nor oppose
","-6. Notasked, unit nonresponse (no post-election
-7. Deleteddue to partial (post-election) interview
-8. Don't know
-9. Refused
-6. Not asked, unit
-7. Deleted due to partial
-8. Don't know
-9. Refused
"
milln_milltaxst,How stronglyfavor/oppose,"1. A great deal
2. A moderateamount
3. A little
","-1. Inapplicable
-6. Notasked, unit nonresponse (no post-election
-7. Deleteddue to partial (post-election) interview
-8. Don't know
-9. Refused
"
milln_milltax_x,POST:SUMMARY-Favor taxon millionaires,"1. Favor a greatdeal
2. Favora moderate amount
3. Favor a little
4. Neitherfavor nor oppose
5. Oppose alittle
6. Oppose a moderate amount
7. Opposea great deal
","-6. Not asked, unit nonresponse(no post-election
-7. Deleted due topartial (post-election) interview
-8. Don't know
-9. Refused
"
fairjob_opin,Opinion aboutgovt ensuring fair jobs for blacks,"1. Government in washington shouldseeto it that
2. This is notthe federal government's business
5. Other (SPECIFY)
1. Government in washington
2. This is not the federal
5. Other (SPECIFY)
","-6. Notasked, unit nonresponse (no post-election
-7. Deleteddue to partial (post-election) interview
-8. Don't know
-9. Refused
-6. Not asked, unit
-7. Deleted due to partial
-8. Don't know
-9. Refused
"
fairjob_opin_oth,POST:Other specify-opinion about fair jobs,,"-2. Textresponses available in separatefile
-2. Textresponses available in separatefile
"
fairjob_yes,How muchfeel govt should ensure fair jobsfor blacks,"1. Strongly
2. Not strongly
1. Strongly
2. Notstrongly
","-1. Inapplicable
-6. Notasked, unit nonresponse (no post-election
-7. Deleted due to partial (post-election)interview
-8. Don't know
-9. Refused
-1. Inapplicable
-6. Not asked, unit
-7. Deleted due to partial
-8. Don't know
-9. Refused
"
fairjob_no,How muchfeel govt not ensure fair jobsfor blacks,"1. Strongly
2. Not strongly
1. Strongly
2. Notstrongly
","-1. Inapplicable
-6. Not asked, unit nonresponse(no post-election
-7. Deleted due topartial (post-election) interview
-8. Don't know
-9. Refused
-1. Inapplicable
-6. Not asked, unit
-7. Deleted due to partial
-8. Don't know
-9. Refused
"
fairjob_opin_x,POST:SUMMARY-Opinion aboutgovt ensuring fair jobs for blacks,"1. Feel strongly thatgovt should see to fair
2. Feel not strongly that govtshould see to fair
4. Feel not strongly thatfair treatment is not govt
5. Feel stronglythat fair treatment is not govt
","-1. Inapplicable
-6. Notasked, unit nonresponse (no post-election
-7. Deleted due to partial (post-election) interview
-8. Don't know
-9. Refused
"
imports_limit,Favor oroppose limits on foreign imports,"1. Favor
2. Oppose
1. Favor
2. Oppose
","-2. Haven'tthought much about this
-6. Notasked, unit nonresponse (no post-election
-7. Deleted due to partial (post-election)interview
-8. Don't know
-9. Refused
-2. Haven't thought much
-6. Not asked, unit
-7. Deleted due to partial
-8. Don't know
-9. Refused
"
israel_support,Is U.S.too supportive of Israel or notsupportive enough,"1. Toosupportive
2. Not supportiveenough
3. About right
1. Toosupportive
2. Not supportiveenough
3. About right
","-6. Notasked, unit nonresponse (no post-election
-7. Deleteddue to partial (post-election) interview
-8. Don't know
-9. Refused
-6. Not asked, unit
-7. Deleted due to partial
-8. Don't know
-9. Refused
"
immigpo_level,What shouldimmigration levels be,"1. Increased a lot
2. Increased a little
3. Left the sameas it is now
4. Decreased a little
5. Decreased a lot
","-6. Notasked, unit nonresponse (no post-election
-7. Deleted due to partial (post-election) interview
-8. Don't know
-9. Refused
"
immigpo_jobs,How likelyimmigration will take away jobs,"1. Extremely
2. Very
3. Somewhat
4. Not atall
","-6. Notasked, unit nonresponse (no post-election
-7. Deleted due to partial (post-election)interview
-8. Don't know
-9. Refused
"
hlthlaw_qual,Health CareLaw effecton health care services,"1. Improved
2. Worsened
3. Hadno effect
","-6. Notasked, unit nonresponse (no post-election
-7. Deleted due to partial (post-election)interview
-8. Don't know
-9. Refused
"
hlthlaw_num,Health CareLaw effecton number insured,"1. Increased
2. Decreased
3. Had no effect
","-6. Not asked, unit nonresponse(no post-election
-7. Deleted due topartial (post-election) interview
-8. Don't know
-9. Refused
"
iran_nukdev,Iran tryingto develop nuclear weapons,"1. Tryingto develop nuclearweapons
2. Not trying to develop nuclearweapons
1. Tryingto develop nuclear
2. Not trying to develop
","-6. Notasked, unit nonresponse (no post-election
-7. Deleteddue to partial (post-election) interview
-8. Don't know
-9. Refused
-6. Not asked, unit
-7. Deleted due to partial
-8. Don't know
-9. Refused
"
iran_nukdip,Tryto stop Iranian nuclear dev: direct diplomatic talks,"1. Favor
2. Oppose
3. Neither favor nor oppose
1. Favor
2. Oppose
3. Neither favor nor oppose
","-6. Notasked, unit nonresponse (no post-election
-7. Deleteddue to partial (post-election) interview
-8. Don't know
-9. Refused
-6. Not asked, unit
-7. Deleted due to partial
-8. Don't know
-9. Refused
"
iran_nuksanct,Tryto stop Iranian nuclear dev: increase sanctions,"1. Favor
2. Oppose
3. Neither favor nor oppose
1. Favor
2. Oppose
3. Neither favor nor oppose
","-6. Notasked, unit nonresponse (no post-election
-7. Deleteddue to partial (post-election) interview
-8. Don't know
-9. Refused
-6. Not asked, unit
-7. Deleted due to partial
-8. Don't know
-9. Refused
"
iran_nuksite,Tryto stop Iranian nuclear dev: bomb development sites,"1. Favor
2. Oppose
3. Neither favor noroppose
1. Favor
2. Oppose
3. Neither favor nor oppose
","-6. Notasked, unit nonresponse (no post-election
-7. Deleted due to partial (post-election)interview
-8. Don't know
-9. Refused
-6. Not asked, unit
-7. Deleted due to partial
-8. Don't know
-9. Refused
"
iran_nukeinvd,Tryto stop Iranian nuclear dev: invade with U.S. troops,"1. Favor
2. Oppose
3. Neither favor nor oppose
1. Favor
2. Oppose
3. Neither favor nor oppose
","-6. Notasked, unit nonresponse (no post-election
-7. Deleteddue to partial (post-election) interview
-8. Don't know
-9. Refused
-6. Not asked, unit
-7. Deleted due to partial
-8. Don't know
-9. Refused
"
china_econ,Effectof China's economic expansion on U.S.,"1. Good
2. Bad
3. No effect
1. Good
2. Bad
3. No effect
","-6. Notasked, unit nonresponse (no post-election
-7. Deleteddue to partial (post-election) interview
-8. Don't know
-9. Refused
-6. Not asked, unit
-7. Deleted due to partial
-8. Don't know
-9. Refused
"
china_mil,China militarythreat,"1. Major threat
2. Minor threat
3. Not athreat
1. Majorthreat
2. Minorthreat
3. Not a threat
","-6. Notasked, unit nonresponse (no post-election
-7. Deleted due to partial (post-election)interview
-8. Don't know
-9. Refused
-6. Not asked, unit
-7. Deleted due to partial
-8. Don't know
-9. Refused
"
ecperil_putoffmed,Put offcheckup and vaccines,"1. Someonehas put offhealth care
2. No onehas put offhealth care
1. Someone has put off
2. No one has putoffhealth
","-6. Notasked, unit nonresponse (no post-election
-7. Deleteddue to partial (post-election) interview
-8. Don't know
-9. Refused
-6. Not asked, unit
-7. Deleted due to partial
-8. Don't know
-9. Refused
"
ecperil_payhlthcst,Will youpay all costs,"1. Extremelylikely
2. Verylikely
3. Moderatelylikely
4. Slightly likely
5. Not likely atall
","-6. Notasked, unit nonresponse (no post-election
-7. Deleted due to partial (post-election)interview
-8. Don't know
-9. Refused
"
ecperil_worry,Worryabout financial situation,"1. Extremely worried
2. Veryworried
3. Moderately worried
4. A little worried
5. Not atall worried
","-6. Notasked, unit nonresponse (no post-election
-7. Deleted due to partial (post-election) interview
-8. Don't know
-9. Refused
"
ecperil_home,Home tenure,"1. Pay rent
2. Pay mortgage
3. Own home with no paymentsdue
4. Some other arrangement
1. Pay rent
2. Paymortgage
3. Own home with no
4. Some other arrangement
","-6. Notasked, unit nonresponse (no post-election
-7. Deleted due to partial (post-election)interview
-8. Don't know
-9. Refused
-6. Not asked, unit
-7. Deleted due to partial
-8. Don't know
-9. Refused
"
ecperil_payany,Any paymentsfor home for non-owners non-renters,"1. Pay money for housing
2. Do not pay moneyfor housing
1. Pay money for housing
2. Do not pay money for
","-1. Inapplicable
-6. Not asked, unitnonresponse (no post-election
-7. Deleted dueto partial (post-election) interview
-8. Don'tknow
-9. Refused
-1. Inapplicable
-6. Not asked, unit
-7. Deleted due to partial
-8. Don't know
-9. Refused
"
ecperil_payhouse,Able tomake housing payments,"1. Extremelylikely
2. Verylikely
3. Moderatelylikely
4. Slightly likely
5. Not likely atall
","-1. Inapplicable
-6. Notasked, unit nonresponse (no post-election
-7. Deleted due to partial (post-election)interview
-8. Don't know
"
ecperil_lostjobs,Anyone lostjobs,"1. Someonelost a job
2. No onelost a job
1. Someone losta job
2. No one losta job
","-6. Notasked, unit nonresponse (no post-election
-7. Deleted due to partial (post-election) interview
-8. Don't know
-9. Refused
-6. Not asked, unit
-7. Deleted due to partial
-8. Don't know
-9. Refused
"
libcpo_self,7pt scaleliberal-Conservate: self placement,"1. Extremely liberal
2. Liberal
3. Slightlyliberal
4. Moderate; middle of the road
5. Slightly conservative
6. Conservative
7. Extremely conservative
","-2. Haven't thought much (do notprobe)
-6. Notasked, unit nonresponse (no post-election
-7. Deleted due to partial (post-election)interview
-8. Don't know
-9. Refused
"
libcpo_selfch,"If hadto choose, liberal or conservative","1. Liberal
2. Conservative
3. Moderate(VOL)
","-1. Inapplicable
-6. Notasked, unit nonresponse (no post-election
-7. Deleted due to partial (post-election) interview
-8. Don't know
-9. Refused
"
libcpo_hdc,7pt scaleliberal-conservative: Democratic House cand,"1. Extremelyliberal
2. Liberal
3. Slightly liberal
4. Moderate; middle of theroad
5. Slightly conservative
6. Conservative
7. Extremely conservative
","-1. Inapplicable
-4. Error
-6. Not asked, unit nonresponse (nopost-election
-7. Deleted due to partial(post-election) interview
-8. Don't know
-9. Refused
"
libcpo_hrc,7pt scaleliberal-conservative: Republican House cand,"1. Extremelyliberal
2. Liberal
3. Slightly liberal
4. Moderate; middle of theroad
5. Slightly conservative
6. Conservative
7. Extremely conservative
","-1. Inapplicable
-4. Error
-6. Not asked, unit nonresponse (nopost-election
-7. Deleted due to partial(post-election) interview
-8. Don't know
-9. Refused
"
science_use,How oftshd govt use scientific methods tosolve imp probs,"1. Always
2. Most of the time
3. About half the time
4. Someof the time
5. Never
","-6. Notasked, unit nonresponse (no post-election
-7. Deleted due to partial (post-election)interview
-8. Don't know
-9. Refused
"
abort_dpc4,STD Abortion: Democratic Presidential cand placemt,"1. By law,abortion should never be permitted.
2. The law should permit abortiononly in case of
3. The law should permitabortion for reasons other
4. Bylaw,a woman should always beable to obtain
5. Other(SPECIFY) (VOL)
","-6. Notasked, unit nonresponse (no post-election
-7. Deleteddue to partial (post-election) interview
-8. Don't know
-9. Refused
"
abort_dpc4_oth,POST:Other specify-abortion placement of Dem Pres cand,,"-2. Textresponses available in separatefile
-2. Textresponses available in separatefile
"
abort_rpc4,STD Abortion: Republican Presidential cand placemt,"1. Bylaw,abortion should never be permitted.
2. The law should permitabortion only in case of
3. The law should permitabortion for reasons other
4. Bylaw,a woman should alwaysbe able to obtain
5. Other(SPECIFY) (VOL)
","-6. Notasked, unit nonresponse (no post-election
-7. Deleted due to partial (post-election) interview
-8. Don't know
-9. Refused
"
abort_rpc4_oth,POST:Other specify-abortion placement of Rep Pres cand,,"-2. Textresponses available in separatefile
-2. Textresponses available in separatefile
"
abort_dem4,STD Abortion: Democratic party placement,"1. Bylaw,abortion should never be permitted.
2. The law should permitabortion only in case of
3. The law should permitabortion for reasons other
4. Bylaw,a woman should alwaysbe able to obtain
5. Other(SPECIFY) (VOL)
","-6. Notasked, unit nonresponse (no post-election
-7. Deleted due to partial (post-election) interview
-8. Don't know
-9. Refused
"
abort_dem4_oth,POST:Other specify-abortion placement of Dem party,,"-2. Textresponses available in separatefile
-2. Textresponses available in separatefile
"
abort_rep4,STD Abortion: Republican party placement,"1. Bylaw,abortion should never be permitted.
2. The law should permitabortion only in case of
3. The law should permitabortion for reasons other
4. Bylaw,a woman should alwaysbe able to obtain
5. Other(SPECIFY) (VOL)
","-6. Notasked, unit nonresponse (no post-election
-7. Deleted due to partial (post-election) interview
-8. Don't know
-9. Refused
"
abort_rep4_oth,POST:Other specify-abortion placement of Rep party,,"-2. Textresponses available in separatefile
-2. Textresponses available in separatefile
"
abort_health,REV Abortion: R favor/oppose when nonfatalhealth risk,"1. Favor
2. Oppose
3. Neither favor noroppose
","-6. Notasked, unit nonresponse (no post-election
-7. Deleted due to partial (post-election)interview
-8. Don't know
-9. Refused
"
abort_healthfav,REV Howmuch R favor abortion for nonfatalhealth risk,"1. Agreat deal
2. Moderately
3. A little
1. A great deal
2. Moderately
3. A little
","-1. Inapplicable
-6. Not asked, unit nonresponse(no post-election
-7. Deleted due topartial (post-election) interview
-9. Refused
-1. Inapplicable
-6. Not asked, unit
-7. Deleted due to partial
-9. Refused
"
abort_healthopp,REV Howmuch R oppose abortn for nonfatalhealth risk,"1. Agreat deal
2. Moderately
3. A little
1. A great deal
2. Moderately
3. A little
","-1. Inapplicable
-6. Not asked, unit nonresponse(no post-election
-7. Deleted due topartial (post-election) interview
-1. Inapplicable
-6. Not asked, unit
-7. Deleted due to partial
"
abort_healthln,REV Rlean favor/opp abortion for nonfatal healthrisk,"1. Leantoward favoring
2. Leantoward opposing
3. Do not lean eitherway
","-1. Inapplicable
-6. Notasked, unit nonresponse (no post-election
-7. Deleteddue to partial (post-election) interview
-8. Don't know
-9. Refused
"
abort_health_x,POST:SUMMARY-Favor abortionlegal for nonfatal health risk ofmother,"1. Favor a great deal
2. Favor moderately
3. Favor a little
4. Lean toward favoring
5. Do not lean eitherway
6. Lean toward opposing
7. Oppose a little
8. Oppose moderately
9. Oppose a greatdeal
","-6. Notasked, unit nonresponse (no post-election
-7. Deleted due to partial (post-election)interview
-8. Don't know
-9. Refused
"
abort_fatal,REV Abortion: R favor/oppose when fatalhealth risk,"1. Favor
2. Oppose
3. Neither favor nor oppose
","-6. Notasked, unit nonresponse (no post-election
-7. Deleteddue to partial (post-election) interview
-8. Don't know
-9. Refused
"
abort_fatalfav,REV Howmuch R favor abortion for fatalhealth risk,"1. Agreat deal
2. Moderately
3. A little
","-1. Inapplicable
-6. Not asked, unit nonresponse(no post-election
-7. Deleted due topartial (post-election) interview
-8. Don't know
-9. Refused
"
abort_fatalopp,REV Howmuch R oppose abortion for fatalhealth risk,"1. A great deal
2. Moderately
3. A little
1. A great deal
2. Moderately
3. A little
","-1. Inapplicable
-6. Notasked, unit nonresponse (no post-election
-7. Deleteddue to partial (post-election) interview
-1. Inapplicable
-6. Not asked, unit
-7. Deleted due to partial
"
abort_fatalln,REV Rlean favor/oppose abortion for fatal healthrisk,"1. Leantoward favoring
2. Leantoward opposing
3. Do not lean eitherway
","-1. Inapplicable
-6. Notasked, unit nonresponse (no post-election
-7. Deleteddue to partial (post-election) interview
-8. Don't know
-9. Refused
"
abort_fatal_x,POST:SUMMARY-Favor abortionlegal for fatal risk of mother,"1. Favor a greatdeal
2. Favor moderately
3. Favor a little
4. Lean toward favoring
5. Do notlean either way
6. Lean toward opposing
7. Oppose alittle
8. Oppose moderately
9. Opposea great deal
","-6. Not asked, unit nonresponse(no post-election
-7. Deleted due topartial (post-election) interview
-8. Don't know
-9. Refused
"
abort_incest,REV Abortion: R favor/oppose in incestcases,"1. Favor
2. Oppose
3. Neither favor noroppose
","-6. Notasked, unit nonresponse (no post-election
-7. Deleted due to partial (post-election)interview
-8. Don't know
-9. Refused
"
abort_incestfav,REV Howmuch R favor abortion in incestcases,"1. A great deal
2. Moderately
3. A little
1. A great deal
2. Moderately
3. A little
","-1. Inapplicable
-6. Notasked, unit nonresponse (no post-election
-7. Deleted due to partial (post-election) interview
-9. Refused
-1. Inapplicable
-6. Not asked, unit
-7. Deleted due to partial
-9. Refused
"
abort_incestopp,REV Howmuch R oppose abortion in incestcases,"1. A great deal
2. Moderately
3. A little
1. A great deal
2. Moderately
3. A little
","-1. Inapplicable
-6. Notasked, unit nonresponse (no post-election
-7. Deleteddue to partial (post-election) interview
-8. Don't know
-1. Inapplicable
-6. Not asked, unit
-7. Deleted due to partial
-8. Don't know
"
abort_incestln,REV Rlean favor/oppose abortion in incest cases,"1. Leantoward favoring
2. Leantoward opposing
3. Do not lean eitherway
","-1. Inapplicable
-6. Notasked, unit nonresponse (no post-election
-7. Deleteddue to partial (post-election) interview
-8. Don't know
-9. Refused
"
abort_incest_x,POST:SUMMARY-Favor abortionlegal for cases of incest,"1. Favor a great deal
2. Favor moderately
3. Favor a little
4. Lean toward favoring
5. Do not lean eitherway
6. Lean toward opposing
7. Oppose a little
8. Oppose moderately
9. Oppose a greatdeal
","-6. Notasked, unit nonresponse (no post-election
-7. Deleted due to partial (post-election)interview
-8. Don't know
-9. Refused
"
abort_rape,REV Abortion: R favor/oppose in rapecases,"1. Favor
2. Oppose
3. Neither favor nor oppose
","-6. Notasked, unit nonresponse (no post-election
-7. Deleteddue to partial (post-election) interview
-8. Don't know
-9. Refused
"
abort_rapefav,REV Howmuch R favor abortion in rapecases,"1. Agreat deal
2. Moderately
3. A little
","-1. Inapplicable
-6. Not asked, unit nonresponse(no post-election
-7. Deleted due topartial (post-election) interview
-8. Don't know
-9. Refused
"
abort_rapeopp,REV Howmuch R oppose abortion in rapecases,"1. A great deal
2. Moderately
3. A little
","-1. Inapplicable
-6. Notasked, unit nonresponse (no post-election
-7. Deleteddue to partial (post-election) interview
-8. Don't know
-9. Refused
"
abort_rapelean,REV Rlean favor/oppose abortion in rape cases,"1. Leantoward favoring
2. Leantoward opposing
3. Do not lean eitherway
","-1. Inapplicable
-6. Notasked, unit nonresponse (no post-election
-7. Deleteddue to partial (post-election) interview
-8. Don't know
-9. Refused
"
abort_rape_x,POST:SUMMARY-Favor abortionlegal for cases of rape,"1. Favor a great deal
2. Favor moderately
3. Favora little
4. Leantoward favoring
5. Do not lean eitherway
6. Leantoward opposing
7. Oppose a little
8. Opposemoderately
9. Oppose a great deal
","-6. Notasked, unit nonresponse (no post-election
-7. Deleted due to partial (post-election) interview
-8. Don't know
-9. Refused
"
abort_bd,REV Abortion: R favor/oppose in birthdefect cases,"1. Favor
2. Oppose
3. Neither favor nor oppose
","-6. Notasked, unit nonresponse (no post-election
-7. Deleteddue to partial (post-election) interview
-8. Don't know
-9. Refused
"
abort_bdfav,REV Howmuch R favor abortion in birthdefect cases,"1. A great deal
2. Moderately
3. A little
1. A great deal
2. Moderately
3. A little
","-1. Inapplicable
-6. Notasked, unit nonresponse (no post-election
-7. Deleted due to partial (post-election) interview
-1. Inapplicable
-6. Not asked, unit
-7. Deleted due to partial
"
abort_bdopp,REV Howmuch R oppose abortion in birthdefect cases,"1. A great deal
2. Moderately
3. A little
","-1. Inapplicable
-6. Notasked, unit nonresponse (no post-election
-7. Deleteddue to partial (post-election) interview
-8. Don't know
-9. Refused
"
abort_bdln,REV Rlean favor/oppose abortion in birth defectcase,"1. Leantoward favoring
2. Leantoward opposing
3. Do not lean eitherway
","-1. Inapplicable
-6. Notasked, unit nonresponse (no post-election
-7. Deleteddue to partial (post-election) interview
-8. Don't know
-9. Refused
"
abort_bd_x,POST:SUMMARY-Favor abortionlegal for cases of birth defect,"1. Favor agreat deal
2. Favor moderately
3. Favor a little
4. Lean toward favoring
5. Donot lean either way
6. Lean toward opposing
7. Opposea little
8. Oppose moderately
9. Oppose a great deal
","-6. Not asked, unitnonresponse (no post-election
-7. Deleted due topartial (post-election) interview
-8. Don'tknow
-9. Refused
"
abort_fin,REV Abortion: R favor/oppose in financialhardshp cases,"1. Favor
2. Oppose
3. Neitherfavor nor oppose
","-6. Not asked, unit nonresponse(no post-election
-7. Deleted due topartial (post-election) interview
-8. Don't know
-9. Refused
"
abort_finfav,REV Howmuch R favor abortion in finanhardship cases,"1. A great deal
2. Moderately
3. A little
1. A great deal
2. Moderately
3. A little
","-1. Inapplicable
-6. Notasked, unit nonresponse (no post-election
-7. Deleteddue to partial (post-election) interview
-8. Don't know
-1. Inapplicable
-6. Not asked, unit
-7. Deleted due to partial
-8. Don't know
"
abort_finopp,REV Howmuch R oppose abortion in finanhardship cases,"1. A great deal
2. Moderately
3. A little
","-1. Inapplicable
-6. Notasked, unit nonresponse (no post-election
-7. Deleted due to partial (post-election) interview
-8. Don't know
-9. Refused
"
abort_finln,REV Leanfav/oppose abortion in finan hardship cases,"1. Leantoward favoring
2. Leantoward opposing
3. Do not lean eitherway
","-1. Inapplicable
-6. Notasked, unit nonresponse (no post-election
-7. Deleteddue to partial (post-election) interview
-8. Don't know
-9. Refused
"
abort_fin_x,POST:SUMMARY-Favor abortionlegal for cases of financial hardship,"1. Favor a great deal
2. Favor moderately
3. Favor a little
4. Lean toward favoring
5. Do not lean eitherway
6. Lean toward opposing
7. Oppose a little
8. Oppose moderately
9. Oppose a greatdeal
","-6. Notasked, unit nonresponse (no post-election
-7. Deleted due to partial (post-election)interview
-8. Don't know
-9. Refused
"
abort_sex,REV Abortion: R favor/oppose when childgender 'wrong',"1. Favor
2. Oppose
3. Neither favor nor oppose
","-6. Notasked, unit nonresponse (no post-election
-7. Deleteddue to partial (post-election) interview
-8. Don't know
-9. Refused
"
abort_sexfav,REV Howmuch R favor abortn when childgender 'wrong',"1. A great deal
2. Moderately
3. A little
1. A great deal
2. Moderately
3. A little
","-1. Inapplicable
-6. Notasked, unit nonresponse (no post-election
-7. Deleteddue to partial (post-election) interview
-9. Refused
-1. Inapplicable
-6. Not asked, unit
-7. Deleted due to partial
-9. Refused
"
abort_sexopp,REV Howmuch R oppose abortn when childgender 'wrong',"1. A great deal
2. Moderately
3. A little
","-1. Inapplicable
-6. Notasked, unit nonresponse (no post-election
-7. Deleteddue to partial (post-election) interview
-8. Don't know
-9. Refused
"
abort_sexln,POST:REV Rlean favor/opp abortn legal to selectchild gender,"1. Leantoward favoring
2. Leantoward opposing
3. Do not lean eitherway
1. Leantoward favoring
2. Leantoward opposing
3. Do not lean either way
","-1. Inapplicable
-6. Notasked, unit nonresponse (no post-election
-7. Deleteddue to partial (post-election) interview
-1. Inapplicable
-6. Not asked, unit
-7. Deleted due to partial
"
abort_sex_x,POST:SUMMARY-Favor abortionlegal to select child gender,"1. Favor a great deal
2. Favor moderately
3. Favora little
4. Leantoward favoring
5. Do not lean eitherway
6. Leantoward opposing
7. Oppose a little
8. Opposemoderately
9. Oppose a great deal
","-6. Notasked, unit nonresponse (no post-election
-7. Deleteddue to partial (post-election) interview
-8. Don't know
-9. Refused
"
abort_choice,Abortion: favor/oppose woman's choice,"1. Favor
2. Oppose
3. Neither favor noroppose
1. Favor
2. Oppose
3. Neither favor nor oppose
","-6. Notasked, unit nonresponse (no post-election
-7. Deleted due to partial (post-election)interview
-8. Don't know
-9. Refused
-6. Not asked, unit
-7. Deleted due to partial
-8. Don't know
-9. Refused
"
abort_choicefav,How muchR favor abortion for woman's choice,"1. A great deal
2. Moderately
3. A little
1. A great deal
2. Moderately
3. A little
","-1. Inapplicable
-6. Notasked, unit nonresponse (no post-election
-7. Deleteddue to partial (post-election) interview
-8. Don't know
-9. Refused
-1. Inapplicable
-6. Not asked, unit
-7. Deleted due to partial
-8. Don't know
-9. Refused
"
abort_choiceopp,How muchR oppose abortn for woman's choice,"1. Agreat deal
2. Moderately
3. A little
1. A great deal
2. Moderately
3. A little
","-1. Inapplicable
-6. Not asked, unit nonresponse(no post-election
-7. Deleted due topartial (post-election) interview
-9. Refused
-1. Inapplicable
-6. Not asked, unit
-7. Deleted due to partial
-9. Refused
"
abort_choiceln,R leanfavor/opp abortion for woman's choice,"1. Leantoward favoring
2. Leantoward opposing
3. Do not lean eitherway
1. Leantoward favoring
2. Leantoward opposing
3. Do not lean either way
","-1. Inapplicable
-6. Notasked, unit nonresponse (no post-election
-7. Deleteddue to partial (post-election) interview
-9. Refused
-1. Inapplicable
-6. Not asked, unit
-7. Deleted due to partial
-9. Refused
"
abort_choice_x,POST:SUMMARY-Favor abortionlegal as woman's choice,"1. Favor agreat deal
2. Favor moderately
3. Favor a little
4. Lean toward favoring
5. Donot lean either way
6. Lean toward opposing
7. Opposea little
8. Oppose moderately
9. Oppose a great deal
","-6. Not asked, unitnonresponse (no post-election
-7. Deleted due topartial (post-election) interview
-8. Don'tknow
-9. Refused
"
wiretap_warrant,Favor oroppose court auth for terr suspectwiretaps,"1. Favor
2. Oppose
3. Neither favor nor oppose
1. Favor
2. Oppose
3. Neither favor nor oppose
","-6. Notasked, unit nonresponse (no post-election
-7. Deleteddue to partial (post-election) interview
-8. Don't know
-9. Refused
-6. Not asked, unit
-7. Deleted due to partial
-8. Don't know
-9. Refused
"
outsource_enc,Should govtencourage/discourage outsourcing,"1. Discourage
2. Encourage
3. Should stay out of this matter
1. Discourage
2. Encourage
3. Should stay out ofthis
","-6. Notasked, unit nonresponse (no post-election
-7. Deleteddue to partial (post-election) interview
-8. Don't know
-9. Refused
-6. Not asked, unit
-7. Deleted due to partial
-8. Don't know
-9. Refused
"
outsource_encst,How muchshould govt encourage/discourage outsourcing,"1. A great deal
2. Only a little
1. A great deal
2. Only a little
","-1. Inapplicable
-6. Notasked, unit nonresponse (no post-election
-7. Deleted due to partial (post-election) interview
-8. Don't know
-9. Refused
-1. Inapplicable
-6. Not asked, unit
-7. Deleted due to partial
-8. Don't know
-9. Refused
"
outsource_enc_x,POST:SUMMARY-Encourage outsourcingof jobs,"1. Discourage a great deal
2. Discourage a little
3. Should stay out of this matter
4. Encourage a little
5. Encourage a great deal
1. Discourage a great deal
2. Discourage a little
3. Should stay out ofthis
4. Encouragea little
5. Encourage a great deal
","-6. Notasked, unit nonresponse (no post-election
-7. Deleteddue to partial (post-election) interview
-8. Don't know
-9. Refused
-6. Not asked, unit
-7. Deleted due to partial
-8. Don't know
-9. Refused
"
ssinv_invest,Favor oroppose Social Security in stocks andbonds,"1. Favor
2. Oppose
3. Neither favor noroppose
1. Favor
2. Oppose
3. Neither favor nor oppose
","-6. Notasked, unit nonresponse (no post-election
-7. Deleted due to partial (post-election)interview
-8. Don't know
-9. Refused
-6. Not asked, unit
-7. Deleted due to partial
-8. Don't know
-9. Refused
"
ssinv_invfav,How muchfavor Social Security in stocks andbonds,"1. Strongly
2. Not strongly
1. Strongly
2. Notstrongly
","-1. Inapplicable
-6. Notasked, unit nonresponse (no post-election
-7. Deleteddue to partial (post-election) interview
-8. Don't know
-1. Inapplicable
-6. Not asked, unit
-7. Deleted due to partial
-8. Don't know
"
ssinv_invopp,How muchoppose Social Security in stocks andbonds,"1. Strongly
2. Not strongly
1. Strongly
2. Notstrongly
","-1. Inapplicable
-6. Notasked, unit nonresponse (no post-election
-7. Deleteddue to partial (post-election) interview
-9. Refused
-1. Inapplicable
-6. Not asked, unit
-7. Deleted due to partial
-9. Refused
"
ssinv_invln,R leanfavor or oppose Social Security instocks and bonds,"1. Leantoward favoring
2. Leantoward opposing
3. Do not lean eitherway
1. Leantoward favoring
2. Leantoward opposing
3. Do not lean either way
","-1. Inapplicable
-6. Notasked, unit nonresponse (no post-election
-7. Deleteddue to partial (post-election) interview
-8. Don't know
-1. Inapplicable
-6. Not asked, unit
-7. Deleted due to partial
-8. Don't know
"
ssinv_invest_x,POST:SUMMARY-Favor SocialSecurity investment in stocks and bonds,"1. Favor strongly
2. Favornot strongly
3. Lean toward favoring
4. Do notlean either way
5. Lean toward opposing
6. Oppose not strongly
7. Oppose trongly
","-6. Not asked, unit nonresponse (nopost-election
-7. Deleted due to partial(post-election) interview
-8. Don't know
-9. Refused
"
neonull_strule,Favor oroppose state decision whether federal lawapplies,"1. Favor states being ableto decide
2. Oppose states beingable to decide
3. Neither favor noroppose
1. Favor states being ableto
2. Oppose statesbeing able
3. Neither favor nor oppose
","-6. Notasked, unit nonresponse (no post-election
-7. Deleted due to partial (post-election) interview
-8. Don't know
-9. Refused
-6. Not asked, unit
-7. Deleted due to partial
-8. Don't know
-9. Refused
"
neonull_strulest,How muchfavor/opp state decision whether fed lawapplies,"1. Strongly
2. Not strongly
","-1. Inapplicable
-4. Error
-6. Notasked, unit nonresponse (no post-election
-7. Deleteddue to partial (post-election) interview
-8. Don't know
-9. Refused
"
neonull_strule_x,POST:SUMMARY-Favor statedecision when federal law applies tostate,"1. Favor strongly
2. Favor not strongly
3. Neither favor nor oppose
4. Oppose not strongly
5. Opposestrongly
1. Favorstrongly
2. Favor not strongly
3. Neither favor nor oppose
4. Oppose notstrongly
5. Oppose strongly
","-4. Error
-6. Not asked, unitnonresponse (no post-election
-7. Deleted due topartial (post-election) interview
-8. Don'tknow
-9. Refused
-4. Error
-6. Not asked, unit
-7. Deleted due to partial
-8. Don't know
-9. Refused
"
pot_legal,Should marijuanabe legal,"1. Favor
2. Oppose
3. Neither favor noroppose
1. Favor
2. Oppose
3. Neither favor nor oppose
","-6. Notasked, unit nonresponse (no post-election
-7. Deleted due to partial (post-election)interview
-8. Don't know
-9. Refused
-6. Not asked, unit
-7. Deleted due to partial
-8. Don't know
-9. Refused
"
govrole_big,Govt biggerbecause too involved OR bigger problems,"1. Gov't bigger because it'sinvolved in things
2. Gov't bigger becauseproblems bigger
","-6. Not asked, unit nonresponse(no post-election
-7. Deleted due topartial (post-election) interview
-8. Don't know
-9. Refused
"
govrole_market,Need stronggovt for complex problems OR freemarket,"1. Need astrong gov't to handle complex economic
2. Freemarketcanhandlewithoutgov'tinvolvement
","-6. Notasked, unit nonresponse (no post-election
-7. Deleteddue to partial (post-election) interview
-8. Don't know
-9. Refused
"
govrole_lessmore,Less govtbetter OR more that govt shouldbe doing,"1. The less government the better
2. More things government should be doing
1. Theless government the
2. Morethings government
","-6. Not asked, unit nonresponse(no post-election
-7. Deleted due topartial (post-election) interview
-8. Don't know
-9. Refused
-6. Not asked, unit
-7. Deleted due to partial
-8. Don't know
-9. Refused
"
govrole_regbus,Regulation ofBusiness,"1. A great deal
2. A lot
3. A moderateamount
4. A little
5. Noneat all
","-6. Notasked, unit nonresponse (no post-election
-7. Deleteddue to partial (post-election) interview
-8. Don't know
-9. Refused
"
discuss_disc,Ever discusspolitics with family or friends,"1. Yes
2. No
1. Yes
2. No
","-6. Notasked, unit nonresponse (no post-election
-7. Deleteddue to partial (post-election) interview
-8. Don't know
-9. Refused
-6. Not asked, unit
-7. Deleted due to partial
-8. Don't know
-9. Refused
"
discuss_discpstwk,Days inpast week discussed politics,"0. Zero days
1. One day
2. Twodays
3. Threedays
4. Four days
5. Fivedays
6. Six days
7. Seven days
","-1. Inapplicable
-6. Notasked, unit nonresponse (no post-election
-7. Deleted due to partial (post-election) interview
-8. Don't know
-9. Refused
"
mormon_xn,Mormon aChristian religion,"1. Is Christian
2. NotChristian
1. Is Christian
2. Not Christian
","-6. Notasked, unit nonresponse (no post-election
-7. Deleted due to partial (post-election)interview
-8. Don't know
-9. Refused
-6. Not asked, unit
-7. Deleted due to partial
-8. Don't know
-9. Refused
"
mormon_known,Mormon peopleyou know,,
mormon_beliefs,Mormon commonbeliefs with self,"1. A great deal
2. A lot
3. A moderateamount
4. A little
5. Nothing at all
","-6. Notasked, unit nonresponse (no post-election
-7. Deleted due to partial (post-election) interview
-8. Don't know
-9. Refused
"
factor_rpcrel,Pres candaversion-pref factor: Mitt Romney'sMormon relig,"3. Made no difference
","-6. Notasked, unit nonresponse (no post-election
-7. Deleteddue to partial (post-election) interview
-8. Don't know
-9. Refused
"
factor_dpcrace,Pres candaversion-pref factor: Barack Obama'srace,"3. Made no difference
","-6. Notasked, unit nonresponse (no post-election
-7. Deleteddue to partial (post-election) interview
-8. Don't know
-9. Refused
"
factor_ahcare,Pcand factor: the AffordableHealthCare Act or 'Obamacare',"3. Made no difference
","-6. Notasked, unit nonresponse (no post-election
-7. Deleted due to partial (post-election)interview
-8. Don't know
-9. Refused
"
factor_econ,Pres candaversion-pref factor: the economy,"3. Made no difference
","-6. Notasked, unit nonresponse (no post-election
-7. Deleted due to partial (post-election)interview
-8. Don't know
-9. Refused
"
factor_fpol,Pres candaversion-pref factor: foreign policy,"3. Made no difference
","-6. Notasked, unit nonresponse (no post-election
-7. Deleted due to partial (post-election)interview
-8. Don't know
-9. Refused
"
factor_dpcrel,Pres candaversion-preference factor: Dem Prescand relig,"3. Made no difference
","-6. Notasked, unit nonresponse (no post-election
-7. Deleteddue to partial (post-election) interview
-8. Don't know
-9. Refused
"
factor_rpcwlth,Pres candaversion-preference factor: Mitt Romney'swealth,"3. Made no difference
","-6. Notasked, unit nonresponse (no post-election
-7. Deleteddue to partial (post-election) interview
-8. Don't know
-9. Refused
"
factor_pcdem,Pres candaver-pref factor: the factthat Obama is Democrat,"3. Made no difference
","-6. Notasked, unit nonresponse (no post-election
-7. Deleted due to partial (post-election)interview
-8. Don't know
-9. Refused
"
factor_pcrep,Pres candaver-pref factor:the fact that Romney isRepublican,"3. Made no difference
","-6. Notasked, unit nonresponse (no post-election
-7. Deleteddue to partial (post-election) interview
-8. Don't know
-9. Refused
"
ptydiff_diff,Important differencesin what major parties stand for,"1. Yes,differences
2. No, no differences
1. Yes,differences
2. No, no differences
","-6. Notasked, unit nonresponse (no post-election
-7. Deleteddue to partial (post-election) interview
-8. Don't know
-9. Refused
-6. Not asked, unit
-7. Deleted due to partial
-8. Don't know
-9. Refused
"
ptycons_cons,Is oneof the parties more conservative thanthe other,"1. Yes,one party moreconservative
2. No, one party not more conservative
1. Yes,one party more
2. No, oneparty not more
","-6. Notasked, unit nonresponse (no post-election
-7. Deleteddue to partial (post-election) interview
-8. Don't know
-9. Refused
-6. Not asked, unit
-7. Deleted due to partial
-8. Don't know
-9. Refused
"
ptycons_ptyconswh,Which isthe party that is more conservative,"1. Democrats
2. Republicans
1. Democrats
2. Republicans
","-1. Inapplicable
-6. Notasked, unit nonresponse (no post-election
-7. Deleteddue to partial (post-election) interview
-8. Don't know
-9. Refused
-1. Inapplicable
-6. Not asked, unit
-7. Deleted due to partial
-8. Don't know
-9. Refused
"
tarp_favopp,Does Rfavor or oppose the TARPprogram,"1. Favor
2. Oppose
3. Neither favor noroppose
1. Favor
2. Oppose
3. Neither favor nor oppose
","-6. Notasked, unit nonresponse (no post-election
-7. Deleted due to partial (post-election)interview
-8. Don't know
-9. Refused
-6. Not asked, unit
-7. Deleted due to partial
-8. Don't know
-9. Refused
"
tarp_favoppst,How muchdoes R favor or oppose theTARPprogram,"1. Strongly
2. Not strongly
1. Strongly
2. Notstrongly
","-1. Inapplicable
-6. Notasked, unit nonresponse (no post-election
-7. Deleted due to partial (post-election)interview
-8. Don't know
-9. Refused
-1. Inapplicable
-6. Not asked, unit
-7. Deleted due to partial
-8. Don't know
-9. Refused
"
tarp_favopp_x,POST:SUMMARY-Favor theTARPprogram,"1. Favor strongly
2. Favor notstrongly
3. Neither favor noroppose
4. Opposenot strongly
5. Oppose strongly
1. Favorstrongly
2. Favor not strongly
3. Neither favor nor oppose
4. Oppose notstrongly
5. Oppose strongly
","-6. Notasked, unit nonresponse (no post-election
-7. Deleted due to partial (post-election)interview
-8. Don't know
-9. Refused
-6. Not asked, unit
-7. Deleted due to partial
-8. Don't know
-9. Refused
"
scourt_elim,Do awaywith the Supreme Court,"1. Favor
2. Oppose
3. Neither favor noroppose
1. Favor
2. Oppose
3. Neither favor nor oppose
","-6. Notasked, unit nonresponse (no post-election
-7. Deleted due to partial (post-election)interview
-8. Don't know
-9. Refused
-6. Not asked, unit
-7. Deleted due to partial
-8. Don't know
-9. Refused
"
scourt_elimstr,Do awaywith court - strength,"1. Strongly
2. Not strongly
","-1. Inapplicable
-4. Error
-6. Notasked, unit nonresponse (no post-election
-7. Deleted due to partial (post-election)interview
-8. Don't know
"
scourt_elimln,Do awaywith court - lean,"1. Lean toward
2. Lean against
3. Not leaneither way
","-1. Inapplicable
-6. Notasked, unit nonresponse (no post-election
-7. Deleteddue to partial (post-election) interview
-8. Don't know
-9. Refused
"
scourt_elim_x,POST:SUMMARY-Should theSupreme Court be done away with,"1. Favor strongly
2. Favor notstrongly
3. Leantoward
4. Do not lean eitherway
5. Lean against
6. Opposenot strongly
7. Opposetrongly
","-4. Error
-6. Notasked, unit nonresponse (no post-election
-7. Deleted due to partial (post-election)interview
-8. Don't know
-9. Refused
"
scourt_remove,Remove SupremeCourt Judges,"1. Favor
2. Oppose
3. Neitherfavor nor oppose
1. Favor
2. Oppose
3. Neither favor nor oppose
","-6. Not asked, unit nonresponse(no post-election
-7. Deleted due topartial (post-election) interview
-8. Don't know
-9. Refused
-6. Not asked, unit
-7. Deleted due to partial
-8. Don't know
-9. Refused
"
scourt_removestr,Remove SupremeCourt Judges -- strength,"1. Strongly
2. Not strongly
","-1. Inapplicable
-4. Error
-6. Not asked, unit nonresponse(no post-election
-7. Deleted due topartial (post-election) interview
-8. Don't know
-9. Refused
"
scourt_removeln,Remove SupremeCourt Judges - lean,"1. Lean toward removing judges
2. Lean againstremoving judges
3. Do not lean eitherway
","-1. Inapplicable
-6. Notasked, unit nonresponse (no post-election
-7. Deleteddue to partial (post-election) interview
-8. Don't know
-9. Refused
"
scourt_remove_x,POST:SUMMARY-Should itbe possible to remove Supreme Ctjudges,"1. Favor strongly
2. Favornot strongly
3. Lean toward
4. Do notlean either way
5. Lean against
6. Oppose not strongly
7. Oppose trongly
","-4. Error
-6. Not asked, unit nonresponse (nopost-election
-7. Deleted due to partial(post-election) interview
-8. Don't know
-9. Refused
"
involv_communwk,Has Rdone community work in past 12months,"1. Yes
2. No
1. Yes
2. No
","-6. Notasked, unit nonresponse (no post-election
-7. Deleteddue to partial (post-election) interview
-8. Don't know
-9. Refused
-6. Not asked, unit
-7. Deleted due to partial
-8. Don't know
-9. Refused
"
involv_govoffic,Has Rcontacted officialto express view inpast 12 mo,"1. Yes
2. No
1. Yes
2. No
","-6. Notasked, unit nonresponse (no post-election
-7. Deleteddue to partial (post-election) interview
-8. Don't know
-9. Refused
-6. Not asked, unit
-7. Deleted due to partial
-8. Don't know
-9. Refused
"
involv_commmtg,Did Rattend meeting on school/community issue past12 mo,"1. Yes
2. No
1. Yes
2. No
","-6. Notasked, unit nonresponse (no post-election
-7. Deleteddue to partial (post-election) interview
-8. Don't know
-9. Refused
-6. Not asked, unit
-7. Deleted due to partial
-8. Don't know
-9. Refused
"
involv_numorgs,Number oforganizations in which R is amember,,
involv_voltr,Has Rdone any volunteer work in past12 months,"1. Yes
2. No
1. Yes
2. No
","-6. Notasked, unit nonresponse (no post-election
-7. Deleteddue to partial (post-election) interview
-8. Don't know
-9. Refused
-6. Not asked, unit
-7. Deleted due to partial
-8. Don't know
-9. Refused
"
involv_charity,Has Rcontributed to church or charity inpast 12 mo,"1. Yes
2. No
1. Yes
2. No
","-6. Notasked, unit nonresponse (no post-election
-7. Deleteddue to partial (post-election) interview
-8. Don't know
-9. Refused
-6. Not asked, unit
-7. Deleted due to partial
-8. Don't know
-9. Refused
"
link_black,Black R:life be affectedby what happensto blacks,"1. Yes
2. No
","-1. Inapplicable
-2. Missing; R gave Black identification intext of
-6. Notasked, unit nonresponse (no post-election
-7. Deleteddue to partial (post-election) interview
-8. Don't know
-9. Refused
"
link_blackamt,Black R:how much life affectedby whathappens to blacks,"1. A lot
2. Some
3. Notvery much
1. A lot
2. Some
3. Not verymuch
","-1. Inapplicable
-6. Notasked, unit nonresponse (no post-election
-7. Deleteddue to partial (post-election) interview
-8. Don't know
-1. Inapplicable
-6. Not asked, unit
-7. Deleted due to partial
-8. Don't know
"
link_hisp,Hisp R:life be affectedby what happensto Hispanics,"1. Yes
2. No
1. Yes
2. No
","-1. Inapplicable
-6. Notasked, unit nonresponse (no post-election
-7. Deleteddue to partial (post-election) interview
-8. Don't know
-9. Refused
-1. Inapplicable
-6. Not asked, unit
-7. Deleted due to partial
-8. Don't know
-9. Refused
"
link_hispamt,Hisp R:how much life affectedby whathappens to Hisps,"1. A lot
2. Some
3. Notvery much
1. A lot
2. Some
3. Not verymuch
","-1. Inapplicable
-6. Notasked, unit nonresponse (no post-election
-7. Deleteddue to partial (post-election) interview
-8. Don't know
-1. Inapplicable
-6. Not asked, unit
-7. Deleted due to partial
-8. Don't know
"
link_white,White R:life be affectedby what happensto whites,"1. Yes
2. No
","-1. Inapplicable
-2. Missing; R gave White identification intext of
-6. Notasked, unit nonresponse (no post-election
-7. Deleted due to partial (post-election)interview
-8. Don't know
-9. Refused
"
link_whiteamt,White R:how much life affectedby whathappens to whites,"1. A lot
2. Some
3. Notvery much
","-1. Inapplicable
-6. Notasked, unit nonresponse (no post-election
-7. Deleteddue to partial (post-election) interview
-8. Don't know
-9. Refused
"
link_wom,Female R:life be affectedby what happensto women,"1. Yes
2. No
1. Yes
2. No
","-1. Inapplicable
-6. Notasked, unit nonresponse (no post-election
-7. Deleted due to partial (post-election)interview
-8. Don't know
-9. Refused
-1. Inapplicable
-6. Not asked, unit
-7. Deleted due to partial
-8. Don't know
-9. Refused
"
link_womamt,Female R:how much life affectedby whathappens to women,"1. A lot
2. Some
3. Notvery much
","-1. Inapplicable
-6. Notasked, unit nonresponse (no post-election
-7. Deleteddue to partial (post-election) interview
-8. Don't know
-9. Refused
"
link_oth,Life affectedby what happens to other people,"1. Yes
2. No
1. Yes
2. No
","-6. Not asked, unit nonresponse(no post-election
-7. Deleted due topartial (post-election) interview
-8. Don't know
-9. Refused
-6. Not asked, unit
-7. Deleted due to partial
-8. Don't know
-9. Refused
"
link_othamt,How muchlife affectedby what happens toothers,"1. A lot
2. Some
3. Notvery much
","-1. Inapplicable
-6. Notasked, unit nonresponse (no post-election
-7. Deleted due to partial (post-election)interview
-8. Don't know
-9. Refused
"
trad_adjust,Agree/disagree: world is changing and weshould adjust,"1. Agreestrongly
2. Agreesomewhat
3. Neither agree nor disagree
4. Disagree somewhat
5. Disagree strongly
","-6. Not asked, unit nonresponse (nopost-election
-7. Deleted due to partial(post-election) interview
-8. Don't know
-9. Refused
"
trad_lifestyle,Agree/disagree: newer lifestyles breaking down society,"1. Agree strongly
2. Agree somewhat
3. Neither agree nor disagree
4. Disagree somewhat
5. Disagree strongly
","-6. Notasked, unit nonresponse (no post-election
-7. Deleted due to partial (post-election) interview
-8. Don't know
-9. Refused
"
trad_tolerant,Agree/disagree: be more tolerant of othermoral stds,"1. Agree strongly
2. Agree somewhat
3. Neither agree nor disagree
4. Disagree somewhat
5. Disagree strongly
","-6. Notasked, unit nonresponse (no post-election
-7. Deleted due to partial (post-election) interview
-8. Don't know
-9. Refused
"
trad_famval,Agree/disagree: more emphasis on traditional familyvalues,"1. Agree strongly
2. Agree somewhat
3. Neither agree nor disagree
4. Disagree somewhat
5. Disagree strongly
","-6. Notasked, unit nonresponse (no post-election
-7. Deleted due to partial (post-election) interview
-8. Don't know
-9. Refused
"
resent_workway,Agree/disagree: blacks shd work way upw/o special favors,"1. Agree strongly
2. Agree somewhat
3. Neither agree nordisagree
4. Disagreesomewhat
5. Disagree strongly
","-6. Not asked, unitnonresponse (no post-election
-7. Deleted due topartial (post-election) interview
-8. Don'tknow
-9. Refused
"
resent_slavery,Agree/disagree: past slavery make more difffor blacks,"1. Agreestrongly
2. Agreesomewhat
3. Neither agree nor disagree
4. Disagree somewhat
5. Disagree strongly
","-6. Not asked, unit nonresponse (nopost-election
-7. Deleted due to partial(post-election) interview
-8. Don't know
-9. Refused
"
resent_deserve,Agree/disagree: blacks have gotten less thandeserve,"1. Agreestrongly
2. Agreesomewhat
3. Neither agree nor disagree
4. Disagree somewhat
5. Disagree strongly
","-1. Inapplicable
-6. Not asked, unit nonresponse (nopost-election
-7. Deleted due to partial(post-election) interview
-8. Don't know
-9. Refused
"
resent_try,Agree/disagree: blacks must try harder toget ahead,"1. Agree strongly
2. Agree somewhat
3. Neither agree nor disagree
4. Disagree somewhat
5. Disagree strongly
","-6. Notasked, unit nonresponse (no post-election
-7. Deleted due to partial (post-election) interview
-8. Don't know
-9. Refused
"
trustgvpo_crook,How manyin government are crooked,"1. Quite a few
2. Notvery many
3. Hardlyany
1. Quite a few
2. Not verymany
3. Hardly any
","-6. Notasked, unit nonresponse (no post-election
-7. Deleteddue to partial (post-election) interview
-8. Don't know
-9. Refused
-6. Not asked, unit
-7. Deleted due to partial
-8. Don't know
-9. Refused
"
efficpo_complicstd,[STD] Politics/govttoo complicated to understand,,
efficpo_undstd,[STD] Goodunderstanding of political issues,"1. Agree strongly
2. Agree somewhat
3. Neither agree nor disagree
4. Disagree somewhat
5. Disagree strongly
","-1. Inapplicable
-6. Notasked, unit nonresponse (no post-election
-7. Deleted due to partial (post-election) interview
-8. Don't know
-9. Refused
"
efficpo_carestd,[STD] Publofficialsdon't care what people think,"1. Agree strongly
2. Agree somewhat
3. Neither agree nor disagree
4. Disagree somewhat
5. Disagree strongly
","-1. Inapplicable
-6. Notasked, unit nonresponse (no post-election
-7. Deleted due to partial (post-election) interview
-8. Don't know
-9. Refused
"
efficpo_saystd,[STD] Haveno say about what govt does,"1. Agree strongly
2. Agree somewhat
3. Neither agree nor disagree
4. Disagree somewhat
5. Disagree strongly
","-1. Inapplicable
-6. Notasked, unit nonresponse (no post-election
-7. Deleted due to partial (post-election) interview
-8. Don't know
-9. Refused
"
efficpo_complicrev,[REV] Politics/govttoo complicatd to understand,"1. Always
2. Most of the time
3. About half the time
4. Someof the time
5. Never
","-1. Inapplicable
-6. Notasked, unit nonresponse (no post-election
-7. Deleted due to partial (post-election)interview
-8. Don't know
-9. Refused
"
efficpo_undrev,[REV] Goodunderstanding of political issues,"1. Extremely well
2. Verywell
3. Moderately well
4. Slightly well
5. Not well at all
","-1. Inapplicable
-6. Notasked, unit nonresponse (no post-election
-7. Deleted due to partial (post-election)interview
-8. Don't know
-9. Refused
"
efficpo_carerev,[REV] Publofficialsdon't care what peopl think,"1. A great deal
2. A lot
3. A moderateamount
4. A little
5. Not atall
","-1. Inapplicable
-6. Notasked, unit nonresponse (no post-election
-7. Deleted due to partial (post-election) interview
-8. Don't know
-9. Refused
"
efficpo_sayrev,[REV] Haveno say about what govt does,"1. A great deal
2. A lot
3. A moderateamount
4. A little
5. Not atall
","-1. Inapplicable
-6. Notasked, unit nonresponse (no post-election
-7. Deleted due to partial (post-election) interview
-8. Don't know
-9. Refused
"
efficpo_bothside,How oftensee both disagreeing parties as right,"1. Always
2. Most of the time
3. About half the time
4. Someof the time
5. Never
","-6. Notasked, unit nonresponse (no post-election
-7. Deleted due to partial (post-election)interview
-8. Don't know
-9. Refused
"
electintpo_countfair,Electoral integrityPost: are votes countedfairly,"1. Veryoften
2. Fairly often
3. Not often
4. Not at all often
","-6. Notasked, unit nonresponse (no post-election
-7. Deleted due to partial (post-election)interview
-8. Don't know
-9. Refused
"
electintpo_jrnlfair,Electoral integrityPost: is journalist coveragefair,"1. Veryoften
2. Fairly often
3. Not often
4. Not at all often
","-6. Notasked, unit nonresponse (no post-election
-7. Deleted due to partial (post-election)interview
-8. Don't know
-9. Refused
"
electintpo_elecofffair,Electoral integrityPost: are election officialsfair,"1. Veryoften
2. Fairly often
3. Not often
4. Not at all often
","-6. Notasked, unit nonresponse (no post-election
-7. Deleted due to partial (post-election)interview
-8. Don't know
-9. Refused
"
electintpo_richbuy,Electoral integrityPost: do the richbuy elections,"1. Veryoften
2. Fairly often
3. Not often
4. Not at all often
","-6. Notasked, unit nonresponse (no post-election
-7. Deleted due to partial (post-election)interview
-8. Don't know
-9. Refused
"
electintpo_votechc,Electoral integrityPost: do voters havea genuine choice,"1. Veryoften
2. Fairly often
3. Not often
4. Not at all often
","-6. Notasked, unit nonresponse (no post-election
-7. Deleted due to partial (post-election)interview
-8. Don't know
-9. Refused
"
women_bond,Easier orharder for working mother to bondwith child,"1. Easier
2. Harder
3. Neithereasier nor harder
1. Easier
2. Harder
3. Neither easiernor harder
","-6. Notasked, unit nonresponse (no post-election
-7. Deleteddue to partial (post-election) interview
-8. Don't know
-9. Refused
-6. Not asked, unit
-7. Deleted due to partial
-8. Don't know
-9. Refused
"
women_bondea,How mucheasier for working mother to bondwith child,"1. A great deal
2. Somewhat
3. Slightly
1. A great deal
2. Somewhat
3. Slightly
","-1. Inapplicable
-6. Notasked, unit nonresponse (no post-election
-7. Deleteddue to partial (post-election) interview
-1. Inapplicable
-6. Not asked, unit
-7. Deleted due to partial
"
women_bondha,How muchharder for working mother to bondwith child,"1. A great deal
2. Somewhat
3. Slightly
","-1. Inapplicable
-6. Notasked, unit nonresponse (no post-election
-7. Deleted due to partial (post-election) interview
-8. Don't know
-9. Refused
"
women_bond_x,POST:SUMMARY-Workingmother's bond with child,"1. A greatdeal easier
2. Somewhat easier
3. Slightly easier
4. Neithereasier nor harder
5. Slightlyharder
6. Somewhat harder
7. Agreat deal harder
","-6. Notasked, unit nonresponse (no post-election
-7. Deleted due to partial (post-election) interview
-8. Don't know
-9. Refused
"
women_works,Better ifman works and woman takes careof home,"1. Better
2. Worse
3. Makes no difference
1. Better
2. Worse
3. Makes no difference
","-6. Notasked, unit nonresponse (no post-election
-7. Deleted due to partial (post-election) interview
-8. Don't know
-9. Refused
-6. Not asked, unit
-7. Deleted due to partial
-8. Don't know
-9. Refused
"
women_worksbetter,How muchbetter if man works and womanat home,"1. Much
2. Somewhat
3. Slightly
1. Much
2. Somewhat
3. Slightly
","-1. Inapplicable
-6. Notasked, unit nonresponse (no post-election
-7. Deleteddue to partial (post-election) interview
-8. Don't know
-1. Inapplicable
-6. Not asked, unit
-7. Deleted due to partial
-8. Don't know
"
women_worksworse,How muchworse if man works and womanat home,"1. Much
2. Somewhat
3. Slightly
1. Much
2. Somewhat
3. Slightly
","-1. Inapplicable
-6. Notasked, unit nonresponse (no post-election
-7. Deleteddue to partial (post-election) interview
-9. Refused
-1. Inapplicable
-6. Not asked, unit
-7. Deleted due to partial
-9. Refused
"
women_works_x,POST:SUMMARY-Better ifman works and woman takes careof home,"1. Muchbetter
2. Somewhat better
3. Slightly better
4. Makes no difference
5. Slightly worse
6. Somewhatworse
7. Much worse
","-6. Notasked, unit nonresponse (no post-election
-7. Deleted due to partial (post-election)interview
-8. Don't know
-9. Refused
"
modsex_discamt,Discrimination againstwomen,"1. Nota problem at all
2. A minor problem
3. Amoderately serious problem
4. A very serious problem
5. An extremelyserious problem
","-6. Notasked, unit nonresponse (no post-election
-7. Deleted due to partial (post-election) interview
-8. Don't know
-9. Refused
"
modsex_media,Media paymore attention to discrimination,"1. More attention
2. Less attention
3. Same amount of attention
1. More attention
2. Less attention
3. Same amount of attention
","-6. Notasked, unit nonresponse (no post-election
-7. Deleted due to partial (post-election)interview
-8. Don't know
-9. Refused
-6. Not asked, unit
-7. Deleted due to partial
-8. Don't know
-9. Refused
"
modsex_mediamore,How muchmore attn should media pay todiscrim agst women,"1. Agreat deal
2. Somewhat
3. A little
1. A great deal
2. Somewhat
3. A little
","-1. Inapplicable
-6. Not asked, unit nonresponse(no post-election
-7. Deleted due topartial (post-election) interview
-9. Refused
-1. Inapplicable
-6. Not asked, unit
-7. Deleted due to partial
-9. Refused
"
modsex_medialess,How muchless attn should media pay todiscrim agst women,"1. A great deal
2. Somewhat
3. A little
1. A great deal
2. Somewhat
3. A little
","-1. Inapplicable
-6. Notasked, unit nonresponse (no post-election
-7. Deleteddue to partial (post-election) interview
-1. Inapplicable
-6. Not asked, unit
-7. Deleted due to partial
"
modsex_media_x,POST: SUMMARY- How much attn media should pay to discrim against,"1. A great deal more
2. Somewhat more
3. Alittle more
4. Same amount of attention
5. A little less
6. Somewhatless
7. A great dealless
","-6. Notasked, unit nonresponse (no post-election
-7. Deleted due to partial (post-election)interview
-8. Don't know
-9. Refused
"
modsex_special,Do womendemanding equality seek special favors,"1. Never
2. Someof the time
3. About half the time
4. Most of the time
5. Always
","-6. Notasked, unit nonresponse (no post-election
-7. Deleted due to partial (post-election) interview
-8. Don't know
-9. Refused
"
modsex_disc,How oftendo hiring and promotion discriminate agstwomen,"1. Never
2. Some ofthe time
3. Abouthalf the time
4. Mostof the time
5. Always
","-6. Notasked, unit nonresponse (no post-election
-7. Deleteddue to partial (post-election) interview
-8. Don't know
-9. Refused
"
modsex_prob,Do womencomplaining about discrim cause more problems,"1. Never
2. Someof the time
3. About half the time
4. Most of the time
5. Always
","-6. Notasked, unit nonresponse (no post-election
-7. Deleted due to partial (post-election) interview
-8. Don't know
-9. Refused
"
modsex_oppor,Do womenor men have more opport forachievmt in the U.S.,"1. Menhave more
2. Womenhave more
3. Equal opportunities
1. Men havemore
2. Womenhave more
3. Equal opportunities
","-6. Notasked, unit nonresponse (no post-election
-7. Deleteddue to partial (post-election) interview
-8. Don't know
-9. Refused
-6. Not asked, unit
-7. Deleted due to partial
-8. Don't know
-9. Refused
"
modsex_menmore,How muchmore opportunities for achievement do menhave,"1. Many more
2. Moderately more
3. Slightlymore
","-1. Inapplicable
-6. Notasked, unit nonresponse (no post-election
-7. Deleted due to partial (post-election) interview
-8. Don't know
-9. Refused
"
modsex_wommore,How muchmore opportunities for achievement do womenhave,"1. Many more
2. Moderately more
3. Slightly more
1. Many more
2. Moderately more
3. Slightly more
","-1. Inapplicable
-6. Notasked, unit nonresponse (no post-election
-7. Deleteddue to partial (post-election) interview
-8. Don't know
-1. Inapplicable
-6. Not asked, unit
-7. Deleted due to partial
-8. Don't know
"
modsex_oppor_x,POST:SUMMARY-Opportunities comparedfor women and men,"1. Men havemany more
2. Men have moderatelymore
3. Men have slightlymore
4. Equal opportunities
5. Womenhave slightly more
6. Womenhave moderately more
7. Womenhave many more
","-6. Notasked, unit nonresponse (no post-election
-7. Deleted due to partial (post-election) interview
-8. Don't know
-9. Refused
"
aapost_hire,For oragainst preferential hiring/promotion of blacks,"1. For preferential hiring andpromotion of Blacks
2. Against preferential hiringand promotion of
5. Other (SPECIFY)(VOL)
6. Other specify response recoded: against
","-6. Notasked, unit nonresponse (no post-election
-7. Deleteddue to partial (post-election) interview
-8. Don't know
-9. Refused
"
aapost_hire_oth,POST:Other specify- for or against pref hiring/promotionof blacks,,"-2. Textresponses available in separatefile
-2. Textresponses available in separatefile
"
aapost_hirefav,Strength favorpreferential hiring/promotion of blacks,"1. Strongly
2. Not strongly
1. Strongly
2. Notstrongly
","-1. Inapplicable
-6. Notasked, unit nonresponse (no post-election
-7. Deleteddue to partial (post-election) interview
-8. Don't know
-9. Refused
-1. Inapplicable
-6. Not asked, unit
-7. Deleted due to partial
-8. Don't know
-9. Refused
"
aapost_hireopp,Strength opposepreferential hiring/promotion blacks,"1. Strongly
2. Not strongly
1. Strongly
2. Notstrongly
","-1. Inapplicable
-6. Notasked, unit nonresponse (no post-election
-7. Deleted due to partial (post-election)interview
-8. Don't know
-9. Refused
-1. Inapplicable
-6. Not asked, unit
-7. Deleted due to partial
-8. Don't know
-9. Refused
"
aapost_hire_x,POST:SUMMARY-Favor preferentialhiring and promotion of blacks,"1. Strongly for preferential hiring and promotionof
2. Not stronglyfor preferential hiring and promotion
4. Not strongly against preferential hiringand
5. Stronglyagainst preferential hiring and promotion
","-1. Inapplicable
-6. Notasked, unit nonresponse (no post-election
-7. Deleted due to partial (post-election) interview
-8. Don't know
-9. Refused
"
auth_ind,Child traitmore important: independence orrespect,"1. Independence
2. Respectfor elders
3. Both (VOL)
4. Neither (VOL)
1. Independence
2. Respectfor elders
3. Both (VOL)
4. Neither (VOL)
","-6. Notasked, unit nonresponse (no post-election
-7. Deleteddue to partial (post-election) interview
-8. Don't know
-9. Refused
-6. Not asked, unit
-7. Deleted due to partial
-8. Don't know
-9. Refused
"
auth_cur,Child traitmore important: curiosity orgood manners,"1. Curiosity
2. Good manners
3. Both (VOL)
1. Curiosity
2. Good manners
3. Both (VOL)
","-6. Notasked, unit nonresponse (no post-election
-7. Deleteddue to partial (post-election) interview
-8. Don't know
-9. Refused
-6. Not asked, unit
-7. Deleted due to partial
-8. Don't know
-9. Refused
"
auth_obed,Child traitmore important: obedience orself-reliance,"1. Obedience
2. Self-reliance
3. Both (VOL)
4. Neither (VOL)
1. Obedience
2. Self-reliance
3. Both (VOL)
4. Neither (VOL)
","-6. Notasked, unit nonresponse (no post-election
-7. Deleteddue to partial (post-election) interview
-8. Don't know
-9. Refused
-6. Not asked, unit
-7. Deleted due to partial
-8. Don't know
-9. Refused
"
auth_consid,Child traitmore important: considerate orwell-behaved,"1. Being considerate
2. Wellbehaved
3. Both (VOL)
1. Being considerate
2. Wellbehaved
3. Both (VOL)
","-6. Notasked, unit nonresponse (no post-election
-7. Deleted due to partial (post-election) interview
-8. Don't know
-9. Refused
-6. Not asked, unit
-7. Deleted due to partial
-8. Don't know
-9. Refused
"
egal_equal,Society shouldmake sure everyone has equal opportunity,"1. Agree strongly
2. Agree somewhat
3. Neitheragree nor disagree
4. Disagree somewhat
5. Disagree strongly
","-6. Notasked, unit nonresponse (no post-election
-7. Deleteddue to partial (post-election) interview
-8. Don't know
-9. Refused
"
egal_toofar,Wehave gone too far pushing equal rights,"1. Agree strongly
2. Agree somewhat
3. Neither agree nor disagree
4. Disagree somewhat
5. Disagree strongly
","-6. Notasked, unit nonresponse (no post-election
-7. Deleted due to partial (post-election) interview
-8. Don't know
-9. Refused
"
egal_bigprob,Its abig problem that we dont giveequal chance to succeed,"1. Agree strongly
2. Agree somewhat
3. Neither agree nor disagree
4. Disagree somewhat
5. Disagree strongly
","-6. Notasked, unit nonresponse (no post-election
-7. Deleted due to partial (post-election) interview
-8. Don't know
-9. Refused
"
egal_worryless,We'dbe better offif worried lessabout equality,"1. Agree strongly
2. Agree somewhat
3. Neither agree nor disagree
4. Disagree somewhat
5. Disagree strongly
","-6. Notasked, unit nonresponse (no post-election
-7. Deleted due to partial (post-election) interview
-8. Don't know
-9. Refused
"
egal_notbigprob,Not abig problem if some have morechance in life,"1. Agree strongly
2. Agree somewhat
3. Neither agree nor disagree
4. Disagree somewhat
5. Disagree strongly
","-6. Notasked, unit nonresponse (no post-election
-7. Deleted due to partial (post-election) interview
-8. Don't know
-9. Refused
"
egal_fewerprobs,If peoplewere treated more fairly would befewer probs,"1. Agree strongly
2. Agree somewhat
3. Neither agree nor disagree
4. Disagree somewhat
5. Disagree strongly
","-6. Notasked, unit nonresponse (no post-election
-7. Deleted due to partial (post-election) interview
-8. Don't know
-9. Refused
"
wiretappo_toofar,Has increasein govt wiretap powers gone toofar,"1. Have gone too far
2. Are just about right
3. Donot go far enough
1. Havegone too far
2. Are just about right
3. Do not gofar enough
","-6. Notasked, unit nonresponse (no post-election
-7. Deleted due to partial (post-election) interview
-8. Don't know
-9. Refused
-6. Not asked, unit
-7. Deleted due to partial
-8. Don't know
-9. Refused
"
cog_opinions,"Does Rhave opinions about many,someor few things","1. Almosteverything
2. Many things
3. Some things
4. Veryfew things
","-6. Notasked, unit nonresponse (no post-election
-7. Deleted due to partial (post-election) interview
-8. Don't know
-9. Refused
"
cog_opin,Does Rhave fewer or more opinions thanaverage person,"1. Fewer opinions
2. About the same numberof opinions
3. More opinions
1. Fewer opinions
2. About the same numberof
3. More opinions
","-6. Notasked, unit nonresponse (no post-election
-7. Deleteddue to partial (post-election) interview
-8. Don't know
-9. Refused
-6. Not asked, unit
-7. Deleted due to partial
-8. Don't know
-9. Refused
"
cog_opinfew,R havea lot or somewhat fewer opinionsthan average,"1. A lot
2. Somewhat
1. A lot
2. Somewhat
","-1. Inapplicable
-6. Notasked, unit nonresponse (no post-election
-7. Deleteddue to partial (post-election) interview
-1. Inapplicable
-6. Not asked, unit
-7. Deleted due to partial
"
cog_opinmore,R havea lot or somewhat more opinionsthan average,"1. A lot
2. Somewhat
1. A lot
2. Somewhat
","-1. Inapplicable
-6. Notasked, unit nonresponse (no post-election
-7. Deleteddue to partial (post-election) interview
-1. Inapplicable
-6. Not asked, unit
-7. Deleted due to partial
"
cog_opin_x,POST:SUMMARY-NumberofopinionsRhascomparedtoaverageperson,"1. Alot fewer opinions than the averageperson
2. Somewhat fewer opinionsthan the average
3. About the same numberof opinions
4. Somewhat more opinions thanthe average
5. A lotmore opinions than the average person
1. A lot fewer opinions than
2. Somewhat fewer opinions
3. About the same numberof
4. Somewhatmore opinions
5. A lot more opinions than
","-6. Notasked, unit nonresponse (no post-election
-7. Deleteddue to partial (post-election) interview
-8. Don't know
-9. Refused
-6. Not asked, unit
-7. Deleted due to partial
-8. Don't know
-9. Refused
"
nonmain_born,Wasthe President born in the U.S.,"1. Definitely born in theU.S.
2. Probably born in the U.S.
3. Probably born in anothercountry
4. Definitely born inanother country
1. Definitely born in the U.S.
2. Probably born in the U.S.
3. Probably bornin another
4. Definitely bornin another
","-6. Notasked, unit nonresponse (no post-election
-7. Deleted due to partial (post-election)interview
-8. Don't know
-9. Refused
-6. Not asked, unit
-7. Deleted due to partial
-8. Don't know
-9. Refused
"
nonmain_endlife,Does HealthCare Act authorize end-of-life decision,"1. Definitely authorizes
2. Probably authorizes
3. Probably does not authorize
4. Definitely does not authorize
","-6. Notasked, unit nonresponse (no post-election
-7. Deleted due to partial (post-election)interview
-8. Don't know
-9. Refused
"
nonmain_govt911,DId theU.S. government know about 9/11in advance,"1. Definitely knew
2. Probably knew
3. Probably did notknow
4. Definitely did notknow
","-6. Notasked, unit nonresponse (no post-election
-7. Deleted due to partial (post-election)interview
-8. Don't know
-9. Refused
"
nonmain_bias,Does theAdministration favor blacks or whites,"1. Favors Whites overBlacks
2. Favors Blacks overWhites
3. Treatsboth groupsthe same
1. FavorsWhites over Blacks
2. FavorsBlacks over Whites
3. Treatsboth groups the
","-6. Not asked, unit nonresponse(no post-election
-7. Deleted due topartial (post-election) interview
-8. Don't know
-9. Refused
-6. Not asked, unit
-7. Deleted due to partial
-8. Don't know
-9. Refused
"
nonmain_hurric,Did thegovt direct Katrina flooding into poorareas,"1. Definitelydid this
2. Probably did this
3. Probablydid not do this
4. Definitely did not do this
","-6. Notasked, unit nonresponse (no post-election
-7. Deleted due to partial (post-election) interview
-8. Don't know
-9. Refused
"
cses_exphlth,CSES: Publicexpenditure Health,"1. Much more than now
2. Somewhatmore than now
3. The sameas now
4. Somewhat less thannow
5. Muchless than now
","-6. Notasked, unit nonresponse (no post-election
-7. Deleted due to partial (post-election) interview
-8. Don't know
-9. Refused
"
cses_expeduc,CSES: Publicexpenditure: eduction,"1. Much more than now
2. Somewhatmore than now
3. The sameas now
4. Somewhat less thannow
5. Muchless than now
","-6. Notasked, unit nonresponse (no post-election
-7. Deleted due to partial (post-election) interview
-8. Don't know
-9. Refused
"
cses_expunemp,CSES: Publicexpenditure: unemployment benefits,"1. Much more than now
2. Somewhatmore than now
3. The sameas now
4. Somewhat less thannow
5. Muchless than now
","-6. Notasked, unit nonresponse (no post-election
-7. Deleted due to partial (post-election) interview
-8. Don't know
-9. Refused
"
cses_expdef,CSES: Publicexpenditure: defense,"1. Much more than now
2. Somewhatmore than now
3. The sameas now
4. Somewhat less thannow
5. Muchless than now
","-6. Notasked, unit nonresponse (no post-election
-7. Deleted due to partial (post-election) interview
-8. Don't know
-9. Refused
"
cses_expss,CSES: Publicexpenditure: pensions,"1. Much more than now
2. Somewhatmore than now
3. The sameas now
4. Somewhat less thannow
5. Muchless than now
","-6. Notasked, unit nonresponse (no post-election
-7. Deleted due to partial (post-election) interview
-8. Don't know
-9. Refused
"
cses_expbusind,CSES: Publicexpenditure: business and industry,"1. Much more than now
2. Somewhatmore than now
3. The sameas now
4. Somewhat less thannow
5. Muchless than now
","-6. Notasked, unit nonresponse (no post-election
-7. Deleted due to partial (post-election) interview
-8. Don't know
-9. Refused
"
cses_exppolc,CSES: Publicexpenditure: police and lawenforcement,"1. Much more than now
2. Somewhatmore than now
3. The sameas now
4. Somewhat less thannow
5. Muchless than now
","-6. Notasked, unit nonresponse (no post-election
-7. Deleted due to partial (post-election) interview
-8. Don't know
-9. Refused
"
cses_expwelf,CSES: Publicexpenditure: welfare benefits,"1. Much more than now
2. Somewhatmore than now
3. The sameas now
4. Somewhat less thannow
5. Muchless than now
","-6. Notasked, unit nonresponse (no post-election
-7. Deleted due to partial (post-election) interview
-8. Don't know
-9. Refused
"
cses_impstdliv,CSES: CSES:Improving standard of living,"1. Verylikely
2. Somewhat likely
4. Somewhat unlikely
5. Veryunlikely
1. Verylikely
2. Somewhat likely
4. Somewhat unlikely
5. Veryunlikely
","-6. Notasked, unit nonresponse (no post-election
-7. Deleted due to partial (post-election)interview
-8. Don't know
-9. Refused
-6. Not asked, unit
-7. Deleted due to partial
-8. Don't know
-9. Refused
"
cses_econ,CSES: Stateof economy,"1. Gotten better
2. Stayed the same
3. Gotten worse
1. Gottenbetter
2. Stayed the same
3. Gotten worse
","-6. Notasked, unit nonresponse (no post-election
-7. Deleted due to partial (post-election) interview
-8. Don't know
-9. Refused
-6. Not asked, unit
-7. Deleted due to partial
-8. Don't know
-9. Refused
"
cses_econb,CSES: Stateof economy better,"1. Muchbetter
2. Somewhat better
1. Much better
2. Somewhat better
","-1. Inapplicable
-6. Notasked, unit nonresponse (no post-election
-7. Deleteddue to partial (post-election) interview
-9. Refused
-1. Inapplicable
-6. Not asked, unit
-7. Deleted due to partial
-9. Refused
"
cses_econw,CSES: Stateof economy worse,"1. Much worse
2. Somewhat worse
1. Much worse
2. Somewhat worse
","-1. Inapplicable
-6. Notasked, unit nonresponse (no post-election
-7. Deleteddue to partial (post-election) interview
-1. Inapplicable
-6. Not asked, unit
-7. Deleted due to partial
"
cses_govtact,CSES: Govtaction income inequality,"1. Agree strongly
2. Agree somewhat
3. Neither agree nor disagree
4. Disagree somewhat
5. Disagree strongly
","-6. Notasked, unit nonresponse (no post-election
-7. Deleted due to partial (post-election) interview
-8. Don't know
-9. Refused
"
cses_diffpower,CSES: 5ptscale: make a differencewho is in power,,
cses_diffvote,CSES: 5ptscale: make a differencewho one votes for,,
cses_dptylike,CSES: 10ptscale: like-dislike Democratic Party,,
cses_rptylike,CSES: 10ptscale: like-dislike Republican Party,,
cses_rpclike,CSES: 10ptscale: like-dislike Republican Prescand,,
cses_dpclike,CSES: 10ptscale: like-dislike Democratic Prescand,,
cses_dptyleft,CSES: 10ptscale: left-right Democratic Party,,
cses_rptyleft,CSES: 10ptscale: left-right Republican Party,,
cses_selfleft,CSES: 10ptscale: left-right self placement,,
cses_satisdem,CSES: Satisfiedwith way democracy works in theU.S,"1. Verysatisfied
2. Fairly satisfied
3. Not verysatisfied
4. Not satisfied at all
1. Verysatisfied
2. Fairly satisfied
3. Not very satisfied
4. Not satisfied atall
","-6. Not asked, unit nonresponse(no post-election
-7. Deleted due topartial (post-election) interview
-8. Don't know
-9. Refused
-6. Not asked, unit
-7. Deleted due to partial
-8. Don't know
-9. Refused
"
cses_closepty,CSES: Closeto any political party,"1. Yes
2. No
1. Yes
2. No
","-6. Not asked, unit nonresponse(no post-election
-7. Deleted due topartial (post-election) interview
-8. Don't know
-9. Refused
-6. Not asked, unit
-7. Deleted due to partial
-8. Don't know
-9. Refused
"
cses_ptymore,CSES: Closerto one party,"1. Yes
2. No
1. Yes
2. No
","-1. Inapplicable
-6. Not asked, unit nonresponse(no post-election
-7. Deleted due topartial (post-election) interview
-8. Don't know
-9. Refused
-1. Inapplicable
-6. Not asked, unit
-7. Deleted due to partial
-8. Don't know
-9. Refused
"
cses_ptyclost,CSES: Partyclosest to,"1. Democratic party
2. Republican party
5. Other (SPECIFY)
","-1. Inapplicable
-6. Notasked, unit nonresponse (no post-election
-7. Deleteddue to partial (post-election) interview
-8. Don't know
-9. Refused
"
cses_ptyclost_oth,POST:RESTRICTED: CSES:Party closest to,,"-3. Restricted access
-6. Notasked, unit nonresponse (no post-election
-7. Deleteddue to partial (post-election) interview
-3. Restricted access
-6. Not asked, unit
-7. Deleted due to partial
"
cses_degclose,CSES: Degreecloseness,"1. Veryclose
2. Somewhat close
3. Not very close
","-1. Inapplicable
-6. Notasked, unit nonresponse (no post-election
-7. Deleted due to partial (post-election)interview
-8. Don't know
-9. Refused
"
cses_contct,CSES: Mobilization: institutional contact,"1. Yes
2. No
1. Yes
2. No
","-6. Notasked, unit nonresponse (no post-election
-7. Deleteddue to partial (post-election) interview
-8. Don't know
-9. Refused
-6. Not asked, unit
-7. Deleted due to partial
-8. Don't know
-9. Refused
"
cses_ftf,CSES: Mobilization: institutional contact - inperson,"1. Yes
2. No
1. Yes
2. No
","-1. Inapplicable
-6. Notasked, unit nonresponse (no post-election
-7. Deleteddue to partial (post-election) interview
-9. Refused
-1. Inapplicable
-6. Not asked, unit
-7. Deleted due to partial
-9. Refused
"
cses_mail,CSES: Mobilization: institutional contact - bymail,"1. Yes
2. No
1. Yes
2. No
","-1. Inapplicable
-6. Notasked, unit nonresponse (no post-election
-7. Deleteddue to partial (post-election) interview
-8. Don't know
-9. Refused
-1. Inapplicable
-6. Not asked, unit
-7. Deleted due to partial
-8. Don't know
-9. Refused
"
cses_phone,CSES: Mobilization: institutional contact - byphone,"1. Yes
2. No
1. Yes
2. No
","-1. Inapplicable
-6. Notasked, unit nonresponse (no post-election
-7. Deleteddue to partial (post-election) interview
-8. Don't know
-9. Refused
-1. Inapplicable
-6. Not asked, unit
-7. Deleted due to partial
-8. Don't know
-9. Refused
"
cses_txtmsg,CSES: Mobilization: institutional contact - textmessaging,"1. Yes
2. No
1. Yes
2. No
","-1. Inapplicable
-6. Notasked, unit nonresponse (no post-election
-7. Deleteddue to partial (post-election) interview
-8. Don't know
-9. Refused
-1. Inapplicable
-6. Not asked, unit
-7. Deleted due to partial
-8. Don't know
-9. Refused
"
cses_email,CSES: Mobilization: institutional contact - email,"1. Yes
2. No
1. Yes
2. No
","-1. Inapplicable
-6. Notasked, unit nonresponse (no post-election
-7. Deleteddue to partial (post-election) interview
-8. Don't know
-9. Refused
-1. Inapplicable
-6. Not asked, unit
-7. Deleted due to partial
-8. Don't know
-9. Refused
"
cses_socnet,CSES: Mobilization: institutional contact - socialnetwork,"1. Yes
2. No
1. Yes
2. No
","-1. Inapplicable
-6. Notasked, unit nonresponse (no post-election
-7. Deleteddue to partial (post-election) interview
-8. Don't know
-9. Refused
-1. Inapplicable
-6. Not asked, unit
-7. Deleted due to partial
-8. Don't know
-9. Refused
"
cses_ptycont_1st,POST:FTF ONLY:CSES: Mobilization: institutional contact mention 1,"1. Candidate- Democratic
2. Candidate -Republican
3. Party - Democratic
4. Party - Republican
5. Other (SPECIFY)
1. Candidate -Democratic
2. Candidate -Republican
3. Party - Democratic
4. Party - Republican
5. Other (SPECIFY)
","-1. Inapplicable
-6. Notasked, unit nonresponse (no post-election
-7. Deleteddue to partial (post-election) interview
-8. Don't know
-9. Refused
-1. Inapplicable
-6. Not asked, unit
-7. Deleted due to partial
-8. Don't know
-9. Refused
"
cses_ptycont_2nd,POST:FTF ONLY:CSES: Mobilization: institutional contact mention 2,"2. Candidate -Republican
3. Party - Democratic
4. Party - Republican
5. Other (SPECIFY)
2. Candidate -Republican
3. Party - Democratic
4. Party - Republican
5. Other (SPECIFY)
","-1. Inapplicable
-6. Notasked, unit nonresponse (no post-election
-7. Deleteddue to partial (post-election) interview
-1. Inapplicable
-6. Not asked, unit
-7. Deleted due to partial
"
cses_ptycont_3rd,POST:FTF ONLY:CSES: Mobilization: institutional contact mention 3,"3. Party - Democratic
4. Party - Republican
5. Other (SPECIFY)
3. Party - Democratic
4. Party - Republican
5. Other (SPECIFY)
","-1. Inapplicable
-6. Notasked, unit nonresponse (no post-election
-7. Deleteddue to partial (post-election) interview
-1. Inapplicable
-6. Not asked, unit
-7. Deleted due to partial
"
cses_ptycont_4th,POST:FTF ONLY:CSES: Mobilization: institutional contact mention 4,"4. Party - Republican
5. Other (SPECIFY)
4. Party - Republican
5. Other (SPECIFY)
","-1. Inapplicable
-6. Notasked, unit nonresponse (no post-election
-7. Deleteddue to partial (post-election) interview
-1. Inapplicable
-6. Not asked, unit
-7. Deleted due to partial
"
cses_ptycont_5th,POST:FTF ONLY:CSES: Mobilization: institutional contact mention 5,"5. Other (SPECIFY)
5. Other (SPECIFY)
","-1. Inapplicable
-6. Notasked, unit nonresponse (no post-election
-7. Deleteddue to partial (post-election) interview
-1. Inapplicable
-6. Not asked, unit
-7. Deleted due to partial
"
cses_ptycont_dc,POST:CSES: Mobilization: institutional contact Democratic candidate,"0. Notmentioned by R
1. Mentioned by R
0. Not mentionedby R
1. Mentioned by R
","-1. Inapplicable
-6. Notasked, unit nonresponse (no post-election
-7. Deleteddue to partial (post-election) interview
-1. Inapplicable
-6. Not asked, unit
-7. Deleted due to partial
"
cses_ptycont_rc,POST:CSES: Mobilization: institutional contact Republican candidate,"0. Notmentioned by R
1. Mentioned by R
0. Not mentionedby R
1. Mentioned by R
","-1. Inapplicable
-6. Notasked, unit nonresponse (no post-election
-7. Deleteddue to partial (post-election) interview
-1. Inapplicable
-6. Not asked, unit
-7. Deleted due to partial
"
cses_ptycont_dp,POST:CSES: Mobilization: institutional contact Democratic party,"0. Notmentioned by R
1. Mentioned by R
0. Not mentionedby R
1. Mentioned by R
","-1. Inapplicable
-6. Notasked, unit nonresponse (no post-election
-7. Deleteddue to partial (post-election) interview
-1. Inapplicable
-6. Not asked, unit
-7. Deleted due to partial
"
cses_ptycont_rp,POST:CSES: Mobilization: institutional contact Republican party,"0. Notmentioned by R
1. Mentioned by R
0. Not mentionedby R
1. Mentioned by R
","-1. Inapplicable
-6. Notasked, unit nonresponse (no post-election
-7. Deleteddue to partial (post-election) interview
-1. Inapplicable
-6. Not asked, unit
-7. Deleted due to partial
"
cses_ptycont_othcont,POST:CSES: Mobilization: institutional contact Other,"0. Notmentioned by R
1. Mentioned by R
0. Not mentionedby R
1. Mentioned by R
","-1. Inapplicable
-6. Notasked, unit nonresponse (no post-election
-7. Deleteddue to partial (post-election) interview
-1. Inapplicable
-6. Not asked, unit
-7. Deleted due to partial
"
cses_ptycont_oth,POST:Other Specify-CSES Mobilization: institutional contact,,"-2. Textresponses available in separatefile
-2. Textresponses available in separatefile
"
cses_ptycont_dkrf,POST:FTF ONLY:CSES: Mobilization: institutional contact DK/RF,"0. Notmentioned by R
1. Dk mentioned byR
2. Rf mentioned by R
0. Not mentionedby R
1. Dk mentioned by R
2. Rf mentioned by R
","-1. Inapplicable
-6. Notasked, unit nonresponse (no post-election
-7. Deleteddue to partial (post-election) interview
-1. Inapplicable
-6. Not asked, unit
-7. Deleted due to partial
"
cses_persuade,CSES: Mobilization: personal contact,"1. Yes
2. No
1. Yes
2. No
","-6. Notasked, unit nonresponse (no post-election
-7. Deleteddue to partial (post-election) interview
-8. Don't know
-9. Refused
-6. Not asked, unit
-7. Deleted due to partial
-8. Don't know
-9. Refused
"
cses_persftf,CSES: Mobilization: personal contact - inperson,"1. Yes
2. No
","-1. Inapplicable
-6. Notasked, unit nonresponse (no post-election
-7. Deleteddue to partial (post-election) interview
-8. Don't know
"
cses_persmail,CSES: Mobilization: personal contact - bymail,"1. Yes
2. No
","-1. Inapplicable
-6. Notasked, unit nonresponse (no post-election
-7. Deleteddue to partial (post-election) interview
-8. Don't know
-9. Refused
"
cses_persph,CSES: Mobilization: personal contact - byphone,"1. Yes
2. No
1. Yes
2. No
","-1. Inapplicable
-6. Notasked, unit nonresponse (no post-election
-7. Deleteddue to partial (post-election) interview
-9. Refused
-1. Inapplicable
-6. Not asked, unit
-7. Deleted due to partial
-9. Refused
"
cses_perstxt,CSES: Mobilization: personal contact - textmessage,"1. Yes
2. No
1. Yes
2. No
","-1. Inapplicable
-6. Notasked, unit nonresponse (no post-election
-7. Deleteddue to partial (post-election) interview
-9. Refused
-1. Inapplicable
-6. Not asked, unit
-7. Deleted due to partial
-9. Refused
"
cses_perseml,CSES: Mobilization: personal contact - email,"1. Yes
2. No
1. Yes
2. No
","-1. Inapplicable
-6. Notasked, unit nonresponse (no post-election
-7. Deleteddue to partial (post-election) interview
-9. Refused
-1. Inapplicable
-6. Not asked, unit
-7. Deleted due to partial
-9. Refused
"
cses_persweb,CSES: Mobilization: personal contact - socialnetwork,"1. Yes
2. No
1. Yes
2. No
","-1. Inapplicable
-6. Notasked, unit nonresponse (no post-election
-7. Deleteddue to partial (post-election) interview
-9. Refused
-1. Inapplicable
-6. Not asked, unit
-7. Deleted due to partial
-9. Refused
"
cses_mobph,CSES: Mobilization: sign up online informationor alerts,"1. Yes
2. No
1. Yes
2. No
","-6. Notasked, unit nonresponse (no post-election
-7. Deleteddue to partial (post-election) interview
-8. Don't know
-9. Refused
-6. Not asked, unit
-7. Deleted due to partial
-8. Don't know
-9. Refused
"
cses_poliinfone,CSES: Politicalinformation - Secy Treasury,"1. Hillary clinton
2. Eric holder
3. Leonpanetta
4. Timothygeithner
","-6. Not asked, unitnonresponse (no post-election
-7. Deleted due topartial (post-election) interview
-8. Don'tknow
-9. Refused
"
cses_polinftwo_rate,POST:CSES: Politicalinformation - number used for unemploymentrate,,
cses_polinftwo_date,POST:CSES: Politicalinformation - date used for dateof unempl rate,,
cses_polinftwo,CSES: Politicalinformation - unemployment rate,,"-6. Notasked, unit nonresponse (no post-election
-7. Deleted due to partial (post-election)interview
-8. Don't know
-9. Refused
"
cses_poliinfthree,CSES: Politicalinformation - party 2nd in Houseseats won,"1. Democratic party
2. Republican party
3. Greenparty
4. Libertarian party
","-6. Notasked, unit nonresponse (no post-election
-7. Deleted due to partial (post-election) interview
-8. Don't know
-9. Refused
"
cses_poliinffour,CSES: Politicalinformation - Secy of the U.N.,"1. Kofi annan
2. Kurtwaldheim
3. Ban ki-moon
4. Boutros boutros-ghali
","-6. Not asked, unit nonresponse(no post-election
-7. Deleted due topartial (post-election) interview
-8. Don't know
-9. Refused
"
cses_increduc,CSES: Householdincome in next 12 months,"1. Verylikely
2. Somewhat likely
4. Somewhat unlikely
5. Veryunlikely
1. Verylikely
2. Somewhat likely
4. Somewhat unlikely
5. Veryunlikely
","-6. Notasked, unit nonresponse (no post-election
-7. Deleted due to partial (post-election)interview
-8. Don't know
-9. Refused
-6. Not asked, unit
-7. Deleted due to partial
-8. Don't know
-9. Refused
"
cses_ownresid,CSES: Ownership: residence,"1. Yes
2. No
1. Yes
2. No
","-6. Notasked, unit nonresponse (no post-election
-7. Deleted due to partial (post-election)interview
-8. Don't know
-9. Refused
-6. Not asked, unit
-7. Deleted due to partial
-8. Don't know
-9. Refused
"
cses_ownoth,CSES: Ownership: real estate,"1. Yes
2. No
1. Yes
2. No
","-6. Notasked, unit nonresponse (no post-election
-7. Deleteddue to partial (post-election) interview
-8. Don't know
-9. Refused
-6. Not asked, unit
-7. Deleted due to partial
-8. Don't know
-9. Refused
"
cses_ownstck,CSES: Ownership: stocks or bonds,"1. Yes
2. No
1. Yes
2. No
","-6. Notasked, unit nonresponse (no post-election
-7. Deleteddue to partial (post-election) interview
-8. Don't know
-9. Refused
-6. Not asked, unit
-7. Deleted due to partial
-8. Don't know
-9. Refused
"
cses_ownsavg,CSES: Ownership: savings,"1. Yes
2. No
1. Yes
2. No
","-6. Notasked, unit nonresponse (no post-election
-7. Deleteddue to partial (post-election) interview
-8. Don't know
-9. Refused
-6. Not asked, unit
-7. Deleted due to partial
-8. Don't know
-9. Refused
"
cses_diffjob,CSES: Rfind another job,"1. Veryeasy
2. Somewhat easy
3. Somewhat difficult
4. Verydifficult
","-1. Inapplicable
-6. Notasked, unit nonresponse (no post-election
-7. Deleted due to partial (post-election) interview
-8. Don't know
-9. Refused
"
cses_spdiffjb,CSES: Spouse/partnerfind another job,"1. Veryeasy
2. Somewhat easy
3. Somewhat difficult
4. Verydifficult
","-1. Inapplicable
-6. Notasked, unit nonresponse (no post-election
-7. Deleteddue to partial (post-election) interview
-8. Don't know
-9. Refused
"
dhs_threat,Does federalgovt pose a threat to citizens,"1. Poses a threat
2. Does not pose a threat
1. Posesa threat
2. Doesnot pose a threat
","-6. Notasked, unit nonresponse (no post-election
-7. Deleted due to partial (post-election) interview
-8. Don't know
-9. Refused
-6. Not asked, unit
-7. Deleted due to partial
-8. Don't know
-9. Refused
"
dhs_threatamt,How muchof a threat does federal govtpose to citizens,"1. Extremely threatening
2. Verythreatening
3. Moderately threatening
4. Slightly threatening
","-1. Inapplicable
-6. Not asked, unit nonresponse(no post-election
-7. Deleted due topartial (post-election) interview
-8. Don't know
-9. Refused
"
dhs_appterr,DHS: Approve/disapprgovt effortsto reduce terrorism,"1. Approve
2. Disapprove
3. Neither approve nor disapprove
1. Approve
2. Disapprove
3. Neither approve nor
","-6. Notasked, unit nonresponse (no post-election
-7. Deleteddue to partial (post-election) interview
-8. Don't know
-9. Refused
-6. Not asked, unit
-7. Deleted due to partial
-8. Don't know
-9. Refused
"
dhs_appterrmch,DHS: Howmuch approve effortsto reduce terrorism,"1. Extremely
2. Moderately
3. Slightly
","-1. Inapplicable
-6. Notasked, unit nonresponse (no post-election
-7. Deleted due to partial (post-election)interview
-8. Don't know
-9. Refused
"
dhs_disterrmch,DHS: Howmuch disapprove effortsto reduce terrorism,"1. Extremely
2. Moderately
3. Slightly
1. Extremely
2. Moderately
3. Slightly
","-1. Inapplicable
-6. Notasked, unit nonresponse (no post-election
-7. Deleteddue to partial (post-election) interview
-1. Inapplicable
-6. Not asked, unit
-7. Deleted due to partial
"
dhs_attack,DHS: Likelyterrorist attack killing 100/more in nxtyr,"1. Extremelylikely
2. Verylikely
3. Moderatelylikely
4. Slightly likely
5. Not at alllikely
","-6. Notasked, unit nonresponse (no post-election
-7. Deleted due to partial (post-election)interview
-8. Don't know
-9. Refused
"
dhs_torture,DHS: Favoror oppose torture for suspected terrorists,"1. Favor
2. Oppose
3. Neither favor nor oppose
1. Favor
2. Oppose
3. Neither favor nor oppose
","-6. Notasked, unit nonresponse (no post-election
-7. Deleteddue to partial (post-election) interview
-8. Don't know
-9. Refused
-6. Not asked, unit
-7. Deleted due to partial
-8. Don't know
-9. Refused
"
dhs_torturefav,DHS: Howmuch favor torture for suspected terrorists,"1. A great deal
2. Moderately
3. A little
1. A great deal
2. Moderately
3. A little
","-1. Inapplicable
-6. Notasked, unit nonresponse (no post-election
-7. Deleteddue to partial (post-election) interview
-9. Refused
-1. Inapplicable
-6. Not asked, unit
-7. Deleted due to partial
-9. Refused
"
dhs_tortureopp,DHS: Howmuch oppose torture for suspected terrorists,"1. Agreat deal
2. Moderately
3. Alittle
","-1. Inapplicable
-6. Not asked, unitnonresponse (no post-election
-7. Deleted due topartial (post-election) interview
-8. Don'tknow
-9. Refused
"
pohisp_hispnews,HISPANIC:news in English or Spanish,"1. Englishmore
2. Spanish more
3. Bothequally (bilingual) (VOL)
5. Other (SPECIFY)
","-1. Inapplicable
-6. Notasked, unit nonresponse (no post-election
-7. Deleteddue to partial (post-election) interview
-8. Don't know
-9. Refused
"
pohisp_hispnews_oth,POST:HISPANIC:Other specify- news in English orSpanish,,"-2. Textresponses available in separatefile
-2. Textresponses available in separatefile
"
pohisp_uselang,HISPANIC:how much R uses English orSpanish,"1. English andlittle or no Spanish
2. MostlyEnglish but Spanish at least someof the
3. Both English and Spanishabout equally
4. MostlySpanish but English at least someof the
5. Spanish andlittle or no English
","-1. Inapplicable
-6. Notasked, unit nonresponse (no post-election
-7. Deleteddue to partial (post-election) interview
"
pohisp_renglish,HISPANICand not English-only: converse well in English,"1. Verywell
2. Pretty well
3. Just a little
4. Not at all
","-1. Inapplicable
-6. Notasked, unit nonresponse (no post-election
-7. Deleteddue to partial (post-election) interview
-8. Don't know
"
pohisp_renglish_oth,POST:HISPANIC:Oth spec- how well speak inEnglish (not English only),,"-2. Textresponses available in separatefile
-2. Textresponses available in separatefile
"
pohisp_rspanish,HISPANICand not Spanish-only: converse well in Spanish,"1. Verywell
2. Pretty well
3. Just a little
4. Not at all
","-1. Inapplicable
-6. Notasked, unit nonresponse (no post-election
-7. Deleteddue to partial (post-election) interview
"
pohisp_rspanish_oth,POST:HISPANIC:Othspec-howwellspeakinSpanish(notSpanishonly),,"-2. Textresponses available in separatefile
-2. Textresponses available in separatefile
"
pohisp_keepspan,HISPANIC:how important to speak Spanish,"1. Veryimportant
2. Somewhat important
3. Not very important
4. Not at all important
","-1. Inapplicable
-6. Notasked, unit nonresponse (no post-election
-7. Deleteddue to partial (post-election) interview
-8. Don't know
"
pohisp_readeng,HISPANIC:how impt to read and writeEnglish in U.S.,"1. Veryimportant
2. Somewhat important
3. Not very important
4. Not at all important
1. Veryimportant
2. Somewhat important
3. Not very important
4. Notat all important
","-1. Inapplicable
-6. Notasked, unit nonresponse (no post-election
-7. Deleteddue to partial (post-election) interview
-1. Inapplicable
-6. Not asked, unit
-7. Deleted due to partial
"
pohisp_speakeng,HISPANIC:how important to speak English inUS,"1. Veryimportant
2. Somewhat important
3. Not very important
4. Not at all important
1. Veryimportant
2. Somewhat important
3. Not very important
4. Notat all important
","-1. Inapplicable
-6. Notasked, unit nonresponse (no post-election
-7. Deleteddue to partial (post-election) interview
-1. Inapplicable
-6. Not asked, unit
-7. Deleted due to partial
"
pohisp_impassim,HISPANIC:how important to blend in,"1. Veryimportant
2. Somewhat important
3. Not at all important
","-1. Inapplicable
-6. Notasked, unit nonresponse (no post-election
-7. Deleteddue to partial (post-election) interview
-8. Don't know
-9. Refused
"
pohisp_impdistinct,HISPANIC:how important to maintain culture,"1. Veryimportant
2. Somewhat important
3. Not at all important
1. Veryimportant
2. Somewhat important
3. Notat all important
","-1. Inapplicable
-6. Notasked, unit nonresponse (no post-election
-7. Deleteddue to partial (post-election) interview
-8. Don't know
-1. Inapplicable
-6. Not asked, unit
-7. Deleted due to partial
-8. Don't know
"
pohisp_cnctcntry,HISPANIC:how often contact with ancestral country,"1. Once a week or more
2. Once a month ormore
3. Onceevery several months
4. Never
","-1. Inapplicable
-6. Notasked, unit nonresponse (no post-election
-7. Deleteddue to partial (post-election) interview
-8. Don't know
-9. Refused
"
pohisp_viscntry,HISPANIC:how often visit ancestral country,"1. More than once a year
2. Oncea year
3. Once in the past three years
4. Once in the past fiveyears
5. Morethan five years ago
6. Never
","-1. Inapplicable
-6. Notasked, unit nonresponse (no post-election
-7. Deleteddue to partial (post-election) interview
-8. Don't know
-9. Refused
"
pohisp_moneycntry,HISPANIC:how often send money ancestral country,"1. More thanonce a month
2. Once amonth
3. Onceevery few months
4. Oncea year
5. Lessthan once a year
6. Never
","-1. Inapplicable
-6. Notasked, unit nonresponse (no post-election
-7. Deleteddue to partial (post-election) interview
-8. Don't know
-9. Refused
"
pohisp_polcntry,HISPANIC:attn to politics in ancestral country,"1. A lot
2. Some
3. Little
4. Noneat all
","-1. Inapplicable
-6. Notasked, unit nonresponse (no post-election
-7. Deleteddue to partial (post-election) interview
-8. Don't know
-9. Refused
"
pohisp_votecntry,HISPANIC:did R ever vote in ancestralcountry,"1. Yes
2. No
","-1. Inapplicable
-4. Error
-6. Notasked, unit nonresponse (no post-election
-7. Deleteddue to partial (post-election) interview
-9. Refused
"
casistartpo_iwrset4,POST:FTF CASIONLY:SETUP TEST-Does R have a dog,"1. Yes
2. No
1. Yes
2. No
","-1. Inapplicable
-4. Error
-6. Notasked, unit nonresponse (no post-election
-7. Deleteddue to partial (post-election) interview
-1. Inapplicable
-4. Error
-6. Not asked, unit
-7. Deleted due to partial
"
casistartpo_iwrset6,POST:FTF CASIONLY:SETUP TEST-What R ate for breakfast,,"-1. Inapplicable
-2. Textresponses available in separate file
-6. Notasked, unit nonresponse (no post-election
-7. Deleteddue to partial (post-election) interview
-1. Inapplicable
-2. Textresponsesavailable
-6. Not asked, unit
-7. Deleted due to partial
"
ftcasi_asian,CASI Feelingthermometer: ASIAN-AMERICANS,,
ftcasi_hisp,CASI Feelingthermometer: HISPANICS,,
ftcasi_black,CASI Feelingthermometer: BLACKS,,
ftcasi_illegal,CASI Feelingthermometer: ILLEGAL IMMIGRANTS,,
ftcasi_white,CASI Feelingthermometer: WHITES,,
racecasi_infwhite,CASI Howmuch influence do whites have inU.S. politics,"1. Toomuch influence
2. Just aboutthe right amount of influence
3. Toolittle influence
1. Toomuchinfluence
2. Just about the right
3. Toolittle influence
","-6. Notasked, unit nonresponse (no post-election
-7. Deleteddue to partial (post-election) interview
-9. Refused
-6. Not asked, unit
-7. Deleted due to partial
-9. Refused
"
racecasi_infblacks,CASI Howmuch influence do blacks have inU.S. politics,"1. Toomuch influence
2. Justaboutthe right amount of influence
3. Toolittle influence
1. Toomuchinfluence
2. Just about the right
3. Toolittle influence
","-6. Notasked, unit nonresponse (no post-election
-7. Deleted due to partial (post-election)interview
-9. Refused
-6. Not asked, unit
-7. Deleted due to partial
-9. Refused
"
racecasi_infhisp,CASI Howmuch influence do Hisp have inU.S. politics,"1. Toomuch influence
2. Justaboutthe right amount of influence
3. Toolittle influence
1. Toomuchinfluence
2. Just about the right
3. Toolittle influence
","-6. Notasked, unit nonresponse (no post-election
-7. Deleted due to partial (post-election)interview
-9. Refused
-6. Not asked, unit
-7. Deleted due to partial
-9. Refused
"
racecasi_sympblacks,CASI Howoften has felt sympathy for blacks,"1. Always
2. Most of the time
3. About half the time
4. Someof the time
5. Never
","-6. Notasked, unit nonresponse (no post-election
-7. Deleted due to partial (post-election)interview
-9. Refused
"
racecasi_admblacks,CASI Howoften has felt admiration for blacks,"1. Always
2. Most of the time
3. About half the time
4. Someof the time
5. Never
","-6. Notasked, unit nonresponse (no post-election
-7. Deleted due to partial (post-election)interview
-9. Refused
"
ident_hispid,CASI Howimportant is being Hispanic to identity,"1. Extremely important
2. Veryimportant
3. Moderately important
4. A littleimportant
5. Not at all important
","-1. Inapplicable
-6. Notasked, unit nonresponse (no post-election
-7. Deleteddue to partial (post-election) interview
"
ident_whiteid,CASI Howimportant is being White to identity,"1. Extremelyimportant
2. Veryimportant
3. Moderatelyimportant
4. A little important
5. Not at all important
","-1. Inapplicable
-2. Missing; R gave Whiteidentification in text of
-6. Not asked, unit nonresponse (nopost-election
-7. Deleted due to partial(post-election) interview
-9. Refused
"
ident_blackid,CASI Howimportant is being Black to identity,"1. Extremely important
2. Veryimportant
3. Moderately important
4. A littleimportant
5. Not at all important
","-1. Inapplicable
-2. Missing; R gave Black identification intext of
-6. Notasked, unit nonresponse (no post-election
-7. Deleteddue to partial (post-election) interview
-9. Refused
"
ident_nativeid,CASI Howimportant is being Native Am toidentity,"1. Extremely important
2. Veryimportant
3. Moderately important
4. A littleimportant
5. Not at all important
","-1. Inapplicable
-2. Missing; R gave NativeAmerican/Alaskan
-6. Notasked, unit nonresponse (no post-election
-7. Deleteddue to partial (post-election) interview
"
ident_asianid,CASI Howimportant is being Asian to identity,"1. Extremely important
2. Veryimportant
3. Moderately important
4. A littleimportant
5. Not at all important
","-1. Inapplicable
-6. Notasked, unit nonresponse (no post-election
-7. Deleteddue to partial (post-election) interview
"
ident_pacifid,CASI Howimportant is being Pacific Islander toidentity,"1. Extremely important
2. Veryimportant
3. Moderately important
4. A littleimportant
5. Not at all important
","-1. Inapplicable
-6. Notasked, unit nonresponse (no post-election
-7. Deleteddue to partial (post-election) interview
"
ident_otherid,CASI Howimportant is being Other to identity,"1. Extremely important
2. Veryimportant
3. Moderately important
4. A littleimportant
5. Not at all important
","-1. Inapplicable
-2. Missing; Rrepeated existing race mention in
-6. Notasked, unit nonresponse (no post-election
-7. Deleteddue to partial (post-election) interview
-9. Refused
"
ident_religid_preload,POST:CASI/WEB:Preloadreligiousgroupforimportanceofreligiousiden-,"1. Agnostic
2. Atheist
3. Buddhist
4. Christian
5. Hindu
6. Jewish
7. Muslim
8. Notreligions
","-1. Inap, religion group notdeterminable at preload
-2. Missing
-6. Notasked, unit nonresponse (no post-election
-7. Deleteddue to partial (post-election) interview
"
ident_religid,CASI Howimportant is religious identification to identity,,
ident_amerid,CASI Howimportant is being American to identity,"1. Extremely important
2. Veryimportant
3. Moderately important
4. A littleimportant
5. Not at all important
","-6. Notasked, unit nonresponse (no post-election
-7. Deleteddue to partial (post-election) interview
-9. Refused
"
ineqinc_ineqgb,CASI Isincreased income inequality in U.S. good,"1. Good
2. Bad
3. Neither good nor bad
","-6. Notasked, unit nonresponse (no post-election
-7. Deleted due to partial (post-election)interview
-9. Refused
"
ineqinc_ineqreduc,CASI DoesR favor-oppose govt reducing income ineqality,"1. Favor
2. Oppose
3. Neither favor noroppose
1. Favor
2. Oppose
3. Neither favor nor oppose
","-6. Notasked, unit nonresponse (no post-election
-7. Deleted due to partial (post-election)interview
-9. Refused
-6. Not asked, unit
-7. Deleted due to partial
-9. Refused
"
stype_hwkwhite,CASI stereotype: Whites hardworking,,
stype_hwkblack,CASI Stereotype: Blacks hardworking,,
stype_hwkhisp,CASI Stereotype: Hispanics hardworking,,
stype_hwkasian,CASI Stereotype: Asians hardworking,,
stype_intwhite,CASI Stereotype: Whites intelligent,,
stype_intblack,CASI Stereotype: Blacks intelligent,,
stype_inthisp,CASI Stereotype: Hispanics intelligent,,
stype_intasian,CASI Stereotype: Asians intelligent,,
tipi_extra,"CASI TIPIextraverted, enthusiastic","1. Extremely poorly
2. Somewhat poorly
3. Alittle poorly
4. Neither poorly nor well
5. Alittle well
6. Somewhat well
7. Extremely well
","-6. Not asked, unit nonresponse (nopost-election
-7. Deleted due to partial(post-election) interview
-9. Refused
"
tipi_crit,"CASI TIPIcritical, quarrelsome","1. Extremely poorly
2. Somewhat poorly
3. Alittle poorly
4. Neither poorly nor well
5. Alittle well
6. Somewhat well
7. Extremely well
","-6. Not asked, unit nonresponse (nopost-election
-7. Deleted due to partial(post-election) interview
-9. Refused
"
tipi_dep,"CASI TIPIdependable, self-disciplined","1. Extremely poorly
2. Somewhat poorly
3. A littlepoorly
4. Neither poorlynor well
5. A littlewell
6. Somewhat well
7. Extremely well
","-6. Notasked, unit nonresponse (no post-election
-7. Deleted due to partial (post-election) interview
-9. Refused
"
tipi_anx,"CASI TIPIanxious, easily upset","1. Extremely poorly
2. Somewhat poorly
3. Alittle poorly
4. Neither poorly nor well
5. Alittle well
6. Somewhat well
7. Extremely well
","-6. Not asked, unit nonresponse (nopost-election
-7. Deleted due to partial(post-election) interview
-9. Refused
"
tipi_open,CASI TIPIopen to new experiences,"1. Extremely poorly
2. Somewhat poorly
3. Alittle poorly
4. Neither poorly nor well
5. Alittle well
6. Somewhat well
7. Extremely well
","-6. Not asked, unit nonresponse (nopost-election
-7. Deleted due to partial(post-election) interview
-9. Refused
"
tipi_resv,"CASI TIPIreserved, quiet","1. Extremely poorly
2. Somewhat poorly
3. Alittle poorly
4. Neither poorly nor well
5. Alittle well
6. Somewhat well
7. Extremely well
","-6. Not asked, unit nonresponse (nopost-election
-7. Deleted due to partial(post-election) interview
-9. Refused
"
tipi_warm,"CASI TIPIsympathetic, warm","1. Extremely poorly
2. Somewhat poorly
3. A littlepoorly
4. Neither poorlynor well
5. A littlewell
6. Somewhat well
7. Extremely well
","-6. Notasked, unit nonresponse (no post-election
-7. Deleted due to partial (post-election) interview
-9. Refused
"
tipi_disorg,"CASI TIPIdisorganized, careless","1. Extremely poorly
2. Somewhat poorly
3. A littlepoorly
4. Neitherpoorly nor well
5. A littlewell
6. Somewhat well
7. Extremely well
","-6. Not asked, unit nonresponse (no post-election
-7. Deleted due to partial (post-election)interview
-9. Refused
"
tipi_calm,"CASI TIPIcalm, emotionally stable","1. Extremely poorly
2. Somewhat poorly
3. A littlepoorly
4. Neither poorlynor well
5. A littlewell
6. Somewhat well
7. Extremely well
","-6. Notasked, unit nonresponse (no post-election
-7. Deleted due to partial (post-election) interview
-9. Refused
"
tipi_conv,"CASI TIPIconventional, uncreative","1. Extremely poorly
2. Somewhat poorly
3. Alittle poorly
4. Neither poorly nor well
5. Alittle well
6. Somewhat well
7. Extremely well
","-6. Not asked, unit nonresponse (nopost-election
-7. Deleted due to partial(post-election) interview
-9. Refused
"
incpo_totinc,CASI Totalincomeamount,,
incpo_totmiss40,CASI Incomeamt missing - ge or lt40K,"2. Lessthan
","-1. Inapplicable
-6. Notasked, unit nonresponse (no post-election
-7. Deleteddue to partial (post-election) interview
-9. Refused
"
incpo_totmiss20,CASI Incomeamt missing - ge or lt20K,"2. Lessthan
","-1. Inapplicable
-6. Notasked, unit nonresponse (no post-election
-7. Deleteddue to partial (post-election) interview
-9. Refused
"
incpo_totl20,CASI Incomeamt missing - categories lt 20K,"1. Under
","-1. Inapplicable
-6. Notasked, unit nonresponse (no post-election
-7. Deleteddue to partial (post-election) interview
-9. Refused
"
incpo_totg20l40,CASI Incomeamt missing - categories 20-40K,,"-1. Inapplicable
-6. Notasked, unit nonresponse (no post-election
-7. Deleteddue to partial (post-election) interview
-9. Refused
"
incpo_totmiss70,CASI Incomeamt missing - ge or lt70K,"2. Lessthan
","-1. Inapplicable
-6. Notasked, unit nonresponse (no post-election
-7. Deleteddue to partial (post-election) interview
-9. Refused
"
incpo_totg40l70,CASI Incomeamt missing - categories 40-70K,,"-1. Inapplicable
-6. Notasked, unit nonresponse (no post-election
-7. Deleteddue to partial (post-election) interview
-9. Refused
"
incpo_totmiss100,CASI Incomeamt missing - ge or lt100K,"2. Less than
","-1. Inapplicable
-6. Notasked, unit nonresponse (no post-election
-7. Deleteddue to partial (post-election) interview
-9. Refused
"
incpo_totg70l100,CASI Incomeamt missing - categories 70-100K,,"-1. Inapplicable
-6. Notasked, unit nonresponse (no post-election
-7. Deleteddue to partial (post-election) interview
-9. Refused
"
incpo_totg100,CASI Incomeamt missing - categories 100+K,,"-1. Inapplicable
-6. Notasked, unit nonresponse (no post-election
-7. Deleteddue to partial (post-election) interview
-9. Refused
"
incgroup_prepost_x,CASI/WEB: PREPOSTSUMMARY-Family income,"01. Under
",
discrim_blacks,CASI Discriminationin the U.S. against Blacks,"1. A great deal
2. A lot
3. A moderateamount
4. A little
5. None at all
","-6. Notasked, unit nonresponse (no post-election
-7. Deleted due to partial (post-election) interview
-9. Refused
"
discrim_hispanics,CASI Discriminationin the U.S. against Hispanics,"1. A great deal
2. A lot
3. A moderateamount
4. A little
5. None at all
","-6. Notasked, unit nonresponse (no post-election
-7. Deleted due to partial (post-election) interview
-9. Refused
"
discrim_whites,CASI Discriminationin the U.S. against Whites,"1. A great deal
2. A lot
3. A moderateamount
4. A little
5. None at all
","-6. Notasked, unit nonresponse (no post-election
-7. Deleted due to partial (post-election) interview
-9. Refused
"
discrim_gays,CASI Discriminationin the U.S. against Gays andLesbians,"1. A great deal
2. A lot
3. A moderateamount
4. A little
5. None at all
","-6. Notasked, unit nonresponse (no post-election
-7. Deleted due to partial (post-election) interview
-9. Refused
"
discrim_women,CASI Discriminationin the U.S. against Women,"1. A great deal
2. A lot
3. A moderateamount
4. A little
5. None at all
","-6. Notasked, unit nonresponse (no post-election
-7. Deleted due to partial (post-election) interview
-9. Refused
"
discrim_self,CASI Howmuch discrimination has R faced personal,"1. A great deal
2. A lot
3. A moderateamount
4. A little
5. None at all
","-6. Notasked, unit nonresponse (no post-election
-7. Deleted due to partial (post-election) interview
-9. Refused
"
rstype_violcath,WEB ONLY:religious stereotype violent -Catholics,"1. Extremely well
2. Verywell
3. Moderatelywell
4. Slightly
5. Not at all
","-1. Inapplicable
-6. Not asked, unit nonresponse(no post-election
-7. Deleted due topartial (post-election) interview
-9. Refused
"
rstype_violprot,WEB ONLY:religious stereotype violent -Protestants,"1. Extremely well
2. Verywell
3. Moderately well
4. Slightly
5. Not at all
","-1. Inapplicable
-6. Notasked, unit nonresponse (no post-election
-7. Deleteddue to partial (post-election) interview
-9. Refused
"
rstype_violmusl,WEB ONLY:religious stereotype violent -Muslims,"1. Extremely well
2. Verywell
3. Moderately well
4. Slightly
5. Not at all
","-1. Inapplicable
-6. Notasked, unit nonresponse (no post-election
-7. Deleteddue to partial (post-election) interview
-9. Refused
"
rstype_violmorm,WEB ONLY:religious stereotype violent -Mormons,"1. Extremely well
2. Verywell
3. Moderately well
4. Slightly
5. Not at all
","-1. Inapplicable
-6. Notasked, unit nonresponse (no post-election
-7. Deleteddue to partial (post-election) interview
-9. Refused
"
rstype_violnonrel,WEB ONLY:religious stereotype violent -nonreligious,"1. Extremely well
2. Verywell
3. Moderately well
4. Slightly
5. Not at all
","-1. Inapplicable
-6. Notasked, unit nonresponse (no post-election
-7. Deleteddue to partial (post-election) interview
-9. Refused
"
rstype_patrcath,WEB ONLY:religious stereotype patriotic -Catholcs,"1. Extremely well
2. Verywell
3. Moderately well
4. Slightly
5. Not at all
","-1. Inapplicable
-6. Notasked, unit nonresponse (no post-election
-7. Deleteddue to partial (post-election) interview
-9. Refused
"
rstype_patrmusl,WEB ONLY:religious stereotype patriotic -Muslims,"1. Extremely well
2. Verywell
3. Moderately well
4. Slightly
5. Not at all
","-1. Inapplicable
-6. Notasked, unit nonresponse (no post-election
-7. Deleteddue to partial (post-election) interview
-9. Refused
"
rstype_patrmorm,WEB ONLY:religious stereotype patriotic -Mormons,"1. Extremely well
2. Verywell
3. Moderately well
4. Slightly
5. Not at all
","-1. Inapplicable
-6. Notasked, unit nonresponse (no post-election
-7. Deleteddue to partial (post-election) interview
-9. Refused
"
rstype_patrprot,WEB ONLY:religious stereotype patriotic -Protestants,"1. Extremely well
2. Verywell
3. Moderately well
4. Slightly
5. Not at all
","-1. Inapplicable
-6. Notasked, unit nonresponse (no post-election
-7. Deleteddue to partial (post-election) interview
-9. Refused
"
rstype_patrnonrel,WEB ONLY:religious stereotype patriotic -non-religio,"1. Extremely well
2. Verywell
3. Moderately well
4. Slightly
5. Not at all
","-1. Inapplicable
-6. Notasked, unit nonresponse (no post-election
-7. Deleteddue to partial (post-election) interview
-9. Refused
"
sample_state,Sample- stateof Respondent address (2-char Postal abbrev),,
sample_stfips,Sample- stateFIPS code,,
sample_region,Sample- Censusregion,"1. Northeast
2. North central
3. South
4. West
1. Northeast
2. Northcentral
3. South
4. West
",
sample_district,Sample-U.S.CongrdistrictofRespondentaddress(113thU.S.Congress),,
sample_district_prev,Sample - previous U.S. Congr district of Respondent address (112th U.S.,,
sample_countyfips,RESTRICTED: Sample-county FIPS code,,"-3. Restricted access
-3. Restricted access
"
sample_countyname,RESTRICTED: Sample-county name,,"-3. Restricted access
-3. Restricted access
"
sample_ftf_replicate,FTF ONLY:Sample- sample replicate,,
sample_ftf_releasedate,FTF ONLY:Sample- sample release date,,
sample_ftf_chumflag,FTF ONLY:Sample- CHUM flag (CHUMprocedure),"1. Notchum
2. Chum
1. Notchum
2. Chum
","-1. Inapplicable
-1. Inapplicable
"
sample_tract,FTF ONLY:RESTRICTED: Sample- Census tract,,"-3. Restricted access
-1. Inapplicable
-3. Restricted access
"
sample_ftf_timezone,FTF ONLY:Sample- time zone,"1. Eastern
2. Central
3. Mountain
4. Pacific
1. Eastern
2. Central
3. Mountain
4. Pacific
","-1. Inapplicable
-1. Inapplicable
"
sample_web_statusmsa,WEB ONLY:Sample- MSA status,"0. Non-metro
1. Metro
0. Non-metro
1. Metro
","-1. Inapplicable
-1. Inapplicable
"
sample_web_cbsa,WEB ONLY:RESTRICTED: Sample- CBSA,,"-1. Inapplicable
-3. Restricted access
-1. Inapplicable
-3. Restricted access
"
sample_web_mktarea,WEB ONLY:RESTRICTED: Sample- designated MarketArea,,"-1. Inapplicable
-3. Restricted access
-1. Inapplicable
-3. Restricted access
"
sample_ftf_zip,FTF ONLY:RESTRICTED: Sample - zipcode,,"-1. Inapplicable
-3. Restricted access
-1. Inapplicable
-3. Restricted access
"
admin_pre_ftf_iwdatebeg,Pre admin-Beginning date of FTF IW (YYYYMMDD),,
admin_pre_web1_iwdatebeg,WebPre admin- Beginning date of WebPre PART1 (YYYYMMDD),,
admin_pre_web2_iwdatebeg,WebPre admin- Beginning date of WebPre PART2 (YYYYMMDD),,
admin_pre_ftf_iwbegtime,Pre admin-Beginning time of FTF IW (HHMMSS),,
admin_pre_web1_iwbegtime,WebPre admin- Beginning time of WebPre PART1 (HHMMSS),,
admin_pre_web2_iwbegtime,WebPre admin- Beginning time of WebPre PART2 (HHMMSS),,
admin_pre_iwlength,Pre admin- Length of pre-election interviewing,,
admin_pre_web1length,Pre admin- Length of 1st 1/2 pre-electionWebsurvey,,
admin_pre_web2length,Pre admin- Length of 2nd 1/2 pre-electionWebsurvey,,
admin_pre_ftf_iwdatefin,Pre admin-Ending date of FTF Pre IW(YYYYMMDD),,
admin_pre_web1_iwdatefin,Pre admin-Ending date of WebPre PART1 (YYYYMMDD),,
admin_pre_web2_iwdatefin,Pre admin-Ending date of WebPre PART2 (YYYYMMDD),,
admin_pre_ftf_iwfintime,Pre admin-Ending time of FTF IW (HHMMSS),,
admin_pre_web1_iwfintime,Pre admin-Ending time of WebPre PART1 (HHMMSS),,
admin_pre_web2_iwfintime,Pre admin-Ending time of WebPre PART2 (HHMMSS),,
admin_pre_iwrecorded,FTF ONLY:Pre admin- R consentto recording Pre-election IW,"1. Yes
2. No
1. Yes
2. No
","-1. Inapplicable
-1. Inapplicable
"
admin_pre_lang_start,Pre admin- language of Pre-election IW:startinglanguage,"1. English
2. Spanish
1. English
2. Spanish
","-2. Missing
-2. Missing
"
admin_pre_ltr_notif,FTF ONLY:Pre admin- Letter: was R sent Pre-electionnotification letter,"1. Letter Sent
1. Letter Sent
","-1. Inapplicable
-1. Inapplicable
"
admin_pre_ltr_notifdate,FTF ONLY: Pre admin- Letter: date of Pre-election notification letter,,
admin_pre_ltr_refcon1,FTF ONLY: Pre admin- Letter: was R sent Pre-election refusal conversion,"1. Letter Sent
2. No record ofletter sent
1. Letter Sent
2. No record ofletter sent
","-1. Inapplicable
-1. Inapplicable
"
admin_pre_ltr_refcon1date,FTF ONLY: Pre admin- Letter: date of Pre-election ref-conversion letter 1,,
admin_pre_ltr_refcon2,FTF ONLY: Pre admin- Letter: was R sent Pre-election refusal conversion,"1. Letter Sent
2. No record ofletter sent
1. Letter Sent
2. No record ofletter sent
","-1. Inapplicable
-1. Inapplicable
"
admin_pre_ltr_refcon2date,FTF ONLY: Pre admin- Letter: date of Pre-election ref-conversion letter 2,,
admin_pre_ltr_lockedbldg,FTFONLY:Preadmin-Letter: wasRsentPre-electionlockedbuildingletter,"1. Letter Sent
2. No record ofletter sent
1. Letter Sent
2. No record ofletter sent
","-1. Inapplicable
-1. Inapplicable
"
admin_pre_ltr_lockedbldgdate,FTF ONLY: Pre admin- Letter: date of Pre-election locked bldg let-,,
admin_pre_ltr_nocont,FTF ONLY:Pre admin- Letter: was R sent Pre-electionno-contact letter,"1. Letter Sent
2. No record ofletter sent
1. Letter Sent
2. No record ofletter sent
","-1. Inapplicable
-1. Inapplicable
"
admin_pre_ltr_nocontdate,FTF ONLY: Pre admin- Letter: date of Pre-election no-contact letter,,
admin_post_ftf_iwdatebeg,Post admin-Beginning date of FTF IW (YYYYMMDD),,
admin_post_web1_iwdatebeg,WebPost admin- Beginning date of WebPost PART1 (YYYYMMDD),,
admin_post_web2_iwdatebeg,WebPost admin- Beginning date of WebPost PART2 (YYYYMMDD),,
admin_post_ftf_iwbegtime,Post admin-Beginning time of FTF IW (HHMMSS),,
admin_post_web1_iwbegtime,WebPost admin- Beginning time of WebPost PART1 (HHMMSS),,
admin_post_web2_iwbegtime,WebPost admin- Beginning time of WebPost PART2 (HHMMSS),,
admin_post_iwlength,Post admin- Length of post-election interviewing,,
admin_post_web1length,Post admin- Length of 1st 1/2 post-electionWebsurvey,,
admin_post_web2length,Post admin- Length of 2nd 1/2 post-electionWebsurvey,,
admin_post_ftf_iwdatefin,Post admin-Ending date of FTF Post IW(YYYYMMDD),,
admin_post_web1_iwdatefin,Post admin-Ending date of WebPost PART1 (YYYYMMDD),,
admin_post_web2_iwdatefin,Post admin-Ending date of WebPost PART2 (YYYYMMDD),,
admin_post_ftf_iwfintime,Post admin-Ending time of FTF IW (HHMMSS),,
admin_post_web1_iwfintime,Post admin-Ending time of WebPost PART1 (HHMMSS),,
admin_post_web2_iwfintime,Post admin-Ending time of WebPost PART2 (HHMMSS),,
admin_post_iwrecorded,FTF ONLY:Post admin- R consentto recording Post-election IW,"1. Yes
2. No
1. Yes
2. No
","-1. Inapplicable
-6. Unitnonresponse (no post-election interview)
-7. Deleteddue to partial (post-election) interview
-1. Inapplicable
-6. Unit nonresponse (no
-7. Deleted due to partial
"
admin_post_lang_start,Post admin- language of Post-election IW:startinglanguage,"1. English
2. Spanish
1. English
2. Spanish
","-2. Missing
-6. Unitnonresponse (no post-election interview)
-7. Deleteddue to partial (post-election) interview
-2. Missing
-6. Unit nonresponse (no
-7. Deleted due to partial
"
admin_post_ltr_notif,FTF ONLY:Post admin- Letter: was R sent Post-electionnotification letter,"1. Letter Sent
1. Letter Sent
","-1. Inapplicable
-1. Inapplicable
"
admin_post_ltr_notifdate,FTF ONLY: Post admin- Letter: date of Post-election notification letter,,
admin_post_ltr_refcon,FTFONLY:Postadmin-Letter: wasRsentPost-electionrefusalconversion,"1. Letter Sent
2. No record ofletter sent
1. Letter Sent
2. No record ofletter sent
","-1. Inapplicable
-1. Inapplicable
"
admin_post_ltr_refcondate,FTF ONLY: Post admin- Letter: date of Post-election ref-conversion letter,,
admin_post_ltr_nocont1,FTFONLY:Postadmin-Letter: wasRsentPost-electionno-contactletter1,"1. Letter Sent
2. No record ofletter sent
1. Letter Sent
2. No record ofletter sent
","-1. Inapplicable
-1. Inapplicable
"
admin_post_ltr_nocont1date,FTF ONLY: Post admin- Letter: date of Post-election no-contact letter 1,,
admin_post_ltr_nocontfin,FTF ONLY: Post admin- Letter: was R sent Post-election final no-contact,"1. Letter Sent
2. No record ofletter sent
1. Letter Sent
2. No record ofletter sent
","-1. Inapplicable
-1. Inapplicable
"
admin_post_ltr_nocontfindate,FTF ONLY: Post admin- Letter: date of Post-election final no-contact letter,,
hhlist_completed,FTF ONLY:was household listing completed,"0. Not completed
1. Completed
0. Not completed
1. Completed
","-1. Inapplicable
-1. Inapplicable
"
hhlist_attempts,FTF ONLY:HH listing- how manyscreener (HH listing) attempts,,
hhlist_datecompl,FTF ONLY:HH listing- screener completiondate (YYYYMMDD),,
hhlist_r_number,FTFONLY:HHlisting-personnumberinHHlistingselectedasRespondent,"1. Listed person
2. Listed person
3. Listed person
4. Listed person
5. Listed person
1. Listed person
2. Listed person
3. Listed person
4. Listed person
5. Listed person
","-1. Inapplicable
-1. Inapplicable
"
hhlist_r_agegrp,FTF ONLY:HH listing- selected Respondent-age listed in screener,"1. Age group
2. Age group
3. Age group
4. Age group
5. Age group
6. Age group
7. Age group
8. Age group
9. Age group
10. Age group
11. Age group
12. Age group
13. Age group
","-1. Inapplicable
-8. Don't know
-9. Refused
"
hhlist_r_age,FTF ONLY:HH listing- selected Respondent-age listed in screener,,
hhlist_r_hisp,"FTFONLY:HHlisting-selectedRespondent-listedasSpanish,Hispanicor","1. Yes
2. No
1. Yes
2. No
","-1. Inapplicable
-9. Refused
-1. Inapplicable
-9. Refused
"
hhlist_r_obshisp,"FTFONLY:HHlisting-selectedRespondent-notlisted,observclearlyHisp","2. No
2. No
","-1. Inapplicable
-1. Inapplicable
"
hhlist_r_black,FTF ONLY: HH listing- selected Respondent- listed as African-American or,"1. Yes
2. No
1. Yes
2. No
","-1. Inapplicable
-1. Inapplicable
"
hhlist_r_obsblack,"FTF ONLY: HH listing- selected Respondent- not listed, observ clearly","1. Yes
2. No
","-1. Inapplicable
-1. Inapplicable
"
hhlist_listtot,FTF ONLY:HH listing- total personslisted,"1. One person listed
2. Twopersons listed
3. Threepersons listed
4. Four persons listed
5. Fivepersons listed
6. Six persons listed
7. Seven persons listed
1. One person listed
2. Twopersonslisted
3. Three persons listed
4. Fourpersons listed
5. Five personslisted
6. Six persons listed
7. Seven persons listed
","-1. Inapplicable
-1. Inapplicable
"
hhlist_hhtot,FTF ONLY: HH listing- total persons listed who are household members,"1. One person listed as householdmember
2. Twopersons listedas household member
3. Three persons listed ashousehold member
4. Four personslisted as household member
5. Five persons listedas household member
6. Six persons listed as household member
7. Sevenpersonslisted as household member
1. Oneperson listed as household member
2. Twopersons listed ashousehold member
3. Three persons listed as householdmember
4. Four persons listedas household member
5. Five persons listed ashousehold member
6. Sixpersons listed as household member
7. Seven persons listedas household member
","-1. Inapplicable
-1. Inapplicable
"
hhlist_elighhtot,FTF ONLY:HH listing- total personslisted as eligible household members,"1. One person listedas eligible household member
2. Twopersons listed as eligible household
3. Three personslisted as eligible household
4. Four persons listed as eligible household
5. Fivepersons listed as eligible household
6. Sixpersonslistedaseligiblehouseholdmembers
1. One person listed as
2. Twopersons listedas
3. Three persons listed as
4. Four personslisted as
5. Five persons listedas
6. Six persons listed as
","-1. Inapplicable
-1. Inapplicable
"
hhlist_hisphhtot,FTFONLY:HHlisting-totalpersonslistedasHispanicandhouseholdmem-,"0. No person listed asHispanic household member
1. One personlisted as Hispanic household
2. Twopersons listed as Hispanic household
3. Three persons listed as Hispanic household
4. Four persons listed asHispanic household
5. Five persons listed as Hispanichousehold
7. Seven persons listedas Hispanic household
","-1. Inapplicable
"
hhlist_blackhhtot,FTFONLY:HHlisting-totalpersonslistedasBlackandhouseholdmembers,"0. Noperson listed as Black household member
1. One person listed asBlack household member
2. Twopersons listed as Black householdmembers
3. Three persons listed as Black householdmembers
4. Four persons listed asBlack household members
5. Five persons listed as Blackhousehold members
0. No person listedas Black household member
1. One person listed as Black householdmember
2. Twopersons listed as Black household members
3. Three personslisted as Black household members
4. Four persons listed as Black householdmembers
5. Fivepersons listed as Black household members
","-1. Inapplicable
-1. Inapplicable
"
hhlist_person1_eligible,FTF ONLY:HHLIST-Person1: eligible,"1. Yes
2. No
1. Yes
2. No
","-1. Inapplicable
-1. Inapplicable
"
hhlist_person1_whyinelig,FTF ONLY:HHLIST-Person1: why not eligible,"2. Not a citizen
3. Not Black/Hispanic (oversample case)
12. Not aresident and not a citizen
23. Not a citizen and notBlack/Hispanic
2. Not a citizen
3. Not Black/Hispanic
12. Not a resident andnot a
23. Not acitizen and not
","-1. Inapplicable
-1. Inapplicable
"
hhlist_person1_resid,FTF ONLY:HHLIST-Person1: list as usuallyresiding in household,"1. Yes
1. Yes
","-1. Inapplicable
-9. Refused
-1. Inapplicable
-9. Refused
"
hhlist_person1_agegrp,FTF ONLY:HHLIST-Person1: list age (group),"1. Age group
2. Age group
3. Age group
4. Age group
5. Age group
6. Age group
7. Age group
8. Age group
9. Age group
10. Age group
11. Age group
12. Age group
13. Age group
","-1. Inapplicable
-8. Don't know
-9. Refused
"
hhlist_person1_agefull,FTF ONLY:RESTRICTED: HHLIST-Person1: list age- full,,"-1. Inapplicable
-3. Restricted access
-1. Inapplicable
-3. Restricted access
"
hhlist_person1_agemiss,FTF ONLY:HHLIST-Person1: list age DK/RF- will 18+ on electn day,"1. Yes
1. Yes
","-1. Inapplicable
-1. Inapplicable
"
hhlist_person1_obs18,FTF ONLY:HHLIST-Person1: list age allmissing- obs clearly age elig,"1. Yes
2. No
","-1. Inapplicable
-1. Inapplicable
"
hhlist_person1_age18,FTF ONLY:HHLIST-Person1: list age 17- will be 18 by electionday,"1. Yes
2. No
","-8. Don't know
-1. Inapplicable
-1. Inapplicable
"
hhlist_person1_citz,FTF ONLY:HHLIST-Person1: list as citizen,"1. Yes
2. No
1. Yes
2. No
","-1. Inapplicable
-9. Refused
-1. Inapplicable
-9. Refused
"
hhlist_person1_hisp,FTF ONLY:HHLIST-Person1: list as Hispanic,"1. Yes
2. No
1. Yes
2. No
","-1. Inapplicable
-9. Refused
-1. Inapplicable
-9. Refused
"
hhlist_person1_obshisp,FTF ONLY:HHLIST-Person1: list if Hispanicmissing- obs clearly Hisp,"2. No
2. No
","-1. Inapplicable
-1. Inapplicable
"
hhlist_person1_black,FTF ONLY:HHLIST-Person1: listed as Black/African-American,"1. Yes
2. No
1. Yes
2. No
","-1. Inapplicable
-1. Inapplicable
"
hhlist_person1_obsblack,FTF ONLY:HHLIST-Person1: list if Blackmissing - obs clearly Black,"1. Yes
2. No
","-1. Inapplicable
-1. Inapplicable
"
hhlist_person2_eligible,FTF ONLY:HHLIST-Person2: eligible,"1. Yes
2. No
1. Yes
2. No
","-1. Inapplicable
-1. Inapplicable
"
hhlist_person2_whyinelig,FTF ONLY:HHLIST-Person2: why not eligible,"1. Not person'susual place of residence
2. Not a citizen
3. Not Black/Hispanic (oversample case)
4. Not
12. Not aresident and not a citizen
23. Not a citizen and notBlack/Hispanic
34. NotBlack/Hispanic (oversample case) and not
124. Not a resident,not a citizen, not age eligible
","-1. Inapplicable
"
hhlist_person2_resid,FTF ONLY:HHLIST-Person2: list as usuallyresiding in household,"1. Yes
2. No
1. Yes
2. No
","-1. Inapplicable
-9. Refused
-1. Inapplicable
-9. Refused
"
hhlist_person2_agegrp,FTF ONLY:HHLIST-Person2: list age (group),"1. Age group
2. Age group
3. Age group
4. Age group
5. Age group
6. Age group
7. Age group
8. Age group
9. Age group
10. Age group
11. Age group
12. Age group
13. Age group
","-1. Inapplicable
-8. Don't know
-9. Refused
"
hhlist_person2_agefull,FTF ONLY:RESTRICTED: HHLIST-Person2: list age- full,,"-1. Inapplicable
-3. Restricted access
-1. Inapplicable
-3. Restricted access
"
hhlist_person2_agemiss,FTF ONLY:HHLIST-Person2: list age DK/RF- will 18+ on electn day,"1. Yes
1. Yes
","-1. Inapplicable
-8. Don't refused
-1. Inapplicable
-8. Don't refused
"
hhlist_person2_obs18,FTF ONLY:HHLIST-Person2: list age allmissing- obs clearly age elig,"1. Yes
1. Yes
","-1. Inapplicable
-1. Inapplicable
"
hhlist_person2_age18,FTF ONLY:HHLIST-Person2: list age 17- will be 18 by electionday,"1. Yes
2. No
1. Yes
2. No
","-1. Inapplicable
-1. Inapplicable
"
hhlist_person2_citz,FTF ONLY:HHLIST-Person2: list as citizen,"1. Yes
2. No
1. Yes
2. No
","-1. Inapplicable
-8. Don't know
-9. Refused
-1. Inapplicable
-8. Don't know
-9. Refused
"
hhlist_person2_hisp,FTF ONLY:HHLIST-Person2: list as Hispanic,"1. Yes
2. No
1. Yes
2. No
","-1. Inapplicable
-1. Inapplicable
"
hhlist_person2_obshisp,FTF ONLY:HHLIST-Person2: list if Hispanicmissing- obs clearly Hisp,"1. Yes
2. No
","-1. Inapplicable
-1. Inapplicable
"
hhlist_person2_black,FTF ONLY:HHLIST-Person2: listed as Black/African-American,"1. Yes
2. No
1. Yes
2. No
","-1. Inapplicable
-1. Inapplicable
"
hhlist_person2_obsblack,FTF ONLY:HHLIST-Person2: list if Blackmissing - obs clearly Black,"1. Yes
2. No
","-1. Inapplicable
-1. Inapplicable
"
hhlist_person3_eligible,FTF ONLY:HHLIST-Person3: eligible,"1. Yes
2. No
1. Yes
2. No
","-1. Inapplicable
-1. Inapplicable
"
hhlist_person3_whyinelig,FTF ONLY:HHLIST-Person3: why not eligible,"1. Not person'susual place of residence
2. Not a citizen
3. Not Black/Hispanic (oversample case)
4. Not
23. Not a citizen and notBlack/Hispanic
1. Notperson'susualplaceof
2. Not a citizen
3. Not Black/Hispanic
4. Not
23. Not acitizen and not
","-1. Inapplicable
-1. Inapplicable
"
hhlist_person3_resid,FTF ONLY:HHLIST-Person3: list as usuallyresiding in household,"1. Yes
2. No
1. Yes
2. No
","-1. Inapplicable
-1. Inapplicable
"
hhlist_person3_agegrp,FTF ONLY:HHLIST-Person3: list age (group),"1. Age group
2. Age group
3. Age group
4. Age group
5. Age group
6. Age group
7. Age group
8. Age group
9. Age group
10. Age group
11. Age group
12. Age group
13. Age group
","-1. Inapplicable
-8. Don't know
-9. Refused
"
hhlist_person3_agefull,FTF ONLY:RESTRICTED: HHLIST-Person3: list age- full,,"-1. Inapplicable
-3. Restricted access
-1. Inapplicable
-3. Restricted access
"
hhlist_person3_agemiss,FTF ONLY:HHLIST-Person3: list age DK/RF- will 18+ on electn day,"1. Yes
1. Yes
","-1. Inapplicable
-1. Inapplicable
"
hhlist_person3_obs18,FTF ONLY:HHLIST-Person3: list age allmissing- obs clearly age elig,"1. Yes
2. No
","-1. Inapplicable
-1. Inapplicable
"
hhlist_person3_age18,FTF ONLY:HHLIST-Person3: list age 17- will be 18 by electionday,"1. Yes
2. No
1. Yes
2. No
","-1. Inapplicable
-1. Inapplicable
"
hhlist_person3_citz,FTF ONLY:HHLIST-Person3: list as citizen,"1. Yes
2. No
1. Yes
2. No
","-1. Inapplicable
-8. Don't know
-1. Inapplicable
-8. Don't know
"
hhlist_person3_hisp,FTF ONLY:HHLIST-Person3: list as Hispanic,"1. Yes
2. No
1. Yes
2. No
","-1. Inapplicable
-1. Inapplicable
"
hhlist_person3_obshisp,FTF ONLY:HHLIST-Person3: list if Hispanicmissing- obs clearly Hisp,"1. Yes
2. No
","-1. Inapplicable
-1. Inapplicable
"
hhlist_person3_black,FTF ONLY:HHLIST-Person3: listed as Black/African-American,"1. Yes
2. No
1. Yes
2. No
","-1. Inapplicable
-1. Inapplicable
"
hhlist_person3_obsblack,FTF ONLY:HHLIST-Person3: list if Blackmissing - obs clearly Black,"1. Yes
2. No
","-1. Inapplicable
-1. Inapplicable
"
hhlist_person4_eligible,FTF ONLY:HHLIST-Person4: eligible,"1. Yes
2. No
1. Yes
2. No
","-1. Inapplicable
-1. Inapplicable
"
hhlist_person4_whyinelig,FTF ONLY:HHLIST-Person4: why not eligible,"1. Not person's usual placeof residence
2. Not acitizen
3. Not Black/Hispanic (oversample case)
4. Not
12. Not a resident and nota citizen
1. Not person's usual place ofresidence
2. Not acitizen
3. NotBlack/Hispanic (oversample case)
4. Not
12. Not a resident and nota citizen
","-1. Inapplicable
-1. Inapplicable
"
hhlist_person4_resid,FTF ONLY:HHLIST-Person4: list as usuallyresiding in household,"1. Yes
2. No
1. Yes
2. No
","-1. Inapplicable
-1. Inapplicable
"
hhlist_person4_agegrp,FTF ONLY:HHLIST-Person4: list age (group),"1. Age group
2. Age group
3. Age group
4. Age group
5. Age group
6. Age group
7. Age group
8. Age group
9. Age group
10. Age group
11. Age group
12. Age group
13. Age group
","-1. Inapplicable
-8. Don't know
"
hhlist_person4_agefull,FTF ONLY:RESTRICTED: HHLIST-Person4: list age- full,,"-1. Inapplicable
-3. Restricted access
-1. Inapplicable
-3. Restricted access
"
hhlist_person4_agemiss,FTF ONLY:HHLIST-Person4: list age DK/RF- will 18+ on electn day,"2. No
2. No
","-1. Inapplicable
-1. Inapplicable
"
hhlist_person4_obs18,FTF ONLY:HHLIST-Person4: list age allmissing- obs clearly age elig,"1. Yes
2. No
","-1. Inapplicable
-1. Inapplicable
"
hhlist_person4_age18,FTF ONLY:HHLIST-Person4: list age 17- will be 18 by electionday,"1. Yes
2. No
1. Yes
2. No
","-1. Inapplicable
-1. Inapplicable
"
hhlist_person4_citz,FTF ONLY:HHLIST-Person4: list as citizen,"1. Yes
2. No
1. Yes
2. No
","-1. Inapplicable
-1. Inapplicable
"
hhlist_person4_hisp,FTF ONLY:HHLIST-Person4: list as Hispanic,"1. Yes
2. No
1. Yes
2. No
","-1. Inapplicable
-1. Inapplicable
"
hhlist_person4_obshisp,FTF ONLY:HHLIST-Person4: list if Hispanicmissing- obs clearly Hisp,"1. Yes
2. No
","-1. Inapplicable
-1. Inapplicable
"
hhlist_person4_black,FTF ONLY:HHLIST-Person4: listed as Black/African-American,"1. Yes
2. No
1. Yes
2. No
","-1. Inapplicable
-1. Inapplicable
"
hhlist_person4_obsblack,FTF ONLY:HHLIST-Person4: list if Blackmissing - obs clearly Black,"1. Yes
2. No
","-1. Inapplicable
-1. Inapplicable
"
hhlist_person5_eligible,FTF ONLY:HHLIST-Person5: eligible,"1. Yes
2. No
1. Yes
2. No
","-1. Inapplicable
-1. Inapplicable
"
hhlist_person5_whyinelig,FTF ONLY:HHLIST-Person5: why not eligible,"1. Not person's usual placeof residence
2. Not acitizen
3. Not Black/Hispanic (oversample case)
4. Not
1. Not person's usual place ofresidence
2. Not acitizen
3. NotBlack/Hispanic (oversample case)
4. Not
","-1. Inapplicable
-1. Inapplicable
"
hhlist_person5_resid,FTF ONLY:HHLIST-Person5: list as usuallyresiding in household,"1. Yes
2. No
1. Yes
2. No
","-1. Inapplicable
-1. Inapplicable
"
hhlist_person5_agegrp,FTF ONLY:HHLIST-Person5: list age (group),"1. Age group
2. Age group
4. Age group
5. Age group
6. Age group
7. Age group
8. Age group
9. Age group
10. Age group
13. Age group
","-1. Inapplicable
"
hhlist_person5_agefull,FTF ONLY:RESTRICTED: HHLIST-Person5: list age- full,,"-1. Inapplicable
-3. Restricted access
-1. Inapplicable
-3. Restricted access
"
hhlist_person5_agemiss,FTF ONLY:HHLIST-Person5: list age DK/RF- will 18+ on electn day,"1. Yes
2. No
","-8. Don't refused
-8. Don't know
-1. Inapplicable
-1. Inapplicable
"
hhlist_person5_obs18,FTF ONLY:HHLIST-Person5: list age allmissing- obs clearly age elig,"1. Yes
2. No
","-1. Inapplicable
-1. Inapplicable
"
hhlist_person5_age18,FTF ONLY:HHLIST-Person5: list age 17- will be 18 by electionday,"2. No
2. No
","-1. Inapplicable
-1. Inapplicable
"
hhlist_person5_citz,FTF ONLY:HHLIST-Person5: list as citizen,"1. Yes
2. No
1. Yes
2. No
","-1. Inapplicable
-1. Inapplicable
"
hhlist_person5_hisp,FTF ONLY:HHLIST-Person5: list as Hispanic,"1. Yes
2. No
1. Yes
2. No
","-1. Inapplicable
-1. Inapplicable
"
hhlist_person5_obshisp,FTF ONLY:HHLIST-Person5: list if Hispanicmissing- obs clearly Hisp,"1. Yes
2. No
","-1. Inapplicable
-1. Inapplicable
"
hhlist_person5_black,FTF ONLY:HHLIST-Person5: listed as Black/African-American,"1. Yes
2. No
1. Yes
2. No
","-1. Inapplicable
-1. Inapplicable
"
hhlist_person5_obsblack,FTF ONLY:HHLIST-Person5: list if Blackmissing - obs clearly Black,"1. Yes
2. No
","-1. Inapplicable
-1. Inapplicable
"
hhlist_person6_eligible,FTF ONLY:HHLIST-Person6: eligible,"1. Yes
1. Yes
","-1. Inapplicable
-1. Inapplicable
"
hhlist_person6_whyinelig,FTF ONLY:HHLIST-Person6: why not eligible,"1. Not person's usual placeof residence
2. Nota citizen
3. Not Black/Hispanic (oversample case)
4. Not
12. Not a resident andnot a citizen
13. Not a residentand not Black/Hispanic (oversample case)
14. Nota resident and not age eligible
23. Not acitizen and not Black/Hispanic (oversample case)
24. Not a citizen and not ageeligible
34. Not Black/Hispanic (oversample case) andnot age eligible
123. Not a resident, not acitizen, not Black/Hispanic (os case)
124. Not a resident, not acitizen, not age eligible
134. Not a resident, not Black/Hispanic(os case), not age e
234. Nota citizen, not Black/Hispanic (os case),not age eligible
1234. Not: resident, citizen, Black/Hispanic (os), age eligible
","-1. Inapplicable
-1. Inapplicable
"
hhlist_person6_resid,FTF ONLY:HHLIST-Person6: list as usuallyresiding in household,"1. Yes
1. Yes
","-1. Inapplicable
-1. Inapplicable
"
hhlist_person6_agegrp,FTF ONLY:HHLIST-Person6: list age (group),"1. Agegroup
2. Agegroup
8. Agegroup
12. Age group70-74
1. Agegroup
2. Agegroup
8. Agegroup
12. Age group
","-1. Inapplicable
-1. Inapplicable
"
hhlist_person6_agefull,FTF ONLY:RESTRICTED: HHLIST-Person6: list age- full,,"-1. Inapplicable
-3. Restricted access
-1. Inapplicable
-3. Restricted access
"
hhlist_person6_agemiss,FTF ONLY:HHLIST-Person6: list age DK/RF- will 18+ on electn day,"1. Yes
2. No
","-8. Don't refused
-8. Don't know
-1. Inapplicable
-1. Inapplicable
"
hhlist_person6_obs18,FTF ONLY:HHLIST-Person6: list age allmissing- obs clearly age elig,"1. Yes
2. No
","-1. Inapplicable
-1. Inapplicable
"
hhlist_person6_age18,FTF ONLY:HHLIST-Person6: list age 17- will be 18 by electionday,"1. Yes
2. No
","-8. Don't know
-1. Inapplicable
-1. Inapplicable
"
hhlist_person6_citz,FTF ONLY:HHLIST-Person6: list as citizen,"1. Yes
1. Yes
","-1. Inapplicable
-1. Inapplicable
"
hhlist_person6_hisp,FTF ONLY:HHLIST-Person6: list as Hispanic,"1. Yes
2. No
1. Yes
2. No
","-1. Inapplicable
-1. Inapplicable
"
hhlist_person6_obshisp,FTF ONLY:HHLIST-Person6: list if Hispanicmissing- obs clearly Hisp,"1. Yes
2. No
","-1. Inapplicable
-1. Inapplicable
"
hhlist_person6_black,FTF ONLY:HHLIST-Person6: listed as Black/African-American,"2. No
2. No
","-1. Inapplicable
-1. Inapplicable
"
hhlist_person6_obsblack,FTF ONLY:HHLIST-Person6: list if Blackmissing - obs clearly Black,"1. Yes
2. No
","-1. Inapplicable
-1. Inapplicable
"
hhlist_person7_eligible,FTF ONLY:HHLIST-Person7: eligible,"1. Yes
1. Yes
","-1. Inapplicable
-1. Inapplicable
"
hhlist_person7_whyinelig,FTF ONLY:HHLIST-Person7: why not eligible,"1. Not person's usual placeof residence
2. Nota citizen
3. Not Black/Hispanic (oversample case)
4. Not
12. Not a resident andnot a citizen
13. Not a residentand not Black/Hispanic (oversample case)
14. Nota resident and not age eligible
23. Not acitizen and not Black/Hispanic (oversample case)
24. Not a citizen and not ageeligible
34. Not Black/Hispanic (oversample case) andnot age eligible
123. Not a resident, not acitizen, not Black/Hispanic (os case)
124. Not a resident, not acitizen, not age eligible
134. Not a resident, not Black/Hispanic(os case), not age e
234. Nota citizen, not Black/Hispanic (os case),not age eligible
1234. Not: resident, citizen, Black/Hispanic (os), age eligible
","-1. Inapplicable
-1. Inapplicable
"
hhlist_person7_resid,FTF ONLY:HHLIST-Person7: list as usuallyresiding in household,"1. Yes
1. Yes
","-1. Inapplicable
-1. Inapplicable
"
hhlist_person7_agegrp,FTF ONLY:HHLIST-Person7: list age (group),"2. Age group
8. Age group
2. Age group
8. Age group
","-1. Inapplicable
-1. Inapplicable
"
hhlist_person7_agefull,FTF ONLY:RESTRICTED: HHLIST-Person7: list age- full,,"-1. Inapplicable
-3. Restricted access
-1. Inapplicable
-3. Restricted access
"
hhlist_person7_agemiss,FTF ONLY:HHLIST-Person7: list age DK/RF- will 18+ on electn day,"1. Yes
2. No
","-8. Don't refused
-8. Don't know
-1. Inapplicable
-1. Inapplicable
"
hhlist_person7_obs18,FTF ONLY:HHLIST-Person7: list age allmissing- obs clearly age elig,"1. Yes
2. No
","-1. Inapplicable
-1. Inapplicable
"
hhlist_person7_age18,FTF ONLY:HHLIST-Person7: list age 17- will be 18 by electionday,"1. Yes
2. No
","-8. Don't know
-1. Inapplicable
-1. Inapplicable
"
hhlist_person7_citz,FTF ONLY:HHLIST-Person7: list as citizen,"1. Yes
1. Yes
","-1. Inapplicable
-1. Inapplicable
"
hhlist_person7_hisp,FTF ONLY:HHLIST-Person7: list as Hispanic,"1. Yes
1. Yes
","-1. Inapplicable
-1. Inapplicable
"
hhlist_person7_obshisp,FTF ONLY:HHLIST-Person7: list if Hispanicmissing- obs clearly Hisp,"1. Yes
2. No
","-1. Inapplicable
-1. Inapplicable
"
hhlist_person7_black,FTF ONLY:HHLIST-Person7: listed as Black/African-American,"2. No
2. No
","-1. Inapplicable
-1. Inapplicable
"
hhlist_person7_obsblack,FTF ONLY:HHLIST-Person7: list if Blackmissing - obs clearly Black,"1. Yes
2. No
","-1. Inapplicable
-1. Inapplicable
"
hhlist_iwrid,FTF ONLY:HHLIST-IWRid of interviewer completing the screener,,
dwell_completed,FTF ONLY-Dwelling unit- DU module completed,"1. Yes
1. Yes
","-1. Inapplicable
-1. Inapplicable
"
dwell_datecompl,FTF ONLY-Dwelling unit- date DU module completed,,
dwell_winsign,FTF ONLY: Dwell unit- DUQ1: No. campaign or political signs visible in,"0. No sign
1. Onesign
2. Twosigns
3. Three signs
99. Unknown, outside gated community (when du
0. No sign
1. One sign
2. Twosigns
3. Three signs
99. Unknown, outside gated
","-1. Inapplicable
-1. Inapplicable
"
dwell_winsign_dsc,FTF ONLY:RESTRICTED: Dwell unit- DUQ2: Describe window sign(s),,"-1. Inapplicable
-3. Restricted access
-1. Inapplicable
-3. Restricted access
"
dwell_frontsign,FTF ONLY: Dwell unit- DUQ3: No. campaign or political signs visible in,"0. No sign
1. Onesign
2. Twosigns
3. Three signs
4. Four signs
11. Elevensigns
99. Unknown, outside gated community (when du
0. No sign
1. One sign
2. Twosigns
3. Three signs
4. Four signs
11. Eleven signs
99. Unknown, outside gated
","-1. Inapplicable
-1. Inapplicable
"
dwell_frontsign_dsc,FTFONLY:RESTRICTED:Dwellunit-DUQ4: Describefront/outsidesign(s),,"-1. Inapplicable
-3. Restricted access
-1. Inapplicable
-3. Restricted access
"
dwell_sign_dpc,FTF ONLY:Dwell unit- DUQ5: Do any of thesigns support Barack Obama,"1. Yes
2. No
1. Yes
2. No
","-1. Inapplicable
-1. Inapplicable
"
dwell_sign_rpc,FTF ONLY:Dwell unit- DUQ6: Do any of thesigns support Mitt Romney,"1. Yes
2. No
1. Yes
2. No
","-1. Inapplicable
-1. Inapplicable
"
dwell_relig,FTF ONLY:Dwell unit- DUQ7: Religious items/symbols around structure,"1. Cross or crucifix
2. Painting/mural of religiousfigures or angels
4. Crescent moon andstar
5. Religious message(such as 'jesus saves')
6. None
1. Cross or crucifix
2. Painting/mural of religious
4. Crescent moon andstar
5. Religiousmessage (such
6. None
","-1. Inapplicable
-1. Inapplicable
"
dwell_religmsg_spec,FTF ONLY:RESTRICTED: Dwell unit- DUQ7: Specify religious message,,"-1. Inapplicable
-3. Restricted access
-1. Inapplicable
-3. Restricted access
"
dwell_secur_mention1,FTF ONLY: Dwell unit- DUQ8: What security measures or barriers are,"1. Bars on the windows
2. Crime watch or security systemssigns
3. No trespassing signs
4. Bewareof dog sign
5. No solicitorssign
6. Security door (windowlessmetal primary
7. Guard/door personat the front door who hasto
8. Guard/door person at the front doorwho must
10. On-site/off-sitestaff/managerwho controls
11. Lockedmain entrance/gate, no intercom/buzzer
12. Locked main entrance/gate with
13. Locked main entrance/gate with
14. Threatening animalon or near the property
15. None
","-1. Inapplicable
"
dwell_secur_mention2,FTF ONLY: Dwell unit- DUQ8: What security measures or barriers are,"2. Crime watchor security systems signs
3. No trespassing signs
4. Beware of dog sign
5. No solicitors sign
6. Security door (windowless metal primary
7. Guard/door person at thefront door who has to
10. On-site/off-sitestaff/managerwho controls
11. Locked main entrance/gate, nointercom/buzzer
12. Lockedmain entrance/gate with
13. Lockedmain entrance/gate with
14. Threatening animal on or nearthe property
","-1. Inapplicable
-2. Nofurther mention
"
dwell_secur_mention3,FTF ONLY: Dwell unit- DUQ8: What security measures or barriers are,"3. No trespassing signs
5. No solicitorssign
6. Security door (windowlessmetal primary
8. Guard/door person at the front doorwho must
10. On-site/off-sitestaff/managerwho controls
11. Lockedmain entrance/gate, no intercom/buzzer
12. Locked main entrance/gate with
13. Locked main entrance/gate with
14. Threatening animalon or near the property
","-1. Inapplicable
-2. No further mention
"
dwell_secur_mention4,FTF ONLY: Dwell unit- DUQ8: What security measures or barriers are,"5. No solicitorssign
8. Guard/door person at the front doorwho must
10. On-site/off-sitestaff/managerwho controls
11. Lockedmain entrance/gate, no intercom/buzzer
12. Locked main entrance/gate with
13. Locked main entrance/gate with
","-1. Inapplicable
-2. No further mention
"
dwell_secur_mention5,FTF ONLY: Dwell unit- DUQ8: What security measures or barriers are,"11. Lockedmain entrance/gate, no intercom/buzzer
12. Locked main entrance/gate with
13. Locked main entrance/gate with
14. Threatening animalon or near the property
","-1. Inapplicable
-2. No further mention
"
dwell_structure,FTF ONLY:Dwell unit- DUQ9: Typeof structure,"1. Mobile home
2. Detached single family
3. Duplex
4. Apartment building / condo/townhouse complex
5. Other(SPECIFY)
1. Mobile home
2. Detachedsingle family
3. Duplex
4. Apartment building/ condo/townhouse complex
5. Other (SPECIFY)
","-1. Inapplicable
-1. Inapplicable
"
dwell_structure_oth,FTF ONLY:RESTRICTED: Dwell unit- DUQ9: Other type ofstructure,,"-1. Inapplicable
-3. Restricted access
-1. Inapplicable
-3. Restricted access
"
dwell_strctsize,FTF ONLY:Dwell unit- DUQ10: Size of structure,"1. Single family home
2. Structure with
3. Structure with10to
4. Structurewith
5. Other (SPECIFY)
1. Single family home
2. Structure with
3. Structure with
4. Structure with50 or more units
5. Other(SPECIFY)
","-1. Inapplicable
-1. Inapplicable
"
dwell_strctsize_oth,FTF ONLY:RESTRICTED: Dwell unit- DUQ10: Other size ofstructure,,"-1. Inapplicable
-3. Restricted access
-1. Inapplicable
-3. Restricted access
"
dwell_structresid,FTF ONLY:Dwell unit- DUQ11: Is structure residential,"1. Entirely residential
2. Primarily residentialwith some commercial or
3. Primarilycommercial or other non-residential
1. Entirely residential
2. Primarily residential with
3. Primarily commercial or
","-1. Inapplicable
-1. Inapplicable
"
dwell_block_urban,FTF ONLY:Dwell unit- DUQ12: Is block urban,"1. Rural farm or undevelopedland
2. Ruraltown
3. Suburban
4. Urban
1. Rural farm or undevelopedland
2. Ruraltown
3. Suburban
4. Urban
","-1. Inapplicable
-1. Inapplicable
"
dwell_block_resid,FTF ONLY:Dwell unit- DUQ13: Is block residential,"1. Residentialonly
2. With commercialproperties, mostly retail
3. With commercialproperties, mostly wholesale or
5. Other (SPECIFY)
1. Residential only
2. Withcommercial
3. Withcommercial
5. Other (SPECIFY)
","-1. Inapplicable
-1. Inapplicable
"
dwell_block_resid_oth,FTF ONLY:RESTRICTED: Dwell unit- DUQ13: Other block type,,"-1. Inapplicable
-3. Restricted access
-1. Inapplicable
-3. Restricted access
"
dwell_hu_cond_mention1,FTF ONLY:Dwell unit- DUQ14: Conditions of the building1,"1. Missing roofing material(s)
2. Boarded upwindow(s)
3. Missing/brokenout window(s)
4. Missing bricks, siding,or other outside wall
5. Punched out/tornscreens on windows
6. Door(s) offhinges
7. Peeling paint
8. Broken siding
9. Unkempt landscaping (tallgrass, overgrown
10. Litter,trash or other debris onlawn
11. None
12. Unknown-outside gated community (when du
","-1. Inapplicable
"
dwell_hu_cond_mention2,FTF ONLY:Dwell unit- DUQ14: Conditions of the building2,"2. Boarded upwindow(s)
3. Missing/brokenout window(s)
4. Missing bricks, siding,or other outside wall
5. Punched out/tornscreens on windows
6. Door(s) offhinges
7. Peeling paint
8. Broken siding
9. Unkempt landscaping (tallgrass, overgrown
10. Litter,trash or other debris onlawn
","-1. Inapplicable
-2. No further mention
"
dwell_hu_cond_mention3,FTF ONLY:Dwell unit- DUQ14: Conditions of the building3,"3. Missing/brokenout window(s)
4. Missing bricks, siding,or other outside wall
5. Punched out/tornscreens on windows
7. Peeling paint
8. Broken siding
9. Unkempt landscaping (tallgrass, overgrown
10. Litter,trash or other debris onlawn
3. Missing/broken out
4. Missing bricks,siding, or
5. Punched out/torn screens
7. Peeling paint
8. Broken siding
9. Unkempt landscaping (tall
10. Litter,trash orother
","-1. Inapplicable
-2. No further mention
-1. Inapplicable
-2. No further mention
"
dwell_hu_cond_mention4,FTF ONLY:Dwell unit- DUQ14: Conditions of the building4,"4. Missing bricks, siding,or other outside wall
6. Door(s) offhinges
7. Peeling paint
8. Broken siding
9. Unkempt landscaping (tallgrass, overgrown
10. Litter,trash or other debris onlawn
4. Missing bricks,siding, or
6. Door(s) offhinges
7. Peeling paint
8. Broken siding
9. Unkempt landscaping (tall
10. Litter,trash orother
","-1. Inapplicable
-2. No further mention
-1. Inapplicable
-2. No further mention
"
dwell_hu_cond_mention5,FTF ONLY:Dwell unit- DUQ14: Conditions of the building5,"5. Punched out/tornscreens on windows
7. Peeling paint
8. Broken siding
9. Unkempt landscaping (tallgrass, overgrown
10. Litter,trash or other debris onlawn
5. Punched out/torn screens
7. Peeling paint
8. Broken siding
9. Unkempt landscaping (tall
10. Litter,trash orother
","-1. Inapplicable
-2. No further mention
-1. Inapplicable
-2. No further mention
"
dwell_hu_cond_mention6,FTF ONLY:Dwell unit- DUQ14: Conditions of the building6,"6. Door(s) offhinges
7. Peeling paint
8. Broken siding
9. Unkempt landscaping (tallgrass, overgrown
10. Litter,trash or other debris onlawn
6. Door(s) offhinges
7. Peeling paint
8. Broken siding
9. Unkempt landscaping (tall
10. Litter,trash orother
","-1. Inapplicable
-2. No further mention
-1. Inapplicable
-2. No further mention
"
dwell_hu_cond_mention7,FTF ONLY:Dwell unit- DUQ14: Conditions of the building7,"7. Peeling paint
8. Broken siding
9. Unkempt landscaping (tallgrass, overgrown
10. Litter,trash or other debris onlawn
7. Peeling paint
8. Broken siding
9. Unkempt landscaping (tall
10. Litter,trash orother
","-1. Inapplicable
-2. No further mention
-1. Inapplicable
-2. No further mention
"
dwell_hu_cond_mention8,FTF ONLY:Dwell unit- DUQ14: Conditions of the building8,"8. Broken siding
9. Unkempt landscaping (tallgrass, overgrown
10. Litter,trash or other debris onlawn
8. Broken siding
9. Unkempt landscaping (tall
10. Litter,trash orother
","-1. Inapplicable
-2. No further mention
-1. Inapplicable
-2. No further mention
"
dwell_hu_cond_mention9,FTF ONLY:Dwell unit- DUQ14: Conditions of the building9,"9. Unkempt landscaping (tallgrass, overgrown
10. Litter,trash or other debris onlawn
9. Unkempt landscaping (tall
10. Litter,trash orother
","-1. Inapplicable
-2. No further mention
-1. Inapplicable
-2. No further mention
"
dwell_hu_cond_mention10,FTF ONLY:Dwell unit- DUQ14: Conditions of the building10,"10. Litter,trash or otherdebris on lawn
10. Litter,trash or otherdebris on lawn
","-1. Inapplicable
-2. No furthermention
-1. Inapplicable
-2. No furthermention
"
dwell_area_cond_mention1,FTF ONLY: Dwell unit- DUQ15: Conditions within sight of the housing unit,"1. Boarded houses or abandoned building
2. Graffiti
3. Abandonedcars
4. Demolished houses
5. Trash,litter,or junkin street/road
6. Loose garbage or litter notcontained or bundled
7. Factories or warehouses
8. Storesor other retail outlets
9. None
","-1. Inapplicable
"
dwell_area_cond_mention2,FTF ONLY: Dwell unit- DUQ15: Conditions within sight of the housing unit,"2. Graffiti
3. Abandonedcars
4. Demolished houses
5. Trash,litter,or junkin street/road
6. Loose garbage or litter notcontained or bundled
7. Factories or warehouses
8. Storesor other retail outlets
2. Graffiti
3. Abandoned cars
4. Demolished houses
5. Trash,litter,or junkin
6. Loose garbage or litter not
7. Factories or warehouses
8. Stores or otherretail
","-1. Inapplicable
-2. No further mention
-1. Inapplicable
-2. No further mention
"
dwell_area_cond_mention3,FTF ONLY: Dwell unit- DUQ15: Conditions within sight of the housing unit,"3. Abandonedcars
4. Demolished houses
5. Trash,litter,or junkin street/road
6. Loose garbage or litter notcontained or bundled
7. Factories or warehouses
8. Storesor other retail outlets
3. Abandoned cars
4. Demolished houses
5. Trash,litter,or junkin
6. Loose garbage or litter not
7. Factories or warehouses
8. Stores or otherretail
","-1. Inapplicable
-2. No further mention
-1. Inapplicable
-2. No further mention
"
dwell_area_cond_mention4,FTF ONLY: Dwell unit- DUQ15: Conditions within sight of the housing unit,"4. Demolished houses
5. Trash,litter,or junkin street/road
6. Loose garbage or litter notcontained or bundled
7. Factories or warehouses
8. Storesor other retail outlets
4. Demolished houses
5. Trash,litter,or junkin
6. Loose garbage or litter not
7. Factories or warehouses
8. Stores or otherretail
","-1. Inapplicable
-2. No further mention
-1. Inapplicable
-2. No further mention
"
dwell_area_cond_mention5,FTF ONLY: Dwell unit- DUQ15: Conditions within sight of the housing unit,"5. Trash,litter,or junkin street/road
6. Loose garbage or litter notcontained or bundled
8. Storesor other retail outlets
5. Trash,litter,or junkin
6. Loose garbage or litter not
8. Stores or otherretail
","-1. Inapplicable
-2. No further mention
-1. Inapplicable
-2. No further mention
"
dwell_area_cond_mention6,FTF ONLY: Dwell unit- DUQ15: Conditions within sight of the housing unit,"6. Loose garbage or litter notcontained or bundled
6. Loose garbage or litter not
","-1. Inapplicable
-2. No further mention
-1. Inapplicable
-2. No further mention
"
dwell_bldg_relcond,FTF ONLY: Dwell unit- DUQ16: Condition of the building relative to others,"1. Better
2. Same
3. Worse
4. Noother buildings
5. Unknown- outside gatedcommunity (when du
1. Better
2. Same
3. Worse
4. No otherbuildings
5. Unknown- outside gated
","-1. Inapplicable
-1. Inapplicable
"
dwell_iwrid,FTFONLY:HHLIST-IWRidofinterviewercompletingtheDU(dwellingunit),,
recontact_completed,FTFONLY-Recontact-Pre-electionrecontactmodulecompleted(afterPre,"1. Yes
1. Yes
","-1. Inapplicable
-1. Inapplicable
"
recontact_rname_given,FTF ONLY:Recontact- did R givename (is any text present),"1. Yes
2. No(RF)
1. Yes
2. No(RF)
","-1. Inapplicable
-1. Inapplicable
"
recontact_sampaddr_correct,FTF ONLY:Recontact- Respondent: is address on record correct?,"1. Yes
2. No
1. Yes
2. No
","-1. Inapplicable
-9. Refused
-1. Inapplicable
-9. Refused
"
recontact_newaddr_given,FTF ONLY:Recontact- is new addressgiven (is any text present),"1. Yes
2. No
1. Yes
2. No
","-1. Inapplicable
-1. Inapplicable
"
recontact_addr_err,FTF ONLY:Recontact- Respondent: is new address correction ormove?,"1. Correction to sample address
2. Moveaddress
3. Other
1. Correctionto sample address
2. Move address
3. Other
","-1. Inapplicable
-1. Inapplicable
"
recontact_phone_given,FTF ONLY:Recontact- did R givephone number,"1. Yes
2. No(RF)
1. Yes
2. No(RF)
","-1. Inapplicable
-1. Inapplicable
"
recontact_have2ndphone,FTF ONLY:Recontact- Respondent: have 2nd phone?,"1. Yes
2. No
1. Yes
2. No
","-1. Inapplicable
-9. Refused
-1. Inapplicable
-9. Refused
"
recontact_haveemail,FTF ONLY:Recontact- Respondent: have email address?,"1. Yes
2. No
1. Yes
2. No
","-1. Inapplicable
-9. Refused
-1. Inapplicable
-9. Refused
"
recontact_setappt,FTF ONLY:Recontact- did R setappt for Post IW,"1. Specific date and time
2. General date
3. Don't know
4. Refused recontact
1. Specific date and time
2. General date
3. Don't know
4. Refused recontact
","-1. Inapplicable
-1. Inapplicable
"
recontact_setappt_date,FTF ONLY:Recontact- date of apptfor Post IW,,
recontact_refreason,FTF ONLY:Recontact- reason for refusingto set Post appt,"1. Softrefusal - too busy
2. Soft refusal - too old/tooyoung
6. Soft refusal - other
7. Hardrefusal - too busy
9. Hard refusal -general not interested
10. Hardrefusal - too personal
12. Hard refusal - other
1. Soft refusal- too busy
2. Soft refusal - too old/tooyoung
6. Soft refusal - other
7. Hard refusal- too busy
9. Hard refusal -general not interested
10. Hard refusal- too personal
12. Hard refusal - other
","-1. Inapplicable
-1. Inapplicable
"
recontact_c1_name_given,FTFONLY:Recontact-didRgivenameofothercontactperson1(anytext,"1. Yes
2. No(RF)
1. Yes
2. No(RF)
","-1. Inapplicable
-1. Inapplicable
"
recontact_c1_relshp,FTF ONLY:Recontact- Respondent: relationship of other contact person1,"1. Friend
2. Relative
3. Other (SPECIFY)
1. Friend
2. Relative
3. Other (SPECIFY)
","-1. Inapplicable
-9. Refused
-1. Inapplicable
-9. Refused
"
recontact_c1_addr_given,FTF ONLY: Recontact- did R give addr of oth contact person 1 (any street,"1. Yes
2. No(RF)
1. Yes
2. No(RF)
","-1. Inapplicable
-1. Inapplicable
"
recontact_c1_phone_given,FTF ONLY:Recontact- did R givephone number of other contact person1,"1. Yes
2. No(RF)
1. Yes
2. No(RF)
","-1. Inapplicable
-1. Inapplicable
"
recontact_c1_haveothph,FTF ONLY: Recontact- Respondent: does contact person 1 have other,"1. Yes
2. No
1. Yes
2. No
","-1. Inapplicable
-9. Refused
-1. Inapplicable
-9. Refused
"
recontact_c1_haveemail,FTFONLY:Recontact-Respondent: doescontactperson1haveemailad-,"1. Yes
2. No
1. Yes
2. No
","-1. Inapplicable
-9. Refused
-1. Inapplicable
-9. Refused
"
recontact_c2_name_given,FTFONLY:Recontact-didRgivenameofothercontactperson2(anytext,"1. Yes
2. No(RF)
1. Yes
2. No(RF)
","-1. Inapplicable
-1. Inapplicable
"
recontact_c2_relshp,FTF ONLY:Recontact- Respondent: relationship of other contact person2,"1. Friend
2. Relative
3. Other (SPECIFY)
1. Friend
2. Relative
3. Other (SPECIFY)
","-1. Inapplicable
-9. Refused
-1. Inapplicable
-9. Refused
"
recontact_c2_addr_given,FTF ONLY: Recontact- did R give addr of oth contact person 2 (any street,"1. Yes
2. No(RF)
1. Yes
2. No(RF)
","-1. Inapplicable
-1. Inapplicable
"
recontact_c2_phone_given,FTF ONLY:Recontact- did R givephone number of other contact person2,"1. Yes
2. No(RF)
1. Yes
2. No(RF)
","-1. Inapplicable
-1. Inapplicable
"
recontact_c2_haveothph,FTF ONLY: Recontact- Respondent: does contact person 2 have other,"1. Yes
2. No
1. Yes
2. No
","-1. Inapplicable
-1. Inapplicable
"
recontact_c2_haveemail,FTFONLY:Recontact-Respondent: doescontactperson2haveemailad-,"1. Yes
2. No
1. Yes
2. No
","-1. Inapplicable
-9. Refused
-1. Inapplicable
-9. Refused
"
recontact_iwrid,FTFONLY:Recontact-IWRidofinterviewercompletingtherecontactmod-,,
iwrobspre_completed,FTF ONLY- Pre IWR Obs- IWR obs module completed (after Pre-election,"1. Yes
2. No
1. Yes
2. No
","-1. Inapplicable
-1. Inapplicable
"
iwrobspre_skintone,PRE: FTFONLY:IWR OBS: Skintone category of respondent,"01. Skintone
02. Skintone
03. Skintone
04. Skintone
05. Skintone
06. Skintone
07. Skintone
08. Skintone
09. Skintone
10. Skin tone
","-1. Inapplicable
-2. Missing
"
iwrobspre_winsigns,FTF ONLY:Pre IWR Obs- No. signs in window,"0. No window signs
1. One window sign
2. Twowindow signs
0. Nowindow signs
1. Onewindow sign
2. Twowindow signs
","-1. Inapplicable (same date asdu module or pre
-1. Inapplicable (same date
"
iwrobspre_winsigns_dsc,FTF ONLY:RESTRICTED: Pre IWR Obs-Describe signs in window,,"-1. Inapplicable
-3. Restricted access
-1. Inapplicable
-3. Restricted access
"
iwrobspre_frontsigns,FTF ONLY:Pre IWR Obs- No. signs outside/in front,"0. No frontsigns
1. One frontsign
2. Twofront signs
3. Three front signs
4. Four front signs
0. No frontsigns
1. One frontsign
2. Twofront signs
3. Threefront signs
4. Four front signs
","-1. Inapplicable (same date asdu module or pre
-1. Inapplicable (same date
"
iwrobspre_frontsigns_dsc,FTF ONLY:RESTRICTED: Pre IWR Obs-Describe signs in front,,"-1. Inapplicable
-3. Restricted access
-1. Inapplicable
-3. Restricted access
"
iwrobspre_sign_dpc,FTF ONLY:Pre IWR Obs- Anysign for Dem Pres cand,"1. Yes
2. No
1. Yes
2. No
","-1. Inapplicable
-1. Inapplicable
"
iwrobspre_sign_rpc,FTF ONLY:Pre IWR Obs- Anysign for Rep Pres cand,"1. Yes
2. No
1. Yes
2. No
","-1. Inapplicable
-1. Inapplicable
"
iwrobspre_othpresent1,FTF ONLY:Pre IWR Obs- Otherspresent during IW 1,"0. No one other thanR
1. Children under
2. Older chldren
3. Unknown person
4. Other relatives
5. Other adults
6. Spouse
0. No oneother than R
1. Childrenunder
2. Olderchldren
3. Unknown person
4. Other relatives
5. Other adults
6. Spouse
","-1. Inapplicable
-2. Missing
-1. Inapplicable
-2. Missing
"
iwrobspre_othpresent2,FTF ONLY:Pre IWR Obs- Otherspresent during IW 2,"2. Older chldren
3. Unknown person
4. Other relatives
5. Other adults
6. Spouse
2. Older chldren
3. Unknown person
4. Other relatives
5. Other adults
6. Spouse
","-1. Inapplicable
-2. No further mention
-1. Inapplicable
-2. No further mention
"
iwrobspre_othpresent3,FTF ONLY:Pre IWR Obs- Otherspresent during IW 3,"3. Unknown person
4. Other relatives
5. Other adults
6. Spouse
3. Unknown person
4. Other relatives
5. Other adults
6. Spouse
","-1. Inapplicable
-2. No further mention
-1. Inapplicable
-2. No further mention
"
iwrobspre_othpresent4,FTF ONLY:Pre IWR Obs- Otherspresent during IW 4,"4. Other relatives
5. Other adults
6. Spouse
4. Other relatives
5. Other adults
6. Spouse
","-1. Inapplicable
-2. No further mention
-1. Inapplicable
-2. No further mention
"
iwrobspre_othpresent5,FTF ONLY:Pre IWR Obs- Otherspresent during IW 5,"5. Other adults
6. Spouse
5. Otheradults
6. Spouse
","-1. Inapplicable
-2. No further mention
-1. Inapplicable
-2. No further mention
"
iwrobspre_othpresent6,FTF ONLY:Pre IWR Obs- Otherspresent during IW 6,"6. Spouse
6. Spouse
","-1. Inapplicable
-2. No further mention
-1. Inapplicable
-2. No further mention
"
iwrobspre_coop,FTF ONLY:PRE IWR OBS:R cooperation,"1. Verygood
2. Good
3. Fair
4. Poor
5. Verypoor
1. Verygood
2. Good
3. Fair
4. Poor
5. Verypoor
","-1. Inapplicable
-2. Missing
-1. Inapplicable
-2. Missing
"
iwrobspre_levinfo,FTF ONLY:Pre IWR Obs- Rlevel of information,"1. Veryhigh
2. Fairlyhigh
3. Average
4. Fairly low
5. Verylow
1. Veryhigh
2. Fairly high
3. Average
4. Fairly low
5. Verylow
","-1. Inapplicable
-2. Missing
-1. Inapplicable
-2. Missing
"
iwrobspre_intell,FTF ONLY:PRE IWR OBS:R intelligence,"1. Veryhigh
2. Fairlyhigh
3. Average
4. Fairly low
5. Verylow
1. Veryhigh
2. Fairly high
3. Average
4. Fairly low
5. Verylow
","-1. Inapplicable
-2. Missing
-1. Inapplicable
-2. Missing
"
iwrobspre_suspic,FTF ONLY:PRE IWR OBS:R suspicious,"1. Not atall suspicious
2. Somewhatsuspicious
3. Verysuspicious
1. Not atall suspicious
2. Somewhat suspicious
3. Verysuspicious
","-1. Inapplicable
-2. Missing
-1. Inapplicable
-2. Missing
"
iwrobspre_interest,FTF ONLY:Pre IWR Obs- Rinterest in IW,"1. Veryhigh
2. Fairlyhigh
3. Average
4. Fairly low
5. Verylow
1. Veryhigh
2. Fairly high
3. Average
4. Fairly low
5. Verylow
","-1. Inapplicable
-2. Missing
-1. Inapplicable
-2. Missing
"
iwrobspre_sincere,FTF ONLY:PRE IWR OBS:R sincere,"1. Completely sincere
2. Usuallysincere
3. Oftenseemed to be insincere
1. Completely sincere
2. Usuallysincere
3. Often seemedto be insincere
","-1. Inapplicable
-2. Missing
-1. Inapplicable
-2. Missing
"
iwrobspre_doubtsnc,FTF ONLY:Pre IWR Obs- Placeswhere sincerity doubted,"1. Yes(SPECIFY)
5. No
1. Yes(SPECIFY)
5. No
","-1. Inapplicable
-2. Missing
-1. Inapplicable
-2. Missing
"
iwrobspre_doubtsnc_dsc,FTF ONLY:RESTRICTED: Pre IWR Obs-Where sincerity doubted,,"-1. Inapplicable
-3. Restricted access
-1. Inapplicable
-3. Restricted access
"
iwrobspre_estinc,FTF ONLY:PRE IWR OBS:estimateof family income,,"-1. Inapplicable
"
iwrobspre_estage,FTF ONLY:PRE IWR OBS:R age estimate,,
iwrobspre_gender,FTF ONLY:PRE IWR OBS:R gender,"1. Male
2. Female
1. Male
2. Female
","-1. Inapplicable
-2. Missing
-1. Inapplicable
-2. Missing
"
iwrobspre_esteduc,FTF ONLY:PRE IWR OBS:R education estimate,"1. Low- probably less than high schooldiploma
2. Probablyhas a high school diploma butprobably
3. Probably a little college
4. Probably a college degree
8. Hard to guess
1. Low - probably less than
2. Probablyhasahighschool
3. Probably a little college
4. Probablya college degree
8. Hardto guess
","-1. Inapplicable
-2. Missing
-1. Inapplicable
-2. Missing
"
iwrobspre_esteduc_oth,FTF ONLY:RESTRICTED: Pre IWR Obs-Specify other: Reducation level,,"-1. Inapplicable
-3. Restricted access
-1. Inapplicable
-3. Restricted access
"
iwrobspre_react1,FTF ONLY:Pre IWR Obs- Rreaction to IW 1,"01. R hadtrouble using the tablet
02. Negative- general
03. Negative -too long
04. Negative - too complicated
05. Negative - boring/tedious/repetitious
06. R wantedto stop before interview complete
07. R was ill/deaf/tired/had bad eyesight
08. R expressed lackof knowledge for interview
09. R stressed/agitated by interviewprocess
10. R became angryat interview content
11. R concered with sampling purposeor bias
12. R could not readrespondent booklet
13. R appeared to enjoyinterview
14. Neutralor no feedback (1st mention only)
","-1. Inapplicable
-2. Missing
"
iwrobspre_react2,FTF ONLY:Pre IWR Obs- Rreaction to IW 2,"02. Negative -general
03. Negative - toolong
04. Negative - too complicated
05. Negative - boring/tedious/repetitious
06. R wanted tostop before interview complete
07. Rwas ill/deaf/tired/had bad eyesight
08. R expressed lack ofknowledge for interview
09. R stressed/agitated by interview process
10. R became angry atinterview content
11. R concered with sampling purpose orbias
12. R could not read respondentbooklet
13. R appeared to enjoy interview
","-1. Inapplicable
-2. No furthermention
"
iwrobspre_react3,FTF ONLY:Pre IWR Obs- Rreaction to IW 3,"03. Negative - toolong
04. Negative - too complicated
05. Negative - boring/tedious/repetitious
06. R wanted tostop before interview complete
07. Rwas ill/deaf/tired/had bad eyesight
08. R expressed lack ofknowledge for interview
09. R stressed/agitated by interview process
10. R became angry atinterview content
11. R concered with sampling purpose orbias
12. R could not read respondentbooklet
13. R appeared to enjoy interview
","-1. Inapplicable
-2. No furthermention
"
iwrobspre_react4,FTF ONLY:Pre IWR Obs- Rreaction to IW 4,"04. Negative - too complicated
05. Negative - boring/tedious/repetitious
06. R wanted tostop before interview complete
07. Rwas ill/deaf/tired/had bad eyesight
08. R expressed lack ofknowledge for interview
09. R stressed/agitated by interview process
10. R became angry atinterview content
11. R concered with sampling purpose orbias
12. R could not read respondentbooklet
13. R appeared to enjoy interview
","-1. Inapplicable
-2. No furthermention
"
iwrobspre_react5,FTF ONLY:Pre IWR Obs- Rreaction to IW 5,"05. Negative - boring/tedious/repetitious
06. R wanted tostop before interview complete
07. Rwas ill/deaf/tired/had bad eyesight
08. R expressed lack ofknowledge for interview
09. R stressed/agitated by interview process
10. R became angry atinterview content
12. R could not read respondentbooklet
13. R appeared to enjoy interview
05. Negative - boring/tedious/repetitious
06. Rwanted to stop before interview complete
07. R was ill/deaf/tired/had bad eyesight
08. R expressedlack of knowledge for interview
09. R stressed/agitated byinterview process
10. Rbecame angry at interview content
12. R could notread respondent booklet
13. R appeared toenjoy interview
","-1. Inapplicable
-2. No furthermention
-1. Inapplicable
-2. No further mention
"
iwrobspre_react6,FTF ONLY:Pre IWR Obs- Rreaction to IW 6,"06. R wanted tostop before interview complete
08. R expressed lack ofknowledge for interview
09. R stressed/agitated by interview process
10. R became angry atinterview content
13. R appeared to enjoy interview
06. Rwanted to stop before interview complete
08. R expressedlack of knowledge for interview
09. R stressed/agitated byinterview process
10. Rbecame angry at interview content
13. R appeared toenjoy interview
","-1. Inapplicable
-2. No furthermention
-1. Inapplicable
-2. No further mention
"
iwrobspre_react7,FTF ONLY:Pre IWR Obs- Rreaction to IW 7,"07. R was ill/deaf/tired/had bad eyesight
09. R stressed/agitated by interviewprocess
11. R concered with samplingpurpose or bias
12. R could not readrespondent booklet
07. R was ill/deaf/tired/had bad eyesight
09. R stressed/agitated by interviewprocess
11. R concered with samplingpurposeor bias
12. R could not readrespondent booklet
","-1. Inapplicable
-2. Nofurther mention
-1. Inapplicable
-2. Nofurther mention
"
iwrobspre_react8,FTF ONLY:Pre IWR Obs- Rreaction to IW 8,"08. R expressed lack ofknowledge for interview
08. R expressedlack of knowledge for interview
","-1. Inapplicable
-2. No furthermention
-1. Inapplicable
-2. No further mention
"
iwrobspre_react9,FTF ONLY:Pre IWR Obs- Rreaction to IW 9,"09. R stressed/agitated by interview process
09. R stressed/agitated by interview process
","-1. Inapplicable
-1. Inapplicable
"
iwrobspre_iwrentry_casi,FTF ONLY:Pre IWR Obs- DidR enter all CASI responses himself/herself,"1. Respondent entered all CASI items
2. Interviewer answered at least1 CASI item
1. Respondent entered all CASI items
2. Interviewer answered at least1 CASI item
","-1. Inapplicable
-2. Missing
-1. Inapplicable
-2. Missing
"
iwrobspre_iwraid_casi1,FTF ONLY:Pre IWR Obs- DidR require any assistance in CASImodule 1,"1. No,no assistance was necessary
2. Yes,R required assistance due tovisual
3. Yes,R required assistance dueto physical
4. Yes,Rrequired assistance due to other physical
1. No,no assistance was
2. Yes,Rrequired assistance
3. Yes,Rrequired assistance
4. Yes,Rrequired assistance
","-1. Inapplicable
-2. Missing
-1. Inapplicable
-2. Missing
"
iwrobspre_iwraid_casi2,FTF ONLY:Pre IWR Obs- DidR require any assistance in CASImodule 2,"3. Yes,R required assistance dueto physical
4. Yes,Rrequired assistance due to other physical
3. Yes,Rrequired assistance
4. Yes,Rrequired assistance
","-1. Inapplicable
-2. No further mention
-1. Inapplicable
-2. No further mention
"
iwrobspre_iwraid_casi3,FTF ONLY:Pre IWR Obs- DidR require any assistance in CASImodule 3,"4. Yes,Rrequired assistance due to other physical
4. Yes,Rrequired assistance
","-1. Inapplicable
-2. No further mention
-1. Inapplicable
-2. No further mention
"
iwrobspre_datecompl,FTF ONLY:Pre IWR Obs- DateIWR obs module completed,,
iwrobspre_iwrid,FTFONLY:PreIWRobs-IWRidofinterviewercompletingPreIWRobser-,,
iwrobspost_completed,FTFONLY-PostIWRObs-IWRobsmodulecompleted(afterPost-election,"1. Yes
2. No
1. Yes
2. No
","-1. Inapplicable
-1. Inapplicable
"
iwrobspost_othpresent1,FTF ONLY:Post IWR Obs- Otherspresent during IW 1,"0. No one other thanR
1. Children under
2. Older chldren
3. Unknown person
4. Other relatives
5. Other adults
6. Spouse
0. No oneother than R
1. Childrenunder
2. Olderchldren
3. Unknown person
4. Other relatives
5. Other adults
6. Spouse
","-1. Inapplicable
-1. Inapplicable
"
iwrobspost_othpresent2,FTF ONLY:Post IWR Obs- Otherspresent during IW 2,"2. Older chldren
3. Unknown person
4. Other relatives
5. Other adults
6. Spouse
2. Older chldren
3. Unknown person
4. Other relatives
5. Other adults
6. Spouse
","-1. Inapplicable
-2. No further mention
-1. Inapplicable
-2. No further mention
"
iwrobspost_othpresent3,FTF ONLY:Post IWR Obs- Otherspresent during IW 3,"3. Unknown person
4. Other relatives
5. Other adults
6. Spouse
3. Unknown person
4. Other relatives
5. Other adults
6. Spouse
","-1. Inapplicable
-2. No further mention
-1. Inapplicable
-2. No further mention
"
iwrobspost_othpresent4,FTF ONLY:Post IWR Obs- Otherspresent during IW 4,"4. Other relatives
5. Other adults
6. Spouse
4. Other relatives
5. Other adults
6. Spouse
","-1. Inapplicable
-2. No further mention
-1. Inapplicable
-2. No further mention
"
iwrobspost_othpresent5,FTF ONLY:Post IWR Obs- Otherspresent during IW 5,"5. Other adults
6. Spouse
5. Otheradults
6. Spouse
","-1. Inapplicable
-2. No further mention
-1. Inapplicable
-2. No further mention
"
iwrobspost_othpresent6,FTF ONLY:Post IWR Obs- Otherspresent during IW 6,"6. Spouse
6. Spouse
","-1. Inapplicable
-2. No further mention
-1. Inapplicable
-2. No further mention
"
iwrobspost_coop,FTF ONLY:Post IWR Obs- Rcooperation,"1. Verygood
2. Good
3. Fair
4. Poor
5. Verypoor
1. Verygood
2. Good
3. Fair
4. Poor
5. Verypoor
","-1. Inapplicable
-1. Inapplicable
"
iwrobspost_levinfo,FTF ONLY:Post IWR Obs- Rlevel of information,"1. Veryhigh
2. Fairlyhigh
3. Average
4. Fairly low
5. Verylow
1. Veryhigh
2. Fairly high
3. Average
4. Fairly low
5. Verylow
","-1. Inapplicable
-1. Inapplicable
"
iwrobspost_intell,FTF ONLY:Post IWR Obs- Rapparent intelligence,"1. Veryhigh
2. Fairlyhigh
3. Average
4. Fairly low
5. Verylow
1. Veryhigh
2. Fairly high
3. Average
4. Fairly low
5. Verylow
","-1. Inapplicable
-1. Inapplicable
"
iwrobspost_suspic,FTF ONLY:Post IWR Obs- Rsuspicious,"1. Not atall suspicious
2. Somewhatsuspicious
3. Verysuspicious
1. Not atall suspicious
2. Somewhat suspicious
3. Verysuspicious
","-1. Inapplicable
-1. Inapplicable
"
iwrobspost_interest,FTF ONLY:Post IWR Obs- Rinterest in IW,"1. Veryhigh
2. Fairlyhigh
3. Average
4. Fairly low
5. Verylow
1. Veryhigh
2. Fairly high
3. Average
4. Fairly low
5. Verylow
","-1. Inapplicable
-1. Inapplicable
"
iwrobspost_sincere,FTF ONLY:Post IWR Obs- Rsincerity,"1. Completely sincere
2. Usuallysincere
3. Oftenseemed to be insincere
1. Completely sincere
2. Usuallysincere
3. Often seemedto be insincere
","-1. Inapplicable
-1. Inapplicable
"
iwrobspost_doubtsnc,FTF ONLY:Post IWR Obs- Placeswhere sincerity doubted,"1. Yes(SPECIFY)
5. No
1. Yes(SPECIFY)
5. No
","-1. Inapplicable
-1. Inapplicable
"
iwrobspost_doubtsnc_dsc,FTF ONLY:RESTRICTED: POST IWR Obs-Where sincerity doubted,,"-1. Inapplicable
-3. Restricted access
-1. Inapplicable
-3. Restricted access
"
iwrobspost_react1,FTF ONLY:Post IWR Obs- Rreaction to IW 1,"01. R hadtrouble using the tablet
02. Negative- general
03. Negative -too long
04. Negative - too complicated
05. Negative - boring/tedious/repetitious
06. R wantedto stop before interview complete
07. R was ill/deaf/tired/had bad eyesight
08. R expressed lackof knowledge for interview
09. R stressed/agitated by interviewprocess
10. R became angryat interview content
11. R concered with sampling purposeor bias
12. R could not readrespondent booklet
13. R appeared to enjoyinterview
14. Neutralor no feedback (1st mention only)
","-1. Inapplicable
"
iwrobspost_react2,FTF ONLY:Post IWR Obs- Rreaction to IW 2,"02. Negative -general
03. Negative - toolong
04. Negative - too complicated
05. Negative - boring/tedious/repetitious
06. R wanted tostop before interview complete
07. Rwas ill/deaf/tired/had bad eyesight
08. R expressed lack ofknowledge for interview
09. R stressed/agitated by interview process
10. R became angry atinterview content
11. R concered with sampling purpose orbias
12. R could not read respondentbooklet
13. R appeared to enjoy interview
","-1. Inapplicable
-2. No furthermention
"
iwrobspost_react3,FTF ONLY:Post IWR Obs- Rreaction to IW 3,"03. Negative - toolong
04. Negative - too complicated
05. Negative - boring/tedious/repetitious
06. R wanted tostop before interview complete
07. Rwas ill/deaf/tired/had bad eyesight
08. R expressed lack ofknowledge for interview
09. R stressed/agitated by interview process
10. R became angry atinterview content
11. R concered with sampling purpose orbias
12. R could not read respondentbooklet
13. R appeared to enjoy interview
","-1. Inapplicable
-2. No furthermention
"
iwrobspost_react4,FTF ONLY:Post IWR Obs- Rreaction to IW 4,"04. Negative - too complicated
05. Negative - boring/tedious/repetitious
06. R wanted tostop before interview complete
07. Rwas ill/deaf/tired/had bad eyesight
08. R expressed lack ofknowledge for interview
09. R stressed/agitated by interview process
10. R became angry atinterview content
11. R concered with sampling purpose orbias
12. R could not read respondentbooklet
13. R appeared to enjoy interview
","-1. Inapplicable
-2. No furthermention
"
iwrobspost_react5,FTF ONLY:Post IWR Obs- Rreaction to IW 5,"05. Negative - boring/tedious/repetitious
06. R wanted tostop before interview complete
07. Rwas ill/deaf/tired/had bad eyesight
08. R expressed lack ofknowledge for interview
11. R concered with sampling purpose orbias
12. R could not read respondentbooklet
13. R appeared to enjoy interview
05. Negative - boring/tedious/repetitious
06. Rwanted to stop before interview complete
07. R was ill/deaf/tired/had bad eyesight
08. R expressedlack of knowledge for interview
11. R concered withsampling purpose or bias
12. R could notread respondent booklet
13. R appeared toenjoy interview
","-1. Inapplicable
-2. No furthermention
-1. Inapplicable
-2. No further mention
"
iwrobspost_react6,FTF ONLY:Post IWR Obs- Rreaction to IW 6,"06. R wanted tostop before interview complete
07. Rwas ill/deaf/tired/had bad eyesight
08. R expressed lack ofknowledge for interview
12. R could not read respondentbooklet
06. Rwanted to stop before interview complete
07. R was ill/deaf/tired/had bad eyesight
08. R expressedlack of knowledge for interview
12. R could notread respondent booklet
","-1. Inapplicable
-2. No furthermention
-1. Inapplicable
-2. No further mention
"
iwrobspost_react7,FTF ONLY:Post IWR Obs- Rreaction to IW 7,"07. Rwas ill/deaf/tired/had bad eyesight
08. R expressed lack ofknowledge for interview
09. R stressed/agitated by interview process
13. R appeared to enjoy interview
07. R was ill/deaf/tired/had bad eyesight
08. R expressedlack of knowledge for interview
09. R stressed/agitated byinterview process
13. R appeared toenjoy interview
","-1. Inapplicable
-2. No furthermention
-1. Inapplicable
-2. No further mention
"
iwrobspost_react8,FTF ONLY:Post IWR Obs- Rreaction to IW 8,"08. R expressed lack ofknowledge for interview
10. R became angryatinterview content
11. R concered with sampling purpose orbias
08. R expressedlack of knowledge for interview
10. Rbecame angry at interview content
11. R concered withsampling purpose or bias
","-1. Inapplicable
-2. No furthermention
-1. Inapplicable
-2. No further mention
"
iwrobspost_iwrentry_casi,FTF ONLY:Post IWR Obs- DidR enter all CASI responses himself/herself,"1. Respondent entered all CASI items
2. Interviewer answered at least1 CASI item
1. Respondent entered all CASI items
2. Interviewer answered at least1 CASI item
","-1. Inapplicable
-1. Inapplicable
"
iwrobspost_iwraid_casi,FTF ONLY:Post IWR Obs- DidR require any assistance in CASImodule,"1. No,no assistance was necessary
2. Yes,R required assistance due tovisual
3. Yes,R required assistance dueto physical
4. Yes,Rrequired assistance due to other physical
1. No,no assistance was
2. Yes,Rrequired assistance
3. Yes,Rrequired assistance
4. Yes,Rrequired assistance
","-1. Inapplicable
-1. Inapplicable
"
iwrobspost_datecompl,FTF ONLY:Post IWR Obs- DateIWR obs module completed,,
iwrobspost_iwrid,FTF ONLY: Post IWR obs- IWR id of interviewer completing Post IWR ob-,,
iwrdesc_pre_completed,FTF ONLY:Pre survey IWR description: IWR agree todescription module,"1. Yes,at least
2. No, noIWR descr items completed for pre
1. Yes,atleast
2. No, no IWR descritems
","-1. Inapplicable
-1. Inapplicable
"
iwrdesc_pre_iwrid,FTF ONLY:Pre survey IWR description: pre-election survey IWRid,,
iwrdesc_pre_skintone,FTF ONLY:Pre survey IWR descr: skintone,"2. Skintone2
3. Skintone3
4. Skintone4
5. Skintone5
6. Skintone6
7. Skintone7
8. Skintone8
9. Skintone9
","-1. Inapplicable
-2. Missing
-9. Refused
"
iwrdesc_pre_born_year,FTF ONLY:RESTRICTED: Pre survey IWRdescr: year born,,"-1. Inapplicable
-3. Restricted access
-1. Inapplicable
-3. Restricted access
"
iwrdesc_pre_age,FTF ONLY:RESTRICTED: Pre survey IWRdescr: age,,"-1. Inapplicable
-3. Restricted access
-1. Inapplicable
-3. Restricted access
"
iwrdesc_pre_agegrp,FTF ONLY:Pre survey IWR descr: agr group,"1. Age18-34
2. Age35-50
3. Age51-64
4. Age
1. Age
2. Age
3. Age
4. Age
","-1. Inapplicable
-2. Missing
-9. Refused (byIWR)
-1. Inapplicable
-2. Missing
-9. Refused (by IWR)
"
iwrdesc_pre_educ,FTF ONLY:RESTRICTED: Pre survey IWRdescr: education,,"-1. Inapplicable
-3. Restricted access
-1. Inapplicable
-3. Restricted access
"
iwrdesc_pre_educgrp,FTF ONLY:Pre survey IWR descr: education group,"1. High school level
2. College level
1. High school level
2. College level
","-1. Inapplicable
-2. Missing
-9. Refused (by IWR)
-1. Inapplicable
-2. Missing
-9. Refused (by IWR)
"
iwrdesc_pre_gender,FTF ONLY:Pre survey IWR descr: gender,"1. Male
2. Female
1. Male
2. Female
","-1. Inapplicable
-2. Missing
-9. Refused (by IWR)
-1. Inapplicable
-2. Missing
-9. Refused (by IWR)
"
iwrdesc_pre_lang,FTF ONLY:Pre survey IWR descr: Spanish spoken,"1. Fluent inSpanish
2. Speak Spanish, not fluently
3. Donot speak Spanish
1. Fluent in Spanish
2. SpeakSpanish, not fluently
3. Do notspeak Spanish
","-1. Inapplicable
-2. Missing
-9. Refused (by IWR)
-1. Inapplicable
-2. Missing
-9. Refused (by IWR)
"
iwrdesc_pre_exper,FTF ONLY:RESTRICTED: Pre survey IWRdescr: experience,,"-1. Inapplicable
-3. Restricted access
-1. Inapplicable
-3. Restricted access
"
iwrdesc_pre_exper_grp,FTF ONLY:Pre survey IWR descr: experience (grouped),,"-1. Inapplicable
-2. Missing
-9. Refused (byIWR)
-1. Inapplicable
-2. Missing
-9. Refused (by IWR)
"
iwrdesc_pre_hisp,FTF ONLY:Pre survey IWR descr: Hispanic,"1. Yes
2. No
1. Yes
2. No
","-1. Inapplicable
-2. Missing
-9. Refused (by IWR)
-1. Inapplicable
-2. Missing
-9. Refused (by IWR)
"
iwrdesc_pre_race_white,FTF ONLY:Pre survey IWR descr: White,"0. Not selected
1. White
0. Not selected
1. White
","-1. Inapplicable
-2. Missing
-9. Refused (by IWR)
-1. Inapplicable
-2. Missing
-9. Refused (by IWR)
"
iwrdesc_pre_race_black,FTF ONLY:Pre survey IWR descr: Black,"0. Not selected
1. Black or African-American
0. Not selected
1. Black or African-American
","-1. Inapplicable
-2. Missing
-9. Refused (by IWR)
-1. Inapplicable
-2. Missing
-9. Refused (by IWR)
"
iwrdesc_pre_race_other,FTF ONLY:Pre survey IWR descr: Race other thanwhite or black,"0. Not selected
1. Other selected
0. Not selected
1. Other selected
","-1. Inapplicable
-2. Missing
-9. Refused (by IWR)
-1. Inapplicable
-2. Missing
-9. Refused (by IWR)
"
pre_iwrdsc_race_native,FTF ONLY:RESTRICTED: Pre survey IWRdescr: Native american,,"-1. Inapplicable
-3. Restricted access
-1. Inapplicable
-3. Restricted access
"
iwrdesc_pre_race_asian,FTF ONLY:RESTRICTED: Pre survey IWRdescr: Asian,,"-1. Inapplicable
-3. Restricted access
-1. Inapplicable
-3. Restricted access
"
iwrdesc_pre_race_pacif,FTFONLY:RESTRICTED:PresurveyIWRdescr: PacificIslanderorNative,,"-1. Inapplicable
-3. Restricted access
-1. Inapplicable
-3. Restricted access
"
iwrdesc_pre_race_oth,FTF ONLY:RESTRICTED: Pre survey IWRdescr: Other race,,"-1. Inapplicable
-3. Restricted access
-1. Inapplicable
-3. Restricted access
"
iwrdesc_pre_pid,FTF ONLY:Pre survey IWR descr: Party ID,"1. Democrat
2. Republican
3. Independent
4. Something else
1. Democrat
2. Republican
3. Independent
4. Something else
","-1. Inapplicable
-9. Refused (byIWR)
-1. Inapplicable
-9. Refused (by IWR)
"
iwrdesc_pre_pid_demstr,FTF ONLY:Pre survey IWR descr: strong Democrat,"1. Strong Democrat
2. Not verystrong Democrat
1. Strong Democrat
2. Not very strongDemocrat
","-1. Inapplicable
-2. Missing
-9. Refused (by IWR)
-1. Inapplicable
-2. Missing
-9. Refused (by IWR)
"
iwrdesc_pre_pid_repstr,FTF ONLY:Pre survey IWR descr: strong Republican,"1. Strong Republican
2. Not very strongRepublican
1. StrongRepublican
2. Not very strongRepublican
","-1. Inapplicable
-1. Inapplicable
"
iwrdesc_pre_pid_lean,FTF ONLY:Pre survey IWR descr: leaning toward eithermajor party,"1. Closer tothe Republican party
2. Closerto the Democratic party
3. Neither
1. Closer tothe Republican party
2. Closer tothe Democratic party
3. Neither
","-1. Inapplicable
-9. Refused (by IWR)
-1. Inapplicable
-9. Refused (by IWR)
"
iwrdesc_post_completed,FTFONLY:PostsurveyIWRdescription: IWRagreetodescriptionmodule,"1. Yes,at least
2. No,no IWR descr items completed forpost
1. Yes,atleast
2. No, no IWR descritems
","-1. Inapplicable
-1. Inapplicable
"
iwrdesc_post_iwrid,FTF ONLY:Post survey IWR description-post-election survey IWR id,,
iwrdesc_post_skintone,FTF ONLY:Post survey IWR descr: skintone,"2. Skintone
3. Skintone
4. Skintone
5. Skintone
6. Skintone
7. Skintone
8. Skintone
9. Skintone
","-1. Inapplicable
-2. Missing
-9. Refused
"
iwrdesc_post_born_year,FTF ONLY:RESTRICTED: Post survey IWRdescr: year born,,"-1. Inapplicable
-3. Restricted access
-1. Inapplicable
-3. Restricted access
"
iwrdesc_post_age,FTF ONLY:RESTRICTED: Post survey IWRdescr: age,,"-1. Inapplicable
-3. Restricted access
-1. Inapplicable
-3. Restricted access
"
iwrdesc_post_agegrp,FTF ONLY:Post survey IWR descr: agr group,"1. Age
2. Age
3. Age
4. Age65+
1. Age
2. Age
3. Age
4. Age
","-1. Inapplicable
-2. Missing
-9. Refused (by IWR)
-1. Inapplicable
-2. Missing
-9. Refused (by IWR)
"
iwrdesc_post_educ,FTF ONLY:RESTRICTED: Post survey IWRdescr: education,,"-1. Inapplicable
-3. Restricted access
-1. Inapplicable
-3. Restricted access
"
iwrdesc_post_educgrp,FTF ONLY:Post survey IWR descr: education group,"1. High school level
2. College level
1. High school level
2. College level
","-1. Inapplicable
-2. Missing
-9. Refused (by IWR)
-1. Inapplicable
-2. Missing
-9. Refused (by IWR)
"
iwrdesc_post_gender,FTF ONLY:Post survey IWR descr: gender,"1. Male
2. Female
1. Male
2. Female
","-1. Inapplicable
-2. Missing
-9. Refused (by IWR)
-1. Inapplicable
-2. Missing
-9. Refused (by IWR)
"
iwrdesc_post_lang,FTF ONLY:Post survey IWR descr: Spanish spoken,"1. Fluent in Spanish
2. Speak Spanish,not fluently
3. Do not speak Spanish
1. Fluent in Spanish
2. SpeakSpanish, not fluently
3. Do notspeak Spanish
","-1. Inapplicable
-2. Missing
-9. Refused (byIWR)
-1. Inapplicable
-2. Missing
-9. Refused (by IWR)
"
iwrdesc_post_exper,FTF ONLY:RESTRICTED: Post survey IWRdescr: experience,,"-1. Inapplicable
-3. Restricted access
-1. Inapplicable
-3. Restricted access
"
iwrdesc_post_exper_grp,FTF ONLY:Post survey IWR descr: experience (grouped),,"-1. Inapplicable
-2. Missing
-9. Refused (by IWR)
-1. Inapplicable
-2. Missing
-9. Refused (by IWR)
"
iwrdesc_post_hisp,FTF ONLY:Post survey IWR descr: Hispanic,"1. Yes
2. No
1. Yes
2. No
","-1. Inapplicable
-2. Missing
-9. Refused (by IWR)
-1. Inapplicable
-2. Missing
-9. Refused (by IWR)
"
iwrdesc_post_race_white,FTF ONLY:Post survey IWR descr: White,"0. Not selected
1. White
0. Not selected
1. White
","-1. Inapplicable
-9. Refused (by IWR)
-1. Inapplicable
-9. Refused (by IWR)
"
iwrdesc_post_race_black,FTF ONLY:Post survey IWR descr: Black,"0. Not selected
1. Black or African-American
0. Not selected
1. Black or African-American
","-1. Inapplicable
-9. Refused (by IWR)
-1. Inapplicable
-9. Refused (by IWR)
"
iwrdesc_post_race_other,FTF ONLY:Post survey IWR descr: Race other thanwhite or black,"0. Not selected
1. Other selected
0. Not selected
1. Other selected
","-1. Inapplicable
-9. Refused (by IWR)
-1. Inapplicable
-9. Refused (by IWR)
"
post_iwrdsc_racenative,FTF ONLY:RESTRICTED: Post survey IWRdescr: Native american,,"-1. Inapplicable
-3. Restricted access
-1. Inapplicable
-3. Restricted access
"
iwrdesc_post_raceasian,FTF ONLY:RESTRICTED: Post survey IWRdescr: Asian,,"-1. Inapplicable
-3. Restricted access
-1. Inapplicable
-3. Restricted access
"
iwrdesc_post_racepacif,FTF ONLY: RESTRICTED: Post survey IWR descr: Pacific Islander or Na-,,"-1. Inapplicable
-3. Restricted access
-1. Inapplicable
-3. Restricted access
"
iwrdesc_post_race_oth,FTF ONLY:RESTRICTED: Post survey IWRdescr: Other race,,"-1. Inapplicable
-3. Restricted access
-1. Inapplicable
-3. Restricted access
"
iwrdesc_post_pid,FTF ONLY:Post survey IWR descr: Party ID,"1. Democrat
2. Republican
3. Independent
4. Somethingelse
1. Democrat
2. Republican
3. Independent
4. Something else
","-1. Inapplicable
-9. Refused (by IWR)
-1. Inapplicable
-9. Refused (by IWR)
"
iwrdesc_post_pid_demstr,FTF ONLY:Post survey IWR descr: strong Democrat,"1. Strong Democrat
2. Not verystrong Democrat
1. Strong Democrat
2. Not very strongDemocrat
","-1. Inapplicable
-2. Missing
-9. Refused (by IWR)
-1. Inapplicable
-2. Missing
-9. Refused (by IWR)
"
iwrdesc_post_pid_repstr,FTF ONLY:Post survey IWR descr: strong Republican,"1. Strong Republican
2. Not very strongRepublican
1. StrongRepublican
2. Not very strongRepublican
","-1. Inapplicable
-1. Inapplicable
"
iwrdesc_post_pid_lean,FTF ONLY:Post survey IWR descr: leaning toward eithermajor party,"1. Closer tothe Republican party
2. Closerto the Democratic party
3. Neither
1. Closer tothe Republican party
2. Closer tothe Democratic party
3. Neither
","-1. Inapplicable
-9. Refused (by IWR)
-1. Inapplicable
-9. Refused (by IWR)
"
profile_completed,WEB ONLY:Core profile- Date completed,,
profile_panelentrydate,WEB ONLY:Date R entered thePanel (YYYYMMDD),,
profile_recruittype,WEB ONLY:Panel recruitment type,,
profile_surveyscompleted,"WEBONLY:NumberofsurveyscompleteduptoandincludingOctober10,",,
profile_headhh,WEB ONLY:Core profile- R householdhead,"0. No
1. Yes
0. No
1. Yes
","-1. Inapplicable
-1. Inapplicable
"
profile_hhsize,WEB ONLY:Core profile- Size ofR household,,
profile_housing,WEB ONLY:Core profile- Housing typeof respondent home,"1. A one-family house detached fromany other
2. A one-familyhouse attached to one or more
3. A buildingwith
4. A mobilehome
5. Boat, rv,van, etc.
1. A one-familyhouse
2. A one-familyhouse
3. A building with
4. A mobilehome
5. Boat, rv,van, etc.
","-1. Inapplicable
-1. Inapplicable
"
profile_homeown,WEB ONLY:Core profile- R homeownership status,"1. Owned or being boughtby you or someone in
2. Rentedfor cash
3. Occupied without payment of cashrent
1. Owned or being boughtby
2. Rented forcash
3. Occupiedwithout payment
","-1. Inapplicable
-1. Inapplicable
"
profile_educdegree,WEB ONLY:Core profile- R education,"1. No formal education
9. Highschoolgraduate-highschooldiplomaorthe
10. Some college,no degree
11. Associate degree
12. Bachelors degree
13. Masters degree
14. Professionalor doctorate degree
","-1. Inapplicable
"
profile_educ,WEB ONLY:Core profile- R education4 categories,"1. Less than high school
2. High school
3. Some college
4. Bachelor's degree orhigher
1. Less than high school
2. High school
3. Some college
4. Bachelor's degree or higher
","-1. Inapplicable
-1. Inapplicable
"
profile_region9,WEB ONLY:Core profile- Sample addressregion 9 categories,"1. New england
2. Mid-atlantic
3. East-north central
4. West-northcentral
5. Southatlantic
6. East-south central
7. West-southcentral
8. Mountain
9. Pacific
1. New england
2. Mid-atlantic
3. East-north central
4. West-northcentral
5. South atlantic
6. East-south central
7. West-southcentral
8. Mountain
9. Pacific
","-1. Inapplicable
-1. Inapplicable
"
profile_hhchild0to1,WEB ONLY:RESTRICTED: Core profile- householdchildren 0-1,,"-1. Inapplicable
-3. Restricted access
-1. Inapplicable
-3. Restricted access
"
profile_hhchild2to5,WEB ONLY:RESTRICTED: Core profile- householdchildren 2-5,,"-1. Inapplicable
-3. Restricted access
-1. Inapplicable
-3. Restricted access
"
profile_hhchild6to12,WEB ONLY:RESTRICTED: Core profile- householdchildren 6-12,,"-1. Inapplicable
-3. Restricted access
-1. Inapplicable
-3. Restricted access
"
profile_hhchild13to17,WEB ONLY:RESTRICTED: Core profile- householdchildren 13-17,,"-1. Inapplicable
-3. Restricted access
-1. Inapplicable
-3. Restricted access
"
profile_hhchild0to5_x,WEB ONLY:SUMMARY:Coreprofile- household children 0-5,,
profile_hhchild6to17_x,WEB ONLY:SUMMARY:Coreprofile- household children 6-17,,
profile_hhadults,WEB ONLY:Core profile- household adults18/older,,
profile_raceeth,WEB ONLY:Core profile- Race-ethnicity,"1. White, non-Hispanic
2. Black, non-Hispanic
3. Other,non-Hispanic (incl.
4. Hispanic
1. White, non-Hispanic
2. Black, non-Hispanic
3. Other,non-Hispanic (incl.
4. Hispanic
","-1. Inapplicable
-1. Inapplicable
"
profile_gender,WEB ONLY:Core profile- R gender,"1. Male
2. Female
1. Male
2. Female
","-1. Inapplicable
-1. Inapplicable
"
profile_marital,WEB ONLY:Core profile- R maritalstatus,"1. Married
2. Widowed
3. Divorced
4. Separated
5. Nevermarried
6. Living with partner
1. Married
2. Widowed
3. Divorced
4. Separated
5. Nevermarried
6. Livingwith partner
","-1. Inapplicable
-1. Inapplicable
"
profile_hhincome,WEB ONLY:Core profile- household income19 categories,,"-1. Inapplicable
"
profile_empstatus,WEB ONLY:Core profile- Current employmentstatus -- OLD,"1. Working- asa paid employee
2. Working- self-employed
3. Notworking - on temporary layofffrom a job
4. Notworking - looking for work
5. Not working -retired
6. Not working - disabled
7. Notworking - other
1. Working- asa paid employee
2. Working-self-employed
3. Notworking - on temporary layofffroma job
4. Notworking - looking for work
5. Not working - retired
6. Not working - disabled
7. Not working- other
","-1. Inapplicable
-1. Inapplicable
"
profile_inetaccess,WEB ONLY:Core profile- household internetaccess,"0. No
1. Yes
0. No
1. Yes
","-1. Inapplicable
-1. Inapplicable
"
profile_pid7_x,WEB ONLY:SUMMARY:Coreprofile- political party affiliation(7 cat),"1. Strong Republican
2. Not strong Republican
3. LeansRepublican
4. Undecided/Independent/other
5. Leans Democrat
6. Not strong Democrat
7. StrongDemocrat
1. Strong Republican
2. Notstrong Republican
3. Leans Republican
4. Undecided/Independent/other
5. Leans Democrat
6. Not strong Democrat
7. Strong Democrat
","-1. Inapplicable
-1. Inapplicable
"
profile_hhmembers,WEB ONLY:Core profile Are thereother members in household,"0. No
1. Yes
0. No
1. Yes
","-1. Inapplicable
-1. Inapplicable
"
profile_race_r,WEB ONLY:Core profile- Race (collapsed),"1. White
2. Black or African American
3. Other
1. White
2. Black or African American
3. Other
","-1. Inapplicable
-1. Inapplicable
"
profile_racefull_r,WEB ONLY:Core profile- Race,"1. White
2. Blackor African American
3. AmericanIndian or Alaska Native
4. Asian/Pacific Islander
5. Someother race
1. White
2. Blackor African American
3. AmericanIndian or Alaska Native
4. Asian/Pacific Islander
5. Some otherrace
","-1. Inapplicable
-1. Inapplicable
"
profile_censusrace_r,"WEB ONLY:Core profile- Race, Censuscategories (collapsed)","1. White
2. Black or African American
3. Other
1. White
2. Black or African American
3. Other
","-1. Inapplicable
-1. Inapplicable
"
profile_censusracefull_r,"WEB ONLY:Core profile- Race, Censuscategories","1. White
2. Blackor African American
3. AmericanIndian or Alaska Native
4. Asian
5. NativeHawaiian/Pacific Islander
1. White
2. Blackor African American
3. AmericanIndian or Alaska Native
4. Asian
5. NativeHawaiian/Pacific Islander
","-1. Inapplicable
-1. Inapplicable
"
profile_hisp,"WEBONLY:Coreprofile-AreyouofSpanish,Hispanic,orLatinodescent?","1. No, I amnot
2. Yes,Mexican, Mexican-American, Chicano
3. Yes,Puerto Rican
4. Yes,Cuban
5. Yes,Central American
6. Yes,SouthAmerican
7. Yes,Caribbean
8. Yes,other Spanish/Hispanic/Latino
1. No, I amnot
2. Yes,Mexican, Mexican-American, Chicano
3. Yes,Puerto Rican
4. Yes,Cuban
5. Yes,Central American
6. Yes,SouthAmerican
7. Yes,Caribbean
8. Yes,other Spanish/Hispanic/Latino
","-1. Inapplicable
-1. Inapplicable
"
profile_lang,WEB ONLY:Core profile- R language,"1. English
2. Spanish
3. Choice
1. English
2. Spanish
3. Choice
","-1. Inapplicable
-1. Inapplicable
"
profile_preferlang,WEB ONLY:Core profile- R preferto do surveys in Spanish orEnglish,"1. Spanish
2. English
1. Spanish
2. English
","-1. Inapplicable
-1. Inapplicable
"
profile_primelang,WEB ONLY:Core profile- R primarylanguage,"1. English proficient
2. Bilingual
3. Spanishproficient
1. English proficient
2. Bilingual
3. Spanishproficient
","-1. Inapplicable
-6. Not asked, unit nonresponse
-1. Inapplicable
-6. Not asked, unit nonresponse
"
profile_spanspeak,WEB ONLY:Core profile- Level ofSpanish speaking proficiency,"1. Verywell
2. Pretty well
3. Just a little
4. Not atall
5. Don't know
1. Verywell
2. Pretty well
3. Just a little
4. Not at all
5. Don'tknow
","-1. Inapplicable
-9. Refused
-1. Inapplicable
-9. Refused
"
profile_spanread,WEB ONLY:Core profile- Level ofSpanish reading proficiency,"1. Verywell
2. Pretty well
3. Just a little
4. Not atall
5. Don't know
1. Verywell
2. Pretty well
3. Just a little
4. Not at all
5. Don'tknow
","-1. Inapplicable
-9. Refused
-1. Inapplicable
-9. Refused
"
profile_engspeak,WEB ONLY:Core profile- Level ofEnglish speaking proficiency,"1. Verywell
2. Pretty well
3. Just a little
4. Not atall
5. Don't know
1. Verywell
2. Pretty well
3. Just a little
4. Not at all
5. Don'tknow
","-1. Inapplicable
-9. Refused
-1. Inapplicable
-9. Refused
"
profile_engread,WEB ONLY:Core profile- Level ofEnglish reading proficiency,"1. Verywell
2. Pretty well
3. Just a little
4. Not atall
5. Don't know
1. Verywell
2. Pretty well
3. Just a little
4. Not at all
5. Don'tknow
","-1. Inapplicable
-9. Refused
-1. Inapplicable
-9. Refused
"
profile_race1,WEB ONLY:RESTRICTED: Core Profile- Raceident 1 (not ordered),,"-1. Inapplicable
-3. Restricted access
-1. Inapplicable
-3. Restricted access
"
profile_race2,WEB ONLY:RESTRICTED: Core Profile- Raceident 2 (not ordered),,"-1. Inapplicable
-3. Restricted access
-1. Inapplicable
-3. Restricted access
"
profile_race3,WEB ONLY:RESTRICTED: Core Profile- Raceident 3 (not ordered),,"-1. Inapplicable
-3. Restricted access
-1. Inapplicable
-3. Restricted access
"
profile_racemost,WEB ONLY:Core Profile- Race Ridentifies with most (collapsed),"1. White
2. Black or African American
3. Other
1. White
2. Black or African American
3. Other
","-1. Inapplicable
-1. Inapplicable
"
profile_racemost_full,WEB ONLY:Core Profile- Race Ridentifies with most (full),,
profile_spanishsurv,WEB ONLY:Core profile- Spanish surveytaker,"0. No
1. Yes
0. No
1. Yes
","-1. Inapplicable
-1. Inapplicable
"
profile_trynewprod,WEB ONLY:Core profile- Trynew products before other people,"1. Strongly agree
2. Somewhat agree
3. Neitheragree or disagree
4. Somewhat disagree
5. Stronglydisagree
1. Strongly agree
2. Somewhat agree
3. Neitheragree or disagree
4. Somewhatdisagree
5. Strongly disagree
","-1. Inapplicable
-9. Refused
-1. Inapplicable
-9. Refused
"
profile_newbrands,WEB ONLY:Core profile- Often trynew brands,"1. Strongly agree
2. Somewhat agree
3. Neitheragree or disagree
4. Somewhat disagree
5. Stronglydisagree
1. Strongly agree
2. Somewhat agree
3. Neitheragree or disagree
4. Somewhatdisagree
5. Strongly disagree
","-1. Inapplicable
-9. Refused
-1. Inapplicable
-9. Refused
"
profile_looknewprod,WEB ONLY:Core profile- When shoppingI look for what is new,"1. Stronglyagree
2. Somewhat agree
3. Neither agree or disagree
4. Somewhat disagree
5. Strongly disagree
1. Strongly agree
2. Somewhat agree
3. Neitheragree or disagree
4. Somewhatdisagree
5. Strongly disagree
","-1. Inapplicable
-9. Refused
-1. Inapplicable
-9. Refused
"
profile_trynew1st,WEB ONLY:Core profile- Like tobe first to try something new,"1. Strongly agree
2. Somewhat agree
3. Neitheragree or disagree
4. Somewhat disagree
5. Stronglydisagree
1. Strongly agree
2. Somewhat agree
3. Neitheragree or disagree
4. Somewhatdisagree
5. Strongly disagree
","-1. Inapplicable
-9. Refused
-1. Inapplicable
-9. Refused
"
profile_tellothersnew,WEB ONLY:Core profile- Like totell others about what is new,"1. Strongly agree
2. Somewhat agree
3. Neitheragree or disagree
4. Somewhat disagree
5. Stronglydisagree
1. Strongly agree
2. Somewhat agree
3. Neitheragree or disagree
4. Somewhatdisagree
5. Strongly disagree
","-1. Inapplicable
-9. Refused
-1. Inapplicable
-9. Refused
"
profile_hhshopamt,WEB ONLY:Core profile- Amount ofhousehold grocery shopping,"1. Youdo all of it
2. Youdomost of it
3. Youdo abouthalf of it
4. Someone else does most ofit, you do some of it
5. Someoneelse does all of it
1. Youdo all of it
2. Youdo most ofit
3. Youdo about half ofit
4. Someone elsedoes most of it, you dosome of it
5. Someone else doesall of it
","-1. Inapplicable
-9. Refused
-1. Inapplicable
-9. Refused
"
profile_rparentguard,WEB ONLY:Core profile- R parentor legal guardian,"0. No
1. Yes
0. No
1. Yes
","-1. Inapplicable
-9. Refused
-1. Inapplicable
-9. Refused
"
profile_emptynext,WEB ONLY:Core profile- Empty nesthousehold,"0. No
1. Yes
0. No
1. Yes
","-1. Inapplicable
-1. Inapplicable
"
profile_everparent,WEB ONLY:Core profile- R evera parent,"0. No
1. Yes
0. No
1. Yes
","-1. Inapplicable
-1. Inapplicable
"
profile_hhlandline,WEB ONLY:Core profile- Workinglandline in household,"1. Yes
2. No
1. Yes
2. No
","-1. Inapplicable
-6. Not asked, unit nonresponse
-9. Refused
-1. Inapplicable
-6. Not asked, unit nonresponse
-9. Refused
"
profile_hhcellphone,WEB ONLY:Core profile- Workingcell phone in household,"1. Yes
2. No
1. Yes
2. No
","-1. Inapplicable
-6. Not asked, unit nonresponse
-9. Refused
-1. Inapplicable
-6. Not asked, unit nonresponse
-9. Refused
"
profile_phoneuse,WEB ONLY:Core profile- Cell phone/landlinephone use,"2. All or almost all callsreceived on cell phones
3. Somereceived on cell phones and someon
4. Veryfew or none on cell phones
2. All or almost all calls
3. Some received on cell
4. Veryfewor none on cell
","-1. Inapplicable
-6. Not asked, unitnonresponse
-1. Inapplicable
-6. Not asked, unit
"
profile_computers,WEB ONLY:Core profile- Number ofcomputers in household,"0. None
1. One or more
0. None
1. One or more
","-1. Inapplicable
-6. Not asked, unit nonresponse
-1. Inapplicable
-6. Not asked, unit nonresponse
"
profile_inetcomputers,WEB ONLY:Core profile- Number ofcomputers connected to the Internet,"0. No
1. Yes
0. No
1. Yes
","-1. Inapplicable
-6. Not asked, unit nonresponse
-1. Inapplicable
-6. Not asked, unit nonresponse
"
profile_inet_dialup,WEB ONLY:Core profile- Internet connectiondial-up,"0. No
1. Yes
0. No
1. Yes
","-1. Inapplicable
-6. Not asked, unit nonresponse
-9. Refused
-1. Inapplicable
-6. Not asked, unit nonresponse
-9. Refused
"
profile_inet_dsl,WEB ONLY:Core profile- Internet connectionDSL,"0. No
1. Yes
0. No
1. Yes
","-1. Inapplicable
-6. Not asked, unit nonresponse
-9. Refused
-1. Inapplicable
-6. Not asked, unit nonresponse
-9. Refused
"
profile_inet_cable,WEB ONLY:Core profile- Internet connectionCable modem,"0. No
1. Yes
0. No
1. Yes
","-1. Inapplicable
-6. Not asked, unit nonresponse
-9. Refused
-1. Inapplicable
-6. Not asked, unit nonresponse
-9. Refused
"
profile_inet_bband,WEB ONLY:Core profile- Internet connectionmobile broadband,"0. No
1. Yes
0. No
1. Yes
","-1. Inapplicable
-6. Not asked, unit nonresponse
-9. Refused
-1. Inapplicable
-6. Not asked, unit nonresponse
-9. Refused
"
profile_inet_satell,WEB ONLY:Core profile- Internet connectionsatellite,"0. No
1. Yes
0. No
1. Yes
","-1. Inapplicable
-6. Not asked, unit nonresponse
-9. Refused
-1. Inapplicable
-6. Not asked, unit nonresponse
-9. Refused
"
profile_inet_fiboptics,WEB ONLY:Core profile- Internet connectionfiber optics,"0. No
1. Yes
0. No
1. Yes
","-1. Inapplicable
-6. Not asked, unit nonresponse
-9. Refused
-1. Inapplicable
-6. Not asked, unit nonresponse
-9. Refused
"
profile_inet_tohbband,WEB ONLY:Core profile- Internet connectionother broadband,"0. No
1. Yes
0. No
1. Yes
","-1. Inapplicable
-6. Not asked, unit nonresponse
-9. Refused
-1. Inapplicable
-6. Not asked, unit nonresponse
-9. Refused
"
profile_inet_wireless,WEB ONLY:Core profile- Internet connectionwireless,"0. No
1. Yes
0. No
1. Yes
","-1. Inapplicable
-4. Error
-6. Not asked, unit nonresponse
-1. Inapplicable
-4. Error
-6. Not asked, unit nonresponse
"
profile_inet_other,WEB ONLY:Core profile- Internet connectionsomething else,"0. No
1. Yes
0. No
1. Yes
","-1. Inapplicable
-6. Not asked, unit nonresponse
-9. Refused
-1. Inapplicable
-6. Not asked, unit nonresponse
-9. Refused
"
profile_birthmonth,WEB ONLY:RESTRICTED: Core profile- Monthof birth,,"-1. Inapplicable
-3. Restricted access
-1. Inapplicable
-3. Restricted access
"
profile_birthday,WEB ONLY:RESTRICTED: Core profile- Dayof birth,,"-1. Inapplicable
-3. Restricted access
-1. Inapplicable
-3. Restricted access
"
profile_birthyear,WEB ONLY:Core profile- Yearof birth,,
profile_rpet_cat,WEB ONLY:Core profile- Does Rhave any pets : cat,"0. No
1. Yes
0. No
1. Yes
","-1. Inapplicable
-1. Inapplicable
"
profile_rpet_dog,WEB ONLY:Core profile- Does Rhave any pets : dog,"0. No
1. Yes
0. No
1. Yes
","-1. Inapplicable
-1. Inapplicable
"
profile_rpet_fish,WEB ONLY:Core profile- Does Rhave any pets : fish,"0. No
1. Yes
0. No
1. Yes
","-1. Inapplicable
-1. Inapplicable
"
profile_rpet_bird,WEB ONLY:Core profile- Does Rhave any pets : bird,"0. No
1. Yes
0. No
1. Yes
","-1. Inapplicable
-1. Inapplicable
"
profile_rpet_gerbil,WEB ONLY:Core profile- Does Rhave any pets : gerbil etc.,"0. No
1. Yes
0. No
1. Yes
","-1. Inapplicable
-1. Inapplicable
"
profile_rpet_reptile,WEB ONLY:Core profile- Does Rhave any pets : reptile,"0. No
1. Yes
0. No
1. Yes
","-1. Inapplicable
-1. Inapplicable
"
profile_rpet_horse,WEB ONLY:Core profile- Does Rhave any pets : horse,"0. No
1. Yes
0. No
1. Yes
","-1. Inapplicable
-1. Inapplicable
"
profile_rpet_other,WEB ONLY:Core profile- Does Rhave any pets : other,"0. No
1. Yes
0. No
1. Yes
","-1. Inapplicable
-1. Inapplicable
"
profile_oth_hhpet,WEB ONLY:Core profile- Does anyonein the HH own a pet?,"0. No
1. Yes
0. No
1. Yes
","-1. Inapplicable
-1. Inapplicable
"
profile_rstudent,WEB ONLY:Core profile- R full-timeor part-time student?,"1. Full-time student
2. Part-time student
3. Not enrolled in school
1. Full-time student
2. Part-time student
3. Notenrolled in school
","-1. Inapplicable
-9. Refused
-1. Inapplicable
-9. Refused
"
profile_dualincome,WEB ONLY:Core profile- Dual incomehousehold,"0. No
1. Yes
0. No
1. Yes
","-1. Inapplicable
-1. Inapplicable
"
profile_numjobs,WEB ONLY:Core profile- How manyjobs R has,"1. One
2. Two
3. Three
4. Fouror more
1. One
2. Two
3. Three
4. Fouror more
","-1. Inapplicable
-9. Refused
-1. Inapplicable
-9. Refused
"
profile_fulltimejob,WEB ONLY:Core profile- Full-time/part-time mainjob or main job,"1. R worksfull-time
2. Rworks part-time
1. R works full-time
2. Rworks part-time
","-1. Inapplicable
-9. Refused
-1. Inapplicable
-9. Refused
"
profile_jobind,WEBONLY:RESTRICTED:Coreprofile-Industry(tightscale)incurrentor,,"-1. Inapplicable
-3. Restricted access
-1. Inapplicable
-3. Restricted access
"
profile_ind_foodmfg,WEB ONLY:Core profile- Food Manufacturing,"0. No
1. Yes
0. No
1. Yes
","-1. Inapplicable
-1. Inapplicable
"
profile_ind_bevtob,WEB ONLY:Core profile- Beverage andTobaccoProduct Manufacturing,"0. No
1. Yes
0. No
1. Yes
","-1. Inapplicable
-1. Inapplicable
"
profile_ind_pharm,WEB ONLY:Core profile- Pharmaceutical andMedicine Manufacturing,"0. No
1. Yes
0. No
1. Yes
","-1. Inapplicable
-1. Inapplicable
"
profile_ind_healthprod,"WEBONLY:Coreprofile-Health,PersonalCare,andBeautyProductMan-","0. No
1. Yes
0. No
1. Yes
","-1. Inapplicable
-1. Inapplicable
"
profile_ind_hhprod,WEB ONLY:Core profile- Household ProductManufacturing,"0. No
1. Yes
0. No
1. Yes
","-1. Inapplicable
-1. Inapplicable
"
profile_ind_advert,WEB ONLY:Core profile- Advertising Agencies,"0. No
1. Yes
0. No
1. Yes
","-1. Inapplicable
-1. Inapplicable
"
profile_ind_healthcare,WEB ONLY:Core profile- Health Care,"0. No
1. Yes
0. No
1. Yes
","-1. Inapplicable
-1. Inapplicable
"
profile_ind_mktresearch,WEB ONLY:Core profile- Market Researchand Public Opinion Polling,"0. No
1. Yes
0. No
1. Yes
","-1. Inapplicable
-1. Inapplicable
"
profile_ind_marketing,WEB ONLY:Core profile- Marketing ConsultingServices,"0. No
1. Yes
0. No
1. Yes
","-1. Inapplicable
-1. Inapplicable
"
profile_ind_pubrel,WEB ONLY:Core profile- Public RelationsAgencies,"0. No
1. Yes
0. No
1. Yes
","-1. Inapplicable
-1. Inapplicable
"
profile_ind_broadcast,WEB ONLY:Core profile- Broadcasting,"0. No
1. Yes
0. No
1. Yes
","-1. Inapplicable
-1. Inapplicable
"
profile_ind_finance,WEB ONLY:Core profile- Finance,"0. No
1. Yes
0. No
1. Yes
","-1. Inapplicable
-1. Inapplicable
"
profile_ind_retail,WEB ONLY:Core profile- Retail Trade,"0. No
1. Yes
0. No
1. Yes
","-1. Inapplicable
-1. Inapplicable
"
profile_ind_foodbev,WEB ONLY:Core profile- Food andBeverage Stores,"0. No
1. Yes
0. No
1. Yes
","-1. Inapplicable
-1. Inapplicable
"
profile_occ1current,WEB ONLY:Core profile- Occupation (detailed)in current or main job,"29. Other (pleasespecify)
1. Management
22. Officeand administrative support
10. Other professional
3. Computer and mathematical
8. Teacher,except college and university
20. Retail sales
2. Business andfinancial operations
27. Transportationand material moving
","-1. Inapplicable
"
profile_occ2current,WEB ONLY:Core profile- Major occupationgroup in current or main job,"1. Management occupations
17. Officeand administrative support occupations
16. Sales and related occupations
8. Education, training, andlibrary occupations
9. Arts, design, entertainment, sports, andmedia
3. Computer and mathematical occupations
10. Healthcare practitioner and technical
2. Business and financialoperations occupations
","-6. Not asked, unitnonresponse
-1. Inapplicable
"
profile_occ3current,WEB ONLY:Core profile- Occupation (tightscale) in current or main job,"1. Management, business,and financial
2. Professional andrelated occupations
3. Service occupations
4. Sales and relatedoccupations
5. Officeand administrative support occupations
6. Farming, fishing,and forestry occupations
7. Construction andextraction occupations
8. Installation, maintenance, and repairoccupations
9. Production occupations
10. Transportationand material moving occupations
11. Other
","-1. Inapplicable
-6. Not asked, unitnonresponse
"
profile_employersize,WEB ONLY:Core profile- Totalnumber ofpersons working for employer,"1. Under
1. Under
","-1. Inapplicable
-9. Refused
-1. Inapplicable
-9. Refused
"
profile_occ1recent,WEB ONLY:Core profile- Occupation (detailed)in most recent job,"29. Other (pleasespecify)
1. Management
22. Officeand administrative support
8. Teacher,except college and university
20. Retail sales
10. Other professional
2. Business andfinancial operations
16. Food preparation and serving
27. Transportationand material moving
","-1. Inapplicable
"
profile_occ2recent,WEB ONLY:Core profile- Major occupationgroup in most recent job,"1. Management occupations
17. Officeand administrative support occupations
16. Sales and related occupations
8. Education, training, andlibrary occupations
9. Arts, design, entertainment, sports, andmedia
2. Business and financialoperations occupations
13. Food preparation andserving related
22. Transportationand material moving occupations
","-6. Not asked, unitnonresponse
-1. Inapplicable
"
profile_occ3recent,WEB ONLY:Core profile- Occupation (tightscale) in most recent job,"1. Management, business,and financial
2. Professional andrelated occupations
3. Service occupations
4. Sales and relatedoccupations
5. Officeand administrative support occupations
6. Farming, fishing,and forestry occupations
7. Construction andextraction occupations
8. Installation, maintenance, and repairoccupations
9. Production occupations
10. Transportationand material moving occupations
11. Other
","-1. Inapplicable
-6. Not asked, unitnonresponse
"
profile_hhpurchdec,WEB ONLY:Core profile- Major purchasedecisions in household,"1. Imake most or all of thedecisions for my
2. Someone else and I sharethe decisions for my
3. Someoneelsemakesmost/allofthedecisionsfor
1. I make most orall of the
2. Someone else and I share
3. Someoneelse makes
","-1. Inapplicable
-2. Missing
-1. Inapplicable
-2. Missing
"
paprofile_lang,WEB ONLY:Polit Affairsprofile-Survey language,"1. English
2. Spanish
1. English
2. Spanish
","-1. Inapplicable
-1. Inapplicable
"
paprofile_righttrack,WEB ONLY:Polit Affairsprofile-Q1: country on righttrack,"1. Are generally going inthe right direction
2. Have gotten offon the wrong track
1. Are generally going in theright direction
2. Have gotten offonthe wrong track
","-1. Inapplicable
-9. Refused
-1. Inapplicable
-9. Refused
"
paprofile_mip,WEB ONLY: Polit Affairs profile- Q2: most important issue facing the U.S.,"4. Economy
7. Jobs
15. Federal deficit
6. Healthcare
14. Other(please specify):
2. Education
11. Immigration
1. Taxes
3. Terrorism
","-1. Inapplicable
"
paprofile_mip_oth,WEB ONLY: RESTRICTED: Polit Affairs profile- Q2: most important issue-,,"-1. Inapplicable
-3. Restricted access
-1. Inapplicable
-3. Restricted access
"
paprofile_regist,WEB ONLY:Polit Affairsprofile-Q3: Is R currentlyregistered to vote,"1. Yes,Iam registered to vote at mypresent
2. Yes,Iam registered to vote at adifferentaddress
3. No, I amnot registered to vote
4. Not sure
1. Yes,Iam registered to
2. Yes,Iam registered to
3. No, I am notregistered to
4. Not sure
","-1. Inapplicable
-9. Refused
-1. Inapplicable
-9. Refused
"
paprofile_everreg,WEB ONLY:Polit Affairsprofile-Q4: has R everbeen registered to vote,"1. Yes
2. No
3. Not sure
1. Yes
2. No
3. Not sure
","-1. Inapplicable
-9. Refused
-1. Inapplicable
-9. Refused
"
paprofile_vote2008_pres,WEBONLY:PolitAffairsprofile-Q5: didRvotein2008presidentialelection,"1. Yes
2. No
1. Yes
2. No
","-1. Inapplicable
-9. Refused
-1. Inapplicable
-9. Refused
"
paprofile_howvote2008_pres,WEB ONLY:Polit Affairsprofile-Q6: how did Rvote in 2008 pres election,"1. Barackobama (Democrat)
2. Johnmccain (Republican)
3. Another candidate, please specify:
1. Barackobama (Democrat)
2. Johnmccain (Republican)
3. Another candidate, please specify:
","-1. Inapplicable
-9. Refused
-1. Inapplicable
-9. Refused
"
paprofile_pres2008_oth,WEBONLY:RESTRICTED:PolitAffairsprofile-Q6: othervote-Rvote2008,,"-1. Inapplicable
-3. Restricted access
-1. Inapplicable
-3. Restricted access
"
paprofile_vote2010_congr,WEB ONLY: Polit Affairs profile- Q6B: did R vote in 2010 Congressional,"1. Yes
2. No
1. Yes
2. No
","-1. Inapplicable
-9. Refused
-1. Inapplicable
-9. Refused
"
paprofile_howvote2010_congr,WEBONLY:PolitAffairsprofile-Q6C:howdidRvotein2010Congrelection,"1. TheDemocratic candidate
2. TheRepublican candidate
3. A candidatefromanother party
1. TheDemocratic candidate
2. TheRepublican candidate
3. A candidate fromanother party
","-1. Inapplicable
-9. Refused
-1. Inapplicable
-9. Refused
"
paprofile_pid,WEB ONLY:Polit Affairsprofile-Q7: party identification,"1. Republican
2. Democrat
3. Independent
4. Another party,please specify:
5. No preference
1. Republican
2. Democrat
3. Independent
4. Another party,please specify:
5. No preference
","-1. Inapplicable
-9. Refused
-1. Inapplicable
-9. Refused
"
paprofile_othpid,WEB ONLY: RESTRICTED: Polit Affairs profile- Q7: party identification-,,"-1. Inapplicable
-3. Restricted access
-1. Inapplicable
-3. Restricted access
"
paprofile_pidstrong_rep,WEB ONLY:Polit Affairsprofile-Q8: strength Repub partyidentification,"1. Strong Republican
2. Not very strongRepublican
1. StrongRepublican
2. Not very strongRepublican
","-1. Inapplicable
-9. Refused
-1. Inapplicable
-9. Refused
"
paprofile_pidstrong_dem,WEB ONLY:Polit Affairsprofile-Q9: strength Dem partyidentification,"1. Strong Democrat
2. Not verystrong Democrat
1. Strong Democrat
2. Not very strongDemocrat
","-1. Inapplicable
-9. Refused
-1. Inapplicable
-9. Refused
"
paprofile_pidcloser,WEB ONLY:Polit Affairsprofile-Q10: PID closer towhich party,"1. Republicanparty
2. Democraticparty
1. Republican party
2. Democratic party
","-1. Inapplicable
-9. Refused
-1. Inapplicable
-9. Refused
"
paprofile_libcon_self,WEB ONLY:Polit Affairsprofile-Q11: 7pt liberal-conservativeself rating,"1. Extremelyliberal
2. Liberal
3. Slightly liberal
4. Moderate, middle of the road
5. Slightly conservative
6. Conservative
7. Extremely conservative
1. Extremely liberal
2. Liberal
3. Slightly liberal
4. Moderate, middle of the road
5. Slightly conservative
6. Conservative
7. Extremely conservative
","-1. Inapplicable
-9. Refused
-1. Inapplicable
-9. Refused
"
paprofile_libcon_pres,WEB ONLY: Polit Affairs profile- Q11A: 7pt liberal-conservative President,"1. Extremelyliberal
2. Liberal
3. Slightly liberal
4. Moderate, middle of the road
5. Slightly conservative
6. Conservative
7. Extremely conservative
1. Extremely liberal
2. Liberal
3. Slightly liberal
4. Moderate, middle of the road
5. Slightly conservative
6. Conservative
7. Extremely conservative
","-1. Inapplicable
-9. Refused
-1. Inapplicable
-9. Refused
"
paprofile_favrate_pres,WEBONLY:PolitAffairsprofile-Q12: overallimpressionofPresidentfavor-,"1. Favorable
2. Somewhat favorable
3. Neither favorable nor unfavorable
4. Somewhat unfavorable
5. Unfavorable
1. Favorable
2. Somewhat favorable
3. Neither favorable nor unfavorable
4. Somewhat unfavorable
5. Unfavorable
","-1. Inapplicable
-9. Refused
-1. Inapplicable
-9. Refused
"
paprofile_presperf,WEB ONLY:Polit Affairsprofile-Q13: approve Pres onjob as President,"1. Strongly approve
2. Approve
3. Neitherapprove nor disapprove
4. Disapprove
5. Strongly disapprove
1. Stronglyapprove
2. Approve
3. Neither approve nor disapprove
4. Disapprove
5. Strongly disapprove
","-1. Inapplicable
-9. Refused
-1. Inapplicable
-9. Refused
"
paprofile_presperf_econ,WEB ONLY:Polit Affairsprofile-Q14(1): approve Pres onthe economy,"1. Approve
2. Disapprove
1. Approve
2. Disapprove
","-1. Inapplicable
-9. Refused
-1. Inapplicable
-9. Refused
"
paprofile_presperf_deficit,WEB ONLY:Polit Affairsprofile-Q14(2): approve Pres onfederal deficit,"1. Approve
2. Disapprove
1. Approve
2. Disapprove
","-1. Inapplicable
-6. Not asked, unit nonresponse
-9. Refused
-1. Inapplicable
-6. Not asked, unit nonresponse
-9. Refused
"
paprofile_presperf_healthc,WEB ONLY:Polit Affairsprofile-Q14(3): approve Pres onhealthcare,"1. Approve
2. Disapprove
1. Approve
2. Disapprove
","-1. Inapplicable
-9. Refused
-1. Inapplicable
-9. Refused
"
paprofile_presperf_taxes,WEB ONLY:Polit Affairsprofile-Q14(4): approve Pres ontaxes,"1. Approve
2. Disapprove
1. Approve
2. Disapprove
","-1. Inapplicable
-9. Refused
-1. Inapplicable
-9. Refused
"
paprofile_presperf_educ,WEB ONLY:Polit Affairsprofile-Q14(5): approve Pres oneducation,"1. Approve
2. Disapprove
1. Approve
2. Disapprove
","-1. Inapplicable
-9. Refused
-1. Inapplicable
-9. Refused
"
paprofile_presperf_forgnpol,WEB ONLY:Polit Affairsprofile-Q14(6): approve Pres onforeign policy,"1. Approve
2. Disapprove
1. Approve
2. Disapprove
","-1. Inapplicable
-9. Refused
-1. Inapplicable
-9. Refused
"
paprofile_presperf_racerel,WEB ONLY:Polit Affairsprofile-Q14(7): approve Pres onrace relations,"1. Approve
2. Disapprove
1. Approve
2. Disapprove
","-1. Inapplicable
-9. Refused
-1. Inapplicable
-9. Refused
"
paprofile_presperf_envir,WEB ONLY:Polit Affairsprofile-Q14(8): approve Pres onthe environment,"1. Approve
2. Disapprove
1. Approve
2. Disapprove
","-1. Inapplicable
-9. Refused
-1. Inapplicable
-9. Refused
"
paprofile_presperf_immig,WEB ONLY:Polit Affairsprofile-Q14(9): approve Pres onimmigration,"1. Approve
2. Disapprove
1. Approve
2. Disapprove
","-1. Inapplicable
-9. Refused
-1. Inapplicable
-9. Refused
"
paprofile_presperf_terror,WEB ONLY:Polit Affairsprofile-Q14(10): approve Pres onterrorism,"1. Approve
2. Disapprove
1. Approve
2. Disapprove
","-1. Inapplicable
-9. Refused
-1. Inapplicable
-9. Refused
"
paprofile_presperf_afghan,WEBONLY:PolitAffairsprofile-Q14(11): approvePresonAfghanistansit-,"1. Approve
2. Disapprove
1. Approve
2. Disapprove
","-1. Inapplicable
-9. Refused
-1. Inapplicable
-9. Refused
"
paprofile_presperf_jobs,WEB ONLY:Polit Affairsprofile-Q14(12): approve Pres onjobs,"1. Approve
2. Disapprove
1. Approve
2. Disapprove
","-1. Inapplicable
-9. Refused
-1. Inapplicable
-9. Refused
"
paprofile_presperf_energy,WEB ONLY:Polit Affairsprofile-Q14(13): approve Pres onenergy,"1. Approve
2. Disapprove
1. Approve
2. Disapprove
","-1. Inapplicable
-9. Refused
-1. Inapplicable
-9. Refused
"
paprofile_prestime_forgnpol,WEB ONLY: Polit Affairs profile- Q15(1): time of Pres on foreign policy is-,"1. Toomuch time
2. Right amount of time
3. Notenough time
1. Toomuch time
2. Right amount of time
3. Not enoughtime
","-1. Inapplicable
-9. Refused
-1. Inapplicable
-9. Refused
"
paprofile_prestime_economic,WEB ONLY:Polit Affairsprofile-Q15(2): time of Preson economic issues,"1. Toomuch time
2. Right amount of time
3. Notenough time
1. Toomuch time
2. Right amount of time
3. Not enoughtime
","-1. Inapplicable
-9. Refused
-1. Inapplicable
-9. Refused
"
paprofile_prestime_domestic,WEB ONLY: Polit Affairs profile- Q15(3): time of Pres on domestic policy,"1. Toomuch time
2. Right amount of time
3. Notenough time
1. Toomuch time
2. Right amount of time
3. Not enoughtime
","-1. Inapplicable
-9. Refused
-1. Inapplicable
-9. Refused
"
paprofile_prestime_homesec,WEB ONLY: Polit Affairs profile- Q15(4): time of Pres home security since,"1. Toomuch time
2. Right amount of time
3. Notenough time
1. Toomuch time
2. Right amount of time
3. Not enoughtime
","-1. Inapplicable
-9. Refused
-1. Inapplicable
-9. Refused
"
paprofile_interestpolit,WEB ONLY:Polit Affairsprofile-Q16: interest in politicsand public affairs,"1. Veryinterested
2. Somewhat interested
3. Slightly interested
4. Not at allinterested
1. Veryinterested
2. Somewhat interested
3. Slightly interested
4. Not at all interested
","-1. Inapplicable
-9. Refused
-1. Inapplicable
-9. Refused
"
paprofile_freqpolit_work,WEB ONLY:Polit Affairsprofile-PIN1(1): how often politicsat work,"1. A lot
2. Some
3. Hardly ever
4. Never
5. Does not apply
1. A lot
2. Some
3. Hardly ever
4. Never
5. Does not apply
","-1. Inapplicable
-9. Refused
-1. Inapplicable
-9. Refused
"
paprofile_freqpolit_church,WEB ONLY:Polit Affairsprofile-PIN1(2): how often politicsat church,"1. A lot
2. Some
3. Hardly ever
4. Never
5. Does not apply
1. A lot
2. Some
3. Hardly ever
4. Never
5. Does not apply
","-1. Inapplicable
-9. Refused
-1. Inapplicable
-9. Refused
"
paprofile_freqpolit_friends,WEB ONLY:Polit Affairsprofile-PIN1(3): how often politicsfriends,"1. A lot
2. Some
3. Hardly ever
4. Never
5. Does not apply
1. A lot
2. Some
3. Hardly ever
4. Never
5. Does not apply
","-1. Inapplicable
-9. Refused
-1. Inapplicable
-9. Refused
"
paprofile_freqpolit_family,WEB ONLY:Polit Affairsprofile-PIN1(4): how often politicsfamily,"1. A lot
2. Some
3. Hardly ever
4. Never
5. Does not apply
1. A lot
2. Some
3. Hardly ever
4. Never
5. Does not apply
","-1. Inapplicable
-9. Refused
-1. Inapplicable
-9. Refused
"
paprofile_freqpolit_blog,WEB ONLY: Polit Affairs profile- PIN1(5): how often politics inet msg,"1. A lot
2. Some
3. Hardly ever
4. Never
5. Does not apply
1. A lot
2. Some
3. Hardly ever
4. Never
5. Does not apply
","-1. Inapplicable
-9. Refused
-1. Inapplicable
-9. Refused
"
paprofile_freqpolit_socmedia,WEB ONLY:Polit Affairsprofile-PIN1(6): how often politicssocial media,"1. Alot
2. Some
3. Hardly ever
4. Never
5. Does not apply
1. Alot
2. Some
3. Hardly ever
4. Never
5. Does not apply
","-1. Inapplicable
-6. Not asked, unit nonresponse
-9. Refused
-1. Inapplicable
-6. Not asked, unit nonresponse
-9. Refused
"
paprofile_politinfo_radio,WEB ONLY:Polit Affairsprofile-MED1(1): politics info fromradio,"1. Every day
2. Three times a week or more
3. Almost every week
4. One to three timesa month
5. Less thanonce a month
6. Never
1. Every day
2. Three timesa week or more
3. Almost everyweek
4. One to three times a month
5. Less than once amonth
6. Never
","-1. Inapplicable
-9. Refused
-1. Inapplicable
-9. Refused
"
paprofile_politinfo_inetnews,WEB ONLY: Polit Affairs profile- MED1(2): politics info from internet news,"1. Everyday
2. Three timesa week or more
3. Almosteveryweek
4. One to three times a month
5. Less than oncea month
6. Never
1. Every day
2. Three timesa week or more
3. Almost everyweek
4. One to three times a month
5. Less than once amonth
6. Never
","-1. Inapplicable
-9. Refused
-1. Inapplicable
-9. Refused
"
paprofile_politinfo_prntnwsp,WEB ONLY: Polit Affairs profile- MED1(3): politics info from print newspa-,"1. Every day
2. Three times a week or more
3. Almost every week
4. One to three timesa month
5. Less thanonce a month
6. Never
1. Every day
2. Three timesa week or more
3. Almost everyweek
4. One to three times a month
5. Less than once amonth
6. Never
","-1. Inapplicable
-9. Refused
-1. Inapplicable
-9. Refused
"
paprofile_politinfo_tv,WEB ONLY:Polit Affairsprofile-MED1(4): politics info fromtelevision,"1. Everyday
2. Three timesa week or more
3. Almosteveryweek
4. One to three times a month
5. Less than oncea month
6. Never
1. Every day
2. Three timesa week or more
3. Almost everyweek
4. One to three times a month
5. Less than once amonth
6. Never
","-1. Inapplicable
-9. Refused
-1. Inapplicable
-9. Refused
"
paprofile_politinfo_mags,WEB ONLY:Polit Affairsprofile-MED1(5): politics info frommagazines,"1. Everyday
2. Three timesa week or more
3. Almosteveryweek
4. One to three times a month
5. Less than oncea month
6. Never
1. Every day
2. Three timesa week or more
3. Almost everyweek
4. One to three times a month
5. Less than once amonth
6. Never
","-1. Inapplicable
-9. Refused
-1. Inapplicable
-9. Refused
"
paprofile_politinfo_blogs,WEB ONLY:Polit Affairsprofile-MED1(6): politics info frominternet blogs,"1. Everyday
2. Three timesa week or more
3. Almosteveryweek
4. One to three times a month
5. Less than oncea month
6. Never
1. Every day
2. Three timesa week or more
3. Almost everyweek
4. One to three times a month
5. Less than once amonth
6. Never
","-1. Inapplicable
-9. Refused
-1. Inapplicable
-9. Refused
"
paprofile_politinfo_socmedia,WEB ONLY:Polit Affairsprofile-MED1(7): politics info fromsocial media,"1. Every day
2. Three times aweekor more
3. Almost every week
4. One tothree times a month
5. Less than once a month
6. Never
1. Every day
2. Three times a weekor more
3. Almost every week
4. One tothree times a month
5. Less than once a month
6. Never
","-1. Inapplicable
-6. Not asked, unit nonresponse
-9. Refused
-1. Inapplicable
-6. Not asked, unit nonresponse
-9. Refused
"
paprofile_ancestry_1,WEBONLY:RESTRICTED:PolitAffairsprofile-QEG1(1): Rancestry1(not,,"-1. Inapplicable
-3. Restricted access
-1. Inapplicable
-3. Restricted access
"
paprofile_ancestry_2,WEBONLY:RESTRICTED:PolitAffairsprofile-QEG1(2): Rancestry2(not,,"-1. Inapplicable
-3. Restricted access
-1. Inapplicable
-3. Restricted access
"
paprofile_ancestry_3,WEBONLY:RESTRICTED:PolitAffairsprofile-QEG1(3): Rancestry3(not,,"-1. Inapplicable
-3. Restricted access
-1. Inapplicable
-3. Restricted access
"
paprofile_ancestry_4,WEBONLY:RESTRICTED:PolitAffairsprofile-QEG1(4): Rancestry4(not,,"-1. Inapplicable
-3. Restricted access
-1. Inapplicable
-3. Restricted access
"
paprofile_ancestry_5,WEBONLY:RESTRICTED:PolitAffairsprofile-QEG1(5): Rancestry5(not,,"-1. Inapplicable
-3. Restricted access
-1. Inapplicable
-3. Restricted access
"
paprofile_rlang_1,WEB ONLY: RESTRICTED: Polit Affairs profile- QEG3(1): languages R,,"-1. Inapplicable
-3. Restricted access
-1. Inapplicable
-3. Restricted access
"
paprofile_rlang_2,WEB ONLY: RESTRICTED: Polit Affairs profile- QEG3(2): languages R,,"-1. Inapplicable
-3. Restricted access
-1. Inapplicable
-3. Restricted access
"
paprofile_rlang_3,WEB ONLY: RESTRICTED: Polit Affairs profile- QEG3(3): languages R,,"-1. Inapplicable
-3. Restricted access
-1. Inapplicable
-3. Restricted access
"
paprofile_otherslang_1,WEBONLY:RESTRICTED:PolitAffairsprofile-QEG4(1): languagesothers,,"-1. Inapplicable
-3. Restricted access
-1. Inapplicable
-3. Restricted access
"
paprofile_otherslang_2,WEBONLY:RESTRICTED:PolitAffairsprofile-QEG4(2): languagesothers,,"-1. Inapplicable
-3. Restricted access
-1. Inapplicable
-3. Restricted access
"
paprofile_otherslang_3,WEBONLY:RESTRICTED:PolitAffairsprofile-QEG4(3): languagesothers,,"-1. Inapplicable
-3. Restricted access
-1. Inapplicable
-3. Restricted access
"
paprofile_borncit,WEB ONLY:Polit Affairsprofile-QEG23: WasRborn a citizen,"1. Borna U.S. Citizen
2. Naturalized U.S.Citizen
1. Born aU.S. Citizen
2. Naturalized U.S. Citizen
","-1. Inapplicable
-9. Refused
-1. Inapplicable
-9. Refused
"
paprofile_whencit,WEB ONLY: RESTRICTED: Polit Affairs profile- QEG24: Year R become a,,"-1. Inapplicable
-3. Restricted access
-1. Inapplicable
-3. Restricted access
"
paprofile_priorcit,WEBONLY:RESTRICTED:PolitAffairsprofile-QEG25: Rpriorcitizenship,,"-1. Inapplicable
-3. Restricted access
-1. Inapplicable
-3. Restricted access
"
paprofile_multcit,WEBONLY:PolitAffairsprofile-QEG26: IsRacitizenofmorethan1coun-,"1. I am a citizen ofonly one country
2. I am acitizen of more than one country
1. I am a citizen of onlyone country
2. I am acitizen of more than one country
","-1. Inapplicable
-9. Refused
-1. Inapplicable
-9. Refused
"
paprofile_2ndcit,WEB ONLY: RESTRICTED: Polit Affairs profile- QEG28: Country of 2nd,,"-1. Inapplicable
-3. Restricted access
-1. Inapplicable
-3. Restricted access
"
paprofile_orient_r,WEB ONLY:Polit Affairsprofile-Q23: R sexual orientation,"1. Heterosexual or straight
2. Gay
3. Lesbian
4. Bisexual
5. Other,please specify
1. Heterosexual or straight
2. Gay
3. Lesbian
4. Bisexual
5. Other,please specify
","-1. Inapplicable
-9. Refused
-1. Inapplicable
-9. Refused
"
paprofile_orient_oth,WEBONLY:PolitAffairsprofile-Q22: Sexualorientationoffriendsandfam-,"1. Yes
2. No
1. Yes
2. No
","-1. Inapplicable
-9. Refused
-1. Inapplicable
-9. Refused
"
paprofile_transgender,WEBONLY:RESTRICTED:PolitAffairsprofile-Q23A:DoesRconsiderself,,"-1. Inapplicable
-3. Restricted access
-1. Inapplicable
-3. Restricted access
"
paprofile_unionmem,WEB ONLY:Polit Affairsprofile-Q24: Is R amember of a labor union,"1. Yes
2. No
3. Don't know
1. Yes
2. No
3. Don'tknow
","-1. Inapplicable
-9. Refused
-1. Inapplicable
-9. Refused
"
paprofile_aarp,WEB ONLY:Polit Affairsprofile-Q24A: Is R a member ofthe AARP,"1. Yes
2. No
3. Don't know
1. Yes
2. No
3. Don'tknow
","-1. Inapplicable
-9. Refused
-1. Inapplicable
-9. Refused
"
paprofile_milit,WEBONLY:RESTRICTED:PolitAffairsprofile-Q25: Reverservedonac-,,"-1. Inapplicable
-3. Restricted access
-1. Inapplicable
-3. Restricted access
"
paprofile_milit_family,WEBONLY:PolitAffairsprofile-Q25A:Familyservingonactivemilitaryduty,"1. Yes
2. No
1. Yes
2. No
","-1. Inapplicable
-9. Refused
-1. Inapplicable
-9. Refused
"
paprofile_religion,WEB ONLY:Polit Affairsprofile-Q26: What is R'sreligion,"1. Non-Christian
2. Protestant (e.g., Methodist,Lutheran,
3. Catholic
4. Other Christian
5. None
1. Non-Christian
2. Protestant(e.g.,Methodist,
3. Catholic
4. Other Christian
5. None
","-1. Inapplicable
-9. Refused
-1. Inapplicable
-9. Refused
"
paprofile_religionfull,WEB ONLY:Polit Affairsprofile-Q26: What is R'sreligion,"1. Baptist-any denomination
2. Protestant(e.g., Methodist, Lutheran,
3. Catholic
4. Mormon
5. Jewish
6. Muslim
7. Hindu
8. Buddhist
9. Pentecostal
10. Eastern Orthodox
11. Other Christian
12. Other non-Christian, please specify:
13. None
","-1. Inapplicable
-9. Refused
"
paprofile_religion_oth,WEB ONLY: RESTRICTED: Polit Affairs profile- Q26: What is R's religion,,"-1. Inapplicable
-3. Restricted access
-1. Inapplicable
-3. Restricted access
"
paprofile_bornagain,WEBONLY:PolitAffairsprofile-Q26A:ISRborn-againorevangelicalChris-,"1. Yes
2. No
1. Yes
2. No
","-1. Inapplicable
-9. Refused
-1. Inapplicable
-9. Refused
"
paprofile_jewish,WEBONLY:RESTRICTED:PolitAffairsprofile-Q26B:RconsiderselfJew-,,"-1. Inapplicable
-3. Restricted access
-1. Inapplicable
-3. Restricted access
"
paprofile_jewishparent,WEBONLY:RESTRICTED:PolitAffairsprofile-Q26C:RJewishmotheror,,"-1. Inapplicable
-3. Restricted access
-1. Inapplicable
-3. Restricted access
"
paprofile_attend,WEBONLY:PolitAffairsprofile-Q27: HowoftenRattendsreligiousservices,"1. Morethan once a week
2. Oncea week
3. Once ortwice a month
4. A fewtimes a year
5. Once a year orless
6. Never
1. More than oncea week
2. Once a week
3. Once or twice amonth
4. A few times ayear
5. Once a year or less
6. Never
","-1. Inapplicable
-9. Refused
-1. Inapplicable
-9. Refused
"
paprofile_orgservice,WEB ONLY:Polit Affairsprofile-Q28(1): R active inservice club or frat org,"0. No
1. Yes
0. No
1. Yes
","-1. Inapplicable
-9. Refused
-1. Inapplicable
-9. Refused
"
paprofile_orgveterans,WEB ONLY:Polit Affairsprofile-Q28(2): R active inveterans group,"0. No
1. Yes
0. No
1. Yes
","-1. Inapplicable
-9. Refused
-1. Inapplicable
-9. Refused
"
paprofile_orgrelig,WEB ONLY:Polit Affairsprofile-Q28(3): R active inreligious group,"0. No
1. Yes
0. No
1. Yes
","-1. Inapplicable
-9. Refused
-1. Inapplicable
-9. Refused
"
paprofile_orgsenior,WEB ONLY:Polit Affairsprofile-Q28(4): R active insenior center or group,"0. No
1. Yes
0. No
1. Yes
","-1. Inapplicable
-9. Refused
-1. Inapplicable
-9. Refused
"
paprofile_orgwomen,WEB ONLY:Polit Affairsprofile-Q28(5): R active inwomens group,"0. No
1. Yes
0. No
1. Yes
","-1. Inapplicable
-9. Refused
-1. Inapplicable
-9. Refused
"
paprofile_orgpolitiss,WEB ONLY: Polit Affairs profile- Q29(1): R active in issue-oriented polit,"0. No
1. Yes
0. No
1. Yes
","-1. Inapplicable
-9. Refused
-1. Inapplicable
-9. Refused
"
paprofile_orgcivic,WEB ONLY:Polit Affairsprofile-Q29(2): R active innon-partisan civic org,"0. No
1. Yes
0. No
1. Yes
","-1. Inapplicable
-9. Refused
-1. Inapplicable
-9. Refused
"
paprofile_orgschool,WEB ONLY: Polit Affairs profile- Q29(3): R active in school club or associ-,"0. No
1. Yes
0. No
1. Yes
","-1. Inapplicable
-9. Refused
-1. Inapplicable
-9. Refused
"
paprofile_orgyouth,WEBONLY:PolitAffairsprofile-Q29(4): Ractiveinhobby/sportteam/youth,"0. No
1. Yes
0. No
1. Yes
","-1. Inapplicable
-9. Refused
-1. Inapplicable
-9. Refused
"
paprofile_orgneighb,WEB ONLY: Polit Affairs profile- Q29(5): R active in neighborhd as-,"0. No
1. Yes
0. No
1. Yes
","-1. Inapplicable
-9. Refused
-1. Inapplicable
-9. Refused
"
paprofile_orgethnic,WEB ONLY: Polit Affairs profile- Q29(6): R active in racial/ethnic interest,"0. No
1. Yes
0. No
1. Yes
","-1. Inapplicable
-9. Refused
-1. Inapplicable
-9. Refused
"
paprofile_attendpta,WEB ONLY: Polit Affairs profile- Q30(1): R attend PTA/school grp mtg in,"0. No
1. Yes
0. No
1. Yes
","-1. Inapplicable
-9. Refused
-1. Inapplicable
-9. Refused
"
paprofile_attendcommun,WEBONLY:PolitAffairsprofile-Q30(2): Rattendcommunitygrpmtginlast,"0. No
1. Yes
0. No
1. Yes
","-1. Inapplicable
-9. Refused
-1. Inapplicable
-9. Refused
"
paprofile_donateblood,WEB ONLY:Polit Affairsprofile-Q30(3): R donated bloodin last yr,"0. No
1. Yes
0. No
1. Yes
","-1. Inapplicable
-9. Refused
-1. Inapplicable
-9. Refused
"
paprofile_givecharity,WEB ONLY:Polit Affairsprofile-Q30(4): R gave moneyto charity in last yr,"0. No
1. Yes
0. No
1. Yes
","-1. Inapplicable
-9. Refused
-1. Inapplicable
-9. Refused
"
paprofile_workcharity,WEBONLY:PolitAffairsprofile-Q30(5): Rworkedforchurch/charityinlast,"0. No
1. Yes
0. No
1. Yes
","-1. Inapplicable
-9. Refused
-1. Inapplicable
-9. Refused
"
paprofile_rally,WEB ONLY:Polit Affairsprofile-Q31(1): R attend protestor rally in last yr,"0. No
1. Yes
0. No
1. Yes
","-1. Inapplicable
-9. Refused
-1. Inapplicable
-9. Refused
"
paprofile_govtoffic,WEB ONLY:Polit Affairsprofile-Q31(2): R contact govtofficialin last yr,"0. No
1. Yes
0. No
1. Yes
","-1. Inapplicable
-9. Refused
-1. Inapplicable
-9. Refused
"
paprofile_prescamp,WEB ONLY: Polit Affairs profile- Q31(3): R work for pres campaign in last,"0. No
1. Yes
0. No
1. Yes
","-1. Inapplicable
-9. Refused
-1. Inapplicable
-9. Refused
"
paprofile_othcamp,WEBONLY:PolitAffairsprofile-Q31(4): Rworkforothcandorissueinlast,"0. No
1. Yes
0. No
1. Yes
","-1. Inapplicable
-9. Refused
-1. Inapplicable
-9. Refused
"
paprofile_moneyprescamp,WEB ONLY: Polit Affairs profile- Q31(5): R gave money to pres campgn in,"0. No
1. Yes
0. No
1. Yes
","-1. Inapplicable
-9. Refused
-1. Inapplicable
-9. Refused
"
paprofile_moneyothcamp,WEB ONLY: Polit Affairs profile- Q31(6): R gave money oth cand/issue in,"0. No
1. Yes
0. No
1. Yes
","-1. Inapplicable
-9. Refused
-1. Inapplicable
-9. Refused
"
paprofile_workcommuniss,WEBONLY:PolitAffairsprofile-Q31(7): Rworkincommunonissueinlast,"0. No
1. Yes
0. No
1. Yes
","-1. Inapplicable
-9. Refused
-1. Inapplicable
-9. Refused
"
paprofile_workcommbd,WEB ONLY: Polit Affairs profile- Q31(8): R serve on community board in,"0. No
1. Yes
0. No
1. Yes
","-1. Inapplicable
-9. Refused
-1. Inapplicable
-9. Refused
"
paprofile_lettertonewsp,WEB ONLY:Polit Affairsprofile-Q31(9): R written letterto editor in last yr,"0. No
1. Yes
0. No
1. Yes
","-1. Inapplicable
-9. Refused
-1. Inapplicable
-9. Refused
"
paprofile_messagebd,WEBONLY:PolitAffairsprofile-Q31(10): Rpolitcommentmessagebrdin,"0. No
1. Yes
0. No
1. Yes
","-1. Inapplicable
-9. Refused
-1. Inapplicable
-9. Refused
"
paprofile_publicofc,WEBONLY:PolitAffairsprofile-Q31(11): Rheldpubliclyelectedofcinlast,"0. No
1. Yes
0. No
1. Yes
","-1. Inapplicable
-9. Refused
-1. Inapplicable
-9. Refused
"
paprofile_1stcamp,WEB ONLY: Polit Affairs profile- Q31A: First time involved in a polit cam-,"1. Yes
2. No
1. Yes
2. No
","-1. Inapplicable
-1. Inapplicable
"
paprofile_active_teapty,WEB ONLY:Polit Affairsprofile-Q11D(1): R activein TeaParty movement,"0. No
1. Yes
0. No
1. Yes
","-1. Inapplicable
-9. Refused
-1. Inapplicable
-9. Refused
"
paprofile_active_envir,WEB ONLY: Polit Affairs profile- Q11D(2): R active in envirnmental rights,"0. No
1. Yes
0. No
1. Yes
","-1. Inapplicable
-9. Refused
-1. Inapplicable
-9. Refused
"
paprofile_active_womrts,WEBONLY:PolitAffairsprofile-Q11D(3): Ractiveinwomensrightsmove-,"0. No
1. Yes
0. No
1. Yes
","-1. Inapplicable
-9. Refused
-1. Inapplicable
-9. Refused
"
paprofile_active_equrts,WEB ONLY: Polit Affairs profile- Q11D(4): R active in racial equality move-,"0. No
1. Yes
0. No
1. Yes
","-1. Inapplicable
-9. Refused
-1. Inapplicable
-9. Refused
"
paprofile_active_righttolife,WEBONLY:PolitAffairsprofile-Q11D(5): Ractiveinrighttolifemovement,"0. No
1. Yes
0. No
1. Yes
","-1. Inapplicable
-9. Refused
-1. Inapplicable
-9. Refused
"
paprofile_active_peace,WEB ONLY:Polit Affairsprofile-Q11D(6): R activein peace movement,"0. No
1. Yes
0. No
1. Yes
","-1. Inapplicable
-9. Refused
-1. Inapplicable
-9. Refused
"
paprofile_active_lgbt,WEB ONLY: Polit Affairs profile- Q11D(7): R active in LGBT rights move-,"0. No
1. Yes
0. No
1. Yes
","-1. Inapplicable
-9. Refused
-1. Inapplicable
-9. Refused
"
paprofile_active_occupy,WEB ONLY:Polit Affairsprofile-Q11D:R active in Occupymovement,"0. No
1. Yes
0. No
1. Yes
","-1. Inapplicable
-6. Not asked, unit nonresponse
-9. Refused
-1. Inapplicable
-6. Not asked, unit nonresponse
-9. Refused
"
paprofile_recent_teapty,WEB ONLY:Polit Affairsprofile-Q11E(1): R TeaPartymovement in last yr,"1. Yes
2. No
3. Don't know
1. Yes
2. No
3. Don't know
","-1. Inapplicable
-6. Not asked, unit nonresponse
-9. Refused
-1. Inapplicable
-6. Not asked, unit nonresponse
-9. Refused
"
paprofile_recent_envir,WEB ONLY: Polit Affairs profile- Q11E(2): R envrnmental rights movemt in,"1. Yes
2. No
3. Don't know
1. Yes
2. No
3. Don't know
","-1. Inapplicable
-6. Not asked, unit nonresponse
-9. Refused
-1. Inapplicable
-6. Not asked, unit nonresponse
-9. Refused
"
paprofile_recent_womrts,WEB ONLY: Polit Affairs profile- Q11E(3): R womens rights movement in,"1. Yes
2. No
3. Don't know
1. Yes
2. No
3. Don't know
","-1. Inapplicable
-6. Not asked, unit nonresponse
-9. Refused
-1. Inapplicable
-6. Not asked, unit nonresponse
-9. Refused
"
paprofile_recent_equrts,WEBONLY:PolitAffairsprofile-Q11E(4): Rracialequalitymovementinlast,"1. Yes
2. No
3. Don't know
1. Yes
2. No
3. Don't know
","-1. Inapplicable
-6. Not asked, unit nonresponse
-9. Refused
-1. Inapplicable
-6. Not asked, unit nonresponse
-9. Refused
"
paprofile_recent_righttolife,WEBONLY:PolitAffairsprofile-Q11E(5): Rrighttolifemovementinlastyr,"1. Yes
2. No
3. Don't know
1. Yes
2. No
3. Don't know
","-1. Inapplicable
-6. Not asked, unit nonresponse
-9. Refused
-1. Inapplicable
-6. Not asked, unit nonresponse
-9. Refused
"
paprofile_recent_peace,WEB ONLY:Polit Affairsprofile-Q11E(6): R peacemovement in last yr,"1. Yes
2. No
3. Don't know
1. Yes
2. No
3. Don't know
","-1. Inapplicable
-6. Not asked, unit nonresponse
-9. Refused
-1. Inapplicable
-6. Not asked, unit nonresponse
-9. Refused
"
paprofile_recent_lgbt,WEB ONLY: Polit Affairs profile- Q11E(7): R LGBT rights movement in last,"1. Yes
2. No
3. Don't know
1. Yes
2. No
3. Don't know
","-1. Inapplicable
-6. Not asked, unit nonresponse
-9. Refused
-1. Inapplicable
-6. Not asked, unit nonresponse
-9. Refused
"
paprofile_recent_occupy,WEB ONLY:Polit Affairsprofile-Q11E(8): R Occupymovement in last yr,"1. Yes
2. No
3. Don't know
1. Yes
2. No
3. Don't know
","-1. Inapplicable
-6. Not asked, unit nonresponse
-9. Refused
-1. Inapplicable
-6. Not asked, unit nonresponse
-9. Refused
"
paprofile_moneyenvir,WEBONLY:PolitAffairsprofile-Q32(1): Givenmoneytoenvironorginlast,"0. No
1. Yes
0. No
1. Yes
","-1. Inapplicable
-9. Refused
-1. Inapplicable
-9. Refused
"
paprofile_timeenvir,WEBONLY:PolitAffairsprofile-Q32(2): Giventimetoenvironorginlastyr,"0. No
1. Yes
0. No
1. Yes
","-1. Inapplicable
-9. Refused
-1. Inapplicable
-9. Refused
"
paprofile_recyclepaper,WEB ONLY:Polit Affairsprofile-Q32(3): Recycled paper inlast yr,"0. No
1. Yes
0. No
1. Yes
","-1. Inapplicable
-9. Refused
-1. Inapplicable
-9. Refused
"
paprofile_recyclecans,WEB ONLY:Polit Affairsprofile-Q32(4): Recycled cans inlast yr,"0. No
1. Yes
0. No
1. Yes
","-1. Inapplicable
-9. Refused
-1. Inapplicable
-9. Refused
"
paprofile_recycleglass,WEB ONLY:Polit Affairsprofile-Q32(5): Recycled glass inlast yr,"0. No
1. Yes
0. No
1. Yes
","-1. Inapplicable
-9. Refused
-1. Inapplicable
-9. Refused
"
paprofile_recycleplast,WEB ONLY:Polit Affairsprofile-Q32(6): Recycled plastic inlast yr,"0. No
1. Yes
0. No
1. Yes
","-1. Inapplicable
-9. Refused
-1. Inapplicable
-9. Refused
"
paprofile_prodrecycled,WEB ONLY: Polit Affairs profile- Q32(7): Chose product becse recycled in,"0. No
1. Yes
0. No
1. Yes
","-1. Inapplicable
-9. Refused
-1. Inapplicable
-9. Refused
"
paprofile_energycut,WEBONLY:PolitAffairsprofile-Q32(8): Tookstepstoreduceenergyinlast,"0. No
1. Yes
0. No
1. Yes
","-1. Inapplicable
-9. Refused
-1. Inapplicable
-9. Refused
"
paprofile_replacebulbs,WEBONLY:PolitAffairsprofile-Q32(9): ReplacedfluorescbulbswithCFLs,"0. No
1. Yes
0. No
1. Yes
","-1. Inapplicable
-6. Not asked, unit nonresponse
-9. Refused
-1. Inapplicable
-6. Not asked, unit nonresponse
-9. Refused
"
paprofile_otherenvir,WEB ONLY:Polit Affairsprofile-Q32(10): Other environmental inlast yr,"0. No
1. Yes
0. No
1. Yes
","-1. Inapplicable
-9. Refused
-1. Inapplicable
-9. Refused
"
paprofile_engytaxcredit,WEB ONLY: Polit Affairs profile- Q32A: Qualify resid energy income tax,"1. Yes
2. No
1. Yes
2. No
","-1. Inapplicable
-9. Refused
-1. Inapplicable
-9. Refused
"
paprofile_selfenvironlst,WEBONLY:PolitAffairsprofile-Q33: Describeyourselfasanenvironmen-,"1. Yes,definitely
2. Yes,somewhat
3. No
1. Yes,definitely
2. Yes,somewhat
3. No
","-1. Inapplicable
-9. Refused
-1. Inapplicable
-9. Refused
"
paprofile_hhguns,WEB ONLY: Polit Affairs profile- Q34: Have guns or revolvers in home or,"1. Yes
2. No
1. Yes
2. No
","-1. Inapplicable
-9. Refused
-1. Inapplicable
-9. Refused
"
paprofile_pistol,WEB ONLY:Polit Affairsprofile-Q35(1): Typeofgun- pistol selected,"0. No
1. Yes
0. No
1. Yes
","-1. Inapplicable
-9. Refused
-1. Inapplicable
-9. Refused
"
paprofile_shotgun,WEB ONLY:Polit Affairsprofile-Q35(2): Typeofgun- shotgun selected,"0. No
1. Yes
0. No
1. Yes
","-1. Inapplicable
-9. Refused
-1. Inapplicable
-9. Refused
"
paprofile_rifle,WEB ONLY:Polit Affairsprofile-Q35(3): Typeofgun- rifle selected,"0. No
1. Yes
0. No
1. Yes
","-1. Inapplicable
-9. Refused
-1. Inapplicable
-9. Refused
"
paprofile_othergun,WEB ONLY:Polit Affairsprofile-Q35(4): Typeofgun- other selected,"0. No
1. Yes
0. No
1. Yes
","-1. Inapplicable
-9. Refused
-1. Inapplicable
-9. Refused
"
paprofile_othergun_type,WEBONLY:RESTRICTED:PolitAffairsprofile-Q35(4): Typeofgun-other,,"-1. Inapplicable
-3. Restricted access
-1. Inapplicable
-3. Restricted access
"
paprofile_personalgun,WEBONLY:PolitAffairsprofile-Q36: DoesanygunpersonallybelongtoR,"1. Yes
2. No
1. Yes
2. No
","-1. Inapplicable
-9. Refused
-1. Inapplicable
-9. Refused
"
paprofile_comments,WEBONLY:RESTRICTED:PolitAffairsprofile-Rcommentsyouwouldlike,,"-1. Inapplicable
-3. Restricted access
-1. Inapplicable
-3. Restricted access
"
race2012_sen,2012 election- U.S. Senate race in state(state of Respondent address),"0. No Senate race instate in
1. Senate racein state in
0. No Senate race in statein
1. Senate race instate in
",
race2012_gov,2012 election- governor race in state (stateof Respondent address),"0. No governor race instate in
1. Governor race instate in
0. No governor race in statein
1. Governor race in statein
",
typerace2012_hse,2012 election- type race for U.S. House(ballot at address of Respondent),"21. Republican incumbent running - Democratic
12. Democratic incumbent running - Republican
55. Open race- Democratic and Republican
24. Republicanincumbent running - unopposed
19. Democraticincumbentrunning-Republicanand
13. Democraticincumbentrunning-Republicanand
14. Democraticincumbent running - unopposed
23. Republicanincumbentrunning-Democraticand
29. Republicanincumbentrunning-Democraticand
","-1. Inap,district not determined (Webonly)
"
typerace2012_sen,2012election-typeraceforU.S.Senate(ballotataddressofRespondent),"12. Democratic incumbent running - Republican
55. Open race- Democratic and Republican
85. Democraticand Republican U.S. Senators, no
82. RepublicanU.S. Senators, no race in state
21. Republican incumbent running - Democratic
81. DemocraticU.S. Senators, no race in state
29. Republicanincumbentrunning-Democraticand
32. Other incumbent running - Republican
","-1. WashingtonD.C.
"
typerace2012_gov,2012 election - type race for state governor (ballot at address of Respon-,"00. No gubernatorial racein state
55. Open race -Democratic and Republican
12. Democraticincumbent running - Republican
21. Republicanincumbent running - Democratic
59. Open race- Democratic and Republican and
","-1. WashingtonD.C.
"
cand_hse_dem_name,Candidate-name: 2012U.S.HouseDemocraticcand(ballotataddressof,,
cand_hse_dem_gend,Candidate - gender: 2012 U.S. House Democratic cand (ballot at address,"1. Male
2. Female
1. Male
2. Female
","-1. Inap, noDemocratic House candidate; district
-1. Inap,no Democratic
"
cand_hse_dem_code,Candidate - code: 2012 U.S. House Democratic cand (ballot at address of,"31. Democratic candidatein open House race
33. Democratic Houserunning incumbent
35. Democratic House challenger
31. Democraticcandidate in
33. DemocraticHouse
35. DemocraticHouse
","-1. Inap,no Democratic House candidate; district
-1. Inap,no Democratic
"
cand_hse_rep_name,Candidate- name: 2012U.S. House Republicancand (ballot at addressof,,
cand_hse_rep_gend,Candidate - gender: 2012 U.S. House Republican cand (ballot at address,"1. Male
2. Female
1. Male
2. Female
","-1. Inap, noRepublican House candidate; district
-1. Inap,no Republican
"
cand_hse_rep_code,Candidate - code: 2012 U.S. House Republican cand (ballot at address of,"32. Republican candidatein open House race
34. Republican Houserunning incumbent
36. RepublicanHouse challenger
32. Republicancandidate in
34. RepublicanHouse
36. RepublicanHouse
","-1. Inap,no Republican House candidate; district
-1. Inap,no Republican
"
cand_hse_oth_name,Candidate - name: 2012 U.S. House other (3rd) cand (ballot at address of,,
cand_hse_oth_gend,Candidate-gender: 2012U.S.Houseother(3rd)cand(ballotataddressof,"1. Male
2. Female
1. Male
2. Female
","-1. Inap, noindependent/3rd party/other House
-1. Inap, no independent/3rd
"
cand_hse_oth_code,Candidate - code: 2012 U.S. House other (3rd) cand (ballot at address of,"37. Independent/3rd party/otherHouse candidate -
37. Independent/3rd
","-1. Inap, noindependent/3rd party/other House
-1. Inap, no independent/3rd
"
cand_hse_oth_pty,Candidate - party: 2012 U.S. House other (3rd) cand (ballot at address of,,
cand_sen_dem_name,Candidate-name: 2012U.S.SenateDemocraticcand(stateofRespondent,,
cand_sen_dem_gend,Candidate - gender: 2012 U.S. Senate Democratic cand (state of Respon-,"1. Male
2. Female
1. Male
2. Female
","-1. Inap, noDemocratic Senate candidate; no
-1. Inap,no Democratic
"
cand_sen_dem_code,Candidate-code: 2012U.S.SenateDemocraticcand(stateofRespondent,"1. Democratic candidate in open Senaterace
3. Democratic Senate running incumbent
5. Democratic Senate challenger
1. Democratic candidate in
3. Democratic Senate
5. Democratic Senate
","-1. Inap, noDemocratic Senate candidate; no
-1. Inap,no Democratic
"
cand_sen_rep_name,Candidate-name: 2012U.S.SenateRepublicancand(stateofRespondent,,
cand_sen_rep_gend,Candidate - gender: 2012 U.S. Senate Republican cand (state of Respon-,"1. Male
2. Female
1. Male
2. Female
","-1. Inap, no RepublicanSenate candidate; no
-1. Inap,no Republican
"
cand_sen_rep_code,Candidate-code: 2012U.S.SenateRepublicancand(stateofRespondent,"2. Republican candidate in open Senaterace
4. Republican Senate running incumbent
6. Republican Senate challenger
2. Republican candidate in
4. Republican Senate
6. Republican Senate
","-1. Inap, noRepublican Senate candidate; no
-1. Inap,no Republican
"
cand_sen_oth_name,Candidate-name: 2012U.S.Senateother(3rd)cand(stateofRespondent,,
cand_sen_oth_gend,Candidate - gender: 2012 U.S. Senate other (3rd) cand (state of Respon-,"1. Male
1. Male
","-1. Inap,no independent/3rd party/other Senate
-1. Inap, no independent/3rd
"
cand_sen_oth_code,Candidate-code: 2012U.S.Senateother(3rd)cand(stateofRespondent,"7. Independent/3rd party/other Senate candidate -
9. Independent/3rd party/other Senate candidate -
7. Independent/3rd
9. Independent/3rd
","-1. Inap,no independent/3rd party/other Senate
-1. Inap, no independent/3rd
"
cand_sen_oth_pty,Candidate-party: 2012U.S.Senateother(3rd)cand(stateofRespondent,,
sen_norace_srsen_name,U.S. Senator - name: Senior Senator in state without 2012 Senate race,,
sen_norace_srsen_pty,U.S.Senator-party: SeniorSenatorinstatewithout2012Senaterace(state,"1. Democratic
2. Republican
1. Democratic
2. Republican
","-1. Inap, Senate racein state
-1. Inap, Senate race instate
"
sen_norace_srsen_gend,U.S. Senator - gender: Senior Senator in state without 2012 Senate race,"1. Male
2. Female
1. Male
2. Female
","-1. Inap, Senate racein state
-1. Inap, Senate race instate
"
sen_norace_srsen_code,U.S.Senator-code: SeniorSenatorinstatewithout2012Senaterace(state,"17. Democratic Senior Senator
18. Republican Senior Senator
17. Democratic Senior Senator
18. Republican Senior Senator
","-1. Inap, Senate racein state
-1. Inap, Senate racein state
"
sen_norace_jrsen_name,U.S. Senator - name: Junior Senator in state without 2012 Senate race,,
sen_norace_jrsen_pty,U.S.Senator-party: JuniorSenatorinstatewithout2012Senaterace(state,"1. Democratic
2. Republican
1. Democratic
2. Republican
","-1. Inap, Senate racein state
-1. Inap, Senate race instate
"
sen_norace_jrsen_gend,U.S. Senator - gender: Junior Senator in state without 2012 Senate race,"1. Male
2. Female
1. Male
2. Female
","-1. Inap, Senate racein state
-1. Inap, Senate race instate
"
sen_norace_jrsen_code,U.S.Senator-code: JuniorSenatorinstatewithout2012Senaterace(state,"11. Democraticjunior Senator
12. Republican junior Senator
11. Democraticjunior Senator
12. Republican junior Senator
","-1. Inap, Senate race instate
-1. Inap, Senate race in state
"
sen_race_sennotup_name,U.S. Senator - name: nonrunning Senator in state with 2012 Senate race,,
sen_race_sennotup_pty,U.S. Senator - party: nonrunning Senator in state with 2012 Senate race,"1. Democratic
2. Republican
1. Democratic
2. Republican
","-1. Inap,no Senate race in state
-1. Inap, noSenaterace in state
"
sen_race_sennotup_gend,U.S. Senator - gender: nonrunning Senator in state with 2012 Senate race,"1. Male
2. Female
1. Male
2. Female
","-1. Inap, no Senate race instate
-1. Inap, noSenaterace in state
"
sen_race_sennotup_code,U.S. Senator - code: nonrunning Senator in state with 2012 Senate race,"11. Democratic junior Senator
12. Republicanjunior Senator
17. Democratic Senior Senator
18. Republican Senior Senator
11. Democratic juniorSenator
12. Republican junior Senator
17. Democratic SeniorSenator
18. Republican SeniorSenator
","-1. Inap, no Senate race instate
-1. Inap, noSenaterace in state
"
cand_gov_dem_name,Candidate - name: 2012 gubernatorial Democratic cand (state of Respon-,,
cand_gov_dem_gend,Candidate-gender: 2012gubernatorialDemocraticcand(stateofRespon-,"1. Male
2. Female
1. Male
2. Female
","-1. Inap, no Democratic gubernatorial candidate; no
-1. Inap,no Democratic
"
cand_gov_dem_code,Candidate - code: 2012 gubernatorial Democratic cand (state of Respon-,"51. Democratic candidate in open gubernatorial
53. Democratic gubernatorial running incumbent
55. Democratic gubernatorial challenger
51. Democraticcandidate in
53. Democratic gubernatorial
55. Democratic gubernatorial
","-1. Inap, no Democratic gubernatorial candidate; no
-1. Inap,no Democratic
"
cand_gov_rep_name,Candidate - name: 2012 gubernatorial Republican cand (state of Respon-,,
cand_gov_rep_gend,Candidate-gender: 2012gubernatorialRepublicancand(stateofRespon-,"1. Male
1. Male
","-1. Inap, no Republican gubernatorial candidate; no
-1. Inap,no Republican
"
cand_gov_rep_code,Candidate - code: 2012 gubernatorial Republican cand (state of Respon-,"52. Republicancandidateinopengubernatorialrace
54. Republican gubernatorial running incumbent
56. Republican gubernatorial challenger
52. Republicancandidate in
54. Republican gubernatorial
56. Republican gubernatorial
","-1. Inap, no Republican gubernatorial candidate; no
-1. Inap,no Republican
"
cand_gov_oth_name,Candidate - name: 2012 gubernatorial other (3rd) cand (state of Respon-,,
cand_gov_oth_gend,Candidate - gender: 2012 gubernatorial other (3rd) cand (state of Respon-,"2. Female
2. Female
","-1. Inap, no independent/3rd party/other
-1. Inap, no independent/3rd
"
cand_gov_oth_code,Candidate-code: 2012gubernatorialother(3rd)cand(stateofRespondent,"57. Independent/3rd party/othergubernatorial
57. Independent/3rd
","-1. Inap, no independent/3rd party/other
-1. Inap, no independent/3rd
"
cand_gov_oth_pty,Candidate-party: 2012gubernatorialother(3rd)cand(stateofRespondent,,
hserep_before_electn_name,Name of U.S. House Representative in officeprior to November elections -,,
hserep_before_electn_code,Code of U.S. House Representative in office prior to November elections -,"00. Notrunning in R's district (redistricting/retiring):
33. Running inR's district: R'sDemocratic U.S. Hse
34. Running inR's district: R's RepublicanU.S. Hse
00. Not runningin R's district
33. Running inR's district:
34. Running inR's district:
","-1. Inap, district before/after election not determined
-1. Inap, district before/after
"
hserep_before_electn_pty,Party of U.S. House Representative in office prior to November elections -,"1. Democratic
2. Republican
1. Democratic
2. Republican
","-1. Inap, district before/after electionnot determined
-1. Inap, district before/after
"
hserep_before_electn_gend,GenderofU.S.HouseRepresentativeinofficepriortoNovemberelections,"1. Male
2. Female
1. Male
2. Female
","-1. Inap,district before/after election not determined
-1. Inap, district before/after
"
randordq_medsrc_tvprog_01,Pre: Orderofmedia-sourcenumberedTVprograms: TVprogram1(20/20),,
randordq_medsrc_tvprog_02,Pre: Order of media-source numbered TV programs: TV program 2 (60,,
randordq_medsrc_tvprog_03,Pre: Order of media-source numbered TV programs: TV program 3 (ABC,,
randordq_medsrc_tvprog_04,Pre: Order of media-source numbered TV programs: TV program 4 (ABC,,
randordq_medsrc_tvprog_05,Pre: Orderofmedia-sourcenumberedTVprograms: TVprogram5(Amer-,,
randordq_medsrc_tvprog_06,Pre: Orderofmedia-sourcenumberedTVprograms: TVprogram6(Amer-,,
randordq_medsrc_tvprog_07,Pre: Orderofmedia-sourcenumberedTVprograms: TVprogram7(Amer-,,
randordq_medsrc_tvprog_08,Pre: Orderofmedia-sourcenumberedTVprograms: TVprogram8(Amer-,,
randordq_medsrc_tvprog_09,Pre: Orderofmedia-sourcenumberedTVprograms: TVprogram9(Ander-,,
randordq_medsrc_tvprog_10,Pre: Order of media-source numbered TV programs: TV program 10 (The,,
randordq_medsrc_tvprog_11,Pre: Order of media-source numbered TV programs: TV program 11 (CBS,,
randordq_medsrc_tvprog_12,Pre: Orderofmedia-sourcenumberedTVprograms: TVprogram12(CBS,,
randordq_medsrc_tvprog_13,Pre: Orderofmedia-sourcenumberedTVprograms: TVprogram13(Chris,,
randordq_medsrc_tvprog_14,Pre: Order of media-source numbered TV programs: TV program 14 (Col-,,
randordq_medsrc_tvprog_15,Pre: Orderofmedia-sourcenumberedTVprograms: TVprogram15(Daily,,
randordq_medsrc_tvprog_16,Pre: Orderofmedia-sourcenumberedTVprograms: TVprogram16(Danc-,,
randordq_medsrc_tvprog_17,Pre: Orderofmedia-sourcenumberedTVprograms: TVprogram17(Date-,,
randordq_medsrc_tvprog_18,Pre: Orderofmedia-sourcenumberedTVprograms: TVprogram18(Doc-,,
randordq_medsrc_tvprog_19,Pre: Orderofmedia-sourcenumberedTVprograms: TVprogram19(Ellen,,
randordq_medsrc_tvprog_20,Pre: Orderofmedia-sourcenumberedTVprograms: TVprogram20(Face,,
randordq_medsrc_tvprog_21,Pre: Order of media-source numbered TV programs: TV program 21 (The,,
randordq_medsrc_tvprog_22,Pre: Order of media-source numbered TV programs: TV program 22 (Fox,,
randordq_medsrc_tvprog_23,Pre: Orderofmedia-sourcenumberedTVprograms: TVprogram23(Front-,,"-2. Availablein future release
"
randordq_medsrc_tvprog_24,Pre: Orderofmedia-sourcenumberedTVprograms: TVprogram24(Good,,"-2. Availablein future release
"
randordq_medsrc_tvprog_25,Pre: Orderofmedia-sourcenumberedTVprograms: TVprogram25(Han-,,"-2. Availablein future release
"
randordq_medsrc_tvprog_26,Pre: Orderofmedia-sourcenumberedTVprograms: TVprogram26(Huck-,,"-2. Availablein future release
"
randordq_medsrc_tvprog_27,Pre: Order of media-source numbered TV programs: TV program 27 (In-,,"-2. Availablein future release
"
randordq_medsrc_tvprog_28,Pre: Order of media-source numbered TV programs: TV program 28,,"-2. Availablein future release
"
randordq_medsrc_tvprog_29,Pre: Order of media-source numbered TV programs: TV program 29 (Key,,"-2. Availablein future release
"
randordq_medsrc_tvprog_30,Pre: Order of media-source numbered TV programs: TV program 30 (Late,,"-2. Availablein future release
"
randordq_medsrc_tvprog_31,Pre: Order of media-source numbered TV programs: TV program 31 (Late,,"-2. Availablein future release
"
randordq_medsrc_tvprog_32,Pre: Orderofmedia-sourcenumberedTVprograms: TVprogram32(Meet,,"-2. Availablein future release
"
randordq_medsrc_tvprog_33,Pre: Order of media-source numbered TV programs: TV program 33 (The,,"-2. Availablein future release
"
randordq_medsrc_tvprog_34,Pre: Orderofmedia-sourcenumberedTVprograms: TVprogram34(NBC,,"-2. Availablein future release
"
randordq_medsrc_tvprog_35,Pre: Orderofmedia-sourcenumberedTVprograms: TVprogram35(NCIS),,"-2. Availablein future release
"
randordq_medsrc_tvprog_36,Pre: Order of media-source numbered TV programs: TV program 36,,"-2. Availablein future release
"
randordq_medsrc_tvprog_37,Pre: Order of media-source numbered TV programs: TV program 37 (On,,"-2. Availablein future release
"
randordq_medsrc_tvprog_38,Pre: Order of media-source numbered TV programs: TV program 38 (Per-,,"-2. Availablein future release
"
randordq_medsrc_tvprog_39,Pre: Orderofmedia-sourcenumberedTVprograms: TVprogram39(Rock,,"-2. Availablein future release
"
randordq_medsrc_tvprog_40,Pre: Order of media-source numbered TV programs: TV program 40 (Sat-,,"-2. Availablein future release
"
randordq_medsrc_tvprog_41,Pre: Orderofmedia-sourcenumberedTVprograms: TVprogram41(Spe-,,"-2. Availablein future release
"
randordq_medsrc_tvprog_42,Pre: Orderofmedia-sourcenumberedTVprograms: TVprogram42(Tavis,,"-2. Availablein future release
"
randordq_medsrc_tvprog_43,Pre: Orderofmedia-sourcenumberedTVprograms: TVprogram43(Sun-,,"-2. Availablein future release
"
randordq_medsrc_tvprog_44,Pre: Order of media-source numbered TV programs: TV program 44 (The,,"-2. Availablein future release
"
randordq_medsrc_tvprog_45,Pre: Order of media-source numbered TV programs: TV program 45 (This,,"-2. Availablein future release
"
randordq_medsrc_tvprog_46,Pre: Orderofmedia-sourcenumberedTVprograms: TVprogram46(Today,,"-2. Availablein future release
"
randordq_medsrc_tvprog_47,Pre: Order of media-source numbered TV programs: TV program 47 (The,,"-2. Availablein future release
"
randordq_medsrc_tvprog_48,Pre: Order of media-source numbered TV programs: TV program 48 (The,,"-2. Availablein future release
"
randordq_medsrc_tvprog_49,Pre: Order of media-source numbered TV programs: TV program 49 (Al,"1. Inap, Rdid not select TV as mediasource; R not
","-2. Availablein future release
"
randordq_medsrc_tvprog_50,Pre: Order of media-source numbered TV programs: TV program 50 (Al,"1. Inap, Rdid not select TV as mediasource; R not
","-2. Availablein future release
"
randordq_medsrc_tvprog_51,Pre: Order of media-source numbered TV programs: TV program 51 (Aqui,"1. Inap, Rdid not select TV as mediasource; R not
","-2. Availablein future release
"
randordq_medsrc_tvprog_52,Pre: Orderofmedia-sourcenumberedTVprograms: TVprogram52(CNN,"1. Inap, Rdid not select TV as mediasource; R not
","-2. Availablein future release
"
randordq_medsrc_tvprog_53,Pre: Order of media-source numbered TV programs: TV program 53 (De-,"1. Inap, Rdid not select TV as mediasource; R not
","-2. Availablein future release
"
randordq_medsrc_tvprog_54,Pre: Order of media-source numbered TV programs: TV program 54 (El-,"1. Inap, Rdid not select TV as mediasource; R not
","-2. Availablein future release
"
randordq_medsrc_tvprog_55,Pre: Order of media-source numbered TV programs: TV program 55 (En-,"1. Inap, Rdid not select TV as mediasource; R not
","-2. Availablein future release
"
randordq_medsrc_tvprog_56,Pre: Orderofmedia-sourcenumberedTVprograms: TVprogram56(Hoy),"1. Inap, Rdid not select TV as mediasource; R not
","-2. Availablein future release
"
randordq_medsrc_tvprog_57,Pre: Order of media-source numbered TV programs: TV program 57 (Lo,"1. Inap, Rdid not select TV as mediasource; R not
","-2. Availablein future release
"
randordq_medsrc_tvprog_58,Pre: Order of media-source numbered TV programs: TV program 58,"1. Inap, Rdid not select TV as mediasource; R not
","-2. Availablein future release
"
randordq_medsrc_tvprog_59,Pre: Order of media-source numbered TV programs: TV program 59,"1. Inap, Rdid not select TV as mediasource; R not
","-2. Availablein future release
"
randordq_medsrc_tvprog_60,Pre: Order of media-source numbered TV programs: TV program 60,"1. Inap, Rdid not select TV as mediasource; R not
","-2. Availablein future release
"
randordq_medsrc_tvprog_61,Pre: Order of media-source numbered TV programs: TV program 61,"1. Inap, Rdid not select TV as mediasource; R not
","-2. Availablein future release
"
randordq_medsrc_tvprog_62,Pre: Order of media-source numbered TV programs: TV program 62 (Pe-,"1. Inap, Rdid not select TV as mediasource; R not
","-2. Availablein future release
"
randordq_medsrc_tvprog_63,Pre: Order of media-source numbered TV programs: TV program 63,"1. Inap, Rdid not select TV as mediasource; R not
","-2. Availablein future release
"
randordq_medsrc_tvprog_64,Pre: Order of media-source numbered TV programs: TV program 64,"1. Inap, Rdid not select TV as mediasource; R not
","-2. Availablein future release
"
randord_medsrc_tvprog01_scrn,Pre: Screen number of media-source numbered TV program: TV program,"1. Screen
2. Screen
3. Screen
4. Screen
1. Screen1
2. Screen2
3. Screen3
4. Screen4
","-1. Inapplicable
-1. Inapplicable
"
randord_medsrc_tvprog02_scrn,Pre: Screen number of media-source numbered TV program: TV program,"1. Screen
2. Screen
3. Screen
4. Screen
1. Screen1
2. Screen2
3. Screen3
4. Screen4
","-1. Inapplicable
-1. Inapplicable
"
randord_medsrc_tvprog03_scrn,Pre: Screen number of media-source numbered TV program: TV program,"1. Screen
2. Screen
3. Screen
4. Screen
1. Screen1
2. Screen2
3. Screen3
4. Screen4
","-1. Inapplicable
-1. Inapplicable
"
randord_medsrc_tvprog04_scrn,Pre: Screen number of media-source numbered TV program: TV program,"1. Screen
2. Screen
3. Screen
4. Screen
1. Screen1
2. Screen2
3. Screen3
4. Screen4
","-1. Inapplicable
-1. Inapplicable
"
randord_medsrc_tvprog05_scrn,Pre: Screen number of media-source numbered TV program: TV program,"1. Screen
2. Screen
3. Screen
4. Screen
1. Screen1
2. Screen2
3. Screen3
4. Screen4
","-1. Inapplicable
-1. Inapplicable
"
randord_medsrc_tvprog06_scrn,Pre: Screen number of media-source numbered TV program: TV program,"1. Screen
2. Screen
3. Screen
4. Screen
1. Screen1
2. Screen2
3. Screen3
4. Screen4
","-1. Inapplicable
-1. Inapplicable
"
randord_medsrc_tvprog07_scrn,Pre: Screen number of media-source numbered TV program: TV program,"1. Screen
2. Screen
3. Screen
4. Screen
1. Screen1
2. Screen2
3. Screen3
4. Screen4
","-1. Inapplicable
-1. Inapplicable
"
randord_medsrc_tvprog08_scrn,Pre: Screen number of media-source numbered TV program: TV program,"1. Screen
2. Screen
3. Screen
4. Screen
1. Screen1
2. Screen2
3. Screen3
4. Screen4
","-1. Inapplicable
-1. Inapplicable
"
randord_medsrc_tvprog09_scrn,Pre: Screen number of media-source numbered TV program: TV program,"1. Screen
2. Screen
3. Screen
4. Screen
1. Screen1
2. Screen2
3. Screen3
4. Screen4
","-1. Inapplicable
-1. Inapplicable
"
randord_medsrc_tvprog10_scrn,Pre: Screen number of media-source numbered TV program: TV program,"1. Screen
2. Screen
3. Screen
4. Screen
1. Screen1
2. Screen2
3. Screen3
4. Screen4
","-1. Inapplicable
-1. Inapplicable
"
randord_medsrc_tvprog11_scrn,Pre: Screen number of media-source numbered TV program: TV program,"1. Screen
2. Screen
3. Screen
4. Screen
1. Screen1
2. Screen2
3. Screen3
4. Screen4
","-1. Inapplicable
-1. Inapplicable
"
randord_medsrc_tvprog12_scrn,Pre: Screen number of media-source numbered TV program: TV program,"1. Screen
2. Screen
3. Screen
4. Screen
1. Screen1
2. Screen2
3. Screen3
4. Screen4
","-1. Inapplicable
-1. Inapplicable
"
randord_medsrc_tvprog13_scrn,Pre: Screen number of media-source numbered TV program: TV program,"1. Screen
2. Screen
3. Screen
4. Screen
1. Screen1
2. Screen2
3. Screen3
4. Screen4
","-1. Inapplicable
-1. Inapplicable
"
randord_medsrc_tvprog14_scrn,Pre: Screen number of media-source numbered TV program: TV program,"1. Screen
2. Screen
3. Screen
4. Screen
1. Screen1
2. Screen2
3. Screen3
4. Screen4
","-1. Inapplicable
-1. Inapplicable
"
randord_medsrc_tvprog15_scrn,Pre: Screen number of media-source numbered TV program: TV program,"1. Screen
2. Screen
3. Screen
4. Screen
1. Screen1
2. Screen2
3. Screen3
4. Screen4
","-1. Inapplicable
-1. Inapplicable
"
randord_medsrc_tvprog16_scrn,Pre: Screen number of media-source numbered TV program: TV program,"1. Screen
2. Screen
3. Screen
4. Screen
1. Screen1
2. Screen2
3. Screen3
4. Screen4
","-1. Inapplicable
-1. Inapplicable
"
randord_medsrc_tvprog17_scrn,Pre: Screen number of media-source numbered TV program: TV program,"1. Screen
2. Screen
3. Screen
4. Screen
1. Screen1
2. Screen2
3. Screen3
4. Screen4
","-1. Inapplicable
-1. Inapplicable
"
randord_medsrc_tvprog18_scrn,Pre: Screen number of media-source numbered TV program: TV program,"1. Screen
2. Screen
3. Screen
4. Screen
1. Screen1
2. Screen2
3. Screen3
4. Screen4
","-1. Inapplicable
-1. Inapplicable
"
randord_medsrc_tvprog19_scrn,Pre: Screen number of media-source numbered TV program: TV program,"1. Screen
2. Screen
3. Screen
4. Screen
1. Screen1
2. Screen2
3. Screen3
4. Screen4
","-1. Inapplicable
-1. Inapplicable
"
randord_medsrc_tvprog20_scrn,Pre: Screen number of media-source numbered TV program: TV program,"1. Screen
2. Screen
3. Screen
4. Screen
1. Screen1
2. Screen2
3. Screen3
4. Screen4
","-1. Inapplicable
-1. Inapplicable
"
randord_medsrc_tvprog21_scrn,Pre: Screen number of media-source numbered TV program: TV program,"1. Screen
2. Screen
3. Screen
4. Screen
1. Screen1
2. Screen2
3. Screen3
4. Screen4
","-1. Inapplicable
-1. Inapplicable
"
randord_medsrc_tvprog22_scrn,Pre: Screen number of media-source numbered TV program: TV program,"1. Screen
2. Screen
3. Screen
4. Screen
1. Screen1
2. Screen2
3. Screen3
4. Screen4
","-1. Inapplicable
-1. Inapplicable
"
randord_medsrc_tvprog23_scrn,Pre: Screen number of media-source numbered TV program: TV program,"1. Screen
2. Screen
3. Screen
4. Screen
1. Screen1
2. Screen2
3. Screen3
4. Screen4
","-1. Inapplicable
-1. Inapplicable
"
randord_medsrc_tvprog24_scrn,Pre: Screen number of media-source numbered TV program: TV program,"1. Screen
2. Screen
3. Screen
4. Screen
1. Screen1
2. Screen2
3. Screen3
4. Screen4
","-1. Inapplicable
-1. Inapplicable
"
randord_medsrc_tvprog25_scrn,Pre: Screen number of media-source numbered TV program: TV program,"1. Screen
2. Screen
3. Screen
4. Screen
1. Screen1
2. Screen2
3. Screen3
4. Screen4
","-1. Inapplicable
-1. Inapplicable
"
randord_medsrc_tvprog26_scrn,Pre: Screen number of media-source numbered TV program: TV program,"1. Screen
2. Screen
3. Screen
4. Screen
1. Screen1
2. Screen2
3. Screen3
4. Screen4
","-1. Inapplicable
-1. Inapplicable
"
randord_medsrc_tvprog27_scrn,Pre: Screen number of media-source numbered TV program: TV program,"1. Screen
2. Screen
3. Screen
4. Screen
1. Screen1
2. Screen2
3. Screen3
4. Screen4
","-1. Inapplicable
-1. Inapplicable
"
randord_medsrc_tvprog28_scrn,Pre: Screen number of media-source numbered TV program: TV program,"1. Screen
2. Screen
3. Screen
4. Screen
1. Screen1
2. Screen2
3. Screen3
4. Screen4
","-1. Inapplicable
-1. Inapplicable
"
randord_medsrc_tvprog29_scrn,Pre: Screen number of media-source numbered TV program: TV program,"1. Screen
2. Screen
3. Screen
4. Screen
1. Screen1
2. Screen2
3. Screen3
4. Screen4
","-1. Inapplicable
-1. Inapplicable
"
randord_medsrc_tvprog30_scrn,Pre: Screen number of media-source numbered TV program: TV program,"1. Screen
2. Screen
3. Screen
4. Screen
1. Screen1
2. Screen2
3. Screen3
4. Screen4
","-1. Inapplicable
-1. Inapplicable
"
randord_medsrc_tvprog31_scrn,Pre: Screen number of media-source numbered TV program: TV program,"1. Screen
2. Screen
3. Screen
4. Screen
1. Screen1
2. Screen2
3. Screen3
4. Screen4
","-1. Inapplicable
-1. Inapplicable
"
randord_medsrc_tvprog32_scrn,Pre: Screen number of media-source numbered TV program: TV program,"1. Screen
2. Screen
3. Screen
4. Screen
1. Screen1
2. Screen2
3. Screen3
4. Screen4
","-1. Inapplicable
-1. Inapplicable
"
randord_medsrc_tvprog33_scrn,Pre: Screen number of media-source numbered TV program: TV program,"1. Screen
2. Screen
3. Screen
4. Screen
1. Screen1
2. Screen2
3. Screen3
4. Screen4
","-1. Inapplicable
-1. Inapplicable
"
randord_medsrc_tvprog34_scrn,Pre: Screen number of media-source numbered TV program: TV program,"1. Screen
2. Screen
3. Screen
4. Screen
1. Screen1
2. Screen2
3. Screen3
4. Screen4
","-1. Inapplicable
-1. Inapplicable
"
randord_medsrc_tvprog35_scrn,Pre: Screen number of media-source numbered TV program: TV program,"1. Screen
2. Screen
3. Screen
4. Screen
1. Screen1
2. Screen2
3. Screen3
4. Screen4
","-1. Inapplicable
-1. Inapplicable
"
randord_medsrc_tvprog36_scrn,Pre: Screen number of media-source numbered TV program: TV program,"1. Screen
2. Screen
3. Screen
4. Screen
1. Screen1
2. Screen2
3. Screen3
4. Screen4
","-1. Inapplicable
-1. Inapplicable
"
randord_medsrc_tvprog37_scrn,Pre: Screen number of media-source numbered TV program: TV program,"1. Screen
2. Screen
3. Screen
4. Screen
1. Screen1
2. Screen2
3. Screen3
4. Screen4
","-1. Inapplicable
-1. Inapplicable
"
randord_medsrc_tvprog38_scrn,Pre: Screen number of media-source numbered TV program: TV program,"1. Screen
2. Screen
3. Screen
4. Screen
1. Screen1
2. Screen2
3. Screen3
4. Screen4
","-1. Inapplicable
-1. Inapplicable
"
randord_medsrc_tvprog39_scrn,Pre: Screen number of media-source numbered TV program: TV program,"1. Screen
2. Screen
3. Screen
4. Screen
1. Screen1
2. Screen2
3. Screen3
4. Screen4
","-1. Inapplicable
-1. Inapplicable
"
randord_medsrc_tvprog40_scrn,Pre: Screen number of media-source numbered TV program: TV program,"1. Screen
2. Screen
3. Screen
4. Screen
1. Screen1
2. Screen2
3. Screen3
4. Screen4
","-1. Inapplicable
-1. Inapplicable
"
randord_medsrc_tvprog41_scrn,Pre: Screen number of media-source numbered TV program: TV program,"1. Screen
2. Screen
3. Screen
4. Screen
1. Screen1
2. Screen2
3. Screen3
4. Screen4
","-1. Inapplicable
-1. Inapplicable
"
randord_medsrc_tvprog42_scrn,Pre: Screen number of media-source numbered TV program: TV program,"1. Screen
2. Screen
3. Screen
4. Screen
1. Screen1
2. Screen2
3. Screen3
4. Screen4
","-1. Inapplicable
-1. Inapplicable
"
randord_medsrc_tvprog43_scrn,Pre: Screen number of media-source numbered TV program: TV program,"1. Screen
2. Screen
3. Screen
4. Screen
1. Screen1
2. Screen2
3. Screen3
4. Screen4
","-1. Inapplicable
-1. Inapplicable
"
randord_medsrc_tvprog44_scrn,Pre: Screen number of media-source numbered TV program: TV program,"1. Screen
2. Screen
3. Screen
4. Screen
1. Screen1
2. Screen2
3. Screen3
4. Screen4
","-1. Inapplicable
-1. Inapplicable
"
randord_medsrc_tvprog45_scrn,Pre: Screen number of media-source numbered TV program: TV program,"1. Screen
2. Screen
3. Screen
4. Screen
1. Screen1
2. Screen2
3. Screen3
4. Screen4
","-1. Inapplicable
-1. Inapplicable
"
randord_medsrc_tvprog46_scrn,Pre: Screen number of media-source numbered TV program: TV program,"1. Screen
2. Screen
3. Screen
4. Screen
1. Screen1
2. Screen2
3. Screen3
4. Screen4
","-1. Inapplicable
-1. Inapplicable
"
randord_medsrc_tvprog47_scrn,Pre: Screen number of media-source numbered TV program: TV program,"1. Screen
2. Screen
3. Screen
4. Screen
1. Screen1
2. Screen2
3. Screen3
4. Screen4
","-1. Inapplicable
-1. Inapplicable
"
randord_medsrc_tvprog48_scrn,Pre: Screen number of media-source numbered TV program: TV program,"1. Screen
2. Screen
3. Screen
4. Screen
1. Screen1
2. Screen2
3. Screen3
4. Screen4
","-1. Inapplicable
-1. Inapplicable
"
randord_medsrc_tvprog49_scrn,Pre: Screen number of media-source numbered TV program: TV program,"1. Screen1
2. Screen2
3. Screen3
4. Screen4
1. Screen1
2. Screen2
3. Screen3
4. Screen4
","-1. Inapplicable
-1. Inapplicable
"
randord_medsrc_tvprog50_scrn,Pre: Screen number of media-source numbered TV program: TV program,"1. Screen1
2. Screen2
3. Screen3
4. Screen4
1. Screen1
2. Screen2
3. Screen3
4. Screen4
","-1. Inapplicable
-1. Inapplicable
"
randord_medsrc_tvprog51_scrn,Pre: Screen number of media-source numbered TV program: TV program,"1. Screen1
2. Screen2
3. Screen3
4. Screen4
1. Screen1
2. Screen2
3. Screen3
4. Screen4
","-1. Inapplicable
-1. Inapplicable
"
randord_medsrc_tvprog52_scrn,Pre: Screen number of media-source numbered TV program: TV program,"1. Screen1
2. Screen2
3. Screen3
4. Screen4
1. Screen1
2. Screen2
3. Screen3
4. Screen4
","-1. Inapplicable
-1. Inapplicable
"
randord_medsrc_tvprog53_scrn,Pre: Screen number of media-source numbered TV program: TV program,"1. Screen1
2. Screen2
3. Screen3
4. Screen4
1. Screen1
2. Screen2
3. Screen3
4. Screen4
","-1. Inapplicable
-1. Inapplicable
"
randord_medsrc_tvprog54_scrn,Pre: Screen number of media-source numbered TV program: TV program,"1. Screen1
2. Screen2
3. Screen3
4. Screen4
1. Screen1
2. Screen2
3. Screen3
4. Screen4
","-1. Inapplicable
-1. Inapplicable
"
randord_medsrc_tvprog55_scrn,Pre: Screen number of media-source numbered TV program: TV program,"1. Screen1
2. Screen2
3. Screen3
4. Screen4
1. Screen1
2. Screen2
3. Screen3
4. Screen4
","-1. Inapplicable
-1. Inapplicable
"
randord_medsrc_tvprog56_scrn,Pre: Screen number of media-source numbered TV program: TV program,"1. Screen1
2. Screen2
3. Screen3
4. Screen4
1. Screen1
2. Screen2
3. Screen3
4. Screen4
","-1. Inapplicable
-1. Inapplicable
"
randord_medsrc_tvprog57_scrn,Pre: Screen number of media-source numbered TV program: TV program,"1. Screen1
2. Screen2
3. Screen3
4. Screen4
1. Screen1
2. Screen2
3. Screen3
4. Screen4
","-1. Inapplicable
-1. Inapplicable
"
randord_medsrc_tvprog58_scrn,Pre: Screen number of media-source numbered TV program: TV program,"1. Screen1
2. Screen2
3. Screen3
4. Screen4
1. Screen1
2. Screen2
3. Screen3
4. Screen4
","-1. Inapplicable
-1. Inapplicable
"
randord_medsrc_tvprog59_scrn,Pre: Screen number of media-source numbered TV program: TV program,"1. Screen1
2. Screen2
3. Screen3
4. Screen4
1. Screen1
2. Screen2
3. Screen3
4. Screen4
","-1. Inapplicable
-1. Inapplicable
"
randord_medsrc_tvprog60_scrn,Pre: Screen number of media-source numbered TV program: TV program,"1. Screen1
2. Screen2
3. Screen3
4. Screen4
1. Screen1
2. Screen2
3. Screen3
4. Screen4
","-1. Inapplicable
-1. Inapplicable
"
randord_medsrc_tvprog61_scrn,Pre: Screen number of media-source numbered TV program: TV program,"1. Screen1
2. Screen2
3. Screen3
4. Screen4
1. Screen1
2. Screen2
3. Screen3
4. Screen4
","-1. Inapplicable
-1. Inapplicable
"
randord_medsrc_tvprog62_scrn,Pre: Screen number of media-source numbered TV program: TV program,"1. Screen1
2. Screen2
3. Screen3
4. Screen4
1. Screen1
2. Screen2
3. Screen3
4. Screen4
","-1. Inapplicable
-1. Inapplicable
"
randord_medsrc_tvprog63_scrn,Pre: Screen number of media-source numbered TV program: TV program,"1. Screen1
2. Screen2
3. Screen3
4. Screen4
1. Screen1
2. Screen2
3. Screen3
4. Screen4
","-1. Inapplicable
-1. Inapplicable
"
randord_medsrc_tvprog64_scrn,Pre: Screen number of media-source numbered TV program: TV program,"1. Screen1
2. Screen2
3. Screen3
4. Screen4
1. Screen1
2. Screen2
3. Screen3
4. Screen4
","-1. Inapplicable
-1. Inapplicable
"
randordq_medsrc_radio_01,Pre: Orderofmedia-sourcenumberedradioprograms: radioprogram1(All,"03. Listed as
13. Listed as13th radio program
09. Listedas
10. Listed as10th radio program
12. Listed as12th radio program
08. Listedas
11. Listedas
05. Listedas
","-2. Availableinfuture release
-1. Inap,R did not select radio asmedia source
"
randordq_medsrc_radio_02,Pre: Order of media-source numbered radio programs: radio program 2,"02. Listed as
01. Listed as1st radio program
07. Listedas
12. Listed as12thradio program
10. Listed as10thradio program
05. Listedas
11. Listedas
06. Listedas
","-2. Availableinfuture release
-1. Inap,R did not select radio asmedia source
"
randordq_medsrc_radio_03,Pre: Orderofmedia-sourcenumberedradioprograms: radioprogram3(Ed,"11. Listedas
14. Listed as14th radio program
01. Listed as1st radio program
13. Listed as13th radio program
06. Listedas
04. Listedas
10. Listed as10th radio program
07. Listedas
","-2. Availableinfuture release
-1. Inap,R did not select radio asmedia source
"
randordq_medsrc_radio_04,Pre: Order of media-source numbered radio programs: radio program 4,"10. Listed as10thradio program
04. Listedas
07. Listedas
06. Listedas
09. Listedas
08. Listedas
11. Listedas
03. Listed as
","-2. Availableinfuture release
-1. Inap,R did not select radio asmedia source
"
randordq_medsrc_radio_05,Pre: Order of media-source numbered radio programs: radio program 5,"04. Listedas
15. Listed as15thradio program
01. Listed as1st radio program
06. Listedas
02. Listed as
08. Listedas
05. Listedas
03. Listed as
","-2. Availableinfuture release
-1. Inap,R did not select radio asmedia source
"
randordq_medsrc_radio_06,Pre: Order of media-source numbered radio programs: radio program 6,"05. Listedas
07. Listedas
12. Listed as12thradio program
06. Listedas
08. Listedas
09. Listedas
14. Listed as14thradio program
13. Listed as13thradio program
","-2. Availableinfuture release
-1. Inap,R did not select radio asmedia source
"
randordq_medsrc_radio_07,Pre: Order of media-source numbered radio programs: radio program 7,"03. Listed as
14. Listed as14th radio program
13. Listed as13th radio program
01. Listed as1st radio program
10. Listed as10th radio program
02. Listed as
12. Listed as12th radio program
09. Listedas
","-2. Availableinfuture release
-1. Inap,R did not select radio asmedia source
"
randordq_medsrc_radio_08,Pre: Order of media-source numbered radio programs: radio program 8,"14. Listed as14thradio program
15. Listed as15thradio program
03. Listed as
05. Listedas
06. Listedas
11. Listedas
08. Listedas
02. Listed as
","-2. Availableinfuture release
-1. Inap,R did not select radio asmedia source
"
randordq_medsrc_radio_09,Pre: Order of media-source numbered radio programs: radio program 9,"05. Listedas
04. Listedas
02. Listed as
11. Listedas
15. Listed as15thradio program
06. Listedas
12. Listed as12thradio program
03. Listed as
","-2. Availableinfuture release
-1. Inap,R did not select radio asmedia source
"
randordq_medsrc_radio_10,Pre: Order of media-source numbered radio programs: radio program 10,"02. Listed as
15. Listed as15thradio program
09. Listedas
12. Listed as12thradio program
04. Listedas
11. Listedas
06. Listedas
01. Listed as1st radio program
","-2. Availableinfuture release
-1. Inap,R did not select radio asmedia source
"
randordq_medsrc_radio_11,Pre: Order of media-source numbered radio programs: radio program 11,"09. Listedas
08. Listedas
01. Listed as1st radio program
12. Listed as12thradio program
13. Listed as13thradio program
02. Listed as
05. Listedas
06. Listedas
","-2. Availableinfuture release
-1. Inap,R did not select radio asmedia source
"
randordq_medsrc_radio_12,Pre: Order of media-source numbered radio programs: radio program 12,"07. Listedas
01. Listed as1st radio program
10. Listed as10thradio program
14. Listed as14thradio program
03. Listed as
05. Listedas
08. Listedas
11. Listedas
","-2. Availableinfuture release
-1. Inap,R did not select radio asmedia source
"
randordq_medsrc_radio_13,Pre: Order of media-source numbered radio programs: radio program 13,"03. Listed as
04. Listedas
12. Listed as12th radio program
13. Listed as13th radio program
02. Listed as
11. Listedas
15. Listed as15th radio program
14. Listed as14th radio program
","-2. Availableinfuture release
-1. Inap,R did not select radio asmedia source
"
randordq_medsrc_radio_14,Pre: Order of media-source numbered radio programs: radio program 14,"05. Listedas
07. Listedas
08. Listedas
13. Listed as13thradio program
10. Listed as10thradio program
02. Listed as
15. Listed as15thradio program
12. Listed as12thradio program
","-2. Availableinfuture release
-1. Inap,R did not select radio asmedia source
"
randordq_medsrc_radio_15,Pre: Order of media-source numbered radio programs: radio program 15,"09. Listedas
05. Listedas
04. Listedas
08. Listedas
11. Listedas
06. Listedas
12. Listed as12thradio program
03. Listed as
","-2. Availableinfuture release
-1. Inap,R did not select radio asmedia source
"
randordq_medsrc_websites_01,Pre: Order of media-source numbered web sites: web site 1 (abc-,"03. Listed as
11. Listed as
06. Listed as
05. Listed as
12. Listed as
13. Listed as
14. Listed as
08. Listed as
","-2. Availablein future release
-1. Inap, R did not selectWebsite(s) as media
"
randordq_medsrc_websites_02,Pre: Order of media-source numbered web sites: web site 2 (CNN,"01. Listed as
02. Listedas
03. Listed as
04. Listed as
05. Listed as
06. Listed as
07. Listed as
08. Listed as
09. Listed as
10. Listed as
11. Listed as
12. Listed as
13. Listed as
14. Listed as
15. Listed as
","-1. Inap, R did not selectWebsite(s) as media
"
randordq_medsrc_websites_03,Pre: Orderofmedia-sourcenumberedwebsites: website3(DrudgeReport,"01. Listed as
02. Listedas
03. Listed as
04. Listed as
05. Listed as
06. Listed as
07. Listed as
08. Listed as
09. Listed as
10. Listed as
11. Listed as
12. Listed as
13. Listed as
14. Listed as
15. Listed as
","-1. Inap, R did not selectWebsite(s) as media
"
randordq_medsrc_websites_04,Pre: Order of media-source numbered web sites: web site 4 (Forbes,"01. Listed as
02. Listedas
03. Listed as
04. Listed as
05. Listed as
06. Listed as
07. Listed as
08. Listed as
09. Listed as
10. Listed as
11. Listed as
12. Listed as
13. Listed as
14. Listed as
15. Listed as
","-1. Inap, R did not selectWebsite(s) as media
"
randordq_medsrc_websites_05,Pre: Order of media-source numbered web sites: web site 5 (Fox News,"01. Listed as
02. Listedas
03. Listed as
04. Listed as
05. Listed as
06. Listed as
07. Listed as
08. Listed as
09. Listed as
10. Listed as
11. Listed as
12. Listed as
13. Listed as
14. Listed as
15. Listed as
","-1. Inap, R did not selectWebsite(s) as media
"
randordq_medsrc_websites_06,Pre: Orderofmedia-sourcenumberedwebsites: website6(GoodMorning,"01. Listed as
02. Listedas
03. Listed as
04. Listed as
05. Listed as
06. Listed as
07. Listed as
08. Listed as
09. Listed as
10. Listed as
11. Listed as
12. Listed as
13. Listed as
14. Listed as
15. Listed as
","-1. Inap, R did not selectWebsite(s) as media
"
randordq_medsrc_websites_07,Pre: Orderofmedia-sourcenumberedwebsites: website7(GoogleNews,"01. Listed as
02. Listedas
03. Listed as
04. Listed as
05. Listed as
06. Listed as
07. Listed as
08. Listed as
09. Listed as
10. Listed as
11. Listed as
12. Listed as
13. Listed as
14. Listed as
15. Listed as
","-1. Inap, R did not selectWebsite(s) as media
"
randordq_medsrc_websites_08,Pre: Order of media-source numbered web sites: web site 8 (Huffington,"01. Listed as
02. Listedas
03. Listed as
04. Listed as
05. Listed as
06. Listed as
07. Listed as
08. Listed as
09. Listed as
10. Listed as
11. Listed as
12. Listed as
13. Listed as
14. Listed as
15. Listed as
","-1. Inap, R did not selectWebsite(s) as media
"
randordq_medsrc_websites_09,Pre: Order of media-source numbered web sites: web site 9 (Los Angeles,"01. Listed as
02. Listedas
03. Listed as
04. Listed as
05. Listed as
06. Listed as
07. Listed as
08. Listed as
09. Listed as
10. Listed as
11. Listed as
12. Listed as
13. Listed as
14. Listed as
15. Listed as
","-1. Inap, R did not selectWebsite(s) as media
"
randordq_medsrc_websites_10,Pre: Order of media-source numbered web sites: web site 10 (MSNBC,"01. Listed as
02. Listedas
03. Listed as
04. Listed as
05. Listed as
06. Listed as
07. Listed as
08. Listed as
09. Listed as
10. Listed as
11. Listed as
12. Listed as
13. Listed as
14. Listed as
15. Listed as
","-1. Inap, R did not selectWebsite(s) as media
"
randordq_medsrc_websites_11,Pre: Order of media-source numbered web sites: web site 11 (New York,"01. Listed as
02. Listedas
03. Listed as
04. Listed as
05. Listed as
06. Listed as
07. Listed as
08. Listed as
09. Listed as
10. Listed as
11. Listed as
12. Listed as
13. Listed as
14. Listed as
15. Listed as
","-1. Inap, R did not selectWebsite(s) as media
"
randordq_medsrc_websites_12,Pre: Orderofmedia-sourcenumberedwebsites: website12(TodayShow,"01. Listed as
02. Listedas
03. Listed as
04. Listed as
05. Listed as
06. Listed as
07. Listed as
08. Listed as
09. Listed as
10. Listed as
11. Listed as
12. Listed as
13. Listed as
14. Listed as
15. Listed as
","-1. Inap, R did not selectWebsite(s) as media
"
randordq_medsrc_websites_13,Pre: Order of media-source numbered web sites: web site 13 (USA Today,"01. Listed as
02. Listedas
03. Listed as
04. Listed as
05. Listed as
06. Listed as
07. Listed as
08. Listed as
09. Listed as
10. Listed as
11. Listed as
12. Listed as
13. Listed as
14. Listed as
15. Listed as
","-1. Inap, R did not selectWebsite(s) as media
"
randordq_medsrc_websites_14,Pre: Order of media-source numbered web sites: web site 14 (Washington,"01. Listed as
02. Listedas
03. Listed as
04. Listed as
05. Listed as
06. Listed as
07. Listed as
08. Listed as
09. Listed as
10. Listed as
11. Listed as
12. Listed as
13. Listed as
14. Listed as
15. Listed as
","-1. Inap, R did not selectWebsite(s) as media
"
randordq_medsrc_websites_15,Pre: Orderofmedia-sourcenumberedwebsites: website15(YahooNews,"05. Listed as
09. Listed as
04. Listed as
08. Listed as
11. Listed as
03. Listed as
13. Listed as
12. Listed as
","-2. Availablein future release
-1. Inap, R did not selectWebsite(s) as media
"
randordq_medsrc_newsp_01,Pre: Orderofmedia-sourcenumberedprint/onlinenewspapers: newspaper,"03. Listed as
02. Listed as2nd newspaper
05. Listed as
04. Listed as
01. Listed as1st newspaper
06. Listed as
07. Listed as
08. Listed as
","-2. Availablein future release
-1. Inap, R did notselect either print or online
"
randordq_medsrc_newsp_02,Pre: Orderofmedia-sourcenumberedprint/onlinenewspapers: newspaper,"01. Listed as1st newspaper
02. Listed as2nd newspaper
05. Listed as
04. Listed as
03. Listed as
06. Listed as
07. Listed as
08. Listed as
","-2. Availablein future release
-1. Inap, R did notselect either print or online
"
randordq_medsrc_newsp_03,Pre: Orderofmedia-sourcenumberedprint/onlinenewspapers: newspaper,"04. Listed as
01. Listed as1st newspaper
03. Listed as
02. Listed as2nd newspaper
05. Listed as
06. Listed as
07. Listed as
08. Listed as
","-2. Availablein future release
-1. Inap, R did notselect either print or online
"
randordq_medsrc_newsp_04,Pre: Orderofmedia-sourcenumberedprint/onlinenewspapers: newspaper,"03. Listed as
02. Listed as2nd newspaper
04. Listed as
05. Listed as
01. Listed as1st newspaper
06. Listed as
08. Listed as
07. Listed as
","-2. Availablein future release
-1. Inap, R did notselect either print or online
"
randordq_medsrc_newsp_05,Pre: Orderofmedia-sourcenumberedprint/onlinenewspapers: newspaper,"04. Listed as
03. Listed as
05. Listed as
02. Listed as2nd newspaper
01. Listed as1st newspaper
06. Listed as
08. Listed as
07. Listed as
","-2. Availablein future release
-1. Inap,R did not select (print oronline)
"
randordq_medsrc_newsp_06,Pre: Orderofmedia-sourcenumberedprint/onlinenewspapers: newspaper,"06. Listed as
02. Listed as2nd newspaper
05. Listed as
04. Listed as
01. Listed as1st newspaper
03. Listed as
07. Listed as
08. Listed as
","-2. Availablein future release
-1. Inap,R did not select (print oronline)
"
randordq_medsrc_newsp_07,Pre: Orderofmedia-sourcenumberedprint/onlinenewspapers: newspaper,"01. Listed as1st newspaper
07. Listed as
05. Listed as
08. Listed as
03. Listed as
06. Listed as
02. Listed as2nd newspaper
09. Listed as
","-2. Availablein future release
-1. Inap,R did not select (print oronline)
"
randordq_medsrc_newsp_08,Pre: Orderofmedia-sourcenumberedprint/onlinenewspapers: newspaper,"08. Listed as
04. Listed as
03. Listed as
02. Listed as2nd newspaper
05. Listed as
06. Listed as
07. Listed as
01. Listed as1st newspaper
","-2. Availablein future release
-1. Inap,R did not select (print oronline)
"
randordq_medsrc_newsp_09,Pre: Orderofmedia-sourcenumberedprint/onlinenewspapers: newspaper,"01. Listed as1st newspaper
07. Listed as
04. Listed as
06. Listed as
03. Listed as
05. Listed as
09. Listed as
08. Listed as
","-2. Availablein future release
-1. Inap,R did not select (print oronline)
"
randordq_medsrc_newsp_10,Pre: Orderofmedia-sourcenumberedprint/onlinenewspapers: newspaper,"06. Listed as
10. Listed as10th newspaper
04. Listed as
07. Listed as
09. Listed as
02. Listed as2nd newspaper
01. Listed as1st newspaper
03. Listed as
","-2. Availablein future release
-1. Inap,R did not select (print oronline)
"
randordq_medsrc_newsp_11,Pre: Orderofmedia-sourcenumberedprint/onlinenewspapers: newspaper,"02. Listed as2nd newspaper
04. Listed as
11. Listed as
03. Listed as
06. Listed as
12. Listed as12th newspaper
01. Listed as1st newspaper
07. Listed as
","-2. Availablein future release
-1. Inap,R did not select (print oronline)
"
randordq_medsrc_newsp_12,Pre: Orderofmedia-sourcenumberedprint/onlinenewspapers: newspaper,"03. Listed as
05. Listed as
12. Listed as12th newspaper
01. Listed as1st newspaper
06. Listed as
13. Listed as13th newspaper
02. Listed as2nd newspaper
09. Listed as
","-2. Availablein future release
-1. Inap,R did not select (print oronline)
"
randordq_medsrc_newsp_13,Pre: Orderofmedia-sourcenumberedprint/onlinenewspapers: newspaper,"10. Listed as10th newspaper
01. Listed as1st newspaper
04. Listed as
06. Listed as
08. Listed as
09. Listed as
11. Listed as
","-2. Availablein future release
-1. Inap,R did not select (print oronline)
"
randordq_medsrc_newsp_14,Pre: Orderofmedia-sourcenumberedprint/onlinenewspapers: newspaper,,"-2. Availablein future release
-1. Inap,R did not select (print oronline)
"
randordq_medsrc_newsp_15,Pre: Orderofmedia-sourcenumberedprint/onlinenewspapers: newspaper,,"-2. Availablein future release
-1. Inap,R did not select (print oronline)
"
randsplice_revisedstandard,Pre and Post: Standard or revised version of questions having std/revised,"1. Revised version of question(s)
2. Standard version of question(s)
1. Revised version of question(s)
2. Standard version of question(s)
",
randopts_fwdrev,Pre andPost: Forward reverse orderof response options,"1. Forward order
2. Reverse order
1. Forward order
2. Reverse order
",
randordq_cands_parties,Pre and Post: Order of Democratic/Republican questions for parties and,"1. Democratic
2. Republican
1. Democratic
2. Republican
",
randord_vote_ptynames,PreandPost: AssignedorderforDem/Repcandidatenames: PreandPost,"1. Democratic names first inquestion texts,
2. Republican names first in questiontexts,
1. Democratic namesfirst in
2. Republican namesfirst in
","-1. Inapplicable, FTF(same order as
-1. Inapplicable, FTF (same
"
randordq_web_pretherms,Pre: WEB ONLY:Order of political figure thermometers afterPres cands,,"-1. Inapplicable,FTF (randordq_cands_parties for
-2. Missing
-1. Inapplicable, FTF
-2. Missing
"
randordq_affects,Pre: Order of Presidential candidate affects,,
rand_place_likelypercent,Pre: Placement of vote likelihood questions,"0. Early placement: how likely will vote;late
1. Late placement: howlikely will vote; early
0. Early placement: how
1. Late placement: howlikely
",
randordq_ecblame_pres,Pre: Order of economic blame item: President,,
randordq_ecblame_prevpres,Pre: Order of economic blame item: former President,,
randordq_ecblame_congdem,Pre: Order of economic blame item: Democrats in Congress,,
randordq_ecblame_congrep,Pre: Order of economic blame item: Republicans in Congress,,
randordq_ecblame_wallstr,Pre: Order of economic blame item: WallStreet bankers,,
randordq_ecblame_consumers,Pre: Order of economic blame item: consumers,,
randordq_ecblame_lenders,Pre: Order of economic blame item: lenders,,
randord_econperf_ptynames,Pre: Order of party names in party performance question: handling the,"1. Democrats, Republicans
2. Republicans, Democrats
1. Democrats, Republicans
2. Republicans, Democrats
","-1. Inap, Web(same order as
-1. Inap, Web(sameorder as
"
randsplice_dutychoice,Pre: Question splice: version duty/choice to vote or version choice/duty to,"1. Questionversion with 'duty' first (question text
2. Question version with 'choice'first (question text
1. Question version with
2. Question version with
",
randord_pid_ptynames,Pre: Order of party names inparty identification question,"1. Democrat, Republican
2. Republican, Democrat
1. Democrat,Republican
2. Republican,Democrat
",
randordq_trait_moral,Pre: Order of Presidential candidate trait: moral,,
randordq_trait_strong,Pre: Order of Presidential candidate trait: strong leadership,,
randordq_trait_cares,Pre: Order of Presidential candidate trait: really cares,,
randordq_trait_know,Pre: Order of Presidential candidate trait: knowledgeable,,
randordq_trait_intell,Pre: Order of Presidential candidate trait: intelligent,,
randordq_trait_honest,Pre: Order of Presidential candidate trait: honest,,
randsplice_fedspendtxt,Pre: Wordingchoice in Federalspending items,"1. Federal spending wording: aboutthe same
2. Federalspending wording: thesame
1. Federalspending wording: about thesame
2. Federalspending wording: the same
",
randordq_fedspend_socsec,Pre: Order of Federal spending item: Social Security,,
randordq_fedspend_pubsch,Pre: Order of Federal spending item: public schools,,
randordq_fedspend_scitech,Pre: Order of Federal spending item: science and technology,,
randordq_fedspend_crime,Pre: Order of Federal spending item: dealing with crime,,
randordq_fedspend_welfare,Pre: Order of Federal spending item: welfare programs,,
randordq_fedspend_child,Pre: Order of Federal spending item: child care,,
randordq_fedspend_poor,Pre: Order of Federal spending item: aid to thepoor,,
randordq_fedspend_envir,Pre: Order of Federal spending item: protecting the environment,,
randopts_pk_medicare,Pre: Order of numbered response option choices for Political knowledge,,
randopts_pk_spendleast,Pre: Order of numbered response option choices for Political knowledge,,
randord_womenperf_ptynames,Post: order of major party names: party that does better job in the interest,"1. Democratic first inquestion text
2. Republican first in quesitontext
1. Democratic first in
2. Republicanfirstinquesiton
","-1. Inap, Web(same order as
-2. Missing
-6. Notasked, unit nonresponse (no post-election
-7. Deleted due to partial (post-election)interview
-1. Inap, Web(sameorder as
-2. Missing
-6. Not asked, unit
-7. Deleted due to partial
"
randordq_ftf_thermpo_pcpcsp,"Post: FTFONLY:Democratic/RepublicanorderinPrescand,andthenPres","1. Democratic name
2. Republican name
1. Democratic name
2. Republican name
","-1. Inap, Webrandomization
-6. Notasked, unit nonresponse (no post-election
-7. Deleted due to partial (post-election)interview
-1. Inap,Webrandomization
-6. Not asked, unit
-7. Deleted due to partial
"
randordq_web_thermpopc,Post: WEBONLY:Democratic/RepublicanorderinPrescandthermometers,"1. Democratic Pres cand
2. Republican Pres cand
1. Democratic Pres cand
2. RepublicanPres cand
","-1. Inap, FTFrandomization
-6. Notasked, unit nonresponse (no post-election
-7. Deleteddue to partial (post-election) interview
-1. Inap, FTF randomization
-6. Not asked, unit
-7. Deleted due to partial
"
randordq_web_thermpopcsp,Post: WEB ONLY: Democratic/Republican order in Pres cand spouse ther-,"1. Democratic Pres cand spouse1st, Republican
2. Republican Pres cand spouse1st, Democratic
1. Democratic Pres cand
2. Republican Pres cand
","-1. Inap, FTFrandomization
-6. Notasked, unit nonresponse (no post-election
-7. Deleteddue to partial (post-election) interview
-1. Inap, FTF randomization
-6. Not asked, unit
-7. Deleted due to partial
"
randordq_thermpo_hscand,Post: FTF ONLY: Democratic/Republican order of House cand thermome-,"1. Democratic name1st, if any (Dem House cand,
2. Republican name1st , if any (Rep Housecand,
1. Democratic name1st, if
2. Republican name1st , if
","-1. Inap,district not determined (Webonly)
-6. Notasked, unit nonresponse (no post-election
-7. Deleted due to partial (post-election) interview
-1. Inap, district not
-6. Not asked, unit
-7. Deleted due to partial
"
randordq_web_thermpo_sencand,Post: WEB ONLY: Order of political figure thermometers after Pres cands:,"1. Democratic Senate cand (if any)
2. Republican Senate cand (if any)
1. Democratic Senate cand
2. RepublicanSenatecand(if
","-1. Inap,FTF (not randomized); no race instate
-6. Notasked, unit nonresponse (no post-election
-7. Deleteddue to partial (post-election) interview
-1. Inap, FTF (not
-6. Not asked, unit
-7. Deleted due to partial
"
randordq_web_thermpo_senatrs,Post: WEB ONLY: Order of political figure thermometers after Pres cands:,"1. Sr Senator1st, jr Senator
2. Jr Senator
1. Sr Senator
2. Jr Senator
","-1. Inap,FTF(notrandomized);Senateraceinstate
-6. Notasked, unit nonresponse (no post-election
-7. Deleteddue to partial (post-election) interview
-1. Inap, FTF (not
-6. Not asked, unit
-7. Deleted due to partial
"
randordq_web_thermpo_vpc,Post: WEB ONLY: Order of political figure thermometers after Pres cands:,"1. Democraticvice-pres cand
2. Republicanvice-pres cand
1. Democraticvice-pres cand
2. Republicanvice-pres cand
","-1. Inap, FTF(not randomized)
-6. Notasked, unit nonresponse (no post-election
-7. Deleteddue to partial (post-election) interview
-1. Inap, FTF (not
-6. Not asked, unit
-7. Deleted due to partial
"
randordq_grptherm_xfund,Post: Order of group thermometer: Christian fundamentalists,,"-1. Inap, Web(not randomized)
-6. Notasked, unit nonresponse (no post-election
"
randordq_grptherm_cath,Post: Order of group thermometer: Catholics,,"-1. Inap, Web(not randomized)
-6. Notasked, unit nonresponse (no post-election
"
randordq_grptherm_feminst,Post: Order of group thermometer: feminists,,"-1. Inap, Web(not randomized)
-6. Notasked, unit nonresponse (no post-election
"
randordq_grptherm_fedgov,Post: Order of group thermometer: Federal government in Washington,,"-1. Inap, Web(not randomized)
-6. Notasked, unit nonresponse (no post-election
"
randordq_grptherm_lib,Post: Order of group thermometer: liberals,,"-1. Inap, Web(not randomized)
-6. Notasked, unit nonresponse (no post-election
"
randordq_grptherm_midclass,Post: Order of group thermometer: middle class people,,"-1. Inap, Web(not randomized)
-6. Notasked, unit nonresponse (no post-election
"
randordq_grptherm_labor,Post: Order of group thermometer: labor unions,,"-1. Inap, Web(not randomized)
-6. Notasked, unit nonresponse (no post-election
"
randordq_grptherm_poor,Post: Order of group thermometer: poor people,,"-1. Inap, Web(not randomized)
-6. Notasked, unit nonresponse (no post-election
"
randordq_grptherm_milit,Post: Order of group thermometer: the military,,"-1. Inap, Web(not randomized)
-6. Notasked, unit nonresponse (no post-election
"
randordq_grptherm_bigbusn,Post: Order of group thermometer: big business,,"-1. Inap, Web(not randomized)
-6. Notasked, unit nonresponse (no post-election
"
randordq_grptherm_welfare,Post: Order of group thermometer: people on welfare,,"-1. Inap, Web(not randomized)
-6. Notasked, unit nonresponse (no post-election
"
randordq_grptherm_conserv,Post: Order of group thermometer: conservatives,,"-1. Inap, Web(not randomized)
-6. Notasked, unit nonresponse (no post-election
"
randordq_grptherm_wkclass,Post: Order of group thermometer: working class people,,"-1. Inap, Web(not randomized)
-6. Notasked, unit nonresponse (no post-election
"
randordq_grptherm_suprct,Post: Order of group thermometer: U.S. Supreme Court,,"-1. Inap, Web(not randomized)
-6. Notasked, unit nonresponse (no post-election
"
randordq_grptherm_gaylesb,Post: Order of group thermometer: gay men and lesbians,,"-1. Inap, Web(not randomized)
-6. Notasked, unit nonresponse (no post-election
"
randordq_grptherm_congress,Post: Order of group thermometer: Congress,,"-1. Inap, Web(not randomized)
-6. Notasked, unit nonresponse (no post-election
"
randordq_grptherm_rich,Post: Order of group thermometer: rich people,,"-1. Inap, Web(not randomized)
-6. Notasked, unit nonresponse (no post-election
"
randordq_grptherm_muslim,Post: Order of group thermometer: Muslims,,"-1. Inap, Web(not randomized)
-6. Notasked, unit nonresponse (no post-election
"
randordq_grptherm_xtian,Post: Order of group thermometer: Christians,,"-1. Inap, Web(not randomized)
-6. Notasked, unit nonresponse (no post-election
"
randordq_grptherm_atheist,Post: Order of group thermometer: atheists,,"-1. Inap, Web(not randomized)
-6. Notasked, unit nonresponse (no post-election
"
randordq_grptherm_mormon,Post: Order of group thermometer: Mormons,,"-1. Inap, Web(not randomized)
-6. Notasked, unit nonresponse (no post-election
"
randordq_grptherm_teapty,Post: Order of group thermometer: TeaParty,,"-1. Inap, Web(not randomized)
-6. Notasked, unit nonresponse (no post-election
"
randord_mip_ptynames,Post: orderofmajorpartynames: partytobesthandlemostimportantprob-,"1. Democratic first inquestion text
2. Republican first in quesitontext
1. Democratic first in
2. Republicanfirstinquesiton
","-1. Inap, Web(same order as
-2. Missing
-6. Notasked, unit nonresponse (no post-election
-7. Deleted due to partial (post-election)interview
-1. Inap, Web(sameorder as
-2. Missing
-6. Not asked, unit
-7. Deleted due to partial
"
randordq_deficit_inctax,Post: Order of deficit reduction item: raise taxes forincomes over 25K,,"-6. Notasked, unit nonresponse (no post-election
-7. Deleted due to partial (post-election)interview
-6. Not asked, unit
-7. Deleted due to partial
"
randordq_deficit_medvouch,Post: Orderofdeficitreductionitem: replaceMedicarewithvouchersystem,,"-6. Notasked, unit nonresponse (no post-election
-7. Deleted due to partial (post-election)interview
-6. Not asked, unit
-7. Deleted due to partial
"
randordq_deficit_corptax,Post: Order of deficit reduction item: increase corporate taxes,,"-6. Notasked, unit nonresponse (no post-election
-7. Deleted due to partial (post-election)interview
-6. Not asked, unit
-7. Deleted due to partial
"
randordq_deficit_cutmilit,Post: Order of deficit reduction item: cut Military spending,,"-6. Notasked, unit nonresponse (no post-election
-7. Deleted due to partial (post-election)interview
-6. Not asked, unit
-7. Deleted due to partial
"
randordq_deficit_fedemp,Post: Order of deficit reduction item: cut Federal employees10percent,,"-6. Notasked, unit nonresponse (no post-election
-7. Deleted due to partial (post-election)interview
-6. Not asked, unit
-7. Deleted due to partial
"
randordq_deficit_cutgovt,Post: Order of deficit reduction item: cut govt excludingmilitary,,"-6. Notasked, unit nonresponse (no post-election
-7. Deleted due to partial (post-election)interview
-6. Not asked, unit
-7. Deleted due to partial
"
randordq_ftf_abort_pc,"Post: FTF ONLY: Order of Presidential candidate, party questions abortion","1. Democratic presidentialcand
2. Republican presidentialcand
1. Democratic presidential
2. Republicanpresidential
","-1. Inap,Webrandomization (order per
-6. Notasked, unit nonresponse (no post-election
-7. Deleted due to partial (post-election)interview
-1. Inap,Webrandomization
-6. Not asked, unit
-7. Deleted due to partial
"
randordq_abort_healthnonfatl,Post: Order of abortion scenarios: nonfatal health risk tomother,,"-6. Notasked, unit nonresponse (no post-election
-7. Deleted due to partial (post-election)interview
-6. Not asked, unit
-7. Deleted due to partial
"
randordq_abort_healthfatal,Post: Order of abortion scenarios: fatal health risk tomother,,"-6. Notasked, unit nonresponse (no post-election
-7. Deleted due to partial (post-election)interview
-6. Not asked, unit
-7. Deleted due to partial
"
randordq_abort_incest,Post: Order of abortion scenarios: incest,,"-6. Notasked, unit nonresponse (no post-election
-7. Deleted due to partial (post-election)interview
-6. Not asked, unit
-7. Deleted due to partial
"
randordq_abort_rape,Post: Order of abortion scenarios: rape,,"-6. Notasked, unit nonresponse (no post-election
-7. Deleted due to partial (post-election)interview
-6. Not asked, unit
-7. Deleted due to partial
"
randordq_abort_defect,Post: Order of abortion scenarios: birth defect,,"-6. Notasked, unit nonresponse (no post-election
-7. Deleted due to partial (post-election)interview
-6. Not asked, unit
-7. Deleted due to partial
"
randordq_abort_financial,Post: Order of abortion scenarios: financial hardship,,"-6. Notasked, unit nonresponse (no post-election
-7. Deleted due to partial (post-election)interview
-6. Not asked, unit
-7. Deleted due to partial
"
randordq_abort_gendpref,Post: Order of abortion scenarios: gender preference,,"-6. Notasked, unit nonresponse (no post-election
-7. Deleted due to partial (post-election)interview
-6. Not asked, unit
-7. Deleted due to partial
"
randord_factor_pcnamestxt,Post: order of major party names: candidate R favors due to prefer-,"1. Democratic first inquestion text
2. Republican first in quesitontext
1. Democratic first in
2. Republicanfirstinquesiton
","-2. Missing
-6. Notasked, unit nonresponse (no post-election
-7. Deleted due to partial (post-election)interview
-2. Missing
-6. Not asked, unit
-7. Deleted due to partial
"
randordq_factor_rpcreligion,Post: Order of Presidential candidate preference/aversion factor: Mormon,,"-6. Notasked, unit nonresponse (no post-election
-7. Deleted due to partial (post-election)interview
"
randordq_factor_dpcrace,Post: Order of Presidential candidate preference/aversion factor: race of,,"-6. Notasked, unit nonresponse (no post-election
-7. Deleted due to partial (post-election)interview
"
randordq_factor_hcarelaw,Post: OrderofPresidentialcandidatepreference/aversionfactor: Affordable,,"-6. Notasked, unit nonresponse (no post-election
-7. Deleted due to partial (post-election)interview
"
randordq_factor_economy,Post: OrderofPresidentialcandidatepreference/aversionfactor: theecon-,,"-6. Notasked, unit nonresponse (no post-election
-7. Deleted due to partial (post-election)interview
"
randordq_factor_foreignpol,Post: Order of Presidential candidate preference/aversion factor: foreign,,"-6. Notasked, unit nonresponse (no post-election
-7. Deleted due to partial (post-election)interview
"
randordq_factor_dpcreligion,Post: OrderofPresidentialcandidatepreference/aversionfactor: religionof,,"-6. Notasked, unit nonresponse (no post-election
-7. Deleted due to partial (post-election)interview
"
randordq_factor_rpcwealth,Post: Order of Presidential candidate preference/aversion factor: wealth of,,"-6. Notasked, unit nonresponse (no post-election
-7. Deleted due to partial (post-election)interview
"
randordq_factor_dpcparty,Post: Order of Presidential candidate preference/aversion factor: politial,,"-6. Notasked, unit nonresponse (no post-election
-7. Deleted due to partial (post-election)interview
"
randordq_factor_rpcparty,Post: Order of Presidential candidate preference/aversion factor: politial,,"-6. Notasked, unit nonresponse (no post-election
-7. Deleted due to partial (post-election)interview
"
randopts_pk_secytreas,Post: Order of numbered response option choices for political knowledge,,
randopts_pk_pty2ndhse,Post: Order of numbered response option choices for political knowledge,,
randopts_pk_secyun,Post: Order of numbered response option choices for political knowledge,,
randordq_casitherm_asianam,Post: Order of group thermometer: Asian-Americans,,"-6. Not asked, unit nonresponse (nopost-election
-7. Deleted due to partial(post-election) interview
-6. Not asked, unit
-7. Deleted due to partial
"
randordq_casitherm_hisp,Post: Order of group thermometer: Hispanics,,"-6. Not asked, unit nonresponse (nopost-election
-7. Deleted due to partial(post-election) interview
-6. Not asked, unit
-7. Deleted due to partial
"
randordq_casitherm_black,Post: Order of group thermometer: Blacks,,"-6. Not asked, unit nonresponse (nopost-election
-7. Deleted due to partial(post-election) interview
-6. Not asked, unit
-7. Deleted due to partial
"
randordq_casitherm_illegal,Post: Order of group thermometer: illegal immigrants,,"-6. Not asked, unit nonresponse (nopost-election
-7. Deleted due to partial(post-election) interview
-6. Not asked, unit
-7. Deleted due to partial
"
randordq_casitherm_white,Post: Order of group thermometer: Whites,,"-6. Not asked, unit nonresponse (nopost-election
-7. Deleted due to partial(post-election) interview
-6. Not asked, unit
-7. Deleted due to partial
"
randordq_stereogroups,Post: Order of numbered stereotype groups(after Whites),"123. Order:
132. Order:
213. Order:
231. Order:
312. Order:
321. Order:
123. Order:
132. Order:
213. Order:
231. Order:
312. Order:
321. Order:
","-6. Notasked, unit nonresponse (no post-election
-7. Deleted due to partial (post-election)interview
-6. Not asked, unit
-7. Deleted due to partial
"
randordq_discrim_black,Post: Order of discrimination group: Blacks,,"-2. Missing
-6. Notasked, unit nonresponse (no post-election
-7. Deleted due to partial (post-election) interview
-2. Missing
-6. Not asked, unit
-7. Deleted due to partial
"
randordq_discrim_hisp,Post: Order of discrimination group: Hispanics,,"-2. Missing
-6. Notasked, unit nonresponse (no post-election
-7. Deleted due to partial (post-election) interview
-2. Missing
-6. Not asked, unit
-7. Deleted due to partial
"
randordq_discrim_white,Post: Order of discrimination group: Whites,,"-2. Missing
-6. Notasked, unit nonresponse (no post-election
-7. Deleted due to partial (post-election) interview
-2. Missing
-6. Not asked, unit
-7. Deleted due to partial
"
randordq_discrim_gay,Post: Order of discrimination group: gays and lesbians,,"-2. Missing
-6. Notasked, unit nonresponse (no post-election
-7. Deleted due to partial (post-election) interview
-2. Missing
-6. Not asked, unit
-7. Deleted due to partial
"
randordq_discrim_women,Post: Order of discrimination group: women,,"-2. Missing
-6. Notasked, unit nonresponse (no post-election
-7. Deleted due to partial (post-election) interview
-2. Missing
-6. Not asked, unit
-7. Deleted due to partial
"
randordq_stereorelig,Post: Order of (Webonly)religion stereotype groups,,
invited_inetrecontact2013,WEB ONLY:Respondent invited to 2013Internet Recontact Survey,"0. Not invited (Webonly)
1. Invited (Webonly)
0. Not invited (Webonly)
1. Invited (Webonly)
","-1. Inap, FTF
-1. Inap, FTF
"
