var_name,summary,question,valid_labels,missing_labels
V160001,2016 Case ID,Not applicable Unique to each respondent. F rom: 1 T o: 5090 ANES 2016 Codebook - V ersion 20190904 - page 10 V160001_orig Label: Original (6-digit) W estat Case ID Item name: Not applicable; administrative or derived variable Not applicable Unique to each respondent. F rom: 300001 T o: 407800 ANES 2016 Codebook - V ersion 20190904 - page 11 V160101 Label: Pre-election weight -full sample Item name: Not applicable; administrative or derived variable Not applicable Unweighted Summary FTF W eb T otal Min. 0.0895 0.2464 0.0895 1st Qu. 0.4738 0.6151 0.5717 Median 0.7691 0.8407 0.8240 Mean 0.9323 1.0256 0.9998 3rd Qu. 1.1590 1.2769 1.2425 Max. 6.8139 6.0624 6.8139 Std Dev 0.6803 0.6638 0.6696 ANES 2016 Codebook - V ersion 20190904 - page 12 V160101f Label: Pre-election weight -FTF sample Item name: Not applicable; administrative or derived variable Not applicable Unweighted Summary FTF W eb T otal Min. 0.0962 0.0000 0.0000 1st Qu. 0.5081 0.0000 0.0000 Median 0.8252 0.0000 0.0000 Mean 0.9992 0.0000 0.2761 3rd Qu. 1.2441 0.0000 0.3340 Max. 7.3088 0.0000 7.3088 Std Dev 0.7283 0.0000 0.5884 ANES 2016 Codebook - V ersion 20190904 - page 13 V160101w Label: Pre-election weight -W eb sample Item name: Not applicable; administrative or derived variable Not applicable Unweighted Summary FTF W eb T otal Min. 0.0000 0.2407 0.0000 1st Qu. 0.0000 0.6012 0.0000 Median 0.0000 0.8214 0.6600 Mean 0.0000 1.0000 0.7237 3rd Qu. 0.0000 1.2464 0.9813 Max. 0.0000 5.9279 5.9279 Std Dev 0.0000 0.6472 0.7093 ANES 2016 Codebook - V ersion 20190904 - page 14 V160102 Label: Post-election weight -full sample Item name: Not applicable; administrative or derived variable Not applicable Unweighted Summary FTF W eb T otal Min. 0.0000 0.0000 0.0000 1st Qu. 0.3769 0.3989 0.3934 Median 0.7016 0.7540 0.7481 Mean 0.8481 0.8564 0.8541 3rd Qu. 1.1158 1.1343 1.1294 Max. 6.4445 6.1986 6.4445 Std Dev 0.7212 0.7184 0.7191 ANES 2016 Codebook - V ersion 20190904 - page 15 V160102f Label: Post-election weight -FTF sample Item name: Not applicable; administrative or derived variable Not applicable Unweighted Summary FTF W eb T otal Min. 0.0000 0.0000 0.0000 1st Qu. 0.4014 0.0000 0.0000 Median 0.7449 0.0000 0.0000 Mean 0.8958 0.0000 0.2476 3rd Qu. 1.1775 0.0000 0.0000 Max. 6.6748 0.0000 6.6748 Std Dev 0.7594 0.0000 0.5655 ANES 2016 Codebook - V ersion 20190904 - page 16 V160102w Label: Post-election weight -W eb sample Item name: Not applicable; administrative or derived variable Not applicable Unweighted Summary FTF W eb T otal Min. 0.0000 0.0000 0.0000 1st Qu. 0.0000 0.3903 0.0000 Median 0.0000 0.7357 0.4690 Mean 0.0000 0.8382 0.6066 3rd Qu. 0.0000 1.1254 0.8761 Max. 0.0000 6.1132 6.1132 Std Dev 0.0000 0.7043 0.7067 ANES 2016 Codebook - V ersion 20190904 - page 17 V160201 Label: Stratum -full sample Item name: Not applicable; administrative or derived variable Not applicable 132 unique outcomes. 20 most frequently appearing outcomes:,,
V160201f,Stratum -FTF sample,Not applicable 33 unique outcomes. 20 most frequently appearing outcomes:,,
V160201w,Stratum -W eb sample,Not applicable 101 unique outcomes. 20 most frequently appearing outcomes:,,
V160202,V ariance PSU -F ull sample,Not applicable,,
V160202f,V ariance PSU -FTF sample,Not applicable,,
V160202w,V ariance PSU -W eb sample,Not applicable,,
V160501,Mode of interview,Not applicable,"1. FTF/CASI
2. W eb
",
V160502,Completed Pre only or completed Pre and Post interviews,Not applicable,"0. Pre interview completed-
1. Pre and Post interviews
",
V161001,PRE: FTF ONLY: Audio Consent,"IF MODE OF IW IS F ACE-TO-F ACE: During this interview, we would like to make an audio recording of some of the questions and answers for training, and so my supervisors can make sure I do the interview correctly . The computer will do that. I’d like to continue now, unless you have any questions. Audio recording was shut off if respondent did not consent.","1. Continue
7. Refuse to allow audio
","-1. Inap, W eb mode
"
V161002,PRE: FTF ONLY: INTERVIEWER : Is R male or female (Observation),"IF MODE OF IW IS FACE-TO-FACE: IS THE RESPONDENT MALE OR FEMALE? IF UNSURE, CODE DK.","1. Male
2. F emale
","-1. Inap, W eb mode
"
V161003,PRE: How often does R pay attn to politics and elections,"How often do you pay attention to what’s going on in government and pol- itics? [Always, most of the time, about half the time, some of the time, or never / Never, some of the time, about half the time, most of the time, or always]? F orward/reverse response option order","1. Always
2. Most of the time
3. About half the time
4. Some of the time
5. Never
",
V161004,PRE: How interested in following campaigns,"Some people don’t pay much attention to political campaigns. How about you? W ould you say that you have been [very much interested, somewhat interested or not much interested/ not much interested, somewhat interested or very much interested] in the political campaigns so far this year? F orward/reverse response option order","1. V ery much interested
2. Somewhat interested
3. Not much interested
",
V161005,PRE: Did R vote for President in 2012,In 2012 Barack Obama ran on the Democratic ticket against Mitt Romney for the Republicans. Do you remember for sure whether or not you voted in that election? DO NOT PROBE ‘DON’T KNOW’ RESPONSES,"1. Y es, voted
2. No, didn’t vote
","-8. Don’t know (FTF only)
-9. Refused
"
V161006,PRE: Recall of last (2012) Presidential vote choice,IF R SA YS VOTED FOR PRESIDENT IN 2012: Which one did you vote for? DO NOT PROBE ‘DK’ RESPONSE,"1. Barack Obama
2. Mitt Romney
5. Other SPECIFY
6. Other specify - specified
","-1. Inap,
-8. Don’t know (FTF only)
-9. Refused
"
V161007,PRE: FTF ONL Y: HH Internet use,IF MODE IS F ACE-TO-F ACE: Do you or anyone in this household use the Internet at any location?,"1. Y es
2. No
","-1. Inap, W eb mode
-8. Don’t know (FTF only)
"
V161008,PRE: Days in week watch/listen/read news on any media,"During a typical week, how many days do you watch, read, or listen to news on TV, radio, printed newspapers, or the Internet, not including sports? PROBE: IF ‘every day’ ASK FOR NUMBER","0. None
1. One day
2. T wo days
3. Three days
4. F our days
5. Five days
6. Six days
7. Seven days
","-8. Don’t know (FTF only)
-9. Refused
"
V161009,PRE: Attention to news on any media,"IF NUMBER OF DA YS A TTENDING MEDIA NEWS IS MORE THAN 0: How much attention do you pay to news about national politics on TV, radio, printed newspapers, or the Internet? [A great deal, a lot, a moderate amount, a little, or none at all /None at all, a little, a moderate amount, a lot, or a great deal]? F orward/reverse response option order","1. A great deal
2. A lot
3. A moderate amount
4. A little
5. None at all
","-1. Inap,
-9. Refused
"
V161010a,PRE: V ote section- order of major party candidate names / FTF BallotColor,Not applicable,"1. Democratic candidate
2. Republican candidate
",
V161010b,PRE: V ote section- household address preloaded (sample address),Not applicable,"1. Sample address preloaded
",
V161010c,PRE: V ote section- candidate names preloaded for sample address,Not applicable,"0. No candidate names
1. Candidate names
",
V161010d,PRE: V ote section- FIPS state code for sample address,Not applicable 51 unique outcomes. 20 most frequently appearing outcomes:,,
V161010e,PRE: V ote section- 2-char state Postal abbreviation for sample address,Not applicable 51 unique outcomes. 20 most frequently appearing outcomes:,,
V161010f,PRE: V ote section- U.S. House District number (115th Congress) for sample,Not applicable 53 unique outcomes. 20 most frequently appearing outcomes:,,
V161011,PRE: Is R registered to vote (pre-election),"ALL FTF RESPONDENTS / WEB RESPONDENTS WITH ADDRESS ON FILE (PRELOADED): Now on a different topic. Are you registered to vote at this address, registered at a different address, or not currently regis- tered? F or W eb administration, ‘this address’ was replaced with preloaded home address.","1. Registered at this address
2. Registered at a different
3. Not currently registered","-8. Don’t know (FTF only)
-9. Refused-1. Inap,
-6. Unit nonresponse, no
-7. No Post, deleted due to"
V161011a,PRE WEB: Is R registered (registration address not answered),IF ADMINISTRA TION MODE IS INTERNET: IF WEB RESPONDENT HAS NO ADDRESS ON FILE (NOT PRELOADED) / IF WEB RESPON- DENT DID NOT ANSWER WHERE REGISTERED TO VOTE : Are you registered to vote?,"1. Y es
2. No
0. Registration address not
1. Registration address given
2. Partial address given for0. State not included for
1. State included for0. City not included for
1. City included for
2. City included in incorrect1. Registered at this address
2. Registered at a different
3. Not currently registered","-1. INAP , FTF mode/WEB:
-9. Refused
-1. Inap,-1. Inap,-1. Inap,-1. INAP , registered in Pre
-6. Unit nonresponse, no
-7. No Post, deleted due to
-8. Don’t know (FTF only)
-9. Refused-1. INAP , FTF mode/WEB:
-6. Unit nonresponse, no
-7. No Post, deleted due to
-9. Refused"
V161012,PRE: Address of registration given (not registered at sample address),IF R IS REGISTERED A T AN ADDRESS OTHER THAN CURRENT (PRELOAD) ADDRESS / IF WEB R DOES NOT HA VE ADDRESS ON FILE FOR PRELOAD BUT INDICA TES IS REGISTERED: What is the address where you are registered to vote now?,,
V161013a,PRE: State included in address of registration (not registered at samp addr),IF R IS REGISTERED A T AN ADDRESS OTHER THAN CURRENT (PRELOAD) ADDRESS / IF WEB R DOES NOT HA VE ADDRESS ON FILE FOR PRELOAD BUT INDICA TES IS REGISTERED: What is the address where you are registered to vote now?,,
V161013b,PRE: City included in address of registration (not registered at samp addr),IF R IS REGISTERED A T AN ADDRESS OTHER THAN CURRENT (PRELOAD) ADDRESS / IF WEB R DOES NOT HA VE ADDRESS ON FILE FOR PRELOAD BUT INDICA TES IS REGISTERED: What is the address where you are registered to vote now?,,
V161014,PRE: State of registration - reg state not given (not registered at samp addr),IF R IS REGISTERED A T AN ADDRESS OTHER THAN CURRENT (PRELOAD) ADDRESS / IF WEB R HAS NO CURRENT ADDRESS ON FILE BUT INDICA TES REGISTERED: IF ST A TE OF REGISTRA TION (A T LEAST) W AS NOT PROVIDED FOR REGISTRA TION ADDRESS: In what state are you registered to vote now?,"5. Arkansas
8. Colorado
36. New Y ork
39. Ohio
48. T exas
","-1. Inap,
"
V161015a,PRE: Registration state same as sample address state (all registrations),IF R IS REGISTERED A T AN ADDRESS OTHER THAN CURRENT (PRELOAD) ADDRESS / IF WEB R HAS NO CURRENT ADDRESS ON FILE BUT INDICA TES REGISTERED: IF ST A TE OF REGISTRA TION (A T LEAST) W AS NOT PROVIDED FOR REGISTRA TION ADDRESS: In what state are you registered to vote now?,"0. State of registration is not
1. State of registration same
1. Y es, have <yellow/green>
2. Have Ballot Card in wrong
3. Only have card(s) for0. Ballot card not used as
1. Ballot card used, names
2. Ballot card not used,","-1. Inap,
-1. Inap,-1. Inap,"
V161015b,PRE: Registration state (all registrations),Not applicable 52 unique outcomes. 20 most frequently appearing outcomes:,,
V161015c,PRE: Senate race in state of registration (all registrations),Not applicable,"0. No Senate race in state of
1. Senate race in state of
","-1. Inap,
"
V161015d,PRE: Governor race in state of registration (all registrations),Not applicable,"0. No Governor race in state
1. Governor race in state of
","-1. Inap,
"
V161015e,PRE: Party registration in state of registration (all registrations),Not applicable,"0. No party registration in
1. Party registration in state
","-1. Inap,
"
V161016,PRE: Is R registered to vote in preload county (resid),"IF R REGISTERED A T AN ADDRESS OTHER THAN CURRENT AD- DRESS: IF R REGISTERED IN SAME ST A TE AS CURRENT ADDRESS OR REGISTRA TION ST A TE MISSING: Is your registration address in [PRELOAD: sample county name]? If sample location was W ashington D.C., ‘W ashington D.C’ was preloaded.","1. Y es, registered in <county
2. No, registered in other
","-1. Inap,
-9. Refused
"
V161017,PRE: How many years has R been registered at registration location,IF R REGISTERED A T CURRENT ADDRESS / IF R NOT REGIS- TERED A T CURRENT ADDRESS AND PROVIDED ADDRESS OF REGISTRA TION: How many years have you been registered to vote at [this/that] address? ENTER 0 IF RESPONSE IS LESS THAN 1 YEAR,,"-1. Inap
-8. Don’t know (FTF only)
-9. Refused
"
V161018,PRE: Party of registration,"IF R IS REGISTERED TO VOTE: IF R IS REGISTERED TO VOTE IN ST A TE WHERE P AR TY IS REGISTERED: What political party are you registered with, if any?","0. No name recorded
1. RESTRICTED: Recorded,
2. RESTRICTED: Partially
1. Democratic party
2. Republican party
4. None or ‘independent’
5. Other SPECIFY
","-1. Inap
-1. Inap
-8. Don’t know (FTF
-9. Refused
"
V161020,PRE: Does R intend to register to vote,"IF R IS NOT REGISTERED TO VOTE OR DK IF REGISTERED TO VOTE: Do you intend to register to vote before the November 8 elections, or do you not intend to register?","1. Y es, intend to register
2. No, do not intend to
","-1. Inap
-8. Don’t know (FTF only)
"
V161021,PRE: Did R vote in a Presidential primary or caucus,Did you vote in a Presidential primary election or caucus this year?,"1. Y es, voted in primary or
2. No, didn’t vote in primary
","-8. Don’t know (FTF only)
-9. Refused
"
V161021a,PRE: F or which candidate did R vote in Presidential prim,"IF R VOTED IN A PRESIDENTIAL PRIMAR Y OR CAUCUS: Looking at page [PRELOAD: page] in the booklet. In the Presidential primary or caucus, who did you vote for? SHOW RESPONDENT BOOKLET F or W eb administration, reference to the respondent booklet was omitted.","1. Hillary Clinton
2. Bernie Sanders
3. Another Democrat
4. Donald T rump
5. T ed Cruz
6. John Kasich
7. Marco Rubio
8. Another Republican
9. Someone else who is not a
","-1. Inap,
-8. Don’t know (FTF only)
-9. Refused
"
V161022,PRE: Already voted in General Election,"IF R IS REGISTERED TO VOTE: This question is not about the primary elections and caucuses that were held a few months ago. Instead, we’d like to ask you about the election for President to be held on November 8, in which [Donald T rump is running against Hillary Clinton / Hillary Clinton is running against Donald T rump]. Have you already voted in that election, or have you not voted? RANDOMIZA TION: Order of names in question text","1. Have voted
2. Have not voted
","-1. Inap
-9. Refused
"
V161022a,PRE: Confirmation voted (early) in November 8 election,"IF R IS REGISTERED TO VOTE: IF R INDICA TED VOTED EARL Y IN THE 2016 GENERAL ELECTIONS: Just to be clear, I’m recording that you already voted in the election that is scheduled to take place on November 8. Is that right? F or W eb administration the text read: ‘we are recording... ’","1. Y es, voted
2. No, have not voted
","-1. Inap
"
V161023,PRE: In what manner did R vote,"IF R IS REGISTERED TO VOTE: IF R INDICA TED VOTED EARL Y IN THE 2016 GENERAL ELECTIONS: IF HAS CONFIRMED ALREADY VOTING FOR THE 2016 GENERAL ELECTIONS: Which one of the fol- lowing best describes how you voted? - Definitely voted in person at a polling place before election day - Definitely voted by mailing a ballot to elections officials before election day - Definitely voted in some other way - Not completely sure whether you voted or not F or W eb administration, response options were not included as part of the question text.","1. Definitely voted in person
2. Definitely voted by mailing
3. Definitely voted in some
","-1. Inap
"
V161024x,PRE: SUMMAR Y - Registration and early vote status,Not applicable,"1. Not (or DK/RF if)
2. Not (or DK/RF if)
3. Registered but did not
4. Registered and voted early
1. Extremely likely
2. V ery likely
3. Moderately likely
4. Slightly likely
5. Not likely at all1. Y es
2. No1. Hillary Clinton
2. Donald T rump
3. Gary Johnson
4. Jill Stein
5. Other candidate SPECIFY
9. Other specify given as: RF1. Y es
2. No","-1. INAP , R voted (4 in
-9. Refused-1. INAP ,
-6. Unit nonresponse, no
-7. No Post, deleted due to
-8. Don’t know (FTF only)
-9. Refused-1. INAP ,
-6. Unit nonresponse, no
-7. No Post, deleted due to-1. INAP ,
-6. Unit nonresponse, no
-7. No Post, deleted due to
-8. Don’t know (FTF only)"
V161025,PRE: FTF ONL Y: IWR CHECKPOINT: have correct Pre ballot card,IF MODE IS FTF: CONGRESSIONAL DISTRICT IS: [PRELOAD: sam- ple state] [PRELOAD: sample district]. ASSIGNED BALLOT COLOR IS: [YELLOW/GREEN]. PLEASE DESCRIBE WHETHER YOU HA VE THE CORRECT BALLOT CARD FOR THE RESPONDENT: [– NO BALLOT CARD –],,
V161025a,PRE: FTF ONL Y: IWR error at Ballot Card checkpoint,IF MODE IS FTF: CONGRESSIONAL DISTRICT IS: [PRELOAD: sam- ple state] [PRELOAD: sample district]. ASSIGNED BALLOT COLOR IS: [YELLOW/GREEN]. PLEASE DESCRIBE WHETHER YOU HA VE THE CORRECT BALLOT CARD FOR THE RESPONDENT: [– NO BALLOT CARD –],,
V161025x,PRE: SUMMAR Y - administration of Pre vote module,Not applicable,"1. Used Ballot Card/preload
2. Use Ballot Card/preload
3. Used Ballot Card/preload
4. Not used (open-end
5. Not used (open-end
6. Not used (open-end
7. Program err: names
1. Y es, voted for House of
2. No, didn’t vote for House1. Candidate/party
2. Candidate/party
3. Other mention, party not1. Y es
2. No1. Democratic Senate
2. Republican Senate
3. Other Senate candidate1. Candidate/party
2. Candidate/party
3. Other mention, party not1. Y es
2. No1. Democratic Senate
2. Republican Senate
3. Other Senate candidate
5. Other SPECIFY (name1. Candidate/party
2. Candidate/party
3. Other mention, party not1. Democratic Governor
2. Republican Governor2. Candidate/party1. Y es
2. No1. Democratic Governor
2. Republican Governor
5. Other SPECIFY (name1. Candidate/party
2. Candidate/party
3. Other mention, party not
8. Other mention given as:1. Democratic Senate
2. Republican Senate","-1. Inap,
-8. Don’t know (FTF only)
-9. Refused-1. Inap
-9. Refused-1. Inap
-8. Don’t know (FTF only)-1. Inap,
-8. Don’t know (FTF only)
-9. Refused-1. Inap,
-9. Refused-1. Inap V161025x in(2,5)
-8. Don’t know (FTF only)
-9. Refused-1. Inap,
-4. Error: missing due to
-8. Don’t know (FTF only)
-9. Refused-1. Inap,
-4. Error: missing due to
-8. Don’t know (FTF only)
-9. Refused-1. Inap,
-4. Error: missing due to-1. Inap,-1. Inap,-1. Inap,
-8. Don’t know (FTF only)-1. Inap,
-4. Error: missing due to
-8. Don’t know (FTF only)
-9. Refused-1. Inap,
-8. Don’t know (FTF only)
-9. Refused-1. Inap,
-4. Error: missing due to-1. Inap,"
V161026,PRE: Did R vote for President in 2016,IF R IS REGISTERED TO VOTE: IF R INDICA TED VOTED EARL Y IN THE 2016 GENERAL ELECTIONS: IF HAS CONFIRMED ALREADY VOTED IN THE 2016 GENERAL ELECTIONS: IF R HAS NOT IN- DICA TED UNSURE WHETHER VOTED WHEN DESCRIBING HOW VOTED: How about the election for President? Did you vote for a candi- date for President?,"1. Y es, voted for President
2. No, didn’t vote for President
1. Hillary Clinton
2. Donald T rump
3. Gary Johnson
4. Jill Stein
5. Other candidate1. Strong
2. Not strong","-1. Inap,
-1. Inap,
-9. Refused-1. Inap, -8,-9 in"
V161027,PRE: F or whom did R vote for President,"IF R IS REGISTERED TO VOTE: IF R INDICA TED VOTED EARL Y IN THE 2016 GENERAL ELECTIONS: IF HAS CONFIRMED ALREADY VOTING IN THE 2016 GENERAL ELECTIONS: IF R HAS NOT IN- DICA TED UNSURE WHETHER VOTED WHEN DESCRIBING HOW VOTED: IF R VOTED FOR PRESIDENT: Who did you vote for? [ Hillary Clinton, Donald T rump / Donald T rump, Hillary Clinton], Gary Johnson, Jill Stein , or someone else?",,
V161028,PRE: Preference strong for Pres cand for whom R voted,IF R IS REGISTERED TO VOTE: IF R INDICA TED VOTED EARL Y IN THE 2016 GENERAL ELECTIONS: IF HAS CONFIRMED ALREADY VOTING IN THE 2016 GENERAL ELECTIONS: IF R HAS NOT IN- DICA TED UNSURE WHETHER VOTED WHEN DESCRIBING HOW VOTED: IF R VOTED FOR PRESIDENT: IF R’S VOTE FOR PRESI- DENT IS NOT DK/RF: W ould you say your preference for this candidate was strong or not strong?,,
V161029a,PRE: Placehold T ext- How long before election R made decision Pres vote,"IF R IS REGISTERED TO VOTE: IF R INDICA TED VOTED EARL Y IN THE 2016 GENERAL ELECTIONS: IF HAS CONFIRMED ALREADY VOTING IN THE 2016 GENERAL ELECTIONS: IF R HAS NOT IN- DICA TED UNSURE WHETHER VOTED WHEN DESCRIBING HOW VOTED: IF R VOTED FOR PRESIDENT: IF R’S VOTE FOR PRESI- DENT IS NOT DK/RF: How long before you voted did you decide that you were going to vote the way you did? PROBE IF NECESSAR Y: WOULD THA T HA VE BEEN A FEW DA YS BEFORE YOU VOTED, A WEEK, OR LONGER THAN THA T?",,"-2. Redacted text, separate file
"
V161029b,PRE: Placeholder Code- How long before election R made decision Pres vote,"IF R IS REGISTERED TO VOTE: IF R INDICA TED VOTED EARL Y IN THE 2016 GENERAL ELECTIONS: IF HAS CONFIRMED ALREADY VOTING IN THE 2016 GENERAL ELECTIONS: IF R HAS NOT IN- DICA TED UNSURE WHETHER VOTED WHEN DESCRIBING HOW VOTED: IF R VOTED FOR PRESIDENT: IF R’S VOTE FOR PRESI- DENT IS NOT DK/RF: How long before you voted did you decide that you were going to vote the way you did? PROBE IF NECESSAR Y: WOULD THA T HA VE BEEN A FEW DA YS BEFORE YOU VOTED, A WEEK, OR LONGER THAN THA T? ANES 2016 Codebook - V ersion 20190904 - page 73","1. That day; when I walked
3. More than one day/less
4. One week
5. More than one week/less
6. One month
8. T wo to three months; a
9. More than
10. Six months
11. More than six months;
12. Specific event; the answer
13. Other; the answer does
14. Longer than a week
99. Not answered; The
","-1. Inap
"
V161030,PRE: Does R intend to vote for President,"IF R IS NOT REGISTERED BUT INTENDS TO REGISTER, OR IF R IS REGISTERED BUT DID NOT VOTE: How about the election for Pres- ident? Do you intend to vote for a candidate for President?","1. Y es
2. No
1. Hillary Clinton
2. Donald T rump
3. Gary Johnson
4. Jill Stein
5. Other candidate
6. Other specify - specified
7. Other specify - specified
8. Other specify - specified1. Strong
2. Not strong","-1. Inap,
-8. Don’t know (FTF only)
-9. Refused
-1. Inap,
-8. Don’t know (FTF only)
-9. Refused-1. Inap, -8,-9 in
-8. Don’t know (FTF only)
-9. Refused"
V161031,PRE: F or whom does R intend to vote for President,"IF R IS NOT REGISTERED BUT INTENDS TO REGISTER, OR IF R IS REGISTERED BUT DID NOT VOTE: IF R INTENDS TO VOTE IN THE ELECTION FOR PRESIDENT: Who do you think you will vote for? [ Hillary Clinton, Donald T rump / Donald T rump, Hillary Clinton], Gary Johnson, Jill Stein , or someone else?",,
V161032,PRE: Pref strng for Pres cand for whom R intends to vote,"IF R IS NOT REGISTERED BUT INTENDS TO REGISTER, OR IF R IS REGISTERED BUT DID NOT VOTE: IF R INTENDS TO VOTE IN THE ELECTION FOR PRESIDENT: IF R’s INTENDED VOTE FOR PRESI- DENTIAL CANDIDA TE IS NOT DK/NA: W ould you say your preference for this candidate is strong or not strong?",,
V161033,PRE: Does R prefer Pres cand (no intent to register),IF R IS NOT REGISTERED TO VOTE: IF R DOES NOT INTEND TO REGISTER TO VOTE: How about the election for President? Do you prefer one of the candidates for President?,"1. Y es
2. No
","-1. Inap
"
V161034,PRE: Preference for Pres cand (no intent to register),"IF R IS NOT REGISTERED TO VOTE: IF R DOES NOT INTEND TO REGISTER TO VOTE: IF R PREFERS A PRESIDENTIAL CAN- DIDA TE: Who do you prefer? [ Hillary Clinton, Donald T rump / Donald T rump, Hillary Clinton], Gary Johnson, Jill Stein , or someone else?","1. Hillary Clinton
2. Donald T rump
3. Gary Johnson
4. Jill Stein
5. Other candidate
6. Other specify - specified
","-1. Inap
"
V161035,PRE: Preference strong for Pres cand (no intent to reg),IF R IS NOT REGISTERED TO VOTE: IF R DOES NOT INTEND TO REGISTER TO VOTE: IF R PREFERS A PRESIDENTIAL CAN- DIDA TE: IF PRESIDENTIAL CANDIDA TE PREFERENCE IS NOT DK/NA: W ould you say your preference for this candidate is strong or not strong?,"1. Strong
2. Not strong
","-1. Inap
-8. Don’t know (FTF only)
"
V161036,PRE: Did R vote for U.S. House of Representatives,IF R IS REGISTERED TO VOTE: IF R INDICA TED VOTED EARL Y IN THE 2016 GENERAL ELECTIONS: IF HAS CONFIRMED ALREADY VOTING IN THE 2016 GENERAL ELECTIONS: IF R HAS NOT IN- DICA TED UNSURE WHETHER VOTED WHEN DESCRIBING HOW VOTED: IF IWR HAS BALLOT CARD FOR REGISTRA TION DIS- TRICT/ IF IWR DOES NOT HA VE BALLOT CARD FOR REGISTRA- TION DISTRICT: [Here is a list of candidates for the major races in this district. How about the election for the House of Representatives in W ash- ington. Did you vote for a candidate for the U.S. House of Representatives? / How about the election for the House of Representatives in W ashington. Did you vote for a candidate for the U.S. House of Representatives?] [SHOW [YELLOW/GREEN] BALLOT CARD/ DO NOT SHOW BALLOT CARD],,
V161037,PRE: F or whom did R vote for U.S. House (ballot card),IF R IS REGISTERED TO VOTE: IF R INDICA TED VOTED EARL Y IN THE 2016 GENERAL ELECTIONS: IF HAS CONFIRMED ALREADY VOTING IN THE 2016 GENERAL ELECTIONS: IF R HAS NOT IN- DICA TED UNSURE WHETHER VOTED WHEN DESCRIBING HOW VOTED: IF IWR HAS BALLOT CARD FOR REGISTRA TION DIS- TRICT: IF R VOTED FOR U.S. HOUSE OF REPRESENT A TIVES: Who did you vote for? FOR CODE 4 PLEASE RECORD RELEV ANT COM- MENTS IN COMMENT BOX F or W eb administration response option 4 was not included.,"1. Democratic House
2. Republican House
3. Other House candidate
5. Other SPECIFY (name
","-1. Inap,
-9. Refused
"
V161038,PRE: F or whom did R vote for U.S. House (no ballot card),IF R IS REGISTERED TO VOTE: IF R INDICA TED VOTED EARL Y IN THE 2016 GENERAL ELECTIONS: IF HAS CONFIRMED ALREADY VOTING IN THE 2016 GENERAL ELECTIONS: IF R HAS NOT IN- DICA TED UNSURE WHETHER VOTED WHEN DESCRIBING HOW VOTED: IF IWR HAS NO BALLOT CARD FOR REGISTRA TION DIS- TRICT OR R SAID BALLOT CARD WRONG: IF R VOTED FOR U.S. HOUSE OF REPRESENT A TIVES: Who did you vote for? Which party was that? RECORD P AR TY IF R DOES NOT KNOW OR REFUSES NAME,,
V161039,PRE: Does R intend to vote for U.S. House,"IF NOT REGISTERED TO VOTE BUT INTENDS TO REGISTER, OR IF REGISTERED BUT DID NOT VOTE: IF IWR HAS BALLOT CARD FOR REGISTRA TION DISTRICT/ IF IWR DOES NOT HA VE BALLOT CARD FOR REGISTRA TION DISTRICT: [Here is a list of candidates for the major races in this district. How about the election for the House of Representatives in W ashington. Do you intend to vote in the election for the U.S. House of Representatives?/ How about the election for the House of Representatives in W ashington. Do you intend to vote in the election for the U.S. House of Representatives?] [SHOW [YELLOW/GREEN] BALLOT CARD/ DO NOT SHOW BALLOT CARD]","1. Y es
2. No1. Candidate/party
2. Candidate/party
3. Other mention, party not","-1. Inap,
-8. Don’t know (FTF only)
-9. Refused-1. Inap
-8. Don’t know (FTF only)
-9. Refused"
V161040,PRE: F or whom does R intend to vote for U.S. House (ballot card),"IF NOT REGISTERED TO VOTE BUT INTENDS TO REGISTER, OR IF REGISTERED BUT DID NOT VOTE: IF R INTENDS TO VOTE IN THE ELECTION FOR THE U.S. HOUSE: IF IWR HAS BALLOT CARD FOR REGISTRA TION DISTRICT: Who do you think you will vote for? FOR CODE 4 PLEASE RECORD RELEV ANT COMMENTS IN COMMENT BOX F or W eb administration response option 4 was not included.","1. Democratic House
2. Republican House
3. Other House candidate
4. R VOL: names on ballot
5. Other SPECIFY (name
9. Other specify - specified as","-1. Inap,
-8. Don’t know (FTF only)
-9. Refused"
V161041,PRE: F or whom does R intend to vote for U.S. House (no ballot cd),"IF NOT REGISTERED TO VOTE BUT INTENDS TO REGISTER, OR IF REGISTERED BUT DID NOT VOTE: IF R INTENDS TO VOTE IN THE ELECTION FOR THE U.S. HOUSE: IF IWRHAS NO BALLOT CARD FOR REGISTRA TION DISTRICT OR R SAID BALLOT CARD WRONG: Who do you think you will vote for? Which party is that? RECORD P AR TY IF R DOES NOT KNOW OR REFUSES NAME",,
V161042,PRE: Does R prefer U.S. House candidate,IF R IS NOT REGISTERED TO VOTE: IF R DOES NOT INTEND TO REGISTER TO VOTE: IF IWR HAS BALLOT CARD FOR DISTRICT OF RESIDENCE / IF IWR DOES NOT HA VE BALLOT CARD FOR DISTRICT OF RESIDENCE: [Here is a list of candidates for the major races in this district. How about the election for the House of Representatives in W ashington? Do you prefer one of the candidates for the U.S. House of Representatives?/ How about the election for the House of Representatives in W ashington? Do you prefer one of the candidates for the U.S. House of Representatives?] [SHOW [YELLOW/GREEN] BALLOT CARD/ DO NOT SHOW BALLOT CARD],,
V161043,PRE: Whom does R prefer for U.S. House (ballot card),IF R IS NOT REGISTERED TO VOTE: IF R DOES NOT INTEND TO REGISTER TO VOTE: IF R PREFERS A CANDIDA TE FOR U.S. HOUSE: IF IWR HAS BALLOT CARD FOR DISTRICT OF RESIDENCE: Who do you prefer? FOR CODE 4 PLEASE RECORD RELEV ANT COM- MENTS IN COMMENT BOX F or W eb administration response option 4 was not included.,"1. Democratic House
2. Republican House
3. Other House candidate
5. Other SPECIFY (name
","-1. Inap,
-8. Don’t know (FTF only)
"
V161044,PRE: Whom does R prefer for U.S. House (no ballot card),IF R IS NOT REGISTERED TO VOTE: IF R DOES NOT INTEND TO REGISTER TO VOTE: IF R PREFERS A CANDIDA TE FOR U.S. HOUSE: IF IWR HAS NO BALLOT CARD FOR DISTRICT OF RESI- DENCE OR IF R SAID BALLOT CARD WRONG: Who do you prefer? Which party is that? RECORD P AR TY IF R DOES NOT KNOW OR REFUSES NAME,,"-1. Inapplicable
"
V161045x,PRE SUMMAR Y: Senate and Governor races,Not applicable,"00. No Senate/Governor race-
01. No Senate/Governor race-
10. Senate race- sample
11. Senate race- registration
20. Governor race- samp
21. Governor race-
30. Senate and Governor
31. Senate and Governor",
V161046,PRE: Did R vote for U.S. Senate,IF R IS REGISTERED TO VOTE: IF R INDICA TED VOTED EARL Y IN THE 2016 GENERAL ELECTIONS: IF HAS CONFIRMED ALREADY VOTING IN THE 2016 GENERAL ELECTIONS: IF R HAS NOT IN- DICA TED UNSURE WHETHER VOTED WHEN DESCRIBING HOW VOTED: IF A SENA TE RACE IS BEING HELD IN ST A TE OF REGIS- TRA TION: IF IWR HAS BALLOT CARD FOR REGISTRA TION DIS- TRICT/ IF IWR DOES NOT HA VE BALLOT CARD FOR REGISTRA- TION DISTRICT: How about the election for the United States Senate? Did you vote for a candidate for the U.S. Senate? [SHOW [YELLOW/GREEN] BALLOT CARD/ DO NOT SHOW BALLOT CARD],"1. Y es, voted for Senate
2. No, didn’t vote for Senate
","-1. Inap,1,4 in V161025x and
"
V161047,PRE: R’s vote for U.S. Senate (ballot card),IF R IS REGISTERED TO VOTE: IF R INDICA TED VOTED EARL Y IN THE 2016 GENERAL ELECTIONS: IF HAS CONFIRMED ALREADY VOTING IN THE 2016 GENERAL ELECTIONS: IF R HAS NOT IN- DICA TED UNSURE WHETHER VOTED WHEN DESCRIBING HOW VOTED: IF A SENA TE RACE IS BEING HELD IN ST A TE OF REG- ISTRA TION: IF R VOTED FOR U.S. SENA TE: IF IWR HAS BALLOT CARD FOR REGISTRA TION DISTRICT: Who did you vote for?,,
V161048,PRE: R’s vote for U.S. Senate (no ballot card),IF R IS REGISTERED TO VOTE: IF R INDICA TED VOTED EARL Y IN THE 2016 GENERAL ELECTIONS: IF HAS CONFIRMED ALREADY VOTING IN THE 2016 GENERAL ELECTIONS: IF R HAS NOT IN- DICA TED UNSURE WHETHER VOTED WHEN DESCRIBING HOW VOTED: IF A SENA TE RACE IS BEING HELD IN ST A TE OF REGIS- TRA TION: IF R VOTED FOR U.S. SENA TE: IF IWR DOES NOT HA VE BALLOT CARD FOR REGISTRA TION DISTRICT: Who did you vote for? Which party was that? RECORD P AR TY IF R DOES NOT KNOW OR REFUSES NAME,,
V161049,PRE: Does R intend to vote for U.S. Senate,"IF NOT REGISTERED TO VOTE BUT INTENDS TO REGISTER, OR REGISTERED BUT DID NOT VOTE: IF A SENA TE RACE IS BEING HELD IN R’S REGISTRA TION ST A TE: IF IWR HAS BALLOT CARD FOR REGISTRA TION DISTRICT/ IF IWR DOES NOT HA VE BALLOT CARD FOR REGISTRA TION DISTRICT: How about the election for the U.S. Senate. Do you intend to vote in the election for the U.S. Senate? [SHOW [YELLOW/GREEN] BALLOT CARD/ DO NOT SHOW BALLOT CARD]",,
V161050,PRE: F or whom does R intend to vote for U.S. Senate (ballot card),"IF NOT REGISTERED TO VOTE BUT INTENDS TO REGISTER, OR REGISTERED BUT DID NOT VOTE: IF A SENA TE RACE IS BEING HELD IN R’S REGISTRA TION ST A TE: IF R INTENDS TO VOTE FOR U.S. SENA TE: IF IWR HAS BALLOT CARD FOR REGISTRA TION DIS- TRICT: Who do you think you will vote for?",,
V161051,PRE: F or whom does R intend to vote for US. Senate (no ballot card),"IF NOT REGISTERED TO VOTE BUT INTENDS TO REGISTER, OR REGISTERED BUT DID NOT VOTE: IF A SENA TE RACE IS BEING HELD IN R’S REGISTRA TION ST A TE: IF R INTENDS TO VOTE FOR U.S. SENA TE: IF IWR DOES NOT HA VE BALLOT CARD FOR REGIS- TRA TION DISTRICT: Who do you think you will vote for? Which party is that? RECORD P AR TY IF R DOES NOT KNOW OR REFUSES NAME",,
V161052,PRE: Does R prefer U.S. Senate candidate,IF R IS NOT REGISTERED TO VOTE: IF R DOES NOT INTEND TO REGISTER TO VOTE: IF A SENA TE RACE IS BEING HELD IN R’S CURRENT ST A TE: IF IWR HAS BALLOT CARD FOR DISTRICT OF RESIDENCE / IF IWR DOES NOT HA VE BALLOT CARD FOR DIS- TRICT OF RESIDENCE: How about the election for the United States Senate? Do you prefer one of the candidates for the U.S. Senate? [SHOW [YELLOW/GREEN] BALLOT CARD/ DO NOT SHOW BALLOT CARD],"1. Y es
2. No
","-1. Inapplicable
-8. Don’t know (FTF only)
"
V161053,PRE: Whom does R prefer for U.S. Senate (ballot card),IF R IS NOT REGISTERED TO VOTE: IF R DOES NOT INTEND TO REGISTER TO VOTE: IF A SENA TE RACE IS BEING HELD IN R’S CURRENT ST A TE: IF R PREFERS A CANDIDA TE FOR U.S. SENA TE: IF IWR HAS BALLOT CARD FOR DISTRICT OF RESIDENCE: Who do you prefer?,"1. Democratic Senate
2. Republican Senate
3. Other Senate candidate
","-1. Inapplicable
-4. Error: missing due to
-8. Don’t know (FTF only)
"
V161054,PRE: Whom does R prefer for U.S. Senate (no ballot card),IF R IS NOT REGISTERED TO VOTE: IF R DOES NOT INTEND TO REGISTER TO VOTE: IF A SENA TE RACE IS BEING HELD IN R’S CURRENT ST A TE: IF R PREFERS A CANDIDA TE FOR U.S. SENA TE: IF IWR DOES NOT HA VE BALLOT CARD FOR DISTRICT OF RESI- DENCE: Who do you prefer? Which party is that? RECORD P AR TY IF R DOES NOT KNOW OR REFUSES NAME,,
V161055,PRE: Did R vote for governor,IF R IS REGISTERED TO VOTE: IF R INDICA TED VOTED EARL Y IN THE 2016 GENERAL ELECTIONS: IF HAS CONFIRMED ALREADY VOTING IN THE 2016 GENERAL ELECTIONS: IF R HAS NOT IN- DICA TED UNSURE WHETHER VOTED WHEN DESCRIBING HOW VOTED: IF A GUBERNA TORIAL RACE IS BEING HELD IN ST A TE OF REGISTRA TION: IF IWR HAS BALLOT CARD FOR REGISTRA TION DISTRICT/ IF IWR DOES NOT HA VE BALLOT CARD FOR REGIS- TRA TION DISTRICT: How about the election for Governor? Did you vote for a candidate for Governor? [SHOW [YELLOW/GREEN] BALLOT CARD/ DO NOT SHOW BALLOT CARD],"1. Y es, voted for Governor
2. No, didn’t vote for
","-1. Inap,
"
V161056,PRE: R’s vote for governor(ballot card),IF R IS REGISTERED TO VOTE: IF R INDICA TED VOTED EARL Y IN THE 2016 GENERAL ELECTIONS: IF HAS CONFIRMED ALREADY VOTING IN THE 2016 GENERAL ELECTIONS: IF R HAS NOT IN- DICA TED UNSURE WHETHER VOTED WHEN DESCRIBING HOW VOTED: IF A GUBERNA TORIAL RACE IS BEING HELD IN ST A TE OF REGISTRA TION: IF R VOTED FOR GOVERNOR: IF IWR HAS BALLOT CARD FOR REGISTRA TION DISTRICT: Who did you vote for?,,
V161057,PRE: R’s vote for governor (no ballot card),IF R IS REGISTERED TO VOTE: IF R INDICA TED VOTED EARL Y IN THE 2016 GENERAL ELECTIONS: IF HAS CONFIRMED ALREADY VOTING IN THE 2016 GENERAL ELECTIONS: IF R HAS NOT IN- DICA TED UNSURE WHETHER VOTED WHEN DESCRIBING HOW VOTED: IF A GUBERNA TORIAL RACE IS BEING HELD IN ST A TE OF REGISTRA TION: IF R VOTED FOR GOVERNOR: IF IWR DOES NOT HA VE BALLOT CARD FOR REGISTRA TION DISTRICT: Who did you vote for? Which party was that? RECORD P AR TY IF R DOES NOT KNOW OR REFUSES NAME,,
V161058,PRE: Does R intend to vote for governor,"IF NOT REGISTERED TO VOTE BUT INTENDS TO REGISTER, OR REGISTERED BUT DID NOT VOTE: IF A GUBERNA TORIAL RACE IS BEING HELD IN R’S REGISTRA TION ST A TE: IF IWR HAS BALLOT CARD FOR REGISTRA TION DISTRICT/ IF IWR DOES NOT HA VE BALLOT CARD FOR REGISTRA TION DISTRICT: How about the elec- tion for Governor. Do you intend to vote for a candidate for Governor? [SHOW [YELLOW/GREEN] BALLOT CARD/ DO NOT SHOW BALLOT CARD]",,
V161059,PRE: F or whom does R intend to vote for governor (ballot card),"IF NOT REGISTERED TO VOTE BUT INTENDS TO REGISTER, OR REGISTERED BUT DID NOT VOTE: IF A GUBERNA TORIAL RACE IS BEING HELD IN R’S REGISTRA TION ST A TE: IF R INTENDS TO VOTE FOR GOVERNOR: IF IWR HAS BALLOT CARD FOR REGIS- TRA TION DISTRICT: Who do you think you will vote for?",,
V161060,PRE: F or whom does R intend to vote for governor (no ballot card),"IF NOT REGISTERED TO VOTE BUT INTENDS TO REGISTER, OR IF REGISTERED BUT DID NOT VOTE: IF A GUBERNA TORIAL RACE IS BEING HELD IN R’S REGISTRA TION ST A TE: IF R INTENDS TO VOTE FOR GOVERNOR: IF IWR DOES NOT HA VE BALLOT CARD FOR REGISTRA TION DISTRICT: Who do you think you will vote for? Which party is that? RECORD P AR TY IF R DOES NOT KNOW OR REFUSES NAME",,
V161061,PRE: Does R prefer gubernatorial candidate,IF R IS NOT REGISTERED TO VOTE: IF R DOES NOT INTEND TO REGISTER TO VOTE: IF A GUBERNA TORIAL RACE IS BEING HELD IN R’S CURRENT ST A TE: IF IWR HAS BALLOT CARD FOR DISTRICT OF RESIDENCE / IF IWR DOES NOT HA VE BALLOT CARD FOR DISTRICT OF RESIDENCE: How about the election for Governor? Do you prefer one of the candidates for Governor? [SHOW [YELLOW/GREEN] BALLOT CARD/ DO NOT SHOW BALLOT CARD],"1. Y es
2. No
","-1. Inap,
"
V161062,PRE: Whom does R prefer for governor (ballot card),IF R IS NOT REGISTERED TO VOTE: IF R DOES NOT INTEND TO REGISTER TO VOTE: IF A GUBERNA TORIAL RACE IS BEING HELD IN R’S CURRENT ST A TE: IF R PREFERS A CANDIDA TE FOR GOVERNOR: IF IWR HAS BALLOT CARD FOR DISTRICT OF RESI- DENCE: Who do you prefer?,,
V161063,PRE: Whom does R prefer for governor (no ballot card),IF R IS NOT REGISTERED TO VOTE: IF R DOES NOT INTEND TO REGISTER TO VOTE: IF A GUBERNA TORIAL RACE IS BEING HELD IN R’S CURRENT ST A TE: IF R PREFERS A CANDIDA TE FOR GOV- ERNOR: IF IWR DOES NOT HA VE BALLOT CARD FOR DISTRICT OF RESIDENCE: Who do you prefer? Which party is that? RECORD P AR TY IF R DOES NOT KNOW OR REFUSES NAME,,
V161064x,PRE: SUMMAR Y - party of Pre-election Presidential vote/intent/preference,Not applicable,"10. Democratic Presidential
11. Republican Presidential
12. Other Presidential
20. Democratic Presidential
21. Republican Presidential
22. Other Presidential
30. Democratic Presidential
31. Republican Presidential
32. Other Presidential
","-1. Inap, no
"
V161065x,PRE: SUMMAR Y - party of Pre-election U.S. House vote/intent/preference,Not applicable,"10. Democratic House
11. Republican House
12. Other House candidate:
20. Democratic House
21. Republican House
22. Other House candidate:
30. Democratic House
31. Republican House
32. Other House candidate:
","-1. Inap, no
"
V161066x,PRE: SUMMAR Y - party of Pre-election U.S. Senate vote/intent/preference,Not applicable,"10. Democratic Senate
11. Republican Senate
12. Other Senate candidate:
20. Democratic Senate
21. Republican Senate
22. Other Senate candidate:
30. Democratic Senate
31. Republican Senate
32. Other Senate candidate:
","-1. Inap, no
"
V161067x,PRE: SUMMAR Y - party of Pre-election Gubernatorial vote/intent/pref,Not applicable,"10. Democratic Gubernatorial
11. Republican Gubernatorial
20. Democratic Gubernatorial
21. Republican Gubernatorial
22. Other Gubernatorial
30. Democratic Gubernatorial
31. Republican Gubernatorial
","-1. No
"
V161068,PRE: Is there anything R likes about Democratic Pres cand,Is there anything in particular about Hillary Clinton that might make you want to vote for her? RANDOMIZA TION: Order of Presidential candidates,"1. Y es
2. No
","-8. Don’t know (FTF only)
-9. Refused
"
V161069,PRE: T ext- What is it that R likes about Democratic Pres cand,IF THERE IS SOMETHING THA T WOULD MAKE R VOTE FOR DEMOCRA TIC PRES CAND: (What is that?) PROBE: ANYTHING ELSE? UNTIL R SA YS NO F or W eb administration parentheses were omitted. RANDOMIZA TION: Order of Presidential candidates,,"-2. Redacted text, separate file
"
V161070a,PRE: Code- What is it that R likes about Democratic Pres cand,IF THERE IS SOMETHING THA T WOULD MAKE R VOTE FOR DEMOCRA TIC PRES CAND: (What is that?) PROBE: ANYTHING ELSE? UNTIL R SA YS NO F or W eb administration parentheses were omitted. RANDOMIZA TION: Order of Presidential candidates,,"-2. Coded data, future release
"
V161071,PRE: Is there anything R dislikes about Democratic Pres cand,Is there anything in particular about Hillary Clinton that might make you want to vote against her? RANDOMIZA TION: Order of Presidential candidates,"1. Y es
2. No
","-8. Don’t know (FTF only)
-9. Refused
"
V161072,PRE: T ext- What is it that R dislikes about Democratic Pres cand,IF THERE IS SOMETHING THA T WOULD MAKE R VOTE AGAINST DEMOCRA TIC PRES CAND: (What is that?) PROBE: ANYTHING ELSE? UNTIL R SA YS NO F or W eb administration parentheses were omitted. RANDOMIZA TION: Order of Presidential candidates,,"-2. Redacted text, separate file
"
V161073a,PRE: Code- What is it that R dislikes about Democratic Pres cand,IF THERE IS SOMETHING THA T WOULD MAKE R VOTE AGAINST DEMOCRA TIC PRES CAND: (What is that?) PROBE: ANYTHING ELSE? UNTIL R SA YS NO F or W eb administration parentheses were omitted. RANDOMIZA TION: Order of Presidential candidates,,"-2. Coded data, future release
"
V161074,PRE: Is there anything R likes about Republican Pres cand,Is there anything in particular about Donald T rump that might make you want to vote for him? RANDOMIZA TION: Order of Presidential candidates,"1. Y es
2. No
","-8. Don’t know (FTF only)
-9. Refused
"
V161075,PRE: T ext- What is it that R likes about Republican Pres cand,IF THERE IS SOMETHING THA T WOULD MAKE R VOTE FOR RE- PUBLICAN PRES CAND: (What is that?) PROBE: ANYTHING ELSE? UNTIL R SA YS NO F or W eb administration parentheses were omitted. RANDOMIZA TION: Order of Presidential candidates,,"-2. Redacted text, separate file
"
V161076a,PRE: Code- What is it that R likes about Republican Pres cand,IF THERE IS SOMETHING THA T WOULD MAKE R VOTE FOR RE- PUBLICAN PRES CAND: (What is that?) PROBE: ANYTHING ELSE? UNTIL R SA YS NO F or W eb administration parentheses were omitted. RANDOMIZA TION: Order of Presidential candidates,,"-2. Coded data, future release
"
V161077,PRE: Is there anything R dislikes about Republican Pres cand,Is there anything in particular about Donald T rump that might make you want to vote against him? RANDOMIZA TION: Order of Presidential candidates,"1. Y es
2. No
","-8. Don’t know (FTF only)
-9. Refused
"
V161078,PRE: T ext- What is it that R dislikes about Republican Pres cand,IF THERE IS SOMETHING THA T WOULD MAKE R VOTE AGAINST REPUBLICAN PRES CAND: (What is that?) PROBE: ANYTHING ELSE? UNTIL R SA YS NO F or W eb administration parentheses were omitted. RANDOMIZA TION: Order of Presidential candidates,,"-2. Redacted text, separate file
"
V161079a,PRE: Code- What is it that R dislikes about Republican Pres cand,IF THERE IS SOMETHING THA T WOULD MAKE R VOTE AGAINST REPUBLICAN PRES CAND: (What is that?) PROBE: ANYTHING ELSE? UNTIL R SA YS NO F or W eb administration parentheses were omitted. RANDOMIZA TION: Order of Presidential candidates,,"-2. Coded data, future release
"
V161080,PRE: Approval of Congress handling its job,Do you approve or disapprove of the way the U.S. Congress has been handling its job?,"1. Approve
2. Disapprove
1. Approve strongly
2. Approve not strongly
3. Disapprove not strongly
4. Disapprove strongly","-8. Don’t know (FTF only)
-9. Refused
-2. Missing: -8,-9 in"
V161080a,PRE: Strength appr disapprove Congress handling its job,IF R APPROVES U.S. CONGRESS HANDLING ITS JOB / IF R DISAPPROVES U.S. CONGRESS HANDLING ITS JOB: Do you [ap- prove/disapprove] strongly or not strongly?,"1. Strongly
2. Not strongly
","-1. INAP , -8,-9 in V161080
-8. Don’t know (FTF only)
-9. Refused
"
V161080x,PRE: SUMMAR Y - Approval/disapproval Congress handling job,Not applicable,,
V161081,PRE: Are things in the country on right track,"Do you feel things in this country are generally going in the right direction, or do you feel things have pretty seriously gotten off on the wrong track?","1. Right direction
2. W rong track
","-8. Don’t know (FTF only)
-9. Refused
"
V161082,PRE: Approve or disapprove President handling job as Pres,Do you approve or disapprove of the way Barack Obama is handling his job as President?,"1. Approve
2. Disapprove
1. Approve strongly
2. Approve not strongly
3. Disapprove not strongly
4. Disapprove strongly","-8. Don’t know (FTF only)
-9. Refused
-2. Missing: -8,-9 in"
V161082a,PRE: How much approve or disapp Pres handling job,IF R APPROVES BARACK OBAMA HANDLING JOB AS PRESIDENT / IF R DISAPPROVES BARACK OBAMA HANDLING JOB AS PRES- IDENT: Do you approve strongly or not strongly? / Do you disapprove strongly or not strongly?,"1. Strongly
2. Not strongly
","-1. INAP , -8,-9 in V161082
-8. Don’t know (FTF only)
-9. Refused
"
V161082x,PRE: SUMMAR Y - Approval/disapproval President handling job,Not applicable,,
V161083,PRE: Approve or disapprove President handling economy,Do you approve or disapprove of the way Barack Obama is handling the economy?,"1. Approve
2. Disapprove
1. Approve strongly
2. Approve not strongly
3. Disapprove not strongly
4. Disapprove strongly","-8. Don’t know (FTF only)
-9. Refused
-2. Missing: -8,-9 in"
V161083a,PRE: How much approve or disapprove Pres handling economy,IF R APPROVES BARACK OBAMA HANDLING ECONOMY / IF R DISAPPROVES BARACK OBAMA HANDLING ECONOMY: Do you ap- prove strongly or not strongly? / Do you disapprove strongly or not strongly?,"1. Strongly
2. Not strongly
","-1. INAP , -8,-9 in V161083
-8. Don’t know (FTF only)
-9. Refused
"
V161083x,PRE: SUMMAR Y - Approval/disapproval President handling economy,Not applicable,,
V161084,PRE: Approve or disapprove President handling foreign rel,Do you approve or disapprove of the way Barack Obama is handling relations with foreign countries?,"1. Approve
2. Disapprove
1. Approve strongly
2. Approve not strongly
3. Disapprove not strongly
4. Disapprove strongly","-8. Don’t know (FTF only)
-9. Refused
-2. Missing: -8,-9 in"
V161084a,PRE: How much approve or disapprove Pres handling foreign rel,IF R APPROVES BARACK OBAMA HANDLING FOREIGN RELA- TIONS / IF R DISAPPROVES BARACK OBAMA HANDLING FOR- EIGN RELA TIONS: Do you approve strongly or not strongly? / Do you disapprove strongly or not strongly?,"1. Strongly
2. Not strongly
","-1. INAP , -8,-9 in V161084
-8. Don’t know (FTF only)
-9. Refused
"
V161084x,PRE: SUMMAR Y - Approval/disapproval President handling foreign rel,Not applicable,,
V161085,PRE: Approve or disapprove President handling health care,Do you approve or disapprove of the way Barack Obama is handling health care?,"1. Approve
2. Disapprove
1. Approve strongly
2. Approve not strongly
3. Disapprove not strongly
4. Disapprove strongly","-8. Don’t know (FTF only)
-9. Refused
-2. Missing: -8,-9 in"
V161085a,PRE: How much approve or disapprove Pres handling health care,IF R APPROVES BARACK OBAMA HANDLING HEAL TH CARE / IF R DISAPPROVES BARACK OBAMA HANDLING HEAL TH CARE: Do you approve strongly or not strongly? / Do you disapprove strongly or not strongly?,"1. Strongly
2. Not strongly
","-1. INAP , -8,-9 in V161085
-8. Don’t know (FTF only)
-9. Refused
"
V161085x,PRE: SUMMAR Y - Approval/disapproval President handling health care,Not applicable,,
V161086,PRE: F eeling Thermometer: Democratic Presidential cand,"(Looking at page [PRELOAD: page] of the booklet) (How would you rate:) Hillary Clinton PROBE for don’t know response: when you say don’t know, do you mean that you don’t know who the person is, or do you have some- thing else in mind? ENTER number 0-100 F or W eb administration, the optional reference to the respondent booklet was omitted. RANDOMIZA TION: Order of major party Presidential cands 99 unique outcomes. 20 most frequently appearing outcomes:",,
V161087,PRE: F eeling Thermometer: Republican Presidential cand,"(Looking at page [PRELOAD: page] of the booklet) (How would you rate:) Donald T rump PROBE for don’t know response: when you say don’t know, do you mean that you don’t know who the person is, or do you have some- thing else in mind? ENTER number 0-100 F or W eb administration, the optional reference to the respondent booklet was omitted. RANDOMIZA TION: Order of major party Presidential cands 96 unique outcomes. 20 most frequently appearing outcomes:",,
V161088,PRE: F eeling Thermometer: Libertarian Presidential cand,"(Looking at page [PRELOAD: page] of the booklet) (How would you rate:) Gary Johnson PROBE for don’t know response: when you say don’t know, do you mean that you don’t know who the person is, or do you have some- thing else in mind? ENTER number 0-100 F or W eb administration, the optional reference to the respondent booklet was omitted. RANDOMIZA TION: Order of thermometers for Libertarian and Green Party pres cands, major party vice-pres cands, Obama, Bill Clinton. 96 unique outcomes. 20 most frequently appearing outcomes: ANES 2016 Codebook - V ersion 20190904 - page 158",,
V161089,PRE: F eeling Thermometer: Green Party Presidential cand,"(Looking at page [PRELOAD: page] of the booklet) (How would you rate:) Jill Stein PROBE for don’t know response: when you say don’t know, do you mean that you don’t know who the person is, or do you have something else in mind? ENTER number 0-100 F or W eb administration, the optional reference to the respondent booklet was omitted. RANDOMIZA TION: Order of thermometers for Libertarian and Green Party pres cands, major party vice-pres cands, Obama, Bill Clinton. 86 unique outcomes. 20 most frequently appearing outcomes: ANES 2016 Codebook - V ersion 20190904 - page 160",,
V161090,PRE: F eeling Thermometer: Democratic Vice-Pres cand,"(Looking at page [PRELOAD: page] of the booklet) (How would you rate:) Tim Kaine PROBE for don’t know response: when you say don’t know, do you mean that you don’t know who the person is, or do you have something else in mind? ENTER number 0-100 F or W eb administration, the optional reference to the respondent booklet was omitted. RANDOMIZA TION: Order of thermometers for Libertarian and Green Party pres cands, major party vice-pres cands, Obama, Bill Clinton. 95 unique outcomes. 20 most frequently appearing outcomes: ANES 2016 Codebook - V ersion 20190904 - page 162",,
V161091,PRE: F eeling Thermometer: Republican Vice-Pres cand,"(Looking at page [PRELOAD: page] of the booklet) (How would you rate:) Mike Pence PROBE for don’t know response: when you say don’t know, do you mean that you don’t know who the person is, or do you have something else in mind? ENTER number 0-100 F or W eb administration, the optional reference to the respondent booklet was omitted. RANDOMIZA TION: Order of thermometers for Libertarian and Green Party pres cands, major party vice-pres cands, Obama, Bill Clinton. 101 unique outcomes. 20 most frequently appearing outcomes: ANES 2016 Codebook - V ersion 20190904 - page 164",,
V161092,PRE: F eeling Thermometer: Previous President,"(Looking at page [PRELOAD: page] of the booklet) (How would you rate:) Barack Obama PROBE for don’t know response: when you say don’t know, do you mean that you don’t know who the person is, or do you have some- thing else in mind? ENTER number 0-100 F or W eb administration, the optional reference to the respondent booklet was omitted. RANDOMIZA TION: Order of thermometers for Libertarian and Green Party pres cands, major party vice-pres cands, Obama, Bill Clinton. 102 unique outcomes. 20 most frequently appearing outcomes:",,
V161093,PRE: F eeling Thermometer: Bill Clinton,"(Looking at page [PRELOAD: page] of the booklet) (How would you rate:) Bill Clinton PROBE for don’t know response: when you say don’t know, do you mean that you don’t know who the person is, or do you have something else in mind? ENTER number 0-100 F or W eb administration, the optional reference to the respondent booklet was omitted. RANDOMIZA TION: Order of thermometers for Libertarian and Green Party pres cands, major party vice-pres cands, Obama, Bill Clinton. 103 unique outcomes. 20 most frequently appearing outcomes:",,
V161094,PRE: F eeling Thermometer: Libertarian Vice-Pres cand,"(Looking at page [PRELOAD: page] of the booklet) (How would you rate:) Bill W eld PROBE for don’t know response: when you say don’t know, do you mean that you don’t know who the person is, or do you have something else in mind? ENTER number 0-100 F or W eb administration, the optional reference to the respondent booklet was omitted. 80 unique outcomes. 20 most frequently appearing outcomes:",,
V161095,PRE: F eeling Thermometer: Democratic Party,"(Looking at page [PRELOAD: page] of the booklet) (How would you rate:) the Democratic Party PROBE for don’t know response: when you say don’t know, do you mean that you don’t know who this is or do you have something else in mind? ENTER number 0-100 F or W eb administration, the optional reference to the respondent booklet was omitted. RANDOMIZA TION: Order of major parties 100 unique outcomes. 20 most frequently appearing outcomes:",,
V161096,PRE: F eeling Thermometer: Republican Party,"(Looking at [PRELOAD: page] of the booklet) (How would you rate:) the Republican Party PROBE for don’t know response: when you say don’t know, do you mean that you don’t know who this is or do you have something else in mind? ENTER number 0-100 F or W eb administration, the optional reference to the respondent booklet was omitted. RANDOMIZA TION: Order of major parties 101 unique outcomes. 20 most frequently appearing outcomes:",,
V161097,PRE: Is there anything R likes about Democratic Party,Is there anything in particular that you like about the Democratic party? RANDOMIZA TION: Order of major parties,"1. Y es
2. No
","-8. Don’t know (FTF only)
-9. Refused
"
V161098,PRE: T ext- What does R like about Democratic party,IF R SA YS THERE IS SOMETHING THA T R LIKES ABOUT DEMO- CRA TIC P AR TY: (What is that?) PROBE: ANYTHING ELSE YOU LIKE ABOUT THE DEMOCRA TIC P AR TY? UNTIL R SA YS NO. F or W eb administration parentheses were omitted. RANDOMIZA TION: Order of major parties,,"-2. Redacted text, separate file
"
V161099a,PRE: Code- What does R like about Democratic party,IF R SA YS THERE IS SOMETHING THA T R LIKES ABOUT DEMO- CRA TIC P AR TY: (What is that?) PROBE: ANYTHING ELSE YOU LIKE ABOUT THE DEMOCRA TIC P AR TY? UNTIL R SA YS NO. F or W eb administration parentheses were omitted. RANDOMIZA TION: Order of major parties,,"-2. Coded data, future release
"
V161100,PRE: Is there anything R dislikes about Democratic Party,Is there anything in particular that you don’t like about the Democratic party? RANDOMIZA TION: Order of major parties,"1. Y es
2. No
","-8. Don’t know (FTF only)
-9. Refused
"
V161101,PRE: T ext- What does R dislike about the Democratic party,IF R SA YS THERE IS SOMETHING THA T R DISLIKES ABOUT DEMO- CRA TIC P AR TY: (What is that?) PROBE: ANYTHING ELSE YOU DON’T LIKE ABOUT THE DEMO- CRA TIC P AR TY? UNTIL R SA YS NO. F or W eb administration parenthe- ses were omitted. RANDOMIZA TION: Order of major parties,,"-2. Redacted text, separate file
"
V161102a,PRE: Code- What does R dislike about the Democratic party,IF R SA YS THERE IS SOMETHING THA T R DISLIKES ABOUT DEMO- CRA TIC P AR TY: (What is that?) PROBE: ANYTHING ELSE YOU DON’T LIKE ABOUT THE DEMO- CRA TIC P AR TY? UNTIL R SA YS NO. F or W eb administration parenthe- ses were omitted. RANDOMIZA TION: Order of major parties,,"-2. Coded data, future release
"
V161103,PRE: Is there anything R likes about Republican Party,Is there anything in particular that you like about the Republican party? RANDOMIZA TION: Order of major parties,"1. Y es
2. No
","-8. Don’t know (FTF only)
-9. Refused
"
V161104,PRE: T ext- What does R like about Republican party,IF R SA YS THERE IS SOMETHING THA T R LIKES ABOUT REPUB- LICAN P AR TY: (What is that?) PROBE: ANYTHING ELSE YOU LIKE ABOUT THE REPUBLICAN P AR TY? UNTIL R SA YS NO. F or W eb administration parentheses were omitted. RANDOMIZA TION: Order of major parties,,"-2. Redacted text, separate file
"
V161105a,PRE: Code- What does R like about Republican party,IF R SA YS THERE IS SOMETHING THA T R LIKES ABOUT REPUB- LICAN P AR TY: (What is that?) PROBE: ANYTHING ELSE YOU LIKE ABOUT THE REPUBLICAN P AR TY? UNTIL R SA YS NO. F or W eb administration parentheses were omitted. RANDOMIZA TION: Order of major parties,,"-2. Coded data, future release
"
V161106,PRE: Is there anything R dislikes about Republican Party,Is there anything in particular that you don’t like about the Republican party? RANDOMIZA TION: Order of major parties,"1. Y es
2. No
","-8. Don’t know (FTF only)
-9. Refused
"
V161107,PRE: T ext- What does R dislike about the Republican party,IF R SA YS THERE IS SOMETHING THA T R DISLIKES ABOUT RE- PUBLICAN P AR TY: (What is that?) PROBE: ANYTHING ELSE YOU DON’T LIKE ABOUT THE REPUB- LICAN P AR TY? UNTIL R SA YS NO. F or W eb administration parentheses were omitted. RANDOMIZA TION: Order of major parties,,"-2. Redacted text, separate file
"
V161108a,PRE: Code- What does R dislike about the Republican party,IF R SA YS THERE IS SOMETHING THA T R DISLIKES ABOUT RE- PUBLICAN P AR TY: (What is that?) PROBE: ANYTHING ELSE YOU DON’T LIKE ABOUT THE REPUB- LICAN P AR TY? UNTIL R SA YS NO. F or W eb administration parentheses were omitted. RANDOMIZA TION: Order of major parties,,"-2. Coded data, future release
"
V161109,PRE: R living with how many family members,Now on another topic. How many family members are living with you?,,"-9. Refused
"
V161110,PRE: R how much better worse off than 1 year ago,"IF R IS NOT LIVING A T HOME WITH F AMIL Y MEMBERS / IF R IS LIVING A T HOME WITH 1 OR MORE F AMIL Y MEMBERS: W e are interested in how people are getting along financially these days. W ould you say that [you /you and your family living here] are [much better off financially , somewhat better off, about the same, somewhat worse off, or much worse off / much worse off financially , somewhat worse off, about the same, somewhat better off, or much better off] than you were a year ago? F orward/reverse response option order","1. Much better off
2. Somewhat better off
3. About the same
4. Somewhat worse off
5. Much worse off
","-8. Don’t know (FTF only)
-9. Refused
"
V161111,PRE: R how much better worse off next year,"IF R IS NOT LIVING A T HOME WITH F AMIL Y MEMBERS / IF R IS LIVING A T HOME WITH 1 OR MORE F AMIL Y MEMBERS: Now looking ahead, do you think that a year from now [you /you and your family living here] will be [much better off financially , somewhat better off, about the same, somewhat worse off, or much worse off / much worse off financially , somewhat worse off, about the same, somewhat better off, or much better off] than now? F orward/reverse response option order","1. Much better off
2. Somewhat better off
3. About the same
4. Somewhat worse off
5. Much worse off
","-8. Don’t know (FTF only)
-9. Refused
"
V161112,PRE: Does R have health insurance,Do you presently have any kind of health insurance?,"1. Y es
2. No
","-8. Don’t know (FTF only)
-9. Refused
"
V161113,PRE: F avor or oppose 2010 health care law,"Do you favor, oppose, or neither favor nor oppose the health care reform law passed in 2010? This law requires all Americans to buy health insurance and requires health insurance companies to accept everyone.","1. F avor
2. Oppose
3. Neither favor nor oppose
","-8. Don’t know (FTF only)
"
V161114a,PRE: Strength favor 2010 health care law,"IF R F A VORS THE 2010 HEAL TH CARE LA W: Do you favor that [a great deal, moderately , or a little / a little, moderately , or a great deal]? F orward/reverse response option order","1. A great deal
2. Moderately
3. A little
1. F avor a great deal
2. F avor moderately
3. F avor a little
4. Neither favor nor oppose
5. Oppose a little
6. Oppose moderately
7. Oppose a great deal","-1. INAP ,
-8. Don’t know (FTF only)
-9. Refused
-1. INAP , -8,-9 in"
V161114b,PRE: Strength oppose 2010 health care law,"IF R OPPOSES THE 2010 HEAL TH CARE LA W: Do you oppose that [a great deal, moderately , or a little / a little, moderately , or a great deal]? F orward/reverse response option order","1. A great deal
2. Moderately
3. A little","-1. INAP ,"
V161114x,PRE: Summary: favor/oppose 2010 health care law,Not applicable,,
V161115,PRE: Self-evaluation of R health,"W ould you say that in general your health is [excellent, very good, good, fair, or poor / poor, fair, good, very good, or excellent]? F orward/reverse response option order","1. Excellent
2. V ery good
3. Good
4. F air
5. Poor
","-9. Refused
"
V161116,PRE: Affect for Democratic Pres cand: angry,"IF ANGR Y IS 1ST AFFECT FOR DEMOCRA TIC PRESIDENTIAL CAN- DIDA TE / IF ANGR Y IS NOT 1ST AFFECT FOR DEMOCRA TIC PRES- IDENTIAL CANDIDA TE : [Think about Hillary Clinton] How often would you say you’ve felt angry because of the kind of person Hillary Clinton is or because of something she has done – [never, some of the time, about half the time, most of the time, or always/ always, most of the time, about half the time, some of the time, or never]? RANDOMIZA TION: Order of Pres cands. Order of affects F orward/reverse response option order","1. Never
2. Some of the time
3. About half the time
4. Most of the time
5. Always
","-8. Don’t know (FTF only)
-9. Refused
"
V161117,PRE: Affect for Democratic Pres cand: hopeful,"IF HOPEFUL IS 1ST AFFECT FOR DEMOCRA TIC PRESIDENTIAL CANDIDA TE / IF HOPEFUL IS NOT 1ST AFFECT FOR DEMOCRA TIC PRESIDENTIAL CANDIDA TE : [Think about Hillary Clinton] How often would you say you’ve felt hopeful because of the kind of person Hillary Clinton is or because of something she has done – [never, some of the time, about half the time, most of the time, or always/ always, most of the time, about half the time, some of the time, or never]? RANDOMIZA TION: Order of Pres cands. Order of affects F orward/reverse response option order","1. Never
2. Some of the time
3. About half the time
4. Most of the time
5. Always
","-8. Don’t know (FTF only)
-9. Refused
"
V161118,PRE: Affect for Democratic Pres cand: afraid,"IF AFRAID IS 1ST AFFECT FOR DEMOCRA TIC PRESIDENTIAL CANDIDA TE / IF AFRAID IS NOT 1ST AFFECT FOR DEMOCRA TIC PRESIDENTIAL CANDIDA TE : [Think about Hillary Clinton] How often would you say you’ve felt afraid because of the kind of person Hillary Clinton is or because of something she has done – [never, some of the time, about half the time, most of the time, or always/ always, most of the time, about half the time, some of the time, or never]? RANDOMIZA TION: Order of Pres cands. Order of affects F orward/reverse response option order","1. Never
2. Some of the time
3. About half the time
4. Most of the time
5. Always
","-8. Don’t know (FTF only)
-9. Refused
"
V161119,PRE: Affect for Democratic Pres cand: proud,"IF PROUD IS 1ST AFFECT FOR DEMOCRA TIC PRESIDENTIAL CAN- DIDA TE / IF PROUD IS NOT 1ST AFFECT FOR DEMOCRA TIC PRES- IDENTIAL CANDIDA TE : [Think about Hillary Clinton] How often would you say you’ve felt proud because of the kind of person Hillary Clinton is or because of something she has done – [never, some of the time, about half the time, most of the time, or always/ always, most of the time, about half the time, some of the time, or never]? RANDOMIZA TION: Order of Pres cands. Order of affects F orward/reverse response option order","1. Never
2. Some of the time
3. About half the time
4. Most of the time
5. Always
","-8. Don’t know (FTF only)
-9. Refused
"
V161120,PRE: Affect for Democratic Pres cand: disgusted,"IF DISGUSTED IS 1ST AFFECT FOR DEMOCRA TIC PRESIDENTIAL CANDIDA TE / IF DISGUSTED IS NOT 1ST AFFECT FOR DEMO- CRA TIC PRESIDENTIAL CANDIDA TE : [Think about Hillary Clinton] How often would you say you’ve felt disgusted because of the kind of person Hillary Clinton is or because of something she has done – [never, some of the time, about half the time, most of the time, or always/ always, most of the time, about half the time, some of the time, or never]? RANDOMIZA TION: Order of Pres cands. Order of affects F orward/reverse response option order","1. Never
2. Some of the time
3. About half the time
4. Most of the time
5. Always
","-8. Don’t know (FTF only)
-9. Refused
"
V161121,PRE: Affect for Republican Pres cand: angry,"IF ANGR Y IS 1ST AFFECT FOR REPUBLICAN PRESIDENTIAL CAN- DIDA TE / IF ANGR Y IS NOT 1ST AFFECT FOR REPUBLICAN PRES- IDENTIAL CANDIDA TE : [Think about Donald T rump] How often would you say you’ve felt angry because of the kind of person Donald T rump is or because of something he has done – [never, some of the time, about half the time, most of the time, or always/ always, most of the time, about half the time, some of the time, or never]? RANDOMIZA TION: Order of Pres cands. Order of affects F orward/reverse response option order","1. Never
2. Some of the time
3. About half the time
4. Most of the time
5. Always
","-8. Don’t know (FTF only)
-9. Refused
"
V161122,PRE: Affect for Republican Pres cand: hopeful,"IF HOPEFUL IS 1ST AFFECT FOR REPUBLICAN PRESIDENTIAL CANDIDA TE / IF HOPEFUL IS NOT 1ST AFFECT FOR REPUBLI- CAN PRESIDENTIAL CANDIDA TE : [Think about Donald T rump] How often would you say you’ve felt hopeful because of the kind of person Donald T rump is or because of something he has done – [never, some of the time, about half the time, most of the time, or always/ always, most of the time, about half the time, some of the time, or never]? RANDOMIZA TION: Order of Pres cands. Order of affects F orward/reverse response option order","1. Never
2. Some of the time
3. About half the time
4. Most of the time
5. Always
","-8. Don’t know (FTF only)
-9. Refused
"
V161123,PRE: Affect for Republican Pres cand: afraid,"IF AFRAID IS 1ST AFFECT FOR REPUBLICAN PRESIDENTIAL CAN- DIDA TE / IF AFRAID IS NOT 1ST AFFECT FOR REPUBLICAN PRES- IDENTIAL CANDIDA TE : [Think about Donald T rump] How often would you say you’ve felt afraid because of the kind of person Donald T rump is or because of something he has done – [never, some of the time, about half the time, most of the time, or always/ always, most of the time, about half the time, some of the time, or never]? RANDOMIZA TION: Order of Pres cands. Order of affects F orward/reverse response option order","1. Never
2. Some of the time
3. About half the time
4. Most of the time
5. Always
","-8. Don’t know (FTF only)
-9. Refused
"
V161124,PRE: Affect for Republican Pres cand: proud,"IF PROUD IS 1ST AFFECT FOR REPUBLICAN PRESIDENTIAL CAN- DIDA TE / IF PROUD IS NOT 1ST AFFECT FOR REPUBLICAN PRES- IDENTIAL CANDIDA TE : [Think about Donald T rump] How often would you say you’ve felt proud because of the kind of person Donald T rump is or because of something he has done – [never, some of the time, about half the time, most of the time, or always/ always, most of the time, about half the time, some of the time, or never]? RANDOMIZA TION: Order of Pres cands. Order of affects F orward/reverse response option order","1. Never
2. Some of the time
3. About half the time
4. Most of the time
5. Always
","-8. Don’t know (FTF only)
-9. Refused
"
V161125,PRE: Affect for Republican Pres cand: disgusted,"IF DISGUSTED IS 1ST AFFECT FOR REPUBLICAN PRESIDENTIAL CANDIDA TE / IF DISGUSTED IS NOT 1ST AFFECT FOR REPUBLI- CAN PRESIDENTIAL CANDIDA TE : [Think about Donald T rump] How often would you say you’ve felt disgusted because of the kind of person Don- ald T rump is or because of something he has done – [never, some of the time, about half the time, most of the time, or always/ always, most of the time, about half the time, some of the time, or never]? RANDOMIZA TION: Order of Pres cands. Order of affects F orward/reverse response option order","1. Never
2. Some of the time
3. About half the time
4. Most of the time
5. Always
","-8. Don’t know (FTF only)
-9. Refused
"
V161126,PRE: 7pt scale Liberal conservative self-placement,"Where would you place yourself on this scale, or haven’t you thought much about this? DO NOT PROBE F or W eb administration, DO NOT PROBE was omitted for the option ‘Haven’t thought much about this’ .","1. Extremely liberal
2. Liberal
3. Slightly liberal
4. Moderate, middle of the
5. Slightly conservative
6. Conservative
7. Extremely conservative
99. Haven’t thought much
","-8. Don’t know (FTF only)
-9. Refused
"
V161127,PRE: If R had to choose liberal or conservative self-placemt,"IF LIBERAL-CONSER V A TIVE SELF-PLACEMENT IS MODERA TE, DK, OR HA VEN’T THOUGHT: If you had to choose, would you consider yourself a liberal or a conservative? F or W eb administration ‘Moderate’ was displayed for response option 3.","1. Liberal
2. Conservative
3. Moderate
","-1. INAP ,
-8. Don’t know (FTF only)
-9. Refused
"
V161128,PRE: 7pt scale liberal conservative - Dem Pres cand,"(Still looking at page [PRELOAD: page]) Where would you place Hillary Clinton on this scale? DO NOT PROBE DON’T KNOW F or W eb administration, the optional reference to the respondent booklet was omitted. RANDOMIZA TION: Order of Pres cands","1. Extremely liberal
2. Liberal
3. Slightly liberal
4. Moderate, middle of the road
5. Slightly conservative
6. Conservative
7. Extremely conservative
","-8. Don’t know (FTF only)
-9. Refused
"
V161129,PRE: 7pt scale liberal conservative - Rep Pres cand,"(Still looking at page [PRELOAD: page]) Where would you place Donald T rump on this scale? DO NOT PROBE DON’T KNOW F or W eb administration, the optional reference to the respondent booklet was omitted. RANDOMIZA TION: Order of Pres cands","1. Extremely liberal
2. Liberal
3. Slightly liberal
4. Moderate, middle of the road
5. Slightly conservative
6. Conservative
7. Extremely conservative
","-8. Don’t know (FTF only)
-9. Refused
"
V161130,PRE: 7pt scale liberal conservative Dem party,"(Still looking at page [PRELOAD: page]) Where would you place the Demo- cratic Party on this scale? DO NOT PROBE DON’T KNOW F or W eb administration, the optional reference to the respondent booklet was omitted. RANDOMIZA TION: Order of major parties","1. Extremely liberal
2. Liberal
3. Slightly liberal
4. Moderate, middle of the road
5. Slightly conservative
6. Conservative
7. Extremely conservative
","-8. Don’t know (FTF only)
-9. Refused
"
V161131,PRE: 7pt scale liberal conservative Rep party,"(Still looking at page [PRELOAD: page]) Where would you place the Re- publican Party on this scale? DO NOT PROBE DON’T KNOW F or W eb administration, the optional reference to the respondent booklet was omitted. RANDOMIZA TION: Order of major parties","1. Extremely liberal
2. Liberal
3. Slightly liberal
4. Moderate, middle of the road
5. Slightly conservative
6. Conservative
7. Extremely conservative
","-8. Don’t know (FTF only)
-9. Refused
"
V161132,PRE: SUMMAR Y - PLACEMENT 1 or PLACEMENT 2,Not applicable,"10. Assigned to early
11. Assigned to early
20. Assigned to late
21. Assigned to late
1. Extremely likely
2. V ery likely
3. Moderately likely
4. Slightly likely
5. Not likely at all","-1. INAP , voter (11 in
-9. Refused"
V161133,PRE: PLACEMENT 1: How likely is it R will vote in Nov,"IF R HAS NOT INDICA TED DEFINITEL Y VOTED EARL Y IN THE 2016 ELECTIONS: IF R IS SELECTED FOR EARL Y PLACEMENT OF THIS QUESTION: How likely is it that you will vote in the general election this November? [Extremely likely , very likely , moderately likely , slightly likely , or not likely at all / Not likely at all, slightly likely , moderately likely , very likely , or extremely likely]? Respondents were assigned to early or late placement of this question. RANDOMIZA TION: Placement of question (early or late) Randomized re- sponse option order except last",,
V161134a,PRE: PLACEMENT1: Percent for Democratic Pres candidate,"IF R IS ASSIGNED TO EARL Y PLACEMENT OF PRES CAND PER- CENT AGE QUESTIONS: Now, thinking about only the votes cast for the two major parties, what percentage of the vote do you think Hillary Clinton and Donald T rump will each receive in the national vote? Respondents were assigned to early or late placement of this question. F or W eb administration ‘Type the numbers’ was displayed. As an error in face-to-face administra- tion, this question was not asked of voters. RANDOMIZA TION: Placement of question (early or late) 86 unique outcomes. 20 most frequently appearing outcomes: ANES 2016 Codebook - V ersion 20190904 - page 212",,
V161134b,PRE: PLACEMENT1: Percent for Republican Pres candidate,"IF R IS ASSIGNED TO EARL Y PLACEMENT OF PRES CAND PER- CENT AGE QUESTIONS: Now, thinking about only the votes cast for the two major parties, what percentage of the vote do you think Hillary Clinton and Donald T rump will each receive in the national vote? Respondents were assigned to early or late placement of this question. F or W eb administration ‘Type the numbers’ was displayed. As an error in face-to-face administra- tion, this question was not asked of voters. RANDOMIZA TION: Placement of question (early or late) 81 unique outcomes. 20 most frequently appearing outcomes: ANES 2016 Codebook - V ersion 20190904 - page 214",,
V161135a,PRE: PLACEMENT1: State percent for Democratic Pres candidate,"IF R IS ASSIGNED TO EARL Y PLACEMENT OF PRES CAND PER- CENT AGE QUESTIONS: Thinking about only the votes cast for the two major parties, what percentage of the vote do you think Hillary Clinton and Donald T rump will each receive in your state? Respondents were assigned to early or late placement of this question. F or W eb administration ‘Type the numbers’ was displayed. As an error in face-to-face administration, this question was not asked of voters. RANDOMIZA TION: Placement of question (early or late) 81 unique outcomes. 20 most frequently appearing outcomes: ANES 2016 Codebook - V ersion 20190904 - page 216",,
V161135b,PRE: PLACEMENT1: State percent for Republican Pres candidate,"IF R IS ASSIGNED TO EARL Y PLACEMENT OF PRES CAND PER- CENT AGE QUESTIONS: Thinking about only the votes cast for the two major parties, what percentage of the vote do you think Hillary Clinton and Donald T rump will each receive in your state? Respondents were assigned to early or late placement of this question. F or W eb administration ‘Type the numbers’ was displayed. As an error in face-to-face administration, this question was not asked of voters. RANDOMIZA TION: Placement of question (early or late) 81 unique outcomes. 20 most frequently appearing outcomes: ANES 2016 Codebook - V ersion 20190904 - page 218",,
V161136,PRE: Party Control or split government,"Do you think it is better when one party controls both the presidency and Congress, better when control is split between the Democrats and Republi- cans, or doesn’t it matter?","1. Better when one party
2. Better when control is split
3. It doesnt matter
","-8. Don’t know (FTF only)
-9. Refused
"
V161137,PRE: Income gap today more or less than 20 years ago,"Do you think the difference in incomes between rich people and poor people in the United States today is larger, smaller, or about the same as it was 20 years ago?","1. Larger
2. Smaller
3. About the same
1. Much larger
2. Somewhat larger
3. About the same
4. Somewhat smaller
5. Much smaller","-8. Don’t know (FTF only)
-9. Refused
-2. Missing: -8,-9 in"
V161138a,PRE: How much larger is income gap today,IF INCOME GAP TODA Y IS LARGER THAN IT W AS 20 YEARS AGO: (W ould you say the difference in incomes is) much larger or somewhat larger? F or W eb administration the parentheses indicating optional text were omit- ted.,"1. Much
2. Somewhat
","-1. INAP ,
-8. Don’t know (FTF only)
-9. Refused
"
V161138b,PRE: How much smaller is income gap today,IF INCOME GAP TODA Y IS SMALLER THAN IT W AS 20 YEARS AGO: (W ould you say the difference in incomes is) much smaller or somewhat smaller? F or W eb administration the parentheses indicating optional text were omitted.,"1. Much
2. Somewhat
","-1. INAP ,
"
V161138x,PRE: SUMMAR Y - larger/smaller income gap today,Not applicable,,
V161139,PRE: Current economy good or bad,"What do you think about the state of the economy these days in the United States? W ould you say the state of the economy is [very good, good, neither good nor bad, bad, or very bad / very bad, bad, neither good nor bad, good, or very good]? F orward/reverse response option order","1. V ery good
2. Good
3. Neither good nor bad
4. Bad
5. V ery bad
1. Much better
2. Somewhat better
3. About the same
4. Somewhat worse
5. Much worse","-8. Don’t know (FTF only)
-9. Refused
-2. Missing: -8,-9 in"
V161140,PRE: National economy better worse in last year,"Now thinking about the economy in the country as a whole, would you say that over the past year the nation’s economy has gotten better, stayed about the same, or gotten worse?","1. Gotten better
2. Stayed about the same
3. Gotten worse
","-8. Don’t know (FTF only)
-9. Refused
"
V161140a,PRE: How much national economy better worse in last year,IF R THINKS THE ECONOMY HAS GOTTEN BETTER IN THE P AST YEAR / IF R THINKS THE ECONOMY HAS GOTTEN WORSE IN THE P AST YEAR: [Much better or somewhat better? / Much worse or somewhat worse?],"1. Much
2. Somewhat
","-1. INAP ,
-9. Refused
"
V161140x,PRE: SUMMAR Y - economy better/worse in last year,Not applicable,,
V161141,PRE: Economy better or worse in next 12 months,"What about the next 12 months? Do you expect the economy , in the country as a whole, to get better, stay about the same, or get worse?","1. Get better
2. Stay about the same
3. Get worse
1. Get much better
2. Get somewhat better
3. About the same
4. Get somewhat worse
5. Get much worse","-8. Don’t know (FTF only)
-9. Refused
-2. Missing: -8,-9 in"
V161141a,PRE: How much econ better worse next 12 months,IF R THINKS ECONOMY WILL BE BETTER IN NEXT 12 MONTHS / IF R THINKS ECONOMY WILL BE WORSE IN NEXT 12 MONTHS: [Much better or somewhat better / Much worse or somewhat worse]?,"1. Much
2. Somewhat
","-1. INAP ,
-8. Don’t know (FTF only)
-9. Refused
"
V161141x,PRE: SUMMAR Y - economy better/worse in next year,Not applicable,,
V161142,PRE: Unemployment better or worse in last year,"W ould you say that over the past year, the level of unemployment in the country has gotten better, stayed about the same, or gotten worse?","1. Better
2. About the same
3. W orse
1. Much better
2. Somewhat better
3. About the same
4. Somewhat worse
5. Much worse","-8. Don’t know (FTF only)
-9. Refused
-2. Missing: -8,-9 in"
V161142a,PRE: How much unemployment better or worse in last year,IF R SA YS UNEMPLOYMENT HAS GOTTEN BETTER / IF R SA YS UNEMPLOYMENT HAS GOTTEN WORSE: [W ould you say much better or somewhat better / W ould you say much worse or somewhat worse]?,"1. Much
2. Somewhat
","-8. Don’t know (FTF only)
-9. Refused
"
V161142x,PRE: SUMMAR Y: more/less unemployment in last year,Not applicable,,
V161143,PRE: More or less unemployment in next year,"How about people out of work during the coming 12 months – do you think that there will be more unemployment than now, about the same, or less?","1. More
2. About the same
3. Less
","-8. Don’t know (FTF only)
-9. Refused
"
V161144,PRE: Which party better: handling nations economy,"Which party do you think would do a better job of handling the na- tion’s economy ... [the Democrats, the Republicans / the Republicans, the Democrats], or wouldn’t there be much difference between them? IF ‘DK’ OR ‘NEITHER P AR TY’ IS VOLUNTEERED, DO NOT PROBE F or W eb administration response option 4 did not appear. RANDOMIZA TION: Order of parties in question text","1. Democrats
2. Republicans
3. Not much difference
4. Neither party
","-8. Don’t know (FTF only)
-9. Refused
"
V161145,PRE: Care who wins Presidential Election revised version,"How much do you care who wins the presidential election this fall? [A great deal, a lot, a moderate amount, a little, or not at all / Not at all, a little, a moderate amount, a lot, or a great deal]? F orward/reverse response option order","1. A great deal
2. A lot
3. A moderate amount
4. A little
5. Not at all
","-8. Don’t know (FTF only)
-9. Refused
"
V161146,PRE: Who does R think will be elected President,Who do you think will be elected President in November? F or W eb admin- istration VOL did not appear for response option 5.,"1. Hillary Clinton
2. Donald T rump
3. Other Specify , specified as:
4. Other Specify , specified as:
5. Other SPECIFY
6. Other specify as statement
7. Other specify given as: DK
8. Other Specify- no
9. Other Specify- don’t care,
","-8. Don’t know (FTF only)
-9. Refused
"
V161147,PRE: Will Pres race be a close or will (winner) win by a lot,IF R THINKS DEMOCRA TIC PRES CANDIDA TE WILL WIN ELEC- TION / IF R THINKS REPUBLICAN PRES CANDIDA TE WILL WIN ELECTION / IF R THINKS OTHER PRES CAND WILL WIN ELEC- TION / IF R DOESN’T KNOW WHO WILL WIN PRESIDENTIAL ELEC- TION: Do you think the Presidential race will be close or will [Hillary Clin- ton / Donald T rump /preswin.prespred other name / one candidate] win by quite a bit ?,"1. Will be close
2. Win by quite a bit
","-1. INAP , -9 in V161146
-8. Don’t know (FTF only)
-9. Refused
"
V161148,PRE: Which Pres cand will carry state,What about here in [PRELOAD: sample state]? Which candidate for Presi- dent do you think will carry this state? IF NECESSAR Y: Which candidate will win in this state? F or W eb administration VOL did not appear for response option 5.,"1. Hillary Clinton
2. Donald T rump
3. Other Specify , specified as:
5. Other SPECIFY
6. Other specify as statement
7. Other specify given as: DK
8. Other Specify- no
9. Other Specify- don’t care,
","-8. Don’t know (FTF only)
-9. Refused
"
V161149,PRE: Will Pres race be close in state,IF R THINKS DEMOCRA TIC PRES CANDIDA TE WILL WIN ELEC- TION / IF R THINKS REPUBLICAN PRES CANDIDA TE WILL WIN ELECTION / IF R THINKS OTHER PRES CAND WILL WIN ELEC- TION / IF R DOESN’T KNOW WHO WILL WIN PRESIDENTIAL ELEC- TION: Do you think the Presidential race will be close here in [PRELOAD: sample state] or will [Hillary Clinton / Donald T rump /preswin.prwinst other name / one candidate] win by quite a bit ?,"1. Will be close
2. Win by quite a bit
","-1. INAP , -9 in V161148
-8. Don’t know (FTF only)
-9. Refused
"
V161150a,PRE: VERSION 1A placement- Does R consider voting a duty or choice,"IF R SELECTED FOR VERSION 1A OF VERSION 1A / VERSION 1B SPLICE: Different people feel differently about voting. F or some, voting is a duty - they feel they should vote in every election no matter how they feel about the candidates and parties. F or others voting is a choice - they feel free to vote or not to vote, depending on how they feel about the candidates and parties. F or you personally , is voting mainly a duty , mainly a choice, or neither a duty nor a choice? RANDOMIZA TION: Selection for word order, duty or choice first in question","1. Mainly a duty
2. Mainly a choice
3. Neither a duty nor a choice1. V ery strongly feel that
2. Moderately strongly feel
3. A little strongly feel that
4. F eel that voting is neither
5. A little strongly feel that
6. Moderately strongly feel
7. V ery strongly feel that","-1. INAP , selected for version
-8. Don’t know (FTF only)
-9. Refused-2. Missing: -8,-9 in"
V161150b,PRE: VERSION 1B placement- Does R consider voting a choice or duty,"IF R SELECTED FOR VERSION 1B OF VERSION 1A / VERSION 1B SPLICE: Different people feel differently about voting. F or some, voting is a choice - they feel free to vote or not to vote, depending on how they feel about the candidates and parties. F or others voting is a duty - they feel they should vote in every election no matter how they feel about the candidates and parties. F or you personally , is voting mainly a choice, mainly a duty , or neither a choice nor a duty? RANDOMIZA TION: Selection for word order, duty or choice first in question","1. Mainly a choice
2. Mainly a duty
3. Neither a duty nor a choice
","-1. INAP , selected for version
-9. Refused
"
V161151a,PRE: How strongly does R feel that voting is a duty,"IF R CONSIDERS VOTING A DUTY: How strongly do you feel that voting is a duty? [V ery strongly , moderately strongly , or a little strongly / A little strongly , moderately strongly , or very strongly]? F orward/reverse response option order",,
V161050b,,,"1. V ery strongly
2. Moderately strongly
3. A little strongly
1. V ery strongly
2. Moderately strongly
3. A little strongly","-1. INAP ,
-8. Don’t know (FTF only)
-9. Refused
-1. INAP ,
-8. Don’t know (FTF only)
-9. Refused"
V161151b,PRE: How strongly does R feel that voting is a choice,"IF R CONSIDERS VOTING A CHOICE: How strongly do you feel that voting is a choice? [V ery strongly , moderately strongly , or a little strongly / A little strongly , moderately strongly , or very strongly]? F orward/reverse response option order",,
V161151x,PRE: SUMMAR Y - V oting as duty or choice,Not applicable,,
V161152,"PRE: During last year, U.S. position in world weaker str","T urning to some other types of issues facing the country . During the past year, would you say that the United States’ position in the world has grown weaker, stayed about the same, or has it grown stronger?","1. W eaker
2. Stayed about the same
3. Stronger
","-8. Don’t know (FTF only)
-9. Refused
"
V161153,PRE: Country would be better off if we just stayed home,Do you agree or disagree with this statement: ‘This country would be better off if we just stayed home and did not concern ourselves with problems in other parts of the world. ’,"1. Agree
2. Disagree
","-8. Don’t know (FTF only)
-9. Refused
"
V161154,PRE: F orce to solve international problems,"How willing should the United States be to use military force to solve in- ternational problems? [Extremely willing, very willing, moderately willing, a little willing, or not at all willing / Not at all willing, a little willing, moderately willing, very willing, or extremely willing]? F orward/reverse response option order","1. Extremely willing
2. V ery willing
3. Moderately willing
4. A little willing
5. Not at all willing
","-8. Don’t know (FTF only)
-9. Refused
"
V161155,"PRE: Party ID: Does R think of self as Dem, Rep, Ind or what","Generally speaking, do you usually think of yourself as [a Democrat, a Re- publican / a Republican, a Democrat], an independent, or what? F or W eb administration response option 0 did not appear. RANDOMIZA TION: Order of parties in question text","0. No preference (FTF ONL Y)
1. Democrat
2. Republican
3. Independent
5. Other party SPECIFY
4. Other specify given as:
5. Other party SPECIFY
6. Other specify given as: no
7. Other specify given as: DK
8. Other Specify- no","-8. Don’t know (FTF only)
-9. Refused
-1. INAP ,"
V161155a,PRE: Party ID other specifys,"Generally speaking, do you usually think of yourself as [a Democrat, a Re- publican / a Republican, a Democrat], an independent, or what? F or W eb administration response option 0 did not appear. RANDOMIZA TION: Order of parties in question text",,
V161156,PRE: Party Identification strong - Democrat Republican,IF R CONSIDERS SELF A DEMOCRA T: / IF R CONSIDERS SELF A REPUBLICAN : W ould you call yourself a strong [Democrat / Republican] or a not very strong [Democrat / Republican]?,"1. Strong
2. Not very strong
","-1. INAP ,
-8. Don’t know (FTF only)
-9. Refused
"
V161157,PRE: No Party Identification - closer to Dems or Reps,"IF R’S P AR TY IDENTIFICA TION IS INDEPENDENT, NO PREFER- ENCE, OTHER, DK: Do you think of yourself as closer to the Republican Party or to the Democratic Party? F or W eb administration VOL did not appear for response option 2.","1. Closer to Republican
2. Neither
3. Closer to Democratic1. Strong Democrat
2. Not very strong Democract
3. Independent-Democrat
4. Independent
5. Independent-Republican
6. Not very strong
7. Strong Republican","-1. INAP ,
-8. Don’t know (FTF only)
-9. Refused-8. DK (-8) in V161156 or
-9. RF (-9) in V161155 (FTF"
V161158x,PRE: SUMMAR Y - Party ID,Not applicable,,
V161159,PRE: Pres Dem cand trait strong leadership,"IF TRAIT IS 1ST TRAIT FOR DEMOCRA TIC PRESIDENTIAL CAN- DIDA TE / IF TRAIT IS NOT 1ST TRAIT FOR DEMOCRA TIC PRES- IDENTIAL CANDIDA TE: [Think about Hillary Clinton. In your opinion, does the phrase ‘she provides strong leadership’ describe Hillary Clinton [extremely well, very well, moderately well, slightly well, or not well at all/ not well at all, slightly well, moderately well, very well, or extremely well]? / (What about) ‘provides strong leadership’? Does this phrase describe Hillary Clinton [extremely well, very well, moderately well, slightly well, or not well at all/ not well at all, slightly well, moderately well, very well, or extremely well]?] DO NOT PROBE DON’T KNOW F or W eb administration the parentheses indicating optional text were omitted. RANDOMIZA TION: Order of Pres cands. Order of traits exc. even- tempered (fixed last). F orward/reverse response option order","1. Extremely well
2. V ery well
3. Moderately well
4. Slightly well
5. Not well at all
","-8. Don’t know (FTF only)
-9. Refused
"
V161160,PRE: Pres Dem cand trait really cares,"IF TRAIT IS NOT 1ST TRAIT FOR DEMOCRA TIC PRESIDENTIAL CANDIDA TE: (What about) ‘really cares about people like you’? Does this phrase describe Hillary Clinton [extremely well, very well, moderately well, slightly well, or not well at all/ not well at all, slightly well, moderately well, very well, or extremely well]? DO NOT PROBE DON’T KNOW F or W eb administration the parentheses indicating optional text were omitted. RANDOMIZA TION: Order of Pres cands. Order of traits exc. even- tempered (fixed last). F orward/reverse response option order","1. Extremely well
2. V ery well
3. Moderately well
4. Slightly well
5. Not well at all
","-8. Don’t know (FTF only)
-9. Refused
"
V161161,PRE: Pres Dem cand trait knowledgeable,"IF TRAIT IS NOT 1ST TRAIT FOR DEMOCRA TIC PRESIDENTIAL CANDIDA TE: (What about) ‘is knowledgeable’? Does this phrase describe Hillary Clinton [extremely well, very well, moderately well, slightly well, or not well at all/ not well at all, slightly well, moderately well, very well, or extremely well]? DO NOT PROBE DON’T KNOW F or W eb administration the parentheses indicating optional text were omitted. RANDOMIZA TION: Order of Pres cands. Order of traits exc. even- tempered (fixed last). F orward/reverse response option order","1. Extremely well
2. V ery well
3. Moderately well
4. Slightly well
5. Not well at all
","-8. Don’t know (FTF only)
-9. Refused
"
V161162,PRE: Pres Dem cand trait honest,"IF TRAIT IS NOT 1ST TRAIT FOR DEMOCRA TIC PRESIDENTIAL CANDIDA TE: (What about) ‘is honest’? Does this phrase describe Hillary Clinton [extremely well, very well, moderately well, slightly well, or not well at all/ not well at all, slightly well, moderately well, very well, or extremely well]? DO NOT PROBE DON’T KNOW F or W eb administration the parentheses indicating optional text were omitted. RANDOMIZA TION: Order of Pres cands. Order of traits exc. even- tempered (fixed last). F orward/reverse response option order","1. Extremely well
2. V ery well
3. Moderately well
4. Slightly well
5. Not well at all
","-8. Don’t know (FTF only)
-9. Refused
"
V161163,PRE: Pres Dem cand trait speaks mind,"IF TRAIT IS NOT 1ST TRAIT FOR DEMOCRA TIC PRESIDENTIAL CANDIDA TE: (What about) ‘speaks her mind’? Does this phrase describe Hillary Clinton [extremely well, very well, moderately well, slightly well, or not well at all/ not well at all, slightly well, moderately well, very well, or extremely well]? DO NOT PROBE DON’T KNOW F or W eb administration the parentheses indicating optional text were omitted. RANDOMIZA TION: Order of Pres cands. Order of traits exc. even- tempered (fixed last). F orward/reverse response option order","1. Extremely well
2. V ery well
3. Moderately well
4. Slightly well
5. Not well at all
","-8. Don’t know (FTF only)
-9. Refused
"
V161164,PRE: Pres Rep cand trait strong leadership,"IF TRAIT IS 1ST TRAIT FOR REPUBLICAN PRESIDENTIAL CAN- DIDA TE / IF TRAIT IS NOT 1ST TRAIT FOR REPUBLICAN PRES- IDENTIAL CANDIDA TE: [Think about Donald T rump. In your opinion, does the phrase ‘he provides strong leadership’ describe Donald T rump [ex- tremely well, very well, moderately well, slightly well, or not well at all/ not well at all, slightly well, moderately well, very well, or extremely well]? / (What about) ‘provides strong leadership’? Does this phrase describe Donald T rump [extremely well, very well, moderately well, slightly well, or not well at all/ not well at all, slightly well, moderately well, very well, or extremely well]?] DO NOT PROBE DON’T KNOW F or W eb administration the parentheses indicating optional text were omitted. RANDOMIZA TION: Order of Pres cands. Order of traits exc. even- tempered (fixed last). F orward/reverse response option order","1. Extremely well
2. V ery well
3. Moderately well
4. Slightly well
5. Not well at all
","-8. Don’t know (FTF only)
-9. Refused
"
V161165,PRE: Pres Rep cand trait really cares,"IF TRAIT IS NOT 1ST TRAIT FOR REPUBLICAN PRESIDENTIAL CANDIDA TE: (What about) ‘really cares about people like you’? Does this phrase describe Donald T rump [extremely well, very well, moderately well, slightly well, or not well at all/ not well at all, slightly well, moderately well, very well, or extremely well]? DO NOT PROBE DON’T KNOW F or W eb administration the parentheses indicating optional text were omitted. RANDOMIZA TION: Order of Pres cands. Order of traits exc. even- tempered (fixed last). F orward/reverse response option order","1. Extremely well
2. V ery well
3. Moderately well
4. Slightly well
5. Not well at all
","-8. Don’t know (FTF only)
-9. Refused
"
V161166,PRE: Pres Rep cand trait knowledgeable,"IF TRAIT IS NOT 1ST TRAIT FOR REPUBLICAN PRESIDENTIAL CANDIDA TE: (What about) ‘is knowledgeable’? Does this phrase describe Donald T rump [extremely well, very well, moderately well, slightly well, or not well at all/ not well at all, slightly well, moderately well, very well, or extremely well]? DO NOT PROBE DON’T KNOW F or W eb administration the parentheses indicating optional text were omitted. RANDOMIZA TION: Order of Pres cands. Order of traits exc. even- tempered (fixed last). F orward/reverse response option order","1. Extremely well
2. V ery well
3. Moderately well
4. Slightly well
5. Not well at all
","-8. Don’t know (FTF only)
-9. Refused
"
V161167,PRE: Pres Rep cand trait honest,"IF TRAIT IS NOT 1ST TRAIT FOR REPUBLICAN PRESIDENTIAL CANDIDA TE: (What about) ‘is honest’? Does this phrase describe Donald T rump [extremely well, very well, moderately well, slightly well, or not well at all/ not well at all, slightly well, moderately well, very well, or extremely well]? DO NOT PROBE DON’T KNOW F or W eb administration the parentheses indicating optional text were omitted. RANDOMIZA TION: Order of Pres cands. Order of traits exc. even- tempered (fixed last). F orward/reverse response option order","1. Extremely well
2. V ery well
3. Moderately well
4. Slightly well
5. Not well at all
","-8. Don’t know (FTF only)
-9. Refused
"
V161168,PRE: Pres Rep cand trait speaks mind,"IF TRAIT IS NOT 1ST TRAIT FOR REPUBLICAN PRESIDENTIAL CANDIDA TE: (What about) ‘speaks his mind’? Does this phrase describe Donald T rump [extremely well, very well, moderately well, slightly well, or not well at all/ not well at all, slightly well, moderately well, very well, or extremely well]? DO NOT PROBE DON’T KNOW F or W eb administration the parentheses indicating optional text were omitted. RANDOMIZA TION: Order of Pres cands. Order of traits exc. even- tempered (fixed last). F orward/reverse response option order","1. Extremely well
2. V ery well
3. Moderately well
4. Slightly well
5. Not well at all
","-8. Don’t know (FTF only)
-9. Refused
"
V161169,PRE: Pres Dem cand even-tempered,"IF TRAIT IS NOT 1ST TRAIT FOR DEMOCRA TIC PRESIDENTIAL CANDIDA TE: (What about) ‘even-tempered’? Does this phrase describe Hillary Clinton [extremely well, very well, moderately well, slightly well, or not well at all/ not well at all, slightly well, moderately well, very well, or extremely well]? DO NOT PROBE DON’T KNOW F or W eb administration the parentheses indicating optional text were omitted. F orward/reverse response option order","1. Extremely well
2. V ery well
3. Moderately well
4. Slightly well
5. Not well at all
","-8. Don’t know (FTF only)
-9. Refused
"
V161170,PRE: Pres Rep cand even-tempered,"IF TRAIT IS NOT 1ST TRAIT FOR REPUBLICAN PRESIDENTIAL CANDIDA TE: (What about) ‘even-tempered’? Does this phrase describe Donald T rump [extremely well, very well, moderately well, slightly well, or not well at all/ not well at all, slightly well, moderately well, very well, or extremely well]? DO NOT PROBE DON’T KNOW F or W eb administration the parentheses indicating optional text were omitted. F orward/reverse response option order","1. Extremely well
2. V ery well
3. Moderately well
4. Slightly well
5. Not well at all
","-8. Don’t know (FTF only)
-9. Refused
"
V161171,PRE: Prefer government official who compromises,"W ould you prefer a government official who compromises to get things done, or who sticks to his or her principles no matter what?","1. Compromises to get things
2. Sticks to his or her
","-8. Don’t know (FTF only)
-9. Refused
"
V161172,PRE: How should party nominees be chosen,"Looking at page [PRELOAD: page] of the booklet. When political parties choose their candidate for President, should the choice be made entirely by voters, mostly by voters with some say from party leaders, equally by voters and party leaders, mostly by party leaders with some say from voters, or entirely by party leaders? Y ou can just give me the number of your choice. Reference to the respondent booklet and the sentence ‘Y ou can just give me the number of your choice’ were omitted for W eb administration.","1. Entirely by voters
2. Mostly by voters with
3. Equally by voters and
4. Mostly by party leaders
5. Entirely by party leaders
","-8. Don’t know (FTF only)
-9. Refused
"
V161173,PRE: Rep and Dem adequate parties,"In your view, do Republican and Democratic parties do an adequate job of representing the American people, or do they do such a poor job that a third major party is needed?","1. Adequate job
2. Such a poor job that a
","-8. Don’t know (FTF only)
-9. Refused
"
V161174,PRE: Serious third party or independent Pres cand choice,"In thinking about the presidential election, how much would you like to have a serious independent or third party candidate as an alternative option to the Democratic and Republican Party nominees? [A great deal, a lot, a moderate amount, a little, or not at all / Not at all, a little, a moderate amount, a lot, or a great deal]? F orward/reverse response option order","1. A great deal
2. A lot
3. A moderate amount
4. A little
5. Not at all
","-8. Don’t know (FTF only)
-9. Refused
"
V161175,PRE: Supreme Court nominee - legal qualifications,"When selecting someone for the Supreme Court, how much should the nom- inee’s legal qualifications be considered? [A great deal, a lot, a moderate amount, a little, or not at all / Not at all, a little, a moderate amount, a lot, or a great deal]?","1. A great deal
2. A lot
3. A moderate amount
4. A little
5. Not at all
","-8. Don’t know (FTF only)
-9. Refused
"
V161176,PRE: Supreme Court nominee - likely to vote on controversial issues,"When selecting someone for the Supreme Court, how much should the way the nominee is likely to vote on controversial issues be considered? [A great deal, a lot, a moderate amount, a little, or not at all / Not at all, a little, a moderate amount, a lot, or a great deal]?","1. A great deal
2. A lot
3. A moderate amount
4. A little
5. Not at all
","-8. Don’t know (FTF only)
-9. Refused
"
V161177,PRE: Senate vote on Supreme Court nominee by outgoing President,"The President has nominated Merrick Garland to the Supreme Court. What do you think the Senate should do? Should the Senate hold a vote on whether to confirm Merrick Garland, or should the Senate wait until next year for the new President to nominate someone?","1. Hold a vote on whether to
2. W ait until next year for
","-8. Don’t know (FTF only)
-9. Refused
"
V161178,PRE: 7pt scale spending and Services self-placement,"Where would you place yourself on this scale, or haven’t you thought much about this? F or W eb administration, DO NOT PROBE was omitted for the option ‘Haven’t thought much about this’ .","1. Govt should provide many
7. Govt should provide many
99. Haven’t thought much
","-8. Don’t know (FTF only)
-9. Refused
"
V161179,PRE: 7pt scale spending and Services Dem Presidential cand,"(Still looking at page [PRELOAD: page] of the booklet) Where would you place Hillary Clinton on this issue? DO NOT PROBE DK F or W eb administration, the optional reference to the respondent booklet was omitted. RANDOMIZA TION: Order of Pres cands","1. Govt should provide many
7. Govt should provide many
","-8. Don’t know (FTF only)
-9. Refused
"
V161180,PRE: 7pt scale spending and Services Rep Presidential cand,"(Still looking at page [PRELOAD: page] of the booklet) Where would you place Donald T rump on this issue? DO NOT PROBE DK F or W eb administration, the optional reference to the respondent booklet was omitted. RANDOMIZA TION: Order of Pres cands","1. Govt should provide many
7. Govt should provide many
","-8. Don’t know (FTF only)
-9. Refused
"
V161181,PRE: 7pt scale defense spending self-placement,"Where would you place yourself on this scale, or haven’t you thought much about this? F or W eb administration, DO NOT PROBE was omitted for the option ‘Haven’t thought much about this’ .","1. Govt should decrease
7. Govt should increase
99. Haven’t thought much
","-8. Don’t know (FTF only)
-9. Refused
"
V161182,PRE: 7pt scale defense spending Dem Pres cand,"(Still looking at page [PRELOAD: page]) Where would you place Hillary Clinton on this issue? DO NOT PROBE DK F or W eb administration, the optional reference to the respondent booklet was omitted. RANDOMIZA TION: Order of Pres cands","1. Govt should decrease
7. Govt should increase
","-8. Don’t know (FTF only)
-9. Refused
"
V161183,PRE: 7pt scale defense spending Rep Pres cand,"(Still looking at page [PRELOAD: page]) Where would you place Donald T rump on this issue? DO NOT PROBE DK F or W eb administration, the optional reference to the respondent booklet was omitted. RANDOMIZA TION: Order of Pres cands","1. Govt should decrease
7. Govt should increase
","-8. Don’t know (FTF only)
-9. Refused
"
V161184,PRE: 7pt scale govt-private medical insur scale: self-plmt,"Where would you place yourself on this scale, or haven’t you thought much about this? F or W eb administration, DO NOT PROBE was omitted for the option ‘Haven’t thought much about this’ .","1. Govt insurance plan
7. Private insurance plan
99. Haven’t thought much
","-8. Don’t know (FTF only)
-9. Refused
"
V161185,PRE: 7pt scale govt-private medical insur scale: Dem Pres cand,"(Still looking at page [PRELOAD: page]) Where would you place Hillary Clinton on this issue? DO NOT PROBE DK F or W eb administration, the optional reference to the respondent booklet was omitted. RANDOMIZA TION: Order of Pres cands","1. Govt insurance plan
7. Private insurance plan
","-8. Don’t know (FTF only)
-9. Refused
"
V161186,PRE: 7pt scale govt-private medical insur scale: Rep Pres cand,"(Still looking at page [PRELOAD: page]) Where would you place Donald T rump on this issue? DO NOT PROBE DK F or W eb administration, the optional reference to the respondent booklet was omitted. RANDOMIZA TION: Order of Pres cands","1. Govt insurance plan
7. Private insurance plan
","-8. Don’t know (FTF only)
-9. Refused
"
V161187,PRE: Should fed govt make it more difficult to buy a gun,"Do you think the federal government should make it more difficult for people to buy a gun than it is now, make it easier for people to buy a gun, or keep these rules about the same as they are now?","1. More difficult
2. Easier
3. Keep these rules about the
","-8. Don’t know (FTF only)
-9. Refused
"
V161188,PRE: Importance of gun access issue to R,"How important is this issue to you personally? [Extremely important, very important, somewhat important, not too important, or not important at all / Not important at all, not too important, somewhat important, very important, or extremely important]? F orward/reverse response option order","1. Extremely important
2. V ery important
3. Somewhat important
4. Not too important
5. Not important at all
","-8. Don’t know (FTF only)
-9. Refused
"
V161189,PRE: 7pt scale guaranteed job-income scale: self-placement,"Where would you place yourself on this scale, or haven’t you thought much about this? F or W eb administration, DO NOT PROBE was omitted for the option ‘Haven’t thought much about this’ .","1. Govt should see to jobs
7. Govt should let each
99. Haven’t thought much
","-8. Don’t know (FTF only)
-9. Refused
"
V161190,PRE: 7pt scale guaranteed job-income scale: Dem Pres cand,"(Still looking at page [PRELOAD: page]) Where would you place Hillary Clinton on this issue? DO NOT PROBE DK F or W eb administration, the optional reference to the respondent booklet was omitted. RANDOMIZA TION: Order of Pres cands","1. Govt should see to jobs
7. Govt should let each
","-8. Don’t know (FTF only)
-9. Refused
"
V161191,PRE: 7pt scale guaranteed job-income scale: Rep Pres cand,"(Still looking at page [PRELOAD: page]) Where would you place Donald T rump on this issue? DO NOT PROBE DK F or W eb administration, the optional reference to the respondent booklet was omitted. RANDOMIZA TION: Order of Pres cands","1. Govt should see to jobs
7. Govt should let each
","-8. Don’t know (FTF only)
-9. Refused
"
V161192,PRE: U.S. government policy toward unauthorized immigrants,Please look at page [PRELOAD: page] of the booklet. Which comes closest to your view about what government policy should be toward unauthorized immigrants now living in the United States? Y ou can just tell me the num- ber of your choice. Reference to the respondent booklet and the sentence ‘Y ou can just tell me the number of your choice’ were omitted for W eb administration.,"1. Make all unauthorized
2. Have a guest worker
3. Allow to remain and
4. Allow to remain and
","-8. Don’t know (FTF only)
-9. Refused
"
V161193,PRE: F avor or oppose ending birthright citizenship,"Some people have proposed that the U.S. Constitution should be changed so that the children of unauthorized immigrants do not automatically get citizenship if they are born in this country . Do you favor, oppose, or neither favor nor oppose this proposal?","1. F avor
2. Oppose
3. Neither favor nor oppose
","-8. Don’t know (FTF only)
-9. Refused
"
V161193a,PRE: Strength R favors or opposes ending birthright citizenship,"IF R F A VORS CHANGING CONSTITUTION - US-BORN CHILDREN OF ILLEGAL IMMIGRANTS / IF R F A VORS CHANGING CONSTITUTION - US-BORN CHILDREN OF ILLEGAL IMMIGRANTS: Do you favor that [a great deal, a moderate amount, or a little / a little, a moderate amount, or a great deal]? / Do you oppose that [a great deal, a moderate amount, or a little / a little, a moderate amount, or a great deal]? F orward/reverse response option order","1. A great deal
2. A moderate amount
3. A little1. F avor a great deal
2. F avor a moderate amount
3. F avor a little
4. Neither favor nor oppose
5. Oppose a little
6. Oppose a moderate
7. Oppose a great deal1. Should send back - favor a
2. Should send back - favor a
3. Should send back - favor a
4. Should allow to stay -
5. Should allow to stay -
6. Should allow to stay -","-1. INAP ,
-8. Don’t know (FTF only)
-9. Refused-8. DK (-8) in V161193 or
-9. RF (-9) in V161193 or-8. DK (-8) in V161193 or
-9. RF (-9) in V161193 or"
V161194x,PRE: SUMMAR Y - birthright citizenship,Not applicable,,
V161195,PRE: Children brought illegally sent back,"What should happen to immigrants who were brought to the U.S. illegally as children and have lived here for at least 10 years and graduated high school here? Should they be sent back where they came from, or should they be allowed to live and work in the United States?","1. Should be sent back where
2. Should be allowed to live
","-8. Don’t know (FTF only)
-9. Refused
"
V161195a,PRE: Children brought illegally strength follow-up,"IF R OPINION ON ILLEGAL IMMIGRANT CHILDREN RAISED IN U.S. IS NOT DK/RF: Do you favor that [a great deal, a moderate amount, or a little / a little, a moderate amount, a great deal]? F orward/reverse response option order","1. A great deal
2. A moderate amount
3. A little
","-1. INAP , -8,-9 in V161195
-8. Don’t know (FTF only)
-9. Refused
"
V161195x,PRE: SUMMAR Y - Children brought illegally,Not applicable,,
V161196,PRE: Build a wall with Mexico,"Do you favor, oppose, or neither favor nor oppose building a wall on the U.S. border with Mexico?","1. F avor
2. Oppose
3. Neither favor nor oppose
","-8. Don’t know (FTF only)
-9. Refused
"
V161196a,PRE: Build a wall with Mexico strength follow-up,"IF R F A VORS BUILDING A W ALL ON THE U.S. BORDER WITH MEX- ICO / IF R OPPOSES BUILDING A W ALL ON THE U.S. BORDER WITH MEXICO: Do you favor that [a great deal, a moderate amount, or a little / a little, a moderate amount, or a great deal]? / Do you oppose that [a great deal, a moderate amount, or a little / a little, a moderate amount, or a great deal]? F orward/reverse response option order","1. A great deal
2. A moderate amount
3. A little1. F avor a great deal
2. F avor a moderate amount
3. F avor a little
4. Neither favor nor oppose
5. Oppose a little
6. Oppose a moderate
7. Oppose a great deal","-1. INAP ,
-8. Don’t know (FTF only)
-9. Refused-8. DK (-8) in V161196 or
-9. RF (-9) in V161196 or"
V161196x,PRE: SUMMAR Y - Build wall with Mexico,Not applicable,,
V161197,PRE: How important to speak English in US,"How important do you think it is that everyone in the United States learn to speak English? V ery important, somewhat important, not very important, or not at all important ?","1. V ery important
2. Somewhat important
3. Not very important
4. Not at all important
","-9. Refused
"
V161198,PRE: 7pt scale govt assistance to blacks scale: self-placemt,"Where would you place yourself on this scale, or haven’t you thought much about this? F or W eb administration, DO NOT PROBE was omitted for the option ‘Haven’t thought much about this’ .","1. Govt should help Blacks
7. Blacks should help
99. Haven’t thought much
","-8. Don’t know (FTF only)
-9. Refused
"
V161199,PRE: 7pt scale govt assistance to blacks scale: Dem Pres cand,"(Still looking at page [PRELOAD: page] of the booklet.) Where would you place Hillary Clinton on this issue? DO NOT PROBE DK F or W eb administration, the optional reference to the respondent booklet was omitted. RANDOMIZA TION: Order of Pres cands","1. Govt should help Blacks
7. Blacks should help themselves
","-8. Don’t know (FTF only)
-9. Refused
"
V161200,PRE: 7pt scale govt assistance to blacks scale: Rep Pres cand,"(Still looking at page [PRELOAD: page] of the booklet.) Where would you place Donald T rump on this issue? DO NOT PROBE DK F or W eb administration, the optional reference to the respondent booklet was omitted. RANDOMIZA TION: Order of Pres cands","1. Govt should help Blacks
7. Blacks should help themselves
","-8. Don’t know (FTF only)
-9. Refused
"
V161201,PRE: 7pt scale environment-jobs tradeoff self-placement,"Where would you place yourself on this scale, or haven’t you thought much about this? F or W eb administration, DO NOT PROBE was omitted for the option ‘Haven’t thought much about this’ .","1. Regulate business to
7. No regulation because it
99. Haven’t thought much
","-8. Don’t know (FTF only)
-9. Refused
"
V161202,PRE: 7pt scale environment-jobs tradeoff Dem Pres cand,"(Still looking at page [PRELOAD: page] of the booklet.) Where would you place Hillary Clinton on this scale? DO NOT PROBE DK F or W eb administration, the optional reference to the respondent booklet was omitted. RANDOMIZA TION: Order of Pres cands","1. Regulate business to
7. No regulation because it
","-8. Don’t know (FTF only)
-9. Refused
"
V161203,PRE: 7pt scale environment-jobs tradeoff Rep Pres cand,"(Still looking at page [PRELOAD: page] of the booklet.) Where would you place Donald T rump on this scale? DO NOT PROBE DK F or W eb administration, the optional reference to the respondent booklet was omitted. RANDOMIZA TION: Order of Pres cands","1. Regulate business to
7. No regulation because it
","-8. Don’t know (FTF only)
-9. Refused
"
V161204,PRE: Does R favor or oppose affirmative action in universities,"Do you favor, oppose, or neither favor nor oppose allowing universities to in- crease the number of black students studying at their schools by considering race along with other factors when choosing students?","1. F avor
2. Oppose
3. Neither favor nor oppose
","-8. Don’t know (FTF only)
-9. Refused
"
V161204a,PRE: How much does R favor affirmative action in universities,"IF R F A VORS AFFIRMA TIVE ACTION A T UNIVERSITIES: Do you favor that [a great deal, a moderate amount, or a little / a little, a moderate amount, or a great deal]? F orward/reverse response option order","1. A great deal
2. A moderate amount
3. A little1. F avor a great deal
2. F avor a moderate amount
3. F avor a little
4. Neither favor nor oppose
5. Oppose a little
6. Oppose a moderate
7. Oppose a great deal","-1. INAP ,
-8. Don’t know (FTF only)
-9. Refused-8. DK (-8) in V161204,
-9. RF (-9) in V161204,"
V161204b,PRE: How much does R oppose affirmative action in universities,"IF R OPPOSES AFFIRMA TIVE ACTION A T UNIVERSITIES: Do you oppose that [a great deal, a moderate amount, or a little / a little, a moderate amount, or a great deal]? F orward/reverse response option order","1. A great deal
2. A moderate amount
3. A little
","-1. INAP ,
"
V161204x,PRE: SUMMAR Y - F avor or oppose affirmative action in universities,Not applicable,,
V161205,PRE: F ederal Budget Spending: Social Security,"(What about) Social Security (Should federal spending on Social Security be increased, decreased, or kept the same?) F or W eb administration the parentheses indicating optional text were omitted. RANDOMIZA TION: Order of federal spending items","1. Increased
2. Decreased
3. Kept the same
","-8. Don’t know (FTF only)
-9. Refused
"
V161206,PRE: F ederal Budget Spending: public schools,"(What about) Public schools (Should federal spending on public schools be increased, decreased, or kept the same?) F or W eb administration the parentheses indicating optional text were omitted. RANDOMIZA TION: Order of federal spending items","1. Increased
2. Decreased
3. Kept the same
","-8. Don’t know (FTF only)
-9. Refused
"
V161207,PRE: F ederal Budget Spending: science and technology,"(What about) Science and technology (Should federal spending on science and technology be increased, decreased, or kept the same?) F or W eb admin- istration the parentheses indicating optional text were omitted. RANDOMIZA TION: Order of federal spending items","1. Increased
2. Decreased
3. Kept the same
","-8. Don’t know (FTF only)
-9. Refused
"
V161208,PRE: F ederal Budget Spending: dealing with crime,"(What about) Dealing with crime (Should federal spending on dealing with crime be increased, decreased, or kept the same?) F or W eb administration the parentheses indicating optional text were omitted. RANDOMIZA TION: Order of federal spending items","1. Increased
2. Decreased
3. Kept the same
","-8. Don’t know (FTF only)
-9. Refused
"
V161209,PRE: F ederal Budget Spending: welfare programs,"(What about) W elfare programs (Should federal spending on welfare pro- grams be increased, decreased, or kept the same?) F or W eb administration the parentheses indicating optional text were omitted. RANDOMIZA TION: Order of federal spending items","1. Increased
2. Decreased
3. Kept the same
","-8. Don’t know (FTF only)
-9. Refused
"
V161210,PRE: F ederal Budget Spending: child care,"(What about) Child care (Should federal spending on child care be increased, decreased, or kept the same?) F or W eb administration the parentheses in- dicating optional text were omitted. RANDOMIZA TION: Order of federal spending items","1. Increased
2. Decreased
3. Kept the same
","-8. Don’t know (FTF only)
-9. Refused
"
V161211,PRE: F ederal Budget Spending: aid to the poor,"(What about) Aid to the poor (Should federal spending on aid to the poor be increased, decreased, or kept the same?) F or W eb administration the parentheses indicating optional text were omitted. RANDOMIZA TION: Order of federal spending items","1. Increased
2. Decreased
3. Kept the same
","-8. Don’t know (FTF only)
-9. Refused
"
V161212,PRE: F ederal Budget Spending: protecting the environment,"(What about) Protecting the environment (Should federal spending on pro- tecting the environment be increased, decreased, or kept the same?) F or W eb administration the parentheses indicating optional text were omitted. RANDOMIZA TION: Order of federal spending items","1. Increased
2. Decreased
3. Kept the same
","-8. Don’t know (FTF only)
-9. Refused
"
V161213,PRE: Sending troops to fight ISIS,"Do you favor, oppose, or neither favor nor oppose the U.S. sending ground troops to fight Islamic militants, such as ISIS, in Iraq and Syria?","1. F avor
2. Oppose
3. Neither favor nor oppose
","-8. Don’t know (FTF only)
-9. Refused
"
V161213a,PRE: Sending troops to fight ISIS follow-up,"IF R F A VORS SENDING U.S. GROUND TROUPS TO FIGHT ISLAMIC MILIT ANTS LIKE ISIS / IF R OPPOSES SENDING U.S. GROUND TROUPS TO FIGHT ISLAMIC MILIT ANTS LIKE ISIS: Do you favor that [a great deal, a moderate amount, or a little / a little, a moderate amount, or a great deal]? / Do you oppose that [a great deal, a moderate amount, or a little / a little, a moderate amount, or a great deal]? F orward/reverse response option order","1. A great deal
2. A moderate amount
3. A little1. F avor a great deal
2. F avor a moderate amount
3. F avor a little
4. Neither favor nor oppose
5. Oppose a little
6. Oppose a moderate
7. Oppose a great deal","-1. INAP ,
-9. Refused-8. DK (-8) in V161213 or
-9. RF (-9) in V161213 or"
V161213x,PRE: SUMMAR Y - send troops to fight ISIS,Not applicable,,
V161214,PRE: Should Syrian refugees be allowed to come to the U.S.,"Do you favor, oppose, or neither favor nor oppose allowing Syrian refugees to come to the United States?","1. F avor
2. Oppose
3. Neither favor nor oppose
","-8. Don’t know (FTF only)
-9. Refused
"
V161214a,PRE: Allow Syrian refugees strength,"IF R F A VORS ALLOWING SYRIAN REFUGEES TO COME TO THE U.S. / IF R OPPOSES ALLOWING SYRIAN REFUGEES TO COME TO THE U.S.: Do you favor that [a great deal, a moderate amount, or a little / a little, a moderate amount, or a great deal]? / Do you oppose that [a great deal, a moderate amount, or a little / a little, a moderate amount, or a great deal]? F orward/reverse response option order","1. A great deal
2. A moderate amount
3. A little1. F avor a great deal
2. F avor a moderate amount
3. F avor a little
4. Neither favor nor oppose
5. Oppose a little
6. Oppose a moderate
7. Oppose a great deal","-1. INAP ,-8. DK (-8) in V161214 or
-9. RF (-9) in V161214 or"
V161214x,PRE: SUMMAR Y - Allow Syrian refugees,Not applicable,,
V161215,PRE: REV How often trust govt in W ash to do what is right,"How often can you trust the federal government in W ashington to do what is right? [Always, most of the time, about half the time, some of the time, or never / Never, some of the time, about half the time, most of the time, or always]? F orward/reverse response option order","1. Always
2. Most of the time
3. About half the time
4. Some of the time
5. Never
","-8. Don’t know (FTF only)
-9. Refused
"
V161216,PRE: Govt run by a few big interests or for benefit of all,W ould you say the government is pretty much run by a few big interests looking out for themselves or that it is run for the benefit of all the people?,"1. Run by a few big interests
2. F or the benefit of all the
","-8. Don’t know (FTF only)
-9. Refused
"
V161217,PRE: Does government waste much tax money,"Do you think that people in government [waste a lot of the money we pay in taxes, waste some of it, or don’t waste very much of it / don’t waste very much of the money we pay in taxes, waste some of it, or waste a lot of it]? F orward/reverse response option order","1. W aste a lot
2. W aste some
3. Don’t waste very much
","-8. Don’t know (FTF only)
-9. Refused
"
V161218,PRE: How many in government are corrupt,"How many of the people running the government are corrupt? [All, most, about half, a few, or none? / None, a few, about half, most, or all?] F orward/reverse response option order","1. All
2. Most
3. About half
4. A few
5. None
","-8. Don’t know (FTF only)
-9. Refused
"
V161219,PRE: How often can people be trusted,"Generally speaking, how often can you trust other people? [Always, most of the time, about half the time, some of the time, or never / Never, some of the time, about half the time, most of the time, or always]? F orward/reverse response option order","1. Always
2. Most of the time
3. About half the time
4. Some of the time
5. Never
","-8. Don’t know (FTF only)
-9. Refused
"
V161220,PRE: Elections make govt pay attention,"How much do you feel that having elections makes the government pay at- tention to what the people think? [A good deal, some, or not much / Not much, some, or a good deal]? F orward/reverse response option order","1. A good deal
2. Some
3. Not much
","-8. Don’t know (FTF only)
-9. Refused
"
V161221,PRE: Is global warming happening or not,"Y ou may have heard about the idea that the world’s temperature may have been going up slowly over the past 100 years. What is your personal opinion on this? Do you think this has probably been happening, or do you think it probably hasn’t been happening?","1. Has probably been happening
2. Probably hasn’t been happening
","-8. Don’t know (FTF only)
-9. Refused
"
V161222,PRE: Anthropogenic climate change,"IF R THINKS GLOBAL W ARMING HAS PROBABL Y BEEN OCCUR- RING/ IF R THINKS GLOBAL W ARMING HAS PROBABL Y NOT BEEN OCCURRING OR DK/RF: [Do / Assuming it’s happening, do] you think a rise in the world’s temperatures would be caused mostly by human activity , mostly by natural causes, or about equally by human activity and by natural causes?","1. Mostly by human activity
2. Mostly by natural causes
3. About equally by human
","-8. Don’t know (FTF only)
-9. Refused
"
V161223,PRE: Approve or disapprove fracking,"’F racking’ is a way to drill for natural gas by pumping high pressure fluid into the ground. Do you favor, oppose, or neither favor nor oppose fracking in the U.S.?","1. F avor
2. Oppose
3. Neither favor nor oppose
","-8. Don’t know (FTF only)
-9. Refused
"
V161224,PRE: Govt action about rising temperatures,"Do you think the federal government should be doing more about rising temperatures, should be doing less, or is it currently doing the right amount?","1. Should be doing more
2. Should be doing less
3. Is currently doing the right
","-8. Don’t know (FTF only)
-9. Refused
"
V161224a,PRE: Strength of position on govt action about rising temperatures,"IF R SA YS GOVERNMENT SHOULD DO MORE ABOUT RISING TEM- PERA TURES / IF R SA YS GOVERNMENT SHOULD DO LESS ABOUT RISING TEMPERA TURES: Should it be doing a great deal [more/less], a moderate amount [more/less], or a little [more/less]? / Should it be doing a little [more/less], a moderate amount [more/less], or a great deal [more/less]? F orward/reverse response option order","1. Great deal
2. A moderate amount
3. A little1. Should be doing a great
2. Should be doing a
3. Should be doing a little
4. Currently doing the right
5. Should be doing a little less
6. Should be doing a
7. Should be doing a great","-1. INAP ,
-9. Refused-8. DK (-8) in V161224 or
-9. RF (-9) in V161224 or"
V161225x,PRE: SUMMAR Y - Govt action about rising temperatures,Not applicable,,
V161226,PRE: Require employers to offer paid leave to parents of new children,"Do you favor/oppose, or neither favor nor oppose requiring employers to offer paid leave to parents of new children?","1. F avor
2. Oppose
3. Neither favor nor oppose
","-8. Don’t know (FTF only)
-9. Refused
"
V161226a,PRE: Strength require employers to offer paid leave to parents of new chil-,"IF R F A VORS REQUIRING EMPLOYERS TO OFFER P AID LEA VE FOR NEW CHILDREN / IF R OPPOSES REQUIRING EMPLOYERS TO OFFER P AID LEA VE FOR NEW CHILDREN : Do you favor that a great deal, a moderate amount, or a little ? / Do you oppose that a great deal, a moderate amount, or a little?","1. A great deal
2. A moderate amount
3. A little1. F avor a great deal
2. F avor a moderate amount
3. F avor a little
4. Neither favor nor oppose
5. Oppose a little
6. Oppose a moderate
7. Oppose a great deal","-1. INAP ,
-9. Refused-8. DK (-8) in V161226 or
-9. RF (-9) in V161226 or"
V161226x,PRE: SUMMAR Y - require employers to offer paid leave to new parents,Not applicable,,
V161227,PRE: Services to same sex couples,"Do you think business owners who provide wedding-related services should be allowed to refuse services to same-sex couples if same-sex marriage violates their religious beliefs, or do you think business owners should be required to provide services regardless of a couple’s sexual orientation?","1. Should be allowed to refuse
2. Should be required to
","-8. Don’t know (FTF only)
-9. Refused
"
V161227a,PRE: Services to same sex couples strength,"IF R OPINION ON REFUSING WEDDING SER VICES TO SAME-SEX COUPLES IS NOT DK/RF: How strongly do you feel that way? [V ery strongly , moderately , or a little / A little, moderately , or very strongly]? F orward/reverse response option order","1. V ery strongly
2. Moderately
3. A little1. F eel very strongly- should
2. F eel moderately strongly-
3. F eel a little strongly-
4. F eel a little strongly -
5. F eel moderately strongly -
6. F eel very strongly - should","-1. INAP , -8,-9 in V161227-8. DK (-8) in V161227 or
-9. RF (-9) in V161227 or"
V161227x,PRE: SUMMAR Y - Services to same sex couples,Not applicable,,
V161228,PRE: T ransgender bathroom policy,"Should transgender people – that is, people who identify themselves as the sex or gender different from the one they were born as – have to use the bathrooms of the gender they were born as, or should they be allowed to use the bathrooms of their identified gender?","1. Have to use the bathrooms
2. Be allowed to use the
","-8. Don’t know (FTF only)
-9. Refused
"
V161228a,PRE: T ransgender policy strength,"IF R OPINION ON TRANSGENDER USE OF RESTROOMS OF IDEN- TIFIED GENDER IS NOT DK/RF: How strongly do you feel about that? [V ery strongly , moderately strongly , or slightly strongly / Slightly strongly , moderately strongly or very strongly]? F orward/reverse response option order","1. V ery strongly
2. Moderately
3. Slightly1. F eel very strongly-
2. F eel moderately strongly-
3. F eel a little strongly-
4. F eel a little strongly -
5. F eel moderately strongly -
6. F eel very strongly -","-1. INAP , -8,-9 in V161228
-8. Don’t know (FTF only)
-9. Refused-8. DK (-8) in V161228 or
-9. RF (-9) in V161228 or"
V161228x,PRE: SUMMAR Y - T ransgender policy,Not applicable,,
V161229,PRE: Should laws protect gays lesbians against job discrim,Do you favor or oppose laws to protect gays and lesbians against job dis- crimination?,"1. F avor
2. Oppose
1. F avor strongly
2. F avor not strongly
3. Oppose not strongly
4. Oppose strongly","-8. Don’t know (FTF only)
-9. Refused
-2. Missing: -8,-9 in"
V161229a,PRE: How much fav opp laws protect gays lesbians job discrim,IF R F A VORS PROTECTING GA YS AND LESBIANS AGAINST JOB DISCRIMINA TION/ IF R OPPOSES PROTECTING GA YS AND LES- BIANS AGAINST JOB DISCRIMINA TION: [Do you favor such laws strongly or not strongly? / Do you oppose such laws strongly or not strongly?],"1. Strongly
2. Not strongly
","-1. INAP , -8,-9 in V161229
-8. Don’t know (FTF only)
-9. Refused
"
V161229x,PRE: SUMMAR Y - Laws to protect gays and lesbians against job discrim,Not applicable,,
V161230,PRE: Should gay and lesbian couples be allowed to adopt,Do you think gay or lesbian couples should be legally permitted to adopt children?,"1. Y es
2. No
","-8. Don’t know (FTF only)
-9. Refused
"
V161231,PRE: R position on gay marriage,Looking at page [PRELOAD: page] of the booklet. Which comes closest to your view? Y ou can just tell me the number of your choice. Reference to the respondent booklet and the sentence ‘Y ou can just give me the number of your choice’ were omitted for W eb administration.,"1. Gay and lesbian couples
2. Gay and lesbian couples
3. There should be no legal
","-8. Don’t know (FTF only)
-9. Refused
"
V161232,PRE: STD Abortion: self-placement,Please look at page [PRELOAD: page] of the booklet. There has been some discussion about abortion during recent years. Which one of the opinions on this page best agrees with your view? Y ou can just tell me the number of the opinion you choose. Reference to the respondent booklet and the sentence ‘Y ou can just tell me the number of the opinion you choose’ were omitted for W eb administration.,"1. By law, abortion should
2. By law, only in case of
3. By law, for reasons other
4. By law, abortion as a
5. Other SPECIFY
","-8. Don’t know (FTF only)
-9. Refused
"
V161233,PRE: R favor oppose death penalty,"(Now looking at the booklet now.) Do you favor or oppose the death penalty for persons convicted of murder? F or W eb administration, the optional reference to the respondent booklet was omitted.","1. F avor
2. Oppose
1. F avor strongly
2. F avor not strongly
3. Oppose not strongly
4. Oppose strongly","-8. Don’t know (FTF only)
-9. Refused
-2. Missing: -8,-9 in"
V161233a,PRE: Strength R favors opposes death penalty,IF R F A VORS DEA TH PENAL TY FOR PERSONS CONVICTED OF MURDER / IF R OPPOSES DEA TH PENAL TY FOR PERSONS CON- VICTED OF MURDER: Do you [favor / oppose] the death penalty for persons convicted of murder strongly or not strongly?,"1. Strongly
2. Not strongly
","-1. INAP , -8,-9 in V161233
-8. Don’t know (FTF only)
"
V161233x,PRE: SUMMAR Y - F avor or oppose death penalty,Not applicable,,
V161234,PRE: U.S. more or less secure than when Pres took office,"W ould you say that compared to 2008, the United States is more secure from its foreign enemies, less secure, or hasn’t this changed very much?","1. More secure
2. Less secure
3. No change
","-8. Don’t know (FTF only)
-9. Refused
"
V161235,PRE: Economy better since 2008,"W ould you say that compared to 2008, the nation’s economy is now better, worse, or about the same?","1. Better
2. W orse
3. About the same
","-8. Don’t know (FTF only)
-9. Refused
"
V161235a,PRE: Economy better/worse since 2008 strength,IF R SAID ECONOMY BETTER COMP ARED TO 2008 / IF R SAID ECONOMY WORSE COMP ARED TO 2008: Much [better/worse] or some- what [better/worse]?,"1. Much
2. Somewhat1. Much better
2. Somewhat better
3. About the same
4. Somewhat worse
5. Much worse","-1. INAP ,-8. DK (-8) in V161235 or
-9. RF (-9) in V161235 or"
V161235x,PRE: SUMMAR Y - Economy since 2008,Not applicable,,
V161236,PRE: Affect for Obama - angry,"Think about Barack Obama. Has Barack Obama – because of the kind of person he is or because of something he has done, ever made you feel: angry? How often would you say you’ve felt angry: [Never, some of the time, about half the time, most of the time, or always / Always, most of the time, about half the time, or never]? F orward/reverse response option order","1. Never
2. Some of the time
3. About half the time
4. Most of the time
5. Always
","-8. Don’t know (FTF only)
-9. Refused
"
V161237,PRE: Affect for Obama - proud,"Has Barack Obama – because of the kind of person he is or because of something he has done, ever made you feel: proud? How often would you say you’ve felt angry: [Never, some of the time, about half the time, most of the time, or always / Always, most of the time, about half the time, or never]? F orward/reverse response option order","1. Never
2. Some of the time
3. About half the time
4. Most of the time
5. Always
","-8. Don’t know (FTF only)
-9. Refused
"
V161238,PRE: PLACEMENT 2: How likely is it that R will vote in Nov,"IF R HAS NOT INDICA TED DEFINITEL Y VOTED EARL Y IN THE 2016 ELECTIONS: IF R IS SELECTED FOR LA TE PLACEMENT OF THIS QUESTION: How likely is it that you will vote in the general election this November? [Extremely likely , very likely , moderately likely , slightly likely , or not likely at all / Not likely at all, slightly likely , moderately likely , very likely , or extremely likely]? Respondents were assigned to early or late placement of this question. RANDOMIZA TION: Placement of question (early or late) F orward/reverse response option order",,
V161239a,PRE: PLACEMENT 2: Percent for Democratic Pres candidate,"IF R IS ASSIGNED TO LA TE PLACEMENT OF PRES CAND PER- CENT AGE QUESTIONS: Now, thinking about only the votes cast for the two major parties, what percentage of the vote do you think Hillary Clin- ton and Donald T rump will each receive in the national vote? Respondents were assigned to early or late placement of this question. As an error in face-to-face administration, this question was not asked of voters. RANDOMIZA TION: Placement of question (early or late) 66 unique outcomes. 20 most frequently appearing outcomes:",,
V161239b,PRE: PLACEMENT 2: Percent for Republican Pres candidate,"IF R IS ASSIGNED TO LA TE PLACEMENT OF PRES CAND PER- CENT AGE QUESTIONS: Now, thinking about only the votes cast for the two major parties, what percentage of the vote do you think Hillary Clinton and Donald T rump will each receive in the national vote? Hillary Clinton percentage: Respondents were assigned to early or late placement of this question. As an error in face-to-face administration, this question was not asked of voters. RANDOMIZA TION: Placement of question (early or late) 73 unique outcomes. 20 most frequently appearing outcomes: ANES 2016 Codebook - V ersion 20190904 - page 378",,
V161240a,PRE: PLACEMENT 2: State percent for Democratic Pres candidate,"IF R IS ASSIGNED TO LA TE PLACEMENT OF PRES CAND PER- CENT AGE QUESTIONS: Thinking about only the votes cast for the two major parties, what percentage of the vote do you think Hillary Clinton and Donald T rump will each receive in your state? Respondents were as- signed to early or late placement of this question. As an error in face-to-face administration, this question was not asked of voters. RANDOMIZA TION: Placement of question (early or late) 83 unique outcomes. 20 most frequently appearing outcomes:",,
V161240b,PRE: PLACEMENT 2: State percent for Republican Pres candidate,"IF R IS ASSIGNED TO LA TE PLACEMENT OF PRES CAND PER- CENT AGE QUESTIONS: Thinking about only the votes cast for the two major parties, what percentage of the vote do you think Hillary Clinton and Donald T rump will each receive in your state? Respondents were as- signed to early or late placement of this question. As an error in face-to-face administration, this question was not asked of voters. RANDOMIZA TION: Placement of question (early or late) 79 unique outcomes. 20 most frequently appearing outcomes:",,
V161241,PRE: Is religion important part of R life,"Now on another topic.... Do you consider religion to be an important part of your life, or not?","1. Important
2. Not important
","-8. Don’t know (FTF only)
-9. Refused
"
V161242,PRE: Religion provides guidance in day-to-day living,"IF R SA YS THA T RELIGION IS IMPOR T ANT: W ould you say your reli- gion provides [some guidance in your day-to-day living, quite a bit of guid- ance, or a great deal of guidance / a great deal of guidance in your day-to-day living, quite a bit of guidance, or some guidance] ? F orward/reverse response option order","1. Some
2. Quite a bit
3. A great deal
","-1. INAP ,
-8. Don’t know (FTF only)
-9. Refused
"
V161243,PRE: Is Bible word of God or men,Please look at page [PRELOAD: page] of the booklet. Which of these state- ments comes closest to describing your feelings about the Bible? Y ou can just give me the number of your choice. Reference to the respondent book- let and the sentence ‘Y ou can just give me the number of your choice’ were omitted for W eb administration.,"1. The Bible is the actual
2. The Bible is the word of
3. The Bible is a book
5. Other SPECIFY
","-8. Don’t know (FTF only)
-9. Refused
"
V161244,PRE: Ever attend church or religious services,"Lots of things come up that keep people from attending religious services even if they want to. Thinking about your life these days, do you ever attend religious services, apart from occasional weddings, baptisms or funerals?","1. Y es
2. No
1. Protestant
2. Catholic
3. Jewish
4. Other1. Orthodox
2. Conservative
3. Reform
5. Other SPECIFY","-8. Don’t know (FTF only)
-9. Refused
-1. INAP ,
-9. Refused-1. INAP ,
-8. Don’t know (FTF ONL Y)
-9. Refused"
V161245,PRE: Attend religious services how often,"IF R A TTENDS RELIGIOUS SER VICES: Do you go to religious services [every week, almost every week, once or twice a month, a few times a year, or never/ never, a few times a year, once or twice a month, almost every week, or every week]? F orward/reverse response option order","1. Every week
2. Almost every week
3. Once or twice a month
4. A few times a year
5. Never
1. Once a week
2. More often than once a1. Protestant
2. Catholic
3. Jewish
4. Other","-1. INAP ,
-9. Refused
-1. INAP ,
-9. Refused-1. INAP ,
-8. Don’t know (FTF only)
-9. Refused"
V161245a,PRE: Attend church more often than once a week,IF R A TTENDS RELIGIOUS SER VICES: IF R SA YS A TTENDS RELI- GIOUS SER VICES ‘EVER Y WEEK’: W ould you say you go to religious services once a week or more often than once a week?,,
V161246,PRE: Ever think of self as part of church or denomination,IF R DOES NOT A TTEND RELIGIOUS SER VICES: Regardless of whether you now attend any religious services do you ever think of yourself as part of a particular religion?,"1. Y es
2. No
2. Conservative
3. Reform
5. Other SPECIFY","-1. INAP ,
-8. Don’t know (FTF only)
-9. Refused
-1. INAP ,"
V161247a,PRE: (Attends church) R subjective description own major religious group,"IF R A TTENDS RELIGIOUS SER VICES: Do you mostly attend a place of worship that is Protestant, Roman Catholic, Jewish, or something else? F or W eb administration response option 4 was labeled ‘Something else. ’","1. Southern Baptist
2. American Baptist
3. American Baptist
4. National Baptist
5. Independent Baptist
95. Other SPECIFY1. Evangelical Lutheran
2. Missouri Synod
5. Other SPECIFY1. United Methodist Church
2. African Methodist
3. African Methodist
5. Other SPECIFY1. Presbyterian Church USA
5. Other SPECIFY1. Christian Reformed
2. The Reformed Church in1. Church of the Brethren
2. The Plymouth Brethren
5. Other SPECIFY1. Disciples of Christ
2. I am just a Christian
5. Other SPECIFY1. Church of Christ
2. United Church of Christ1. Anderson, Indiana
2. Cleveland, T ennessee
3. Church of God in Christ
5. Other SPECIFY1. Y es
2. No1. Y es
2. No","-1. INAP ,
-8. Don’t know (FTF only)
-9. Refused-1. INAP ,
-8. Don’t know (FTF only)
-9. Refused-1. INAP ,
-8. Don’t know (FTF only)
-9. Refused-1. INAP ,-1. INAP ,-1. INAP ,-1. INAP ,
-9. Refused-1. INAP ,-1. INAP ,
-8. Don’t know (FTF only)-1. INAP ,
-9. Refused-1. INAP ,
-4. Error: programming error,
-8. Don’t know (FTF ONL Y)
-9. Refused"
V161247b,PRE: (Nonattendance) R subjective description of own major religious group,"IF R DOES NOT A TTEND CHURCH BUT THINKS OF SELF AS P AR T OF CHURCH OR DENOMINA TION: Do you consider yourself Protestant, Roman Catholic, Jewish, or something else? F or W eb administration re- sponse option 4 was labeled ‘Something else. ’",,
V161248,PRE: R subjective description of own major relig denomination,"IF R A TTENDS CHURCH AND A TTENDS AS PROTEST ANT OR ‘OTHER’ / IF DOES NOT A TTEND CHURCH BUT THINKS OF SELF AS P AR T OF CHURCH OR DENOMINA TION AND CONSIDERS SELF PROTEST ANT OR ‘OTHER’: What religion, church or denomination is that? 34 unique outcomes. 20 most frequently appearing outcomes:",,
V161249,PRE: R description of specific Baptist denomination,"IF R A TTENDS CHURCH AND A TTENDS AS PROTEST ANT OR ‘OTHER’ / IF R DOES NOT A TTEND CHURCH BUT THINKS OF SELF AS P AR T OF CHURCH OR DENOMINA TION AND CONSIDERS SELF PROTEST ANT OR ‘OTHER’: IF R DENOMINA TION IS BAPTIST: With which Baptist group is your church associated? Is it the Southern Baptist Convention, the American Baptist Churches in the U.S.A., the American Baptist Association, the National Baptist Convention, an independent Bap- tist church, or some other Baptist group?",,
V161250,PRE: R description of specific indep. Baptist denomination,IF R A TTENDS CHURCH AND A TTENDS AS PROTEST ANT OR ‘OTHER’ / IF R DOES NOT A TTEND CHURCH BUT THINKS OF SELF AS P AR T OF CHURCH OR DENOMINA TION AND CONSIDERS SELF PROTEST ANT OR ‘OTHER’: IF R DENOMINA TION IS BAPTIST: IF R’S CHURCH IS INDEPENDENT BAPTIST: Are you affiliated with any larger Baptist group or is this strictly a local church?,"1. Larger Baptist group (SPECIFY)
2. Local
","-1. Inapplicable
-9. Refused
"
V161251,PRE: R description of specific Lutheran denomination,"IF R A TTENDS CHURCH AND A TTENDS AS PROTEST ANT OR ‘OTHER’ / IF R DOES NOT A TTEND CHURCH BUT THINKS OF SELF AS P AR T OF CHURCH OR DENOMINA TION AND CONSIDERS SELF PROTEST ANT OR ‘OTHER’: IF R DENOMINA TION IS LUTHERAN: Is this church part of the Evangelical Lutheran Church in America, the Mis- souri Synod, or some other Lutheran group?",,
V161252,PRE: R description of specific Methodist denomination,"IF R A TTENDS CHURCH AND A TTENDS AS PROTEST ANT OR ‘OTHER’ / IF R DOES NOT A TTEND CHURCH BUT THINKS OF SELF AS P AR T OF CHURCH OR DENOMINA TION AND CONSIDERS SELF PROTEST ANT OR ‘OTHER’: IF R DENOMINA TION IS METHODIST: Is your church part of the United Methodist Church, African Methodist Episcopal Church, African Methodist Episcopal Zion Church, or some other Methodist group?",,
V161253,PRE: R description of specific Presbyterian denomination,IF R A TTENDS CHURCH AND A TTENDS AS PROTEST ANT OR ‘OTHER’ / IF R DOES NOT A TTEND CHURCH BUT THINKS OF SELF AS P AR T OF CHURCH OR DENOMINA TION AND CONSIDERS SELF PROTEST ANT OR ‘OTHER’ : IF R DENOMINA TION IS PRESBYTE- RIAN: Is this the Presbyterian Church in the U.S.A. or some other Presby- terian group?,,
V161254,PRE: R description of specific Reformed denomination,"IF R A TTENDS CHURCH AND A TTENDS AS PROTEST ANT OR ‘OTHER’ / IF R DOES NOT A TTEND CHURCH BUT THINKS OF SELF AS P AR T OF CHURCH OR DENOMINA TION AND CONSIDERS SELF PROTEST ANT OR ‘OTHER’ : IF R DENOMINA TION IS REFORMED: Is this the Christian Reformed Church, the Reformed Church in America or some other Reformed group?",,
V161255,PRE: R description of specific Brethren denomination,"IF R A TTENDS CHURCH AND A TTENDS AS PROTEST ANT OR ‘OTHER’ / IF R DOES NOT A TTEND CHURCH BUT THINKS OF SELF AS P AR T OF CHURCH OR DENOMINA TION AND CONSIDERS SELF PROTEST ANT OR ‘OTHER’ : IF R DENOMINA TION IS BRETHREN: Is this the church of the Brethren, the Plymouth Brethren, or what?",,
V161256,PRE: R description of specific Disciples denomination,"IF R A TTENDS CHURCH AND A TTENDS AS PROTEST ANT OR ‘OTHER’ / IF R DOES NOT A TTEND CHURCH BUT THINKS OF SELF AS P AR T OF CHURCH OR DENOMINA TION AND CONSIDERS SELF PROTEST ANT OR ‘OTHER’ : IF R SA YS DENOMINA TION IS ‘CHRIS- TIAN’: When you say ‘Christian’ does that mean the denomination called the ‘Christian Church Disciples of Christ,’ or some other Christian denomi- nation, or do you mean to say ‘I am just a Christian’?",,
V161257,PRE: R description of specific Church of Christ denomination,IF R A TTENDS CHURCH AND A TTENDS AS PROTEST ANT OR ‘OTHER’ / IF R DOES NOT A TTEND CHURCH BUT THINKS OF SELF AS P AR T OF CHURCH OR DENOMINA TION AND CONSIDERS SELF PROTEST ANT OR ‘OTHER’ : IF R DENOMINA TION IS CHURCH OF CHRIST: Is this the Church of Christ or the United Church of Christ?,,
V161258,PRE: R description of specific Church of God denomination,"IF R A TTENDS CHURCH AND A TTENDS AS PROTEST ANT OR ‘OTHER’ / IF R DOES NOT A TTEND CHURCH BUT THINKS OF SELF AS P AR T OF CHURCH OR DENOMINA TION AND CONSIDERS SELF PROTEST ANT OR ‘OTHER’ : IF R DENOMINA TION IS CHURCH OF GOD: Is this the Church of God of Anderson, Indiana, the Church of God of Cleveland, T ennessee, the Church of God in Christ, or some other Church of God?",,
V161259,PRE: R description of specific Holiness Pentecostal denomination (open-end),IF R A TTENDS CHURCH AND A TTENDS AS PROTEST ANT OR ‘OTHER’ / IF R DOES NOT A TTEND CHURCH BUT THINKS OF SELF AS P AR T OF CHURCH OR DENOMINA TION AND CONSIDERS SELF PROTEST ANT OR ‘OTHER’ : IF R DENOMINA TION IS HOLINESS OR PENTECOST AL: What kind of church is that? What is it called exactly? Is that part of a larger church or denomination? What is the church called? THESE QUESTIONS ARE PROBES. USE THESE AND OTHERS TO GET AS MUCH SPECIFIC INFORMA TION AS POSSIBLE.,,"-3. Restricted access, not
"
V161260,PRE: R description of specific other denomination (open-end),IF R A TTENDS CHURCH AND A TTENDS AS PROTEST ANT OR ‘OTHER’ / IF R DOES NOT A TTEND CHURCH BUT THINKS OF SELF AS P AR T OF CHURCH OR DENOMINA TION AND CONSIDERS SELF PROTEST ANT OR ‘OTHER’ : IF R SPECIFIC DENOMINA TION ‘OTHER’: What is it called exactly? Is that church part of a denomination? GET FULL NAME OF CHURCH AND DENOMINA TION. PROBE AS NEEDED: WHA T IS THE CHURCH NAME? WHA T IS THE NAME OF ITS DENOMINA TION?,,"-3. Restricted access, not
"
V161261,PRE: Specific other denomination Christian,IF R A TTENDS CHURCH AND A TTENDS AS PROTEST ANT OR ‘OTHER’ / IF R DOES NOT A TTEND CHURCH BUT THINKS OF SELF AS P AR T OF CHURCH OR DENOMINA TION AND CONSIDERS SELF ‘OTHER’ : IF R SPECIFIC DENOMINA TION ‘OTHER’: Is that group Christian?,,
V161262a,PRE: (Attends) Specific Jewish denomination,"IF R A TTENDS RELIGIOUS SER VICES AND IS JEWISH : Do you usually attend a synagogue or temple that is Orthodox, Conservative, Reform or what?",,
V161262b,PRE: (Nonattendance) Specific Jewish denomination,"IF DOES NOT A TTEND RELIGIOUS SER VICES BUT THINKS OF SELF AS P AR T OF CHURCH OR DENOMINA TION AND CONSIDERS SELF JEWISH: Do you consider yourself Orthodox, Conservative, Reform or what?",,
V161263,PRE: Does Christian R consider self born again,"IF R IS CHRISTIAN: W ould you call yourself a born-again Christian, that is, have you personally had a conversion experience related to Jesus Christ?",,
V161264x,PRE: SUMMAR Y - F ull religion summary,Not applicable 89 unique outcomes. 20 most frequently appearing outcomes: ANES 2016 Codebook - V ersion 20190904 - page 410,,
V161265x,PRE: SUMMAR Y - Major group religion summary,Not applicable,"1. Mainline Protestant
2. Evangelical Protestant
3. Black Protestant
4. Roman Catholic
5. Undifferentiated Christian
6. Jewish
7. Other religion
8. Not religious
","-2. Missing, item nonresponse
"
V161266a,PRE: Religious identification type: F undamentalist,"Looking at page [PRELOAD: page]. Which of the following terms describe your religious beliefs? - F undamentalist - Charismatic/Pentecostal - Born again - Evangelical - T raditional - Mainline - Progressive - Non-traditional believer - Secular - Agnostic - Atheist, or - Spiritual but not religious - None of the above ENTER ALL THA T APPL Y F or W eb administration, reference to the respondent booklet was omitted and response options were not included in the question text.","0. Not selected
1. Selected
","-8. Don’t know (entire
-9. Refused entire question
"
V161266b,PRE: Religious identification type: Charismatic/Pentecostal,"Looking at page [PRELOAD: page]. Which of the following terms describe your religious beliefs? - F undamentalist - Charismatic/Pentecostal - Born again - Evangelical - T raditional - Mainline - Progressive - Non-traditional believer - Secular - Agnostic - Atheist, or - Spiritual but not religious - None of the above ENTER ALL THA T APPL Y F or W eb administration, reference to the respondent booklet was omitted and response options were not included in the question text.","0. Not selected
1. Selected
","-8. Don’t know (entire
-9. Refused entire question
"
V161266c,PRE: Religious identification type: Born again,"Looking at page [PRELOAD: page]. Which of the following terms describe your religious beliefs? - F undamentalist - Charismatic/Pentecostal - Born again - Evangelical - T raditional - Mainline - Progressive - Non-traditional believer - Secular - Agnostic - Atheist, or - Spiritual but not religious - None of the above ENTER ALL THA T APPL Y F or W eb administration, reference to the respondent booklet was omitted and response options were not included in the question text.","0. Not selected
1. Selected
","-8. Don’t know (entire
-9. Refused entire question
"
V161266d,PRE: Religious identification type: Evangelical,"Looking at page [PRELOAD: page]. Which of the following terms describe your religious beliefs? - F undamentalist - Charismatic/Pentecostal - Born again - Evangelical - T raditional - Mainline - Progressive - Non-traditional believer - Secular - Agnostic - Atheist, or - Spiritual but not religious - None of the above ENTER ALL THA T APPL Y F or W eb administration, reference to the respondent booklet was omitted and response options were not included in the question text.","0. Not selected
1. Selected
","-8. Don’t know (entire
-9. Refused entire question
"
V161266e,PRE: Religious identification type: T raditional,"Looking at page [PRELOAD: page]. Which of the following terms describe your religious beliefs? - F undamentalist - Charismatic/Pentecostal - Born again - Evangelical - T raditional - Mainline - Progressive - Non-traditional believer - Secular - Agnostic - Atheist, or - Spiritual but not religious - None of the above ENTER ALL THA T APPL Y F or W eb administration, reference to the respondent booklet was omitted and response options were not included in the question text.","0. Not selected
1. Selected
","-8. Don’t know (entire
-9. Refused entire question
"
V161266f,PRE: Religious identification type: Mainline,"Looking at page [PRELOAD: page]. Which of the following terms describe your religious beliefs? - F undamentalist - Charismatic/Pentecostal - Born again - Evangelical - T raditional - Mainline - Progressive - Non-traditional believer - Secular - Agnostic - Atheist, or - Spiritual but not religious - None of the above ENTER ALL THA T APPL Y F or W eb administration, reference to the respondent booklet was omitted and response options were not included in the question text.","0. Not selected
1. Selected
","-8. Don’t know (entire
-9. Refused entire question
"
V161266g,PRE: Religious identification type: Progressive,"Looking at page [PRELOAD: page]. Which of the following terms describe your religious beliefs? - F undamentalist - Charismatic/Pentecostal - Born again - Evangelical - T raditional - Mainline - Progressive - Non-traditional believer - Secular - Agnostic - Atheist, or - Spiritual but not religious - None of the above ENTER ALL THA T APPL Y F or W eb administration, reference to the respondent booklet was omitted and response options were not included in the question text.","0. Not selected
1. Selected
","-8. Don’t know (entire
-9. Refused entire question
"
V161266h,PRE: Religious identification type: Non-traditional,"Looking at page [PRELOAD: page]. Which of the following terms describe your religious beliefs? - F undamentalist - Charismatic/Pentecostal - Born again - Evangelical - T raditional - Mainline - Progressive - Non-traditional believer - Secular - Agnostic - Atheist, or - Spiritual but not religious - None of the above ENTER ALL THA T APPL Y F or W eb administration, reference to the respondent booklet was omitted and response options were not included in the question text.","0. Not selected
1. Selected
","-8. Don’t know (entire
-9. Refused entire question
"
V161266j,PRE: Religious identification type: Secular,"Looking at page [PRELOAD: page]. Which of the following terms describe your religious beliefs? - F undamentalist - Charismatic/Pentecostal - Born again - Evangelical - T raditional - Mainline - Progressive - Non-traditional believer - Secular - Agnostic - Atheist, or - Spiritual but not religious - None of the above ENTER ALL THA T APPL Y F or W eb administration, reference to the respondent booklet was omitted and response options were not included in the question text.","0. Not selected
1. Selected
","-8. Don’t know (entire
-9. Refused entire question
"
V161266k,PRE: Religious identification type: Agnostic,"Looking at page [PRELOAD: page]. Which of the following terms describe your religious beliefs? - F undamentalist - Charismatic/Pentecostal - Born again - Evangelical - T raditional - Mainline - Progressive - Non-traditional believer - Secular - Agnostic - Atheist, or - Spiritual but not religious - None of the above ENTER ALL THA T APPL Y F or W eb administration, reference to the respondent booklet was omitted and response options were not included in the question text.","0. Not selected
1. Selected
","-8. Don’t know (entire
-9. Refused entire question
"
V161266m,PRE: Religious identification type: Atheist,"Looking at page [PRELOAD: page]. Which of the following terms describe your religious beliefs? - F undamentalist - Charismatic/Pentecostal - Born again - Evangelical - T raditional - Mainline - Progressive - Non-traditional believer - Secular - Agnostic - Atheist, or - Spiritual but not religious - None of the above ENTER ALL THA T APPL Y F or W eb administration, reference to the respondent booklet was omitted and response options were not included in the question text.","0. Not selected
1. Selected
","-8. Don’t know (entire
-9. Refused entire question
"
V161266n,PRE: Religious identification type: Spiritual but not religious,"Looking at page [PRELOAD: page]. Which of the following terms describe your religious beliefs? - F undamentalist - Charismatic/Pentecostal - Born again - Evangelical - T raditional - Mainline - Progressive - Non-traditional believer - Secular - Agnostic - Atheist, or - Spiritual but not religious - None of the above ENTER ALL THA T APPL Y F or W eb administration, reference to the respondent booklet was omitted and response options were not included in the question text.","0. Not selected
1. Selected
","-8. Don’t know (entire
-9. Refused entire question
"
V161266p,PRE: Religious identification type: None of the above,"Looking at page [PRELOAD: page]. Which of the following terms describe your religious beliefs? - F undamentalist - Charismatic/Pentecostal - Born again - Evangelical - T raditional - Mainline - Progressive - Non-traditional believer - Secular - Agnostic - Atheist, or - Spiritual but not religious - None of the above ENTER ALL THA T APPL Y F or W eb administration, reference to the respondent booklet was omitted and response options were not included in the question text.","0. Not selected
1. Selected
","-8. Don’t know (entire
-9. Refused entire question
"
V161267,PRE: Respondent age,Not applicable 75 unique outcomes. 20 most frequently appearing outcomes:,,
V161267a,PRE: RESTRICTED- Birthdate: month of birth,"What is the month, day and year of your birth? MONTH:",,"-3. Restricted access, not
"
V161267b,PRE: RESTRICTED- Birthdate: day of birth,DA Y:,,"-3. Restricted access, not
"
V161267c,PRE: Birthdate: year of birth,YEAR: 75 unique outcomes. 20 most frequently appearing outcomes:,,
V161267x,PRE: SUMMAR Y - Respondent age group,Not applicable,"01. Age group
02. Age group
03. Age group
04. Age group
05. Age group
06. Age group
07. Age group
08. Age group
09. Age group
10. Age group
11. Age group
12. Age group
13. Age group
","-2. Birth year missing
"
V161268,PRE: R marital status,"Are you now married, widowed, divorced, separated or never married? IF RESPONDENT ANSWERS ‘MARRIED’ WITHOUT MENTIONING THA T SPOUSE IS ABSENT, CODE 1. IF R INDICA TES UNMARRIED P AR TNER, REPEA T THE RESPONSE OPTIONS IN THE QUESTION TEXT F or W eb administration response option 2 did not appear and re- sponse option 1 was labeled ‘Married. ’","1. Married: spouse present
2. Married: spouse absent
3. Widowed
4. Divorced
5. Separated
6. Never married
1. Y es, living with a partner
2. No, not living with a","-9. Refused
-1. INAP ,
-9. Refused"
V161269,PRE: Domestic partnership status,"IF R MARIT AL ST A TUS IS NEVER MARRIED, WIDOWED, DI- VORCED OR SEP ARA TED: Are you currently living with a partner, or not?",,
V161270,PRE: Highest level of Education,What is the highest level of school you have completed or the highest degree you have received?,"1. Less than
9. High school graduate- high
10. Some college but no
11. Associate degree in
12. Associate degree in
13. Bachelor’s degree (for
14. Master’s degree (for
15. Professional school degree
16. Doctorate degree (for
90. Other specify given as:
95. Other SPECIFY
1. Graduation from high
2. Ged or other equivalent","-9. Refused
-1. INAP ,
-9. Refused"
V161271,PRE: R high school completion- diploma or GED,"IF R’S HIGHEST EDUCA TIONAL LEVEL IS DIPLOMA OR EQUIV A- LENT: People can get a high school diploma in a variety of ways, such as graduating from high school or by getting a GED or other equivalent. How did you get your high school diploma?",,
V161272,PRE: Spouse partner: Highest Level of Education,IF R IS MARRIED/ IF R IS P AR TNERED: What is the highest level of school your [husband or wife / partner] has completed or the highest degree your [husband or wife / partner] has received? 21 unique outcomes. 20 most frequently appearing outcomes: ANES 2016 Codebook - V ersion 20190904 - page 437,,
V161273,PRE: Spouse high school completion- diploma or GED,IF R IS MARRIED AND SPOUSE’S HIGHEST EDUCA TIONAL LEVEL IS DIPLOMA OR EQUIV ALENT / IF R IS P AR TNERED AND P AR T- NER’S HIGHEST EDUCA TIONAL LEVEL IS DIPLOMA OR EQUIV- ALENT: How did your [husband or wife / partner] get their high school diploma?,"1. Graduation from high school
2. Ged or other equivalent
","-1. Inapplicable
"
V161274a,PRE: Previously served on active duty in armed forces,"Are you now serving on active duty in the U.S. armed forces – the U.S. Air F orce, Army , Coast Guard, Marine Corps, or Navy – or have you previously served on active duty in the U.S. armed forces, or have you never served on active duty in the U.S. armed forces?","0. Have never served on
1. Have previously served on
","-9. Refused
"
V161274b,PRE: RESTRICTED- Now serving on active duty in armed forces,"Are you now serving on active duty in the U.S. armed forces – the U.S. Air F orce, Army , Coast Guard, Marine Corps, or Navy – or have you previously served on active duty in the U.S. armed forces, or have you never served on active duty in the U.S. armed forces?",,"-3. Restricted access for
"
V161275x,PRE: SUMMAR Y - R occupation status 2 digit,Not applicable,"10. W orking now only
15. W orking now and retired,
16. W orking now and perm.
17. W orking now and
18. W orking now and student,
20. T emporarily laid off
40. Unemployed, no mention
50. Retired, no other
51. Retired and working now,
60. Permanently disabled, not
61. Perm disabled and
70. Homemaker, no other
71. Homemaker and working
80. Student, no other
81. Student and working now,
","-9. Refused employment
"
V161276x,PRE: SUMMAR Y - R occupation status 1 digit,Not applicable,"1. R working now (if also
2. R temporarily laid off
4. R unemployed
5. R retired (if also working,
6. R permanently disabled (if
7. R homemaker (if also
8. R student (if also working,
","-9. Refused employment
"
V161277,"PRE: Initial R employment status, start of occupation module","Please look at page [PRELOAD: page] of the booklet. W e’d like to know if you are working now, temporarily laid off, or are you unemployed, retired, permanently disabled, a homemaker, a student, or what? INTER VIEWER: ENTER ALL THA T APPL Y F or W eb administration, reference to the re- spondent booklet was omitted.","1. Initial employment status:
2. Initial employment status:
4. Initial employment status:
5. Initial employment status:
6. Initial employment status:
7. Initial employment status:
8. Initial employment status:
1. Y es
2. No","-9. Refused employment
-1. INAP ,
-9. Refused"
V161278,PRE: Initial status Homemaker student: working now,IF INITIAL ST A TUS HOMEMAKER/STUDENT: Are you doing any work for pay at the present time?,"1. Y es
2. No
1. Y es
2. No1. Someone else
2. Both self and someone else
3. Self-employed1. Y es
2. No1. Y es
2. No1. Not at all
2. A little
3. Moderately
4. V ery
5. Extremely1. Someone else
2. Both self and someone else
3. Self-employed1. Y es
2. No1. More
2. F ewer
3. About right1. Not at all
2. A little
3. Moderately
4. V ery
5. Extremely1. Y es
2. No1. Y es
2. No","-1. INAP ,
-1. INAP-1. INAP ,
-9. Refused-1. INAP ,
-8. Don’t know (FTF only)
-9. Refused-1. INAP ,
-9. Refused-1. INAP ,-1. INAP ,
-9. Refused-1. INAP ,
-8. Don’t know (FTF only)
-9. Refused-1. INAP , -8,-9 in-1. INAP ,
-9. Refused-1. INAP ,
-9. Refused-1. INAP ,
-8. Don’t know (FTF only)
-9. Refused"
V161279,PRE: Initial status Homemaker student: job in last 6 mon,IF INITIAL ST A TUS HOMEMAKER/STUDENT: IF R IS NOT WORK- ING FOR P A Y NOW: Have you had a job in the last six months?,,
V161280a,PRE: RESTRICTED: Initial status retiree - month when retired,IF R INITIAL ST A TUS RETIRED: When did you retire? MONTH:,,"-3. Restricted access, not
"
V161280b,PRE: RESTRICTED: Initial status retiree - day when retired,IF R INITIAL ST A TUS RETIRED: DA Y:,,"-3. Restricted access, not
"
V161280c,PRE: Initial status retiree - year when retired,IF R INITIAL ST A TUS RETIRED: YEAR: 60 unique outcomes. 20 most frequently appearing outcomes:,,
V161281,PRE: Initial status unemployed disabled: R ever work for pay,IF R INITIAL ST A TUS UNEMPLOYED / IF R INITIAL ST A TUS DIS- ABLED : Have you ever done any work for pay?,"1. Y es
2. No","-1. INAP ,
-9. Refused"
V161282a,PRE: T ext- Past occupation (R ret dis unemp hmkr stud),"IF R INITIAL ST A TUS RETIRED / IF R INITIAL ST A TUS UNEM- PLOYED AND HAS EVER WORKED FOR P A Y / IF R INITIAL ST A TUS DISABLED AND HAS EVER WORKED FOR P A Y / IF INITIAL ST A TUS HOMEMAKER/STUDENT, IS NOT WORKING, HAS WORKED P AST 6 MOS : What kind of work did you do on your last regular job? (What was your occupation? What were your most important activities or duties?)",,"-2. Redacted text, separate file
"
V161282b,PRE: Code- Past occupation (R ret dis unemp hmkr stud),"IF R INITIAL ST A TUS RETIRED / IF R INITIAL ST A TUS UNEM- PLOYED AND HAS EVER WORKED FOR P A Y / IF R INITIAL ST A TUS DISABLED AND HAS EVER WORKED FOR P A Y / IF INITIAL ST A TUS HOMEMAKER/STUDENT, IS NOT WORKING, HAS WORKED P AST 6 MOS : What kind of work did you do on your last regular job? (What was your occupation? What were your most important activities or duties?) 94 unique outcomes. 20 most frequently appearing outcomes: ANES 2016 Codebook - V ersion 20190904 - page 455",,
V161283a,PRE: T ext- Past industry (R ret dis unemp hmkr stud),"IF R INITIAL ST A TUS RETIRED / IF R INITIAL ST A TUS UNEM- PLOYED AND HAS EVER WORKED FOR P A Y / IF R INITIAL ST A TUS DISABLED AND HAS EVER WORKED FOR P A Y / IF INITIAL ST A TUS HOMEMAKER/STUDENT, IS NOT WORKING, HAS WORKED P AST 6 MOS : What kind of business or industry was that?",,"-2. Redacted text, separate file
"
V161283b,PRE: Code- Past industry (R ret dis unemp hmkr stud),"IF R INITIAL ST A TUS RETIRED / IF R INITIAL ST A TUS UNEM- PLOYED AND HAS EVER WORKED FOR P A Y / IF R INITIAL ST A TUS DISABLED AND HAS EVER WORKED FOR P A Y / IF INITIAL ST A TUS HOMEMAKER/STUDENT, IS NOT WORKING, HAS WORKED P AST 6 MOS : What kind of business or industry was that? 94 unique outcomes. 20 most frequently appearing outcomes: ANES 2016 Codebook - V ersion 20190904 - page 458",,
V161284,PRE: Past self-empl status (R ret dis unemp hmkr stud),"IF R INITIAL ST A TUS RETIRED / IF R INITIAL ST A TUS UNEM- PLOYED AND HAS EVER WORKED FOR P A Y / IF R INITIAL ST A TUS DISABLED AND HAS EVER WORKED FOR P A Y / IF INITIAL ST A TUS HOMEMAKER/STUDENT, IS NOT WORKING, HAS WORKED P AST 6 MOS : Did you work for someone else, were you self-employed, or what?",,
V161285,PRE: Past occupation: govt work (R ret dis unemp hmkr stud),"IF R INITIAL ST A TUS RETIRED / IF R INITIAL ST A TUS UNEM- PLOYED AND HAS EVER WORKED FOR P A Y / IF R INITIAL ST A TUS DISABLED AND HAS EVER WORKED FOR P A Y / IF INITIAL ST A TUS HOMEMAKER/STUDENT, IS NOT WORKING, HAS WORKED P AST 6 MOS : IF R DID NOT WORK EXCLUSIVEL Y FOR SELF : W ere you employed by a federal, state or local government?",,
V161286,PRE: Initial status unempl ret disabled: job in last 6 mo,IF INITIAL ST A TUS UNEMPLOYED AND HAS EVER WORKED FOR P A Y / IF INITIAL ST A TUS RETIRED/ IF INITIAL ST A TUS DISABLED AND HAS EVER WORKED FOR P A Y : Have you had a job in the last six months?,,
V161287,PRE: Recent occupation: how many hours worked avg week,"IF INITIAL ST A TUS UNEMPLOYED, HAS EVER WORKED FOR P A Y, HAS WORKED P AST 6 MOS / IF INITIAL ST A TUS IS RETIRED AND HAS WORKED P AST 6 MOS / IF INITIAL ST A TUS IS DISABLED, HAS EVER WORKED FOR P A Y, HAS WORKED P AST 6 MOS / IF INITIAL ST A TUS HOMEMAKER/STUDENT, IS NOT WORKING, HAS WORKED P AST 6 MOS : About how many hours did you work on your job in the average week? ENTER NUMBER OF HOURS 1-168 45 unique outcomes. 20 most frequently appearing outcomes:",,
V161288,PRE: Initial status retired disabled: working now,IF INITIAL ST A TUS RETIRED / IF INITIAL ST A TUS DISABLED AND HAS EVER WORKED FOR P A Y: Are you doing any work for pay at the present time?,"1. Y es
2. No","-1. Inapplicable
-9. Refused"
V161289,PRE: Init status nonworkg ret dis unemp hmkr st: look for work,IF INITIAL ST A TUS RETIRED AND NOT ALSO WORKING / IF INITIAL ST A TUS DISABLED AND HAS EVER WORKED FOR P A Y AND NOT ALSO WORKING / IF INITIAL ST A TUS HOME- MAKER/STUDENT AND NOT ALSO WORKING / IF INITIAL ST A- TUS UNEMPLOYED AND HAS EVER WORKED FOR P A Y : Are you looking for work at the present time?,,
V161290,PRE: Init status nonworkg ret dis unemp hmkr st: worry find job,"IF INITIAL ST A TUS RETIRED, NOT ALSO WORKING, AND LOOK- ING FOR WORK / IF INITIAL ST A TUS DISABLED, HAS EVER WORKED FOR P A Y, AND LOOKING FOR WORK / IF INIT ST A TUS HMKR/STUD, NOT ALSO WORKG, WKD P AST 6 MO, AND LOOKG FOR WORK / IF INITIAL ST A TUS IS UNEMPLOYED, HAS EVER WORKED FOR P A Y AND LOOKG FOR WORK : How worried are you about not being able to find a job in the near future: [Not at all, a little, moderately , very , or extremely worried / extremely , very , moderately , a little or not at all worried ]? F orward/reverse response option order",,
V161291a,PRE: W orking TLO now - occupation,IF INITIAL ST A TUS IS WORKING NOW OR TEMPORARIL Y LAID OFF / IF INITIAL ST A TUS NOT WORKG NOW/TLO BUT R DETER- MINED TO BE CURRENTL Y WORKG: What is your main occupation? (What kind of work do you do? What are your most important activities or duties?),,"-2. Redacted text, separate file
"
V161291b,PRE: Code- W orking TLO now - occupation,IF INITIAL ST A TUS IS WORKING NOW OR TEMPORARIL Y LAID OFF / IF INITIAL ST A TUS NOT WORKG NOW/TLO BUT R DETER- MINED TO BE CURRENTL Y WORKG: What is your main occupation? (What kind of work do you do? What are your most important activities or duties?) 93 unique outcomes. 20 most frequently appearing outcomes: ANES 2016 Codebook - V ersion 20190904 - page 469,,
V161292a,PRE: T ext- working or TLO industry of occupation,IF INITIAL ST A TUS IS WORKING NOW OR TEMPORARIL Y LAID OFF / IF INITIAL ST A TUS NOT WORKING NOW/TLO BUT R DE- TERMINED TO BE CURRENTL Y WORKG: What kind of business or industry is that?,,"-2. Redacted text, separate file
"
V161292b,PRE: Code- working or TLO industry of occupation,IF INITIAL ST A TUS IS WORKING NOW OR TEMPORARIL Y LAID OFF / IF INITIAL ST A TUS NOT WORKING NOW/TLO BUT R DE- TERMINED TO BE CURRENTL Y WORKG: What kind of business or industry is that? 92 unique outcomes. 20 most frequently appearing outcomes: ANES 2016 Codebook - V ersion 20190904 - page 472,,
V161293,PRE: W orking TLO now - work for self,"IF INITIAL ST A TUS IS WORKING NOW OR TEMPORARIL Y LAID OFF / IF INITIAL ST A TUS NOT WORKING NOWBUT R DETER- MINED TO BE CURRENTL Y WORKG: Do you work for someone else, are you self-employed, or what?",,
V161294,PRE: W orking TLO now - work for govt,"IF INITIAL ST A TUS IS WORKING NOW OR TEMPORARIL Y LAID OFF / IF INITIAL ST A TUS NOT WORKG NOW/TLO BUT R DETER- MINED TO BE CURRENTL Y WORKG: IF R DOES NOT WORK EX- CLUSIVEL Y FOR SELF: Are you employed by a federal, state or local government?",,
V161295,PRE: W orking TLO now - how many hours R works,IF INITIAL ST A TUS IS WORKING NOW OR TEMPORARIL Y LAID OFF / IF INITIAL ST A TUS NOT WORKG NOW OR TLO BUT R DE- TERMINED TO BE CURRENTL Y WORKG: About how many hours do you work on your job in the average week? ENTER NUMBER OF HOURS 1-168 82 unique outcomes. 20 most frequently appearing outcomes:,,
V161296,PRE: W orking TLO now - hours works OK,"IF INITIAL ST A TUS IS WORKING NOW OR TEMPORARIL Y LAID OFF / IF INITIAL ST A TUS NOT WORKG NOW OR TLO BUT R DE- TERMINED TO BE CURRENTL Y WORKG: IF NUMBER OF HOURS WORKED IS NOT DK/RF: Is that more hours than you want to work, fewer hours than you want to work, or generally about right?",,
V161297,PRE: W orking TLO now: worry about losing job in near future,"IF INITIAL ST A TUS IS WORKING NOW OR TEMPORARIL Y LAID OFF / IF INITIAL ST A TUS NOT WORKING NOW OR TLO BUT R IS DETERMINED TO BE CURRENTL Y WORKG: How worried are you about losing your job in the near future? [Not at all, a little, moderately , very , or extremely worried / Extremely , very , moderately , a little, or not at all worried]? F orward/reverse response option order",,
V161298,PRE: W orking now: out of work or laid off in last 6 mos,IF INITIAL ST A TUS IS WORKING NOW / IF INITIAL ST A TUS NOT WORKING NOW BUT R IS DETERMINED TO BE CURRENTL Y WORKG: W ere you out of work or laid off at any time during the last six months?,,
V161299,PRE: W orking now: had reduction in work hrs or pay cut,"IF INITIAL ST A TUS IS WORKING NOW / IF INITIAL ST A TUS NOT WORKING NOW BUT R IS DETERMINED TO BE CURRENTL Y WORKG: During the last six months, have you had a reduction in your work hours or had to take a cut in pay at any time for reasons other than illness or personal choice?",,
V161300a,PRE: W orking now - spouse/partner employment status,"IF R IS MARRIED/ IF R IS P AR TNERED: Please look at page [PRELOAD: page] of the booklet. W e’d like to know about your [husband or wife / partner]. Is your [husband or wife / partner] working now, temporarily laid off, or is your [husband or wife /partner] unemployed, retired, perma- nently disabled, a homemaker, a student, or what? ENTER ALL THA T APPL Y F or W eb administration, reference to the respondent booklet was omitted.","0. Not selected
1. Selected
","-1. INAP , -9 in V161268/2,-9
-9. Refused entire question
"
V161300b,PRE: T emporarily laid off - spouse/partner employment status,"IF R IS MARRIED/ IF R IS P AR TNERED: Please look at page [PRELOAD: page] of the booklet. W e’d like to know about your [husband or wife / partner]. Is your [husband or wife / partner] working now, temporarily laid off, or is your [husband or wife /partner] unemployed, retired, perma- nently disabled, a homemaker, a student, or what? ENTER ALL THA T APPL Y F or W eb administration, reference to the respondent booklet was omitted.","0. Not selected
1. Selected
","-1. INAP , -9 in V161268/2,-9
-9. Refused entire question
"
V161300c,PRE: Unemployed - spouse/partner employment status,"IF R IS MARRIED/ IF R IS P AR TNERED: Please look at page [PRELOAD: page] of the booklet. W e’d like to know about your [husband or wife / partner]. Is your [husband or wife / partner] working now, temporarily laid off, or is your [husband or wife /partner] unemployed, retired, perma- nently disabled, a homemaker, a student, or what? ENTER ALL THA T APPL Y F or W eb administration, reference to the respondent booklet was omitted.","0. Not selected
1. Selected
","-1. INAP , -9 in V161268/2,-9
-9. Refused entire question
"
V161300d,PRE: Retired - spouse/partner employment status,"IF R IS MARRIED/ IF R IS P AR TNERED: Please look at page [PRELOAD: page] of the booklet. W e’d like to know about your [husband or wife / partner]. Is your [husband or wife / partner] working now, temporarily laid off, or is your [husband or wife /partner] unemployed, retired, perma- nently disabled, a homemaker, a student, or what? ENTER ALL THA T APPL Y F or W eb administration, reference to the respondent booklet was omitted.","0. Not selected
1. Selected
","-1. INAP , -9 in V161268/2,-9
-9. Refused entire question
"
V161300e,PRE: Permanently disabled - spouse/partner employment status,"IF R IS MARRIED/ IF R IS P AR TNERED: Please look at page [PRELOAD: page] of the booklet. W e’d like to know about your [husband or wife / partner]. Is your [husband or wife / partner] working now, temporarily laid off, or is your [husband or wife /partner] unemployed, retired, perma- nently disabled, a homemaker, a student, or what? ENTER ALL THA T APPL Y F or W eb administration, reference to the respondent booklet was omitted.","0. Not selected
1. Selected
","-1. INAP , -9 in V161268/2,-9
-9. Refused entire question
"
V161300f,PRE: Homemaker - spouse/partner employment status,"IF R IS MARRIED/ IF R IS P AR TNERED: Please look at page [PRELOAD: page] of the booklet. W e’d like to know about your [husband or wife / partner]. Is your [husband or wife / partner] working now, temporarily laid off, or is your [husband or wife /partner] unemployed, retired, perma- nently disabled, a homemaker, a student, or what? ENTER ALL THA T APPL Y F or W eb administration, reference to the respondent booklet was omitted.","0. Not selected
1. Selected
","-1. INAP , -9 in V161268/2,-9
-9. Refused entire question
"
V161300g,PRE: Student - spouse/partner employment status,"IF R IS MARRIED/ IF R IS P AR TNERED: Please look at page [PRELOAD: page] of the booklet. W e’d like to know about your [husband or wife / partner]. Is your [husband or wife / partner] working now, temporarily laid off, or is your [husband or wife /partner] unemployed, retired, perma- nently disabled, a homemaker, a student, or what? ENTER ALL THA T APPL Y F or W eb administration, reference to the respondent booklet was omitted.","0. Not selected
1. Selected
","-1. INAP , -9 in V161268/2,-9
-9. Refused entire question
"
V161301a,PRE: Spouse partner placeholder redacted,IF R IS MARRIED/P AR TNERED AND HAS MENTIONED SPOUSE/P AR TNER IS WORKING: What is your [spouse’s/partner’s] main occupation? (What kind of work does your [spouse/partner] do? What are the most important activities or duties?),,"-2. Redacted text, separate file
"
V161301b,PRE: Spouse partner placeholder code,IF R IS MARRIED/P AR TNERED AND HAS MENTIONED SPOUSE/P AR TNER IS WORKING: What is your [spouse’s/partner’s] main occupation? (What kind of work does your [spouse/partner] do? What are the most important activities or duties?) 87 unique outcomes. 20 most frequently appearing outcomes: ANES 2016 Codebook - V ersion 20190904 - page 489,,
V161302,PRE: Anyone in HH belong to labor union,Do you or anyone else in this household belong to a labor union or to an employee association similar to a union?,"1. Y es
2. No
","-8. Don’t know (FTF only)
-9. Refused
"
V161303,PRE: Who in HH belongs to labor union,"IF SOMEONE IN HOUSEHOLD BELONGS TO LABOR UNION: Who is it that belongs? ENTER ALL THA T APPL Y F or W eb administration, the first response option was labeled ‘Y ou’ instead of ‘Respondent. ’","1. Respondent only
2. Respondent and spouse/partner
3. Respondent and someone else
4. Spouse/partner only
6. Someone else only
","-1. INAP ,
"
V161304,PRE: Think of self as belonging to class,IF R IS SELECTED FOR THE 4-QUESTION SET OF SOCIAL CLASS QUESTIONS IN THE PRE: There’s been some talk these days about dif- ferent social classes. Most people say they belong either to the middle class or the working class. Do you ever think of yourself as belonging in one of these classes? RANDOMIZA TION: Old or new version of class question,"1. Y es
2. No
0. Lower class or poor
1. Middle class
2. W orking class
3. Both <volunteered>
4. Upper class <volunteered>
7. Other specify given as:0. Upper class <volunteered>
1. Middle class
2. W orking class
3. Neither <volunteered>
4. Lower class or poor
5. Other SPECIFY (FTF
7. Other specify given as:","-1. INAP , selected for
-8. Don’t know (FTF only)
-9. Refused
-1. INAP ,
-9. Refused-1. INAP ,
-8. Don’t know (FTF only)
-9. Refused"
V161305a,PRE: Social Class: working or middle,IF R IS SELECTED FOR THE 4-QUESTION SET OF SOCIAL CLASS QUESTIONS IN THE PRE: IF R THINKS OF SELF AS MEMBER OF EITHER MIDDLE OR WORKING CLASS: Which one? F or W eb admin- istration only response options 1 and 2 appeared. RANDOMIZA TION: Old or new version of class question,"0. Lower class or poor
1. A verage middle/working
2. Upper middle/working
3. Lower middle/working
4. Upper class <volunteered>
5. Other SPECIFY","-1. INAP ,
-8. Don’t know (FTF only)
-9. Refused"
V161305b,PRE: Social Class: had to choose working middle,"IF R IS SELECTED FOR THE 4-QUESTION SET OF SOCIAL CLASS QUESTIONS IN THE PRE: IF R DOESN’T THINK/ DK IF THINKS OF SELF AS MIDDLE OR WORKING CLASS: W ell, if you had to make a choice, would you call yourself middle class or working class? F or W eb administration only response options 1 and 2 appeared. RANDOMIZA TION: Old or new version of class question",,
V161306,PRE: Social class: average or upper working middle class,IF R IS SELECTED FOR THE 4-QUESTION SET OF SOCIAL CLASS QUESTIONS IN THE PRE: IF R THINKS OF SELF AS MIDDLE CLASS / IF R THINKS OF SELF AS WORKING CLASS: W ould you say that you are about average [middle/working] class or that you are in the upper part of the [middle/working] class? ] F or W eb administration only response options 1 and 2 appeared. RANDOMIZA TION: Old or new version of class question,,
V161307,PRE: Social class (2-question version),"IF R IS SELECTED FOR THE 2-QUESTION SET OF SOCIAL CLASS QUESTIONS IN THE PRE: How would you describe your social class? Are you in the lower class, the working class, the middle class, or the upper class? RANDOMIZA TION: Old or new version of class question","1. Lower class
2. W orking class
3. Middle class
4. Upper class
1. Lower middle class
2. Middle class
3. Upper middle class","-1. INAP , selected for
-8. Don’t know (FTF only)
-9. Refused
-1. INAP ,
-8. Don’t know (FTF only)"
V161307a,PRE: EGSS social class if middle class,"IF R IS SELECTED FOR THE 2-QUESTION SET OF SOCIAL CLASS QUESTIONS IN THE PRE: IF R HAS INDICA TED SOCIAL CLASS AS MIDDLE CLASS: Are you in the lower middle class, the middle class, or the upper middle class? RANDOMIZA TION: Old or new version of class question",,
V161308x,PRE: SUMMAR Y - R self-identified social class,Not applicable,,"-2. Coded summary will be
"
V161309,"PRE: R: Are you Spanish, Hispanic, or Latino","Are you Spanish, Hispanic, or Latino?","1. Y es
2. No
0. Not selected
1. Selected0. Not selected
1. Selected0. Not selected
1. Selected0. Not selected
1. Selected0. Not selected
1. Selected0. Not selected
1. Selected0. Not selected
1. Selected0. Not selected
1. Selected0. Not selected
1. Selected0. Not selected
1. Selected0. Not selected
1. Selected0. Not selected
1. Selected0. Not selected
1. Selected0. Not selected
1. Selected0. Not selected
1. Selected0. Not selected
1. Selected","-8. Don’t know (FTF only)
-9. Refused
-1. INAP ,
-5. Interview breakoff
-9. Refused question-1. INAP ,
-5. Interview breakoff
-9. Refused question-1. INAP ,
-5. Interview breakoff
-9. Refused question-1. INAP ,
-5. Interview breakoff
-9. Refused question-1. INAP ,
-5. Interview breakoff
-9. Refused question-1. INAP ,
-5. Interview breakoff
-9. Refused question-1. INAP ,
-5. Interview breakoff
-9. Refused question-1. INAP ,
-5. Interview breakoff
-9. Refused question-1. INAP ,
-5. Interview breakoff
-9. Refused question-1. INAP ,
-5. Interview breakoff
-9. Refused question-1. INAP ,
-5. Interview breakoff
-9. Refused question-1. INAP ,
-5. Interview breakoff
-9. Refused question-1. INAP ,
-5. Interview breakoff
-9. Refused question-1. INAP ,
-5. Interview breakoff
-9. Refused question-1. INAP ,
-5. Interview breakoff
-9. Refused question-1. INAP ,
-5. Interview breakoff
-9. Refused question"
V161310a,PRE: R self-identified race - White mentioned,"I am going to read you a list of five race categories. Please choose one or more races that you consider yourself to be: - white, - black or African- American, - American Indian or Alaska Native, - Asian, or - Native Hawaiian or other Pacific Islander? PROBE FOR RACE IF R SA YS HISP ANIC OR A HISP ANIC ORIGIN ENTER ALL THA T APPL Y F or W eb administration, the question txt was: Please choose one or more races that you consider yourself to be (Mark all that apply).","0. Not selected
1. Selected
","-8. Don’t know race (FTF only)
-9. Refused question
"
V161310b,PRE: R self-identified race -Black/African-American mentioned,"I am going to read you a list of five race categories. Please choose one or more races that you consider yourself to be: - white, - black or African- American, - American Indian or Alaska Native, - Asian, or - Native Hawaiian or other Pacific Islander? PROBE FOR RACE IF R SA YS HISP ANIC OR A HISP ANIC ORIGIN ENTER ALL THA T APPL Y F or W eb administration, the question txt was: Please choose one or more races that you consider yourself to be (Mark all that apply).","0. Not selected
1. Selected
","-8. Don’t know race (FTF only)
-9. Refused question
"
V161310c,PRE: R self-identified race - American Indian/Alaska Native mentioned,"I am going to read you a list of five race categories. Please choose one or more races that you consider yourself to be: - white, - black or African- American, - American Indian or Alaska Native, - Asian, or - Native Hawaiian or other Pacific Islander? PROBE FOR RACE IF R SA YS HISP ANIC OR A HISP ANIC ORIGIN ENTER ALL THA T APPL Y F or W eb administration, the question txt was: Please choose one or more races that you consider yourself to be (Mark all that apply).","0. Not selected
1. Selected
","-8. Don’t know race (FTF only)
-9. Refused question
"
V161310d,PRE: R self-identified race - Asian mentioned,"I am going to read you a list of five race categories. Please choose one or more races that you consider yourself to be: - white, - black or African- American, - American Indian or Alaska Native, - Asian, or - Native Hawaiian or other Pacific Islander? PROBE FOR RACE IF R SA YS HISP ANIC OR A HISP ANIC ORIGIN ENTER ALL THA T APPL Y F or W eb administration, the question txt was: Please choose one or more races that you consider yourself to be (Mark all that apply).","0. Not selected
1. Selected
","-8. Don’t know race (FTF only)
-9. Refused question
"
V161310e,PRE: R self-identified race - Native Hawaiian/Other Pacific Islander men-,"I am going to read you a list of five race categories. Please choose one or more races that you consider yourself to be: - white, - black or African- American, - American Indian or Alaska Native, - Asian, or - Native Hawaiian or other Pacific Islander? PROBE FOR RACE IF R SA YS HISP ANIC OR A HISP ANIC ORIGIN ENTER ALL THA T APPL Y F or W eb administration, the question txt was: Please choose one or more races that you consider yourself to be (Mark all that apply).","0. Not selected
1. Selected
","-8. Don’t know race (FTF only)
-9. Refused question
"
V161310f,PRE: R self-identified race - other mention,"I am going to read you a list of five race categories. Please choose one or more races that you consider yourself to be: - white, - black or African- American, - American Indian or Alaska Native, - Asian, or - Native Hawaiian or other Pacific Islander? PROBE FOR RACE IF R SA YS HISP ANIC OR A HISP ANIC ORIGIN ENTER ALL THA T APPL Y F or W eb administration, the question txt was: Please choose one or more races that you consider yourself to be (Mark all that apply).","0. Not selected
1. Selected
","-8. Don’t know race (FTF only)
-9. Refused question
"
V161310g,PRE: R race other mention type,"I am going to read you a list of five race categories. Please choose one or more races that you consider yourself to be: - white, - black or African- American, - American Indian or Alaska Native, - Asian, or - Native Hawaiian or other Pacific Islander? PROBE FOR RACE IF R SA YS HISP ANIC OR A HISP ANIC ORIGIN ENTER ALL THA T APPL Y F or W eb administration, the question txt was: Please choose one or more races that you consider yourself to be (Mark all that apply).","0. Other specify - not given
1. Other specify given as:
2. Other specify given as:
3. Other specify given as:
4. Other specify given as:
7. Other specify given as:
12. Other specify given as
13. Other specify given as
17. Other specify given as
27. Other specify given as
77. Other specify given as
88. Other specify given as
",
V161310x,PRE: SUMMAR Y - R self-identified race,"I am going to read you a list of five race categories. Please choose one or more races that you consider yourself to be: - white, - black or African- American, - American Indian or Alaska Native, - Asian, or - Native Hawaiian or other Pacific Islander? PROBE FOR RACE IF R SA YS HISP ANIC OR A HISP ANIC ORIGIN ENTER ALL THA T APPL Y F or W eb administration, the question txt was: Please choose one or more races that you consider yourself to be (Mark all that apply).","1. White, non-Hispanic
2. Black, non-Hispanic
3. Asian, native Hawaiian or
4. Native American or Alaska
5. Hispanic
6. Other non-Hispanic incl
","-2. Missing
"
V161311,PRE: RESTRICTED T ext- R self-identified ethnic group(s) other than,"In addition to being American, what do you consider your main ethnic group or nationality group?",,"-3. Restricted access, not
"
V161312a,PRE: RESTRICTED Codes - R self-identified ethnic group(s) other than,"In addition to being American, what do you consider your main ethnic group or nationality group?",,"-3. Restricted access, not
"
V161313,PRE: FTF ONL Y: IWR CHECKPOINT: number of ethnic mentions,"IF MODE IS F ACE-TO-F ACE: ENTER NUMBER OF ETHNIC GROUPS MENTIONED BY R: IF UNSURE OF THE NUMBER OF MENTIONS, PLEASE CODE AS 2. DO NOT COUNT MENTIONS OF ‘AMERICAN’ OR ‘JUST AMERICAN’","0. None (incl DK) in addition
1. One
2. More than one (two or
3. Respondent refused to
","-1. INAP , W eb mode
"
V161314,PRE: RESTRICTED - R ethnic group identifies with most,IF R MENTIONED MORE THAN 1 NA TIONALITY/ETHNIC GROUP: With which of these groups do you most closely identify?,,"-3. Restricted access, not
"
V161314a,PRE: RESTRICTED Code - ethic group most identify with,IF R MENTIONED MORE THAN 1 NA TIONALITY/ETHNIC GROUP: With which of these groups do you most closely identify?,,"-3. Restricted access, not
"
V161315,PRE: Native status of parents,"Where were your parents born? W ere they both born in the U.S., was only one born in the U.S., or were both born in another country?","1. Both parents born in the
2. One parent born in the
3. Both parents born in
","-8. Don’t know (FTF only)
-9. Refused
"
V161316,"PRE: Rs: born U.S., Puerto Rico, or some other country","In what state, country , or territory were you born?","1. A U.S. state or D.C.
2. Puerto Rico
3. Another U.S. territory
4. Another country
7. Other specify as: U.S.
1. Became citizen before
2. Became citizen
3. Became citizen
4. Became citizen
7. FTF: Born outside the","-8. Don’t know (FTF only)
-9. Refused
-1. INAP ,
-8. Don’t know
-9. Refused"
V161317,PRE: How many grandparents born outside the U.S.,"How many of your grandparents, if any , were born outside the U.S.A.?","0. None
1. One
2. T wo
3. Three
4. All
","-8. Don’t know (FTF only)
-9. Refused
"
V161318,PRE: RESTRICTED - Hispanic country/countries of origin,IF R IS HISP ANIC: F amilies of Hispanic or Latino background in the United States come from many different places. Which Spanish-speaking or Latin American country or territory does most of your family come from? ENTER ALL THA T APPL Y,,"-3. Restricted access, not
"
V161319,PRE: LA TINO Rs: RESTRICTED- most family from which country,IF R IS HISP ANIC: IF MORE THAN 1 ANSWER OTHER THAN DK/RF GIVEN AS COUNTRIES OF ANCESTR Y: Y ou said your family comes from [DEM.HISPCNTR Y]. Which one of these does most of your family come from?,,"-3. Restricted access, not
"
V161319x,PRE: SUMMAR Y - Hispanic summary,Not applicable,"1. Mexican (country Mexico)
2. Puerto Rican (country
3. Other Hispanic or more
4. Hispanic, type not
7. Not Hispanic
","-8. Don’t know if Hispanic
-9. Refused if Hispanic
"
V161320,PRE: Latino Rs: Mexican heritage:,"IF R IS HISP ANIC: IF R MENTIONS HISP ANIC ANCESTR Y AS SP AIN, U.S. OR UNLISTED ‘OTHER’ COUNTR Y: Do you or your family trace any of your ancestry to Mexico?","1. Y es
2. No
","-1. INAP ,
-4. Error: missing due to
-9. Refused
"
V161321,PRE: RESTRICTED- NON-US BORN Rs: When did R arrive in U.S.,IF R W AS NOT BORN IN THE U.S.: When did you first arrive to live in the U.S. (mainland)? RECORD 4-DIGIT YEAR 1914-2016,,"-3. Restricted access for
"
V161321a,PRE: NON-US BORN Rs: Time period when R arrived in U.S.,IF R W AS NOT BORN IN THE U.S.: When did you first arrive to live in the U.S. (mainland)? RECORD 4-DIGIT YEAR 1914-2016,"1. Arrived before
2. Arrived
3. Arrived
4. Arrived
","-1. INAP ,
-8. Don’t know
-9. Refused
"
V161322,PRE: RESTRICTED- NON-US BORN Rs: In what year did R become a,"IF R W AS NOT BORN IN THE U.S., PUER TO RICO, OR U.S. TERRI- TOR Y: In what year did you become a naturalized U.S. citizen? RECORD 4-DIGIT YEAR 1910-2016 OR: 7777. BORN OUTSIDE THE U.S. BUT BORN A U.S. CITIZEN [VOL ] F or W eb administration, response option 7777 was not used, and the word ‘naturalized’ appeared in parentheses.",,"-3. Restricted access for
"
V161322a,PRE: NON-US BORN Rs: Time period when R became U.S. citizen,"IF R W AS NOT BORN IN THE U.S., PUER TO RICO, OR U.S. TERRI- TOR Y: In what year did you become a naturalized U.S. citizen? RECORD 4-DIGIT YEAR 1910-2016 OR: 7777. BORN OUTSIDE THE U.S. BUT BORN A U.S. CITIZEN [VOL ] F or W eb administration, response option 7777 was not used, and the word ‘naturalized’ appeared in parentheses.",,
V161323,PRE: LA TINO Rs: language at home,"IF R INDICA TES SELF AS SP ANISH, HISP ANIC, OR LA TINO: What lan- guage do you primarily speak at home with your family? Is it only English, mostly English, both languages equally , mostly Spanish, or only Spanish?","1. Only English
2. Mostly English
3. Both languages equally
4. Mostly Spanish
5. Only Spanish
","-1. INAP ,
-8. Don’t know (FTF only)
"
V161324,PRE: How many children in HH age 0-17,How many children or teenagers age 0 to 17 live in this household?,"0. No children
1. One child
2. T wo children
3. Three children
4. F our children
5. Five children
6. Six children
7. Seven children
9. More than eight children
","-9. Refused
"
V161325a,PRE: School enrollment of HH children- public school,"IF THERE ARE MORE THAN 1 CHILD AGE 17 OR YOUNGER IN HOUSEHOLD / IF THERE IS 1 CHILD AGE 17 OR YOUNGER IN HOUSEHOLD: [Are the children in your household/ Is the child in your household] enrolled in public school, private religious school, private non- religious school, or home school, or not in school? ENTER ALL THA T APPL Y W eb administration allowed multiple punches for a single child but face-to-face administration did not.","0. Not selected
1. Selected
","-1. INAP ,
-9. Refused question
"
V161325b,PRE: School enrollment of HH children- private religious school,"IF THERE ARE MORE THAN 1 CHILD AGE 17 OR YOUNGER IN HOUSEHOLD / IF THERE IS 1 CHILD AGE 17 OR YOUNGER IN HOUSEHOLD: [Are the children in your household/ Is the child in your household] enrolled in public school, private religious school, private non- religious school, or home school, or not in school? ENTER ALL THA T APPL Y W eb administration allowed multiple punches for a single child but face-to-face administration did not.","0. Not selected
1. Selected
","-1. INAP ,
-9. Refused question
"
V161325c,PRE: School enrollment of HH children- private non-religious school,"IF THERE ARE MORE THAN 1 CHILD AGE 17 OR YOUNGER IN HOUSEHOLD / IF THERE IS 1 CHILD AGE 17 OR YOUNGER IN HOUSEHOLD: [Are the children in your household/ Is the child in your household] enrolled in public school, private religious school, private non- religious school, or home school, or not in school? ENTER ALL THA T APPL Y W eb administration allowed multiple punches for a single child but face-to-face administration did not.","0. Not selected
1. Selected
","-1. INAP ,
-9. Refused question
"
V161325d,PRE: School enrollment of HH children- home schooling,"IF THERE ARE MORE THAN 1 CHILD AGE 17 OR YOUNGER IN HOUSEHOLD / IF THERE IS 1 CHILD AGE 17 OR YOUNGER IN HOUSEHOLD: [Are the children in your household/ Is the child in your household] enrolled in public school, private religious school, private non- religious school, or home school, or not in school? ENTER ALL THA T APPL Y W eb administration allowed multiple punches for a single child but face-to-face administration did not.","0. Not selected
1. Selected
","-1. INAP ,
-9. Refused question
"
V161325e,PRE: School enrollment of HH children- not enrolled in school,"IF THERE ARE MORE THAN 1 CHILD AGE 17 OR YOUNGER IN HOUSEHOLD / IF THERE IS 1 CHILD AGE 17 OR YOUNGER IN HOUSEHOLD: [Are the children in your household/ Is the child in your household] enrolled in public school, private religious school, private non- religious school, or home school, or not in school? ENTER ALL THA T APPL Y W eb administration allowed multiple punches for a single child but face-to-face administration did not.","0. Not selected
1. Selected
","-1. INAP ,
-9. Refused question
"
V161326,PRE: Internet use at home,Do you or does anyone in this household connect to the Internet from home?,"1. Y es
2. No
","-8. Don’t know (FTF only)
-9. Refused
"
V161327,PRE: Cell or Landline service,"What type of telephone numbers can be used to reach your household? Do you (and the rest of the people living here) have only landline telephone service, only cell phone service, or both landline and cell phone service at home?","1. Only landline service
2. Only cell service
3. Both landline and cell service
","-8. Don’t know (FTF only)
-9. Refused
"
V161328,PRE: Does R personally have a cell phone,"IF CELL PHONE SER VICE IN HOUSEHOLD: Do you personally have a cell phone, or not?","1. Y es, have a cell phone
2. No, do not have a cell phone
1. Y es, have a smartphone
2. No smartphone","-1. INAP ,1,-8,-9 in V161327
-9. Refused
-1. INAP/2,-8,-9 in
-9. Refused"
V161329,PRE: Is R’s cell phone a smartphone,"IF R HAS A CELL PHONE: Do you have a ‘smartphone’ or not? By ‘smartphone,’ we mean a cell phone that will run apps and connect to the Internet, like an iPhone or Android phone.",,
V161330,PRE: Where R grew up,"In what state, country , or territory did you mainly grow up? 57 unique outcomes. 20 most frequently appearing outcomes:",,
V161331a,PRE: How long lived in this community YRS,"How long have you lived in your present community? YEARS: ENTER YEARS, THEN MONTHS. ENTER YEARS 0-100. ENTER 0 IF ANSWER W AS GIVEN IN MONTHS ONL Y. IF R SA YS ‘ALL MY LIFE’ ASK: HOW MANY YEARS? 42 unique outcomes. 20 most frequently appearing outcomes:",,
V161331b,PRE: How long lived in this community MONTHS,MONTHS: ENTER 0 IF ANSWER GIVEN IN YEARS ONL Y. DO NOT ENTER MONTHS ONL Y IF TIME PERIOD MORE THAN 24 MONTHS,,"-9. Refused
"
V161331x,PRE: SUMMAR Y - Length in current community,Not applicable 41 unique outcomes. 20 most frequently appearing outcomes:,,
V161332,PRE: RESTRICTED- (<24 tot mos in community) Zip Code of previous,IF R HAS LIVED IN CURRENT COMMUNITY LESS THAN 2 YEARS: What was the zip code where you previously lived? ENTER 00000 FOR ‘NONE’,,"-3. Restricted access, not
"
V161333,PRE: RESTRICTED- City/state of previous residence,IF R HAS LIVED IN CURRENT COMMUNITY LESS THAN 2 YEARS: IF R DOES NOT KNOW/RF THE ZIP CODE OF WHERE PREVIOUSL Y LIVED: What was the city and state where you previously lived?,,"-3. Restricted access, not
"
V161334,PRE: Home ownership,"Do you pay rent for your home, make monthly mortgage payments for your home, own your home outright with no payments due, or have some other living arrangement?","1. Pay rent
2. Pay mortgage
3. Own home with no payments due
4. Some other arrangement
","-8. Don’t know (FTF only)
-9. Refused
"
V161335,PRE: Has R ever changed name,"IF R IS NOT FEMALE/ IF R IS FEMALE: Has your name ever changed or have you never changed your first or last name?/ Has your name ever changed (for example, because you got married), or have you never changed your first or last name?","1. Have changed name
2. Never changed name
","-9. Refused
"
V161335a,PRE: RESTRICTED- Y ear of most recent change,IF R HAS CHANGED NAME: What year did you most recently change your name?,,"-3. Restricted access for
"
V161336,PRE: Has R ever used an alternate name,Have you ever gone by an alternative or different name?,"1. Y es
2. No
","-9. Refused
"
V161337,PRE: Y ears R lived at address,"How many years have you lived at this address? IWR INSTRUCTION: IF LESS THAN ONE YEAR OR LESS THAN 12 MONTHS, ENTER 0.",,"-8. Don’t know
-9. Refused
"
V161338,PRE: RESTRICTED- (<5 years at address) Where did R live five years ago,"IF R HAS LIVED A T CURRENT ADDRESS LESS THAN 5 YEARS: Where did you live five years ago? Please tell me the city , state, and ZIP code if you remember it.",,"-3. Restricted access, not
"
V161339,PRE: Does R have unexpired govt Drivers license,"Do you have a non-expired Driver’s License, or do you not have one?","1. Have a non-expired
2. Do not have one
","-9. Refused
"
V161340,PRE: Does R have unexpired govt Passport,"Do you have a non-expired U.S. passport, or do you not have one?","1. Have a non-expired U.S.
2. Do not have one
","-8. Don’t know (FTF only)
-9. Refused
"
V161341,PRE: Does R have other govt ID,"IF R DOES NOT HA VE NONEXPIRED DRIVERS LICENSE: IF R DOES NOT HA VE NONEXPIRED P ASSPOR T Do you have any form of non- expired, government issued photo ID, such as a state ID card or military ID?","1. Have another form of ID
2. Do not have
","-1. INAP ,
-9. Refused
"
V161342,PRE FTF CASI / WEB: R self-identified gender,What is your gender?,"1. Male
2. F emale
3. Other
","-9. Refused
"
V161342a,PRE: RESTRICTED - Other gender follow-up,IF R INDICA TES GENDER IS NOT MALE OR FEMALE: What is your gender?,,"-3. Restricted access for
"
V161343,PRE FTF CASI/WEB: Roughing up protestors,"When protestors get ‘roughed up’ for disrupting political events, how much do they generally deserve what happens to them? F orward/reverse response option order","1. Not at all
2. A little
3. A moderate amount
4. A lot
5. A great deal
","-5. Interview breakoff
-9. Refused
"
V161344,PRE FTF CASI/WEB: Justified to use violence,How much do you feel it is justified for people to use violence to pursue their political goals in this country? F orward/reverse response option order,"1. Not at all
2. A little
3. A moderate amount
4. A lot
5. A great deal
","-5. Interview breakoff
-9. Refused
"
V161345,PRE FTF CASI/WEB: Consider yourself a feminist,"Do you consider yourself a [strong feminist, a feminist, or are you not a feminist / not a feminist, a feminist, or a strong feminist]? F orward/reverse response option order","1. Strong feminist
2. F eminist
3. Not a feminist
","-5. Interview breakoff
-9. Refused
"
V161346,PRE FTF CASI/WEB: How well does feminist describe you,How well does the term feminist’ describe you? F orward/reverse response option order,"1. Extremely well
2. V ery well
3. Somewhat well
4. Not very well
5. Not at all
","-5. Interview breakoff
-9. Refused
"
V161347,PRE FTF CASI/WEB: How important is being a feminist,"IF HOW WELL TERM FEMINIST APPLIES TO R IS MORE THAN ‘NOT A T ALL’: How important is it to you to be a feminist? [Extremely important, very important, somewhat important, a little important, or not at all important / not at all important, a little important, somewhat important, very important or extremely important]? F orward/reverse response option order","1. Extremely important
2. V ery important
3. Somewhat important
4. A little important
5. Not at all important
","-1. INAP ,
-5. Interview breakoff
-9. Refused
"
V161348,PRE FTF CASI/WEB: How well does anti-feminist describe you,"How well does the term anti-feminist’ describe you? [Extremely well, very well, somewhat well, not very well, or not at all / Not at all, not very well, somewhat well, very well or extremely well]? F orward/reverse response option order","1. Extremely well
2. V ery well
3. Somewhat well
4. Not very well
5. Not at all
","-5. Interview breakoff
-9. Refused
"
V161349,PRE FTF CASI/WEB: How important is being anti-feminist,"IF HOW WELL TERM ANTI-FEMINIST APPLIES TO R IS MORE THAN ‘NOT A T ALL’: How important is it to you to be an anti-feminist? [Extremely important, very important, somewhat important, a little im- portant, or not at all important / not at all important, a little important, somewhat important, very important or extremely important]? F orward/reverse response option order","1. Extremely important
2. V ery important
3. Somewhat important
4. A little important
5. Not at all important
","-1. INAP ,
-5. Interview breakoff
-9. Refused
"
V161350,PRE FTF CASI/WEB: Money invested in Stock Market,"Do you personally , or jointly with a spouse, have any money invested in the stock market right now – either in an individual stock or in a mutual fund?","1. Y es
2. No
","-5. Interview breakoff
-9. Refused
"
V161351,PRE FTF CASI/WEB: RESTRICTED- T otal income amount,"IF R IS NOT ONL Y MEMBER OF R’S F AMIL Y IN RESIDENCE IN R’S HOUSEHOLD / IF R IS ONL Y MEMBER OF R’S F AMIL Y IN RESI- DENCE IN HOUSEHOLD: The next question is about [the total income of all the members of your family living here / your total income] in 2015, before taxes. This figure should include income from all sources, including salaries, wages, pensions, Social Security , dividends, interest, and all other income. What was [the total income in 2015 of all your family members living here / your total income in 2015]? TYPE THE NUMBER. YOUR BEST GUESS IS FINE",2. Less than,"-3. Restricted access, not
-5. Interview breakoff
-1. INAP ,
-5. Interview breakoff
-9. Refused-1. INAP ,
-5. Interview breakoff
-9. Refused-1. INAP ,
-5. Interview breakoff
-9. Refused"
V161352,PRE FTF CASI/WEB: Income amt missing - ge or lt 40K,"IF TOT AL INCOME NUMBER SKIPPED TWICE (IMPLIED RE- FUSALS): W as it 40,000 or more, or less than that?","2. Less than
2. Less than2. Less than","-1. INAP , not -9 in V161351
-5. Interview breakoff
-9. Refused
-1. INAP ,
-5. Interview breakoff
-9. Refused-1. INAP ,
-5. Interview breakoff
-9. Refused-1. INAP ,2,-9 in V161358/2,-9
-5. Interview breakoff
-9. Refused"
V161353,PRE FTF CASI/WEB: Income amt missing - ge or lt 20K,"IF TOT AL INCOME NUMBER GIVEN BY R W AS DK OR RF: IF R INDICA TED INCOME LESS THAN 40,000: W as it 20,000 or more, or less than that?",1. Under,"-1. INAP ,
-5. Interview breakoff
-9. Refused-1. INAP ,
-5. Interview breakoff
-9. Refused"
V161354,PRE FTF CASI/WEB: Income amt missing - categories lt 20K,"IF TOT AL INCOME NUMBER GIVEN BY R W AS DK OR RF: IF R INDICA TED INCOME LESS THAN 40,000: IF R INDICA TED INCOME LESS THAN 20,000: Please mark the answer that includes the income of all members of your family living here in 2015 before taxes.",,
V161355,PRE FTF CASI/WEB: Income amt missing - categories 20-40K,"IF TOT AL INCOME NUMBER GIVEN BY R W AS DK OR RF: IF R INDICA TED INCOME LESS THAN 40,000: IF R INDICA TED INCOME 20,000 OR MORE: Please mark the answer that includes the income of all members of your family living here in 2015 before taxes.",,
V161356,PRE FTF CASI/WEB: Income amt missing - ge or lt 70K,"IF TOT AL INCOME NUMBER GIVEN BY R W AS DK OR RF: IF R INDICA TED INCOME 40,000 OR MORE: W as it 70,000 or more, or less than that?",,
V161357,PRE FTF CASI/WEB: Income amt missing - categories 40-70K,"IF TOT AL INCOME NUMBER GIVEN BY R W AS DK OR RF: IF R INDICA TED INCOME 40,000 OR MORE: IF R INDICA TED INCOME LESS THAN 70,000: Please mark the answer that includes the income of all members of your family living here in 2015 before taxes.",,
V161358,PRE FTF CASI/WEB: Income amt missing - ge or lt 100K,"IF TOT AL INCOME NUMBER GIVEN BY R W AS DK OR RF: IF R INDICA TED INCOME 40,000 OR MORE: IF R INDICA TED INCOME 70,000 OR MORE: W as it 100,000 or more, or less than that?",,
V161359,PRE FTF CASI/WEB: Income amt missing - categories 70-100K,"IF TOT AL INCOME NUMBER GIVEN BY R W AS DK OR RF: IF R INDI- CA TED INCOME 40,000 OR MORE: IF R INDICA TED INCOME 70,000 OR MORE: IF R INDICA TED INCOME LESS THAN 100,000: Please mark the answer that includes the income of all members of your family living here in 2015 before taxes.",,
V161360,PRE FTF CASI/WEB: Income amt missing - categories 100+K,"IF TOT AL INCOME NUMBER GIVEN BY R W AS DK OR RF: IF R INDICA TED INCOME 40,000 OR MORE: IF R INDICA TED INCOME 70,000 OR MORE: IF R INDICA TED INCOME 100,000 OR MORE: Please mark the answer that includes the income of all members of your family living here in 2015 before taxes.",,
V161361x,PRE FTF CASI/WEB: Pre income summary,Not applicable 30 unique outcomes. 20 most frequently appearing outcomes:,,
V161362,PRE FTF CASI/WEB: Need to be more sensitive talking or people too,Some people think that the way people talk needs to change with the times to be more sensitive to people from different backgrounds. Others think that this has already gone too far and many people are just too easily offended. Which is closer to your opinion?,"1. The way people talk needs
2. The way people talk needs
3. People are a little too
4. People are much too easily
","-5. Interview breakoff
-9. Refused
"
V161363a,PRE FTF CASI/WEB: Mention: T elevision news programs (morning or,F rom which of the following sources have you heard anything about the presidential campaign? (Mark all that apply),"0. Not selected
1. Selected
","-5. Interview breakoff
-9. Refused question
"
V161363b,PRE FTF CASI/WEB: Mention: Newspapers,F rom which of the following sources have you heard anything about the presidential campaign? (Mark all that apply),"0. Not selected
1. Selected
0. Not selected
1. Selected0. Not selected
1. Selected0. Not selected
1. Selected0. Not selected
1. Selected","-5. Interview breakoff
-9. Refused question
-1. INAP ,
-5. Interview breakoff
-9. Refused question-1. INAP ,
-5. Interview breakoff
-9. Refused question-1. INAP ,
-5. Interview breakoff
-9. Refused question-1. INAP ,
-9. Refused question-1. INAP ,-1. INAP ,-1. INAP ,"
V161363c,"PRE FTF CASI/WEB: Mention: T elevision talk shows, public affairs, or",F rom which of the following sources have you heard anything about the presidential campaign? (Mark all that apply),"0. Not selected
1. Selected
","-5. Interview breakoff
-9. Refused question
"
V161363d,"PRE FTF CASI/WEB: Mention: Internet sites, chat rooms, or blogs",F rom which of the following sources have you heard anything about the presidential campaign? (Mark all that apply),"0. Not selected
1. Selected
","-5. Interview breakoff
-9. Refused question
"
V161363e,PRE FTF CASI/WEB: Mention: Radio news or talk shows,F rom which of the following sources have you heard anything about the presidential campaign? (Mark all that apply),"0. Not selected
1. Selected
","-5. Interview breakoff
-9. Refused question
"
V161363f,PRE FTF CASI/WEB: Mention: Have not heard anything about the pres-,F rom which of the following sources have you heard anything about the presidential campaign? (Mark all that apply),"0. Not selected
1. Selected
","-5. Interview breakoff
-9. Refused question
"
V161364,PRE FTF CASI/WEB: Mention: TV PROG 20/20,IF HEARD ABOUT PRES CAMP AIGN ON TV NEWS/T ALK/PUBLIC AFF AIRS/ NEWS ANAL YSIS PROG(S): Which of the following television programs do you watch regularly? Please check any that you watch at least once a month. (Mark all that apply) Randomized response option order,"0. Not selected
1. Selected
","-1. INAP ,
-5. Interview breakoff
-9. Refused question
"
V161365,PRE FTF CASI/WEB: Mention: TV PROG All In with Chris Hayes,IF HEARD ABOUT PRES CAMP AIGN ON TV NEWS/T ALK/PUBLIC AFF AIRS/ NEWS ANAL YSIS PROG(S): Which of the following television programs do you watch regularly? Please check any that you watch at least once a month. (Mark all that apply) Randomized response option order,"0. Not selected
1. Selected
","-1. INAP ,
-5. Interview breakoff
-9. Refused question
"
V161366,PRE FTF CASI/WEB: Mention: TV PROG The Blacklist,IF HEARD ABOUT PRES CAMP AIGN ON TV NEWS/T ALK/PUBLIC AFF AIRS/ NEWS ANAL YSIS PROG(S): Which of the following television programs do you watch regularly? Please check any that you watch at least once a month. (Mark all that apply) Randomized response option order,"0. Not selected
1. Selected
","-1. INAP ,
-5. Interview breakoff
-9. Refused question
"
V161367,PRE FTF CASI/WEB: Mention: TV PROG CBS Evening News with Scott,IF HEARD ABOUT PRES CAMP AIGN ON TV NEWS/T ALK/PUBLIC AFF AIRS/ NEWS ANAL YSIS PROG(S): Which of the following television programs do you watch regularly? Please check any that you watch at least once a month. (Mark all that apply) Randomized response option order,"0. Not selected
1. Selected
","-1. INAP ,
-5. Interview breakoff
-9. Refused question
"
V161368,PRE FTF CASI/WEB: Mention: TV PROG Criminal Minds,IF HEARD ABOUT PRES CAMP AIGN ON TV NEWS/T ALK/PUBLIC AFF AIRS/ NEWS ANAL YSIS PROG(S): Which of the following television programs do you watch regularly? Please check any that you watch at least once a month. (Mark all that apply) Randomized response option order,"0. Not selected
1. Selected
","-1. INAP ,
-5. Interview breakoff
-9. Refused question
"
V161369,PRE FTF CASI/WEB: Mention: TV PROG Empire,IF HEARD ABOUT PRES CAMP AIGN ON TV NEWS/T ALK/PUBLIC AFF AIRS/ NEWS ANAL YSIS PROG(S): Which of the following television programs do you watch regularly? Please check any that you watch at least once a month. (Mark all that apply) Randomized response option order,"0. Not selected
1. Selected
","-1. INAP ,
-5. Interview breakoff
-9. Refused question
"
V161370,PRE FTF CASI/WEB: Mention: TV PROG Hannity,IF HEARD ABOUT PRES CAMP AIGN ON TV NEWS/T ALK/PUBLIC AFF AIRS/ NEWS ANAL YSIS PROG(S): Which of the following television programs do you watch regularly? Please check any that you watch at least once a month. (Mark all that apply) Randomized response option order,"0. Not selected
1. Selected
","-1. INAP ,
-5. Interview breakoff
-9. Refused question
"
V161371,PRE FTF CASI/WEB: Mention: TV PROG Jimmy Kimmel Live,IF HEARD ABOUT PRES CAMP AIGN ON TV NEWS/T ALK/PUBLIC AFF AIRS/ NEWS ANAL YSIS PROG(S): Which of the following television programs do you watch regularly? Please check any that you watch at least once a month. (Mark all that apply) Randomized response option order,"0. Not selected
1. Selected
","-1. INAP ,
-5. Interview breakoff
-9. Refused question
"
V161372,PRE FTF CASI/WEB: Mention: TV PROG The Kelly File,IF HEARD ABOUT PRES CAMP AIGN ON TV NEWS/T ALK/PUBLIC AFF AIRS/ NEWS ANAL YSIS PROG(S): Which of the following television programs do you watch regularly? Please check any that you watch at least once a month. (Mark all that apply) Randomized response option order,"0. Not selected
1. Selected
","-1. INAP ,
-5. Interview breakoff
-9. Refused question
"
V161373,PRE FTF CASI/WEB: Mention: TV PROG Modern F amily,IF HEARD ABOUT PRES CAMP AIGN ON TV NEWS/T ALK/PUBLIC AFF AIRS/ NEWS ANAL YSIS PROG(S): Which of the following television programs do you watch regularly? Please check any that you watch at least once a month. (Mark all that apply) Randomized response option order,"0. Not selected
1. Selected
","-1. INAP ,
-5. Interview breakoff
-9. Refused question
"
V161374,PRE FTF CASI/WEB: Mention: TV PROG NCIS,IF HEARD ABOUT PRES CAMP AIGN ON TV NEWS/T ALK/PUBLIC AFF AIRS/ NEWS ANAL YSIS PROG(S): Which of the following television programs do you watch regularly? Please check any that you watch at least once a month. (Mark all that apply) Randomized response option order,"0. Not selected
1. Selected
","-1. INAP ,
-5. Interview breakoff
-9. Refused question
"
V161375,PRE FTF CASI/WEB: Mention: TV PROG The Nightly Show with Larry,IF HEARD ABOUT PRES CAMP AIGN ON TV NEWS/T ALK/PUBLIC AFF AIRS/ NEWS ANAL YSIS PROG(S): Which of the following television programs do you watch regularly? Please check any that you watch at least once a month. (Mark all that apply) Randomized response option order,"0. Not selected
1. Selected
","-1. INAP ,
-5. Interview breakoff
-9. Refused question
"
V161376,PRE FTF CASI/WEB: Mention: TV PROG Sunday Night F ootball,IF HEARD ABOUT PRES CAMP AIGN ON TV NEWS/T ALK/PUBLIC AFF AIRS/ NEWS ANAL YSIS PROG(S): Which of the following television programs do you watch regularly? Please check any that you watch at least once a month. (Mark all that apply) Randomized response option order,"0. Not selected
1. Selected
","-1. INAP ,
-5. Interview breakoff
-9. Refused question
"
V161377,PRE FTF CASI/WEB: Mention: TV PROG Scorpion,IF HEARD ABOUT PRES CAMP AIGN ON TV NEWS/T ALK/PUBLIC AFF AIRS/ NEWS ANAL YSIS PROG(S): Which of the following television programs do you watch regularly? Please check any that you watch at least once a month. (Mark all that apply) Randomized response option order,"0. Not selected
1. Selected
","-1. INAP ,
-5. Interview breakoff
-9. Refused question
"
V161378,PRE FTF CASI/WEB: Mention: TV PROG The Simpsons,IF HEARD ABOUT PRES CAMP AIGN ON TV NEWS/T ALK/PUBLIC AFF AIRS/ NEWS ANAL YSIS PROG(S): Which of the following television programs do you watch regularly? Please check any that you watch at least once a month. (Mark all that apply) Randomized response option order,"0. Not selected
1. Selected
","-1. INAP ,
-5. Interview breakoff
-9. Refused question
"
V161379,PRE FTF CASI/WEB: Mention: TV PROG T oday,IF HEARD ABOUT PRES CAMP AIGN ON TV NEWS/T ALK/PUBLIC AFF AIRS/ NEWS ANAL YSIS PROG(S): Which of the following television programs do you watch regularly? Please check any that you watch at least once a month. (Mark all that apply) Randomized response option order,"0. Not selected
1. Selected
","-1. INAP ,
-5. Interview breakoff
-9. Refused question
"
V161380,PRE FTF CASI/WEB: Mention: TV PROG 60 Minutes,IF HEARD ABOUT PRES CAMP AIGN ON TV NEWS/T ALK/PUBLIC AFF AIRS/ NEWS ANAL YSIS PROG(S): Which of the following television programs do you watch regularly? Please check any that you watch at least once a month. (Mark all that apply) Randomized response option order,"0. Not selected
1. Selected
","-1. INAP ,
-5. Interview breakoff
-9. Refused question
"
V161381,PRE FTF CASI/WEB: Mention: TV PROG Anderson Cooper 360,IF HEARD ABOUT PRES CAMP AIGN ON TV NEWS/T ALK/PUBLIC AFF AIRS/ NEWS ANAL YSIS PROG(S): Which of the following television programs do you watch regularly? Please check any that you watch at least once a month. (Mark all that apply) Randomized response option order,"0. Not selected
1. Selected
","-1. INAP ,
-5. Interview breakoff
-9. Refused question
"
V161382,PRE FTF CASI/WEB: Mention: TV PROG CBS This Morning,IF HEARD ABOUT PRES CAMP AIGN ON TV NEWS/T ALK/PUBLIC AFF AIRS/ NEWS ANAL YSIS PROG(S): Which of the following television programs do you watch regularly? Please check any that you watch at least once a month. (Mark all that apply) Randomized response option order,"0. Not selected
1. Selected
","-1. INAP ,
-5. Interview breakoff
-9. Refused question
"
V161383,PRE FTF CASI/WEB: Mention: TV PROG Dancing with the Stars,IF HEARD ABOUT PRES CAMP AIGN ON TV NEWS/T ALK/PUBLIC AFF AIRS/ NEWS ANAL YSIS PROG(S): Which of the following television programs do you watch regularly? Please check any that you watch at least once a month. (Mark all that apply) Randomized response option order,"0. Not selected
1. Selected
","-1. INAP ,
-5. Interview breakoff
-9. Refused question
"
V161384,PRE FTF CASI/WEB: Mention: TV PROG F ace the Nation,IF HEARD ABOUT PRES CAMP AIGN ON TV NEWS/T ALK/PUBLIC AFF AIRS/ NEWS ANAL YSIS PROG(S): Which of the following television programs do you watch regularly? Please check any that you watch at least once a month. (Mark all that apply) Randomized response option order,"0. Not selected
1. Selected
","-1. INAP ,
-5. Interview breakoff
-9. Refused question
"
V161385,PRE FTF CASI/WEB: Mention: TV PROG House of Cards,IF HEARD ABOUT PRES CAMP AIGN ON TV NEWS/T ALK/PUBLIC AFF AIRS/ NEWS ANAL YSIS PROG(S): Which of the following television programs do you watch regularly? Please check any that you watch at least once a month. (Mark all that apply) Randomized response option order,"0. Not selected
1. Selected
","-1. INAP ,
-5. Interview breakoff
-9. Refused question
"
V161386,PRE FTF CASI/WEB: Mention: TV PROG Hardball with Chris Matthews,IF HEARD ABOUT PRES CAMP AIGN ON TV NEWS/T ALK/PUBLIC AFF AIRS/ NEWS ANAL YSIS PROG(S): Which of the following television programs do you watch regularly? Please check any that you watch at least once a month. (Mark all that apply) Randomized response option order,"0. Not selected
1. Selected
","-1. INAP ,
-5. Interview breakoff
-9. Refused question
"
V161387,PRE FTF CASI/WEB: Mention: TV PROG Judge Judy,IF HEARD ABOUT PRES CAMP AIGN ON TV NEWS/T ALK/PUBLIC AFF AIRS/ NEWS ANAL YSIS PROG(S): Which of the following television programs do you watch regularly? Please check any that you watch at least once a month. (Mark all that apply) Randomized response option order,"0. Not selected
1. Selected
","-1. INAP ,
-5. Interview breakoff
-9. Refused question
"
V161388,PRE FTF CASI/WEB: Mention: TV PROG Meet the Press,IF HEARD ABOUT PRES CAMP AIGN ON TV NEWS/T ALK/PUBLIC AFF AIRS/ NEWS ANAL YSIS PROG(S): Which of the following television programs do you watch regularly? Please check any that you watch at least once a month. (Mark all that apply) Randomized response option order,"0. Not selected
1. Selected
","-1. INAP ,
-5. Interview breakoff
-9. Refused question
"
V161389,PRE FTF CASI/WEB: Mention: TV PROG Game of Thrones,IF HEARD ABOUT PRES CAMP AIGN ON TV NEWS/T ALK/PUBLIC AFF AIRS/ NEWS ANAL YSIS PROG(S): Which of the following television programs do you watch regularly? Please check any that you watch at least once a month. (Mark all that apply) Randomized response option order,"0. Not selected
1. Selected
","-1. INAP ,
-5. Interview breakoff
-9. Refused question
"
V161390,PRE FTF CASI/WEB: Mention: TV PROG NBC Nightly News with Lester,IF HEARD ABOUT PRES CAMP AIGN ON TV NEWS/T ALK/PUBLIC AFF AIRS/ NEWS ANAL YSIS PROG(S): Which of the following television programs do you watch regularly? Please check any that you watch at least once a month. (Mark all that apply) Randomized response option order,"0. Not selected
1. Selected
","-1. INAP ,
-5. Interview breakoff
-9. Refused question
"
V161391,PRE FTF CASI/WEB: Mention: TV PROG On the Record with Greta V an,IF HEARD ABOUT PRES CAMP AIGN ON TV NEWS/T ALK/PUBLIC AFF AIRS/ NEWS ANAL YSIS PROG(S): Which of the following television programs do you watch regularly? Please check any that you watch at least once a month. (Mark all that apply) Randomized response option order,"0. Not selected
1. Selected
","-1. INAP ,
-5. Interview breakoff
-9. Refused question
"
V161392,PRE FTF CASI/WEB: Mention: TV PROG Daredevil,IF HEARD ABOUT PRES CAMP AIGN ON TV NEWS/T ALK/PUBLIC AFF AIRS/ NEWS ANAL YSIS PROG(S): Which of the following television programs do you watch regularly? Please check any that you watch at least once a month. (Mark all that apply) Randomized response option order,"0. Not selected
1. Selected
","-1. INAP ,
-5. Interview breakoff
-9. Refused question
"
V161393,PRE FTF CASI/WEB: Mention: TV PROG The Rachel Maddow Show,IF HEARD ABOUT PRES CAMP AIGN ON TV NEWS/T ALK/PUBLIC AFF AIRS/ NEWS ANAL YSIS PROG(S): Which of the following television programs do you watch regularly? Please check any that you watch at least once a month. (Mark all that apply) Randomized response option order,"0. Not selected
1. Selected
","-1. INAP ,
-5. Interview breakoff
-9. Refused question
"
V161394,PRE FTF CASI/WEB: Mention: TV PROG Shark T ank,IF HEARD ABOUT PRES CAMP AIGN ON TV NEWS/T ALK/PUBLIC AFF AIRS/ NEWS ANAL YSIS PROG(S): Which of the following television programs do you watch regularly? Please check any that you watch at least once a month. (Mark all that apply) Randomized response option order,"0. Not selected
1. Selected
","-1. INAP ,
-5. Interview breakoff
-9. Refused question
"
V161395,PRE FTF CASI/WEB: Mention: TV PROG The V oice,IF HEARD ABOUT PRES CAMP AIGN ON TV NEWS/T ALK/PUBLIC AFF AIRS/ NEWS ANAL YSIS PROG(S): Which of the following television programs do you watch regularly? Please check any that you watch at least once a month. (Mark all that apply) Randomized response option order,"0. Not selected
1. Selected
","-1. INAP ,
-5. Interview breakoff
-9. Refused question
"
V161396,PRE FTF CASI/WEB: Mention: TV PROG ABC W orld News with David,IF HEARD ABOUT PRES CAMP AIGN ON TV NEWS/T ALK/PUBLIC AFF AIRS/ NEWS ANAL YSIS PROG(S): Which of the following television programs do you watch regularly? Please check any that you watch at least once a month. (Mark all that apply) Randomized response option order,"0. Not selected
1. Selected
","-1. INAP ,
-5. Interview breakoff
-9. Refused question
"
V161397,PRE FTF CASI/WEB: Mention: TV PROG Blue Bloods,IF HEARD ABOUT PRES CAMP AIGN ON TV NEWS/T ALK/PUBLIC AFF AIRS/ NEWS ANAL YSIS PROG(S): Which of the following television programs do you watch regularly? Please check any that you watch at least once a month. (Mark all that apply) Randomized response option order,"0. Not selected
1. Selected
","-1. INAP ,
-5. Interview breakoff
-9. Refused question
"
V161398,PRE FTF CASI/WEB: Mention: TV PROG Conan,IF HEARD ABOUT PRES CAMP AIGN ON TV NEWS/T ALK/PUBLIC AFF AIRS/ NEWS ANAL YSIS PROG(S): Which of the following television programs do you watch regularly? Please check any that you watch at least once a month. (Mark all that apply) Randomized response option order,"0. Not selected
1. Selected
","-1. INAP ,
-5. Interview breakoff
-9. Refused question
"
V161399,PRE FTF CASI/WEB: Mention: TV PROG Dateline NBC,IF HEARD ABOUT PRES CAMP AIGN ON TV NEWS/T ALK/PUBLIC AFF AIRS/ NEWS ANAL YSIS PROG(S): Which of the following television programs do you watch regularly? Please check any that you watch at least once a month. (Mark all that apply) Randomized response option order,"0. Not selected
1. Selected
","-1. INAP ,
-5. Interview breakoff
-9. Refused question
"
V161400,PRE FTF CASI/WEB: Mention: TV PROG Good Morning America,IF HEARD ABOUT PRES CAMP AIGN ON TV NEWS/T ALK/PUBLIC AFF AIRS/ NEWS ANAL YSIS PROG(S): Which of the following television programs do you watch regularly? Please check any that you watch at least once a month. (Mark all that apply) Randomized response option order,"0. Not selected
1. Selected
","-1. INAP ,
-5. Interview breakoff
-9. Refused question
"
V161401,PRE FTF CASI/WEB: Mention: TV PROG Hawaii Five-O,IF HEARD ABOUT PRES CAMP AIGN ON TV NEWS/T ALK/PUBLIC AFF AIRS/ NEWS ANAL YSIS PROG(S): Which of the following television programs do you watch regularly? Please check any that you watch at least once a month. (Mark all that apply) Randomized response option order,"0. Not selected
1. Selected
","-1. INAP ,
-5. Interview breakoff
-9. Refused question
"
V161402,PRE FTF CASI/WEB: Mention: TV PROG Madam Secretary,IF HEARD ABOUT PRES CAMP AIGN ON TV NEWS/T ALK/PUBLIC AFF AIRS/ NEWS ANAL YSIS PROG(S): Which of the following television programs do you watch regularly? Please check any that you watch at least once a month. (Mark all that apply) Randomized response option order,"0. Not selected
1. Selected
","-1. INAP ,
-5. Interview breakoff
-9. Refused question
"
V161403,PRE FTF CASI/WEB: Mention: TV PROG Nancy Grace,IF HEARD ABOUT PRES CAMP AIGN ON TV NEWS/T ALK/PUBLIC AFF AIRS/ NEWS ANAL YSIS PROG(S): Which of the following television programs do you watch regularly? Please check any that you watch at least once a month. (Mark all that apply) Randomized response option order,"0. Not selected
1. Selected
","-1. INAP ,
-5. Interview breakoff
-9. Refused question
"
V161404,PRE FTF CASI/WEB: Mention: TV PROG Erin Burnett OutF ront,IF HEARD ABOUT PRES CAMP AIGN ON TV NEWS/T ALK/PUBLIC AFF AIRS/ NEWS ANAL YSIS PROG(S): Which of the following television programs do you watch regularly? Please check any that you watch at least once a month. (Mark all that apply) Randomized response option order,"0. Not selected
1. Selected
","-1. INAP ,
-5. Interview breakoff
-9. Refused question
"
V161405,PRE FTF CASI/WEB: Mention: TV PROG PBS News Hour,IF HEARD ABOUT PRES CAMP AIGN ON TV NEWS/T ALK/PUBLIC AFF AIRS/ NEWS ANAL YSIS PROG(S): Which of the following television programs do you watch regularly? Please check any that you watch at least once a month. (Mark all that apply) Randomized response option order,"0. Not selected
1. Selected
","-1. INAP ,
-5. Interview breakoff
-9. Refused question
"
V161406,PRE FTF CASI/WEB: Mention: TV PROG Scandal,IF HEARD ABOUT PRES CAMP AIGN ON TV NEWS/T ALK/PUBLIC AFF AIRS/ NEWS ANAL YSIS PROG(S): Which of the following television programs do you watch regularly? Please check any that you watch at least once a month. (Mark all that apply) Randomized response option order,"0. Not selected
1. Selected
","-1. INAP ,
-5. Interview breakoff
-9. Refused question
"
V161407,PRE FTF CASI/WEB: Mention: TV PROG The Big Bang Theory,IF HEARD ABOUT PRES CAMP AIGN ON TV NEWS/T ALK/PUBLIC AFF AIRS/ NEWS ANAL YSIS PROG(S): Which of the following television programs do you watch regularly? Please check any that you watch at least once a month. (Mark all that apply) Randomized response option order,"0. Not selected
1. Selected
","-1. INAP ,
-5. Interview breakoff
-9. Refused question
"
V161408,PRE FTF CASI/WEB: Mention: TV PROG The Late Show with Stephen,IF HEARD ABOUT PRES CAMP AIGN ON TV NEWS/T ALK/PUBLIC AFF AIRS/ NEWS ANAL YSIS PROG(S): Which of the following television programs do you watch regularly? Please check any that you watch at least once a month. (Mark all that apply) Randomized response option order,"0. Not selected
1. Selected
","-1. INAP ,
-5. Interview breakoff
-9. Refused question
"
V161409,PRE FTF CASI/WEB: Mention: TV PROG The O’Reilly F actor,IF HEARD ABOUT PRES CAMP AIGN ON TV NEWS/T ALK/PUBLIC AFF AIRS/ NEWS ANAL YSIS PROG(S): Which of the following television programs do you watch regularly? Please check any that you watch at least once a month. (Mark all that apply) Randomized response option order,"0. Not selected
1. Selected
","-1. INAP ,
-5. Interview breakoff
-9. Refused question
"
V161410,PRE FTF CASI/WEB: Mention: TV PROG The T onight Show Starring,IF HEARD ABOUT PRES CAMP AIGN ON TV NEWS/T ALK/PUBLIC AFF AIRS/ NEWS ANAL YSIS PROG(S): Which of the following television programs do you watch regularly? Please check any that you watch at least once a month. (Mark all that apply) Randomized response option order,"0. Not selected
1. Selected
","-1. INAP ,
-5. Interview breakoff
-9. Refused question
"
V161411,PRE FTF CASI/WEB: Mention: TV PROG Alpha House,IF HEARD ABOUT PRES CAMP AIGN ON TV NEWS/T ALK/PUBLIC AFF AIRS/ NEWS ANAL YSIS PROG(S): Which of the following television programs do you watch regularly? Please check any that you watch at least once a month. (Mark all that apply) Randomized response option order,"0. Not selected
1. Selected
","-1. INAP ,
-5. Interview breakoff
-9. Refused question
"
V161412,PRE FTF CASI/WEB: Mention: TV PROG Al Punto,IF HEARD ABOUT PRES CAMP AIGN ON TV NEWS/T ALK/PUBLIC AFF AIRS/ NEWS ANAL YSIS PROG(S): Which of the following television programs do you watch regularly? Please check any that you watch at least once a month. (Mark all that apply) Randomized response option order,,
V161413,PRE FTF CASI/WEB: Mention: TV PROG Al Rojo Vivo,IF HEARD ABOUT PRES CAMP AIGN ON TV NEWS/T ALK/PUBLIC AFF AIRS/ NEWS ANAL YSIS PROG(S): Which of the following television programs do you watch regularly? Please check any that you watch at least once a month. (Mark all that apply) Randomized response option order,,
V161414,PRE FTF CASI/WEB: Mention: TV PROG Aqui y Ahora,IF HEARD ABOUT PRES CAMP AIGN ON TV NEWS/T ALK/PUBLIC AFF AIRS/ NEWS ANAL YSIS PROG(S): Which of the following television programs do you watch regularly? Please check any that you watch at least once a month. (Mark all that apply) Randomized response option order,,
V161415,PRE FTF CASI/WEB: Mention: TV PROG CNN en Espanol,IF HEARD ABOUT PRES CAMP AIGN ON TV NEWS/T ALK/PUBLIC AFF AIRS/ NEWS ANAL YSIS PROG(S): Which of the following television programs do you watch regularly? Please check any that you watch at least once a month. (Mark all that apply) Randomized response option order,,
V161416,PRE FTF CASI/WEB: Mention: TV PROG Despierta America,IF HEARD ABOUT PRES CAMP AIGN ON TV NEWS/T ALK/PUBLIC AFF AIRS/ NEWS ANAL YSIS PROG(S): Which of the following television programs do you watch regularly? Please check any that you watch at least once a month. (Mark all that apply) Randomized response option order,,
V161417,PRE FTF CASI/WEB: Mention: TV PROG El Gordo y La Flaca,IF HEARD ABOUT PRES CAMP AIGN ON TV NEWS/T ALK/PUBLIC AFF AIRS/ NEWS ANAL YSIS PROG(S): Which of the following television programs do you watch regularly? Please check any that you watch at least once a month. (Mark all that apply) Randomized response option order,,
V161418,PRE FTF CASI/WEB: Mention: TV PROG Enfoque,IF HEARD ABOUT PRES CAMP AIGN ON TV NEWS/T ALK/PUBLIC AFF AIRS/ NEWS ANAL YSIS PROG(S): Which of the following television programs do you watch regularly? Please check any that you watch at least once a month. (Mark all that apply) Randomized response option order,,
V161419,PRE FTF CASI/WEB: Mention: TV PROG Hoy,IF HEARD ABOUT PRES CAMP AIGN ON TV NEWS/T ALK/PUBLIC AFF AIRS/ NEWS ANAL YSIS PROG(S): Which of the following television programs do you watch regularly? Please check any that you watch at least once a month. (Mark all that apply) Randomized response option order,,
V161420,PRE FTF CASI/WEB: Mention: TV PROG Lo Mejor de Caso Cerrado,IF HEARD ABOUT PRES CAMP AIGN ON TV NEWS/T ALK/PUBLIC AFF AIRS/ NEWS ANAL YSIS PROG(S): Which of the following television programs do you watch regularly? Please check any that you watch at least once a month. (Mark all that apply) Randomized response option order,,
V161421,PRE FTF CASI/WEB: Mention: TV PROG Noticiero Enrique Gratas,IF HEARD ABOUT PRES CAMP AIGN ON TV NEWS/T ALK/PUBLIC AFF AIRS/ NEWS ANAL YSIS PROG(S): Which of the following television programs do you watch regularly? Please check any that you watch at least once a month. (Mark all that apply) Randomized response option order,,
V161422,PRE FTF CASI/WEB: Mention: TV PROG Noticiero T elemundo,IF HEARD ABOUT PRES CAMP AIGN ON TV NEWS/T ALK/PUBLIC AFF AIRS/ NEWS ANAL YSIS PROG(S): Which of the following television programs do you watch regularly? Please check any that you watch at least once a month. (Mark all that apply) Randomized response option order,,
V161423,PRE FTF CASI/WEB: Mention: TV PROG Noticiero Univision,IF HEARD ABOUT PRES CAMP AIGN ON TV NEWS/T ALK/PUBLIC AFF AIRS/ NEWS ANAL YSIS PROG(S): Which of the following television programs do you watch regularly? Please check any that you watch at least once a month. (Mark all that apply) Randomized response option order,,
V161424,PRE FTF CASI/WEB: Mention: TV PROG El Senor de los Cielos,IF HEARD ABOUT PRES CAMP AIGN ON TV NEWS/T ALK/PUBLIC AFF AIRS/ NEWS ANAL YSIS PROG(S): Which of the following television programs do you watch regularly? Please check any that you watch at least once a month. (Mark all that apply) Randomized response option order,,
V161425,PRE FTF CASI/WEB: Mention: TV PROG Que Noche! con Angelica y,IF HEARD ABOUT PRES CAMP AIGN ON TV NEWS/T ALK/PUBLIC AFF AIRS/ NEWS ANAL YSIS PROG(S): Which of the following television programs do you watch regularly? Please check any that you watch at least once a month. (Mark all that apply) Randomized response option order,,
V161426,PRE FTF CASI/WEB: Mention: TV PROG Primer Impacto,IF HEARD ABOUT PRES CAMP AIGN ON TV NEWS/T ALK/PUBLIC AFF AIRS/ NEWS ANAL YSIS PROG(S): Which of the following television programs do you watch regularly? Please check any that you watch at least once a month. (Mark all that apply) Randomized response option order,,
V161427,PRE FTF CASI/WEB: Mention: TV PROG Cronicas de Sabado,IF HEARD ABOUT PRES CAMP AIGN ON TV NEWS/T ALK/PUBLIC AFF AIRS/ NEWS ANAL YSIS PROG(S): Which of the following television programs do you watch regularly? Please check any that you watch at least once a month. (Mark all that apply) Randomized response option order,,
V161428,PRE FTF CASI/WEB: Mention: Radio PROG Rush Limbaugh,IF R HEARD ABOUT PRES CAMP AIGN ON RADIO NEWS OR RADIO T ALK PROGRAM(S): Which of the following radio programs do you listen to regularly? Please check any that you listen to at least once a month. (Mark all that apply) Randomized response option order except last,"0. Not selected
1. Selected
","-1. INAP ,
-5. Interview breakoff
-9. Refused question
"
V161429,PRE FTF CASI/WEB: Mention: Radio PROG Morning Edition (NPR),IF R HEARD ABOUT PRES CAMP AIGN ON RADIO NEWS OR RADIO T ALK PROGRAM(S): Which of the following radio programs do you listen to regularly? Please check any that you listen to at least once a month. (Mark all that apply) Randomized response option order except last,"0. Not selected
1. Selected
","-1. INAP ,
-5. Interview breakoff
-9. Refused question
"
V161430,PRE FTF CASI/WEB: Mention: Radio PROG The Sean Hannity Show,IF R HEARD ABOUT PRES CAMP AIGN ON RADIO NEWS OR RADIO T ALK PROGRAM(S): Which of the following radio programs do you listen to regularly? Please check any that you listen to at least once a month. (Mark all that apply) Randomized response option order except last,"0. Not selected
1. Selected
","-1. INAP ,
-5. Interview breakoff
-9. Refused question
"
V161431,PRE FTF CASI/WEB: Mention: Radio PROG All Things Considered,IF R HEARD ABOUT PRES CAMP AIGN ON RADIO NEWS OR RADIO T ALK PROGRAM(S): Which of the following radio programs do you listen to regularly? Please check any that you listen to at least once a month. (Mark all that apply) Randomized response option order except last,"0. Not selected
1. Selected
","-1. INAP ,
-5. Interview breakoff
-9. Refused question
"
V161432,PRE FTF CASI/WEB: Mention: Radio PROG Marketplace (NPR),IF R HEARD ABOUT PRES CAMP AIGN ON RADIO NEWS OR RADIO T ALK PROGRAM(S): Which of the following radio programs do you listen to regularly? Please check any that you listen to at least once a month. (Mark all that apply) Randomized response option order except last,"0. Not selected
1. Selected
","-1. INAP ,
-5. Interview breakoff
-9. Refused question
"
V161433,PRE FTF CASI/WEB: Mention: Radio PROG The Glenn Beck Program,IF R HEARD ABOUT PRES CAMP AIGN ON RADIO NEWS OR RADIO T ALK PROGRAM(S): Which of the following radio programs do you listen to regularly? Please check any that you listen to at least once a month. (Mark all that apply) Randomized response option order except last,"0. Not selected
1. Selected
","-1. INAP ,
-5. Interview breakoff
-9. Refused question
"
V161434,PRE FTF CASI/WEB: Mention: Radio PROG The Mark Levin Show,IF R HEARD ABOUT PRES CAMP AIGN ON RADIO NEWS OR RADIO T ALK PROGRAM(S): Which of the following radio programs do you listen to regularly? Please check any that you listen to at least once a month. (Mark all that apply) Randomized response option order except last,"0. Not selected
1. Selected
","-1. INAP ,
-5. Interview breakoff
-9. Refused question
"
V161435,PRE FTF CASI/WEB: Mention: Radio PROG The Savage Nation (Michael,IF R HEARD ABOUT PRES CAMP AIGN ON RADIO NEWS OR RADIO T ALK PROGRAM(S): Which of the following radio programs do you listen to regularly? Please check any that you listen to at least once a month. (Mark all that apply) Randomized response option order except last,"0. Not selected
1. Selected
","-1. INAP ,
-5. Interview breakoff
-9. Refused question
"
V161436,PRE FTF CASI/WEB: Mention: Radio PROG F resh Air (NPR),IF R HEARD ABOUT PRES CAMP AIGN ON RADIO NEWS OR RADIO T ALK PROGRAM(S): Which of the following radio programs do you listen to regularly? Please check any that you listen to at least once a month. (Mark all that apply) Randomized response option order except last,"0. Not selected
1. Selected
","-1. INAP ,
-5. Interview breakoff
-9. Refused question
"
V161437,PRE FTF CASI/WEB: Mention: Radio PROG The Hugh Hewitt Show,IF R HEARD ABOUT PRES CAMP AIGN ON RADIO NEWS OR RADIO T ALK PROGRAM(S): Which of the following radio programs do you listen to regularly? Please check any that you listen to at least once a month. (Mark all that apply) Randomized response option order except last,"0. Not selected
1. Selected
","-1. INAP ,
-5. Interview breakoff
-9. Refused question
"
V161438,PRE FTF CASI/WEB: Mention: Radio PROG The Thom Hartmann Pro-,IF R HEARD ABOUT PRES CAMP AIGN ON RADIO NEWS OR RADIO T ALK PROGRAM(S): Which of the following radio programs do you listen to regularly? Please check any that you listen to at least once a month. (Mark all that apply) Randomized response option order except last,"0. Not selected
1. Selected
","-1. INAP ,
-5. Interview breakoff
-9. Refused question
"
V161439,PRE FTF CASI/WEB: Mention: Radio PROG Joe Madison (The Black,IF R HEARD ABOUT PRES CAMP AIGN ON RADIO NEWS OR RADIO T ALK PROGRAM(S): Which of the following radio programs do you listen to regularly? Please check any that you listen to at least once a month. (Mark all that apply) Randomized response option order except last,"0. Not selected
1. Selected
","-1. INAP ,
-5. Interview breakoff
-9. Refused question
"
V161440,PRE FTF CASI/WEB: Mention: Radio PROG The Mike Gallagher Show,IF R HEARD ABOUT PRES CAMP AIGN ON RADIO NEWS OR RADIO T ALK PROGRAM(S): Which of the following radio programs do you listen to regularly? Please check any that you listen to at least once a month. (Mark all that apply) Randomized response option order except last,"0. Not selected
1. Selected
","-1. INAP ,
-5. Interview breakoff
-9. Refused question
"
V161441,PRE FTF CASI/WEB: Mention: Radio PROG The Bill Handel Show,IF R HEARD ABOUT PRES CAMP AIGN ON RADIO NEWS OR RADIO T ALK PROGRAM(S): Which of the following radio programs do you listen to regularly? Please check any that you listen to at least once a month. (Mark all that apply) Randomized response option order except last,"0. Not selected
1. Selected
","-1. INAP ,
-5. Interview breakoff
-9. Refused question
"
V161442,PRE FTF CASI/WEB: Mention: Radio PROG The Schnitt Show (T odd,IF R HEARD ABOUT PRES CAMP AIGN ON RADIO NEWS OR RADIO T ALK PROGRAM(S): Which of the following radio programs do you listen to regularly? Please check any that you listen to at least once a month. (Mark all that apply) Randomized response option order except last,"0. Not selected
1. Selected
","-1. INAP ,
-5. Interview breakoff
-9. Refused question
"
V161443,PRE FTF CASI/WEB: Mention: Radio PROG None of the above,IF R HEARD ABOUT PRES CAMP AIGN ON RADIO NEWS OR RADIO T ALK PROGRAM(S): Which of the following radio programs do you listen to regularly? Please check any that you listen to at least once a month. (Mark all that apply) Randomized response option order except last,"0. Not selected
1. Selected
","-1. INAP ,
-5. Interview breakoff
-9. Refused question
"
V161444,PRE FTF CASI/WEB: Mention: W ebsite Y ahoo News,"IF R HEARD ABOUT PRES CAMP AIGN ON INTERNET SITE(S), CHA T ROOM(S), OR BLOG(S): Which of the following websites do you visit regularly? Please check any that you visit at least once a month. (Mark all that apply) The top 15 online news websites were selected as they were specifically identified in the Pew Research Center ranking in 2015, which in turn was based on ComScore data. Excluded were gossip (Elite Daily) and sports (bleacherreport.com) sites. Only specific websites were named, not ‘entities’ (‘Y ahoo! ABC’), but included were sites representing Pew-listed ‘entities’ that were listed highly on Alexa (Y ahoo News and ABC News). A 2016 analysis was not available at the time of the 2016 Time Series study . Randomized response option order except last","0. Not selected
1. Selected
","-1. INAP ,
-5. Interview breakoff
-9. Refused question
"
V161445,PRE FTF CASI/WEB: Mention: W ebsite CNN.com,"IF R HEARD ABOUT PRES CAMP AIGN ON INTERNET SITE(S), CHA T ROOM(S), OR BLOG(S): Which of the following websites do you visit regularly? Please check any that you visit at least once a month. (Mark all that apply) The top 15 online news websites were selected as they were specifically identified in the Pew Research Center ranking in 2015, which in turn was based on ComScore data. Excluded were gossip (Elite Daily) and sports (bleacherreport.com) sites. Only specific websites were named, not ‘entities’ (‘Y ahoo! ABC’), but included were sites representing Pew-listed ‘entities’ that were listed highly on Alexa (Y ahoo News and ABC News). A 2016 analysis was not available at the time of the 2016 Time Series study . Randomized response option order except last","0. Not selected
1. Selected
","-1. INAP ,
-5. Interview breakoff
-9. Refused question
"
V161446,PRE FTF CASI/WEB: Mention: W ebsite NBC News (www.nbcnews.com),"IF R HEARD ABOUT PRES CAMP AIGN ON INTERNET SITE(S), CHA T ROOM(S), OR BLOG(S): Which of the following websites do you visit regularly? Please check any that you visit at least once a month. (Mark all that apply) The top 15 online news websites were selected as they were specifically identified in the Pew Research Center ranking in 2015, which in turn was based on ComScore data. Excluded were gossip (Elite Daily) and sports (bleacherreport.com) sites. Only specific websites were named, not ‘entities’ (‘Y ahoo! ABC’), but included were sites representing Pew-listed ‘entities’ that were listed highly on Alexa (Y ahoo News and ABC News). A 2016 analysis was not available at the time of the 2016 Time Series study . Randomized response option order except last","0. Not selected
1. Selected
","-1. INAP ,
-5. Interview breakoff
-9. Refused question
"
V161447,PRE FTF CASI/WEB: Mention: W ebsite Huffington Post,"IF R HEARD ABOUT PRES CAMP AIGN ON INTERNET SITE(S), CHA T ROOM(S), OR BLOG(S): Which of the following websites do you visit regularly? Please check any that you visit at least once a month. (Mark all that apply) The top 15 online news websites were selected as they were specifically identified in the Pew Research Center ranking in 2015, which in turn was based on ComScore data. Excluded were gossip (Elite Daily) and sports (bleacherreport.com) sites. Only specific websites were named, not ‘entities’ (‘Y ahoo! ABC’), but included were sites representing Pew-listed ‘entities’ that were listed highly on Alexa (Y ahoo News and ABC News). A 2016 analysis was not available at the time of the 2016 Time Series study . Randomized response option order except last","0. Not selected
1. Selected
","-1. INAP ,
-5. Interview breakoff
-9. Refused question
"
V161448,PRE FTF CASI/WEB: Mention: W ebsite CBS News (www.cbsnews.com),"IF R HEARD ABOUT PRES CAMP AIGN ON INTERNET SITE(S), CHA T ROOM(S), OR BLOG(S): Which of the following websites do you visit regularly? Please check any that you visit at least once a month. (Mark all that apply) The top 15 online news websites were selected as they were specifically identified in the Pew Research Center ranking in 2015, which in turn was based on ComScore data. Excluded were gossip (Elite Daily) and sports (bleacherreport.com) sites. Only specific websites were named, not ‘entities’ (‘Y ahoo! ABC’), but included were sites representing Pew-listed ‘entities’ that were listed highly on Alexa (Y ahoo News and ABC News). A 2016 analysis was not available at the time of the 2016 Time Series study . Randomized response option order except last","0. Not selected
1. Selected
","-1. INAP ,
-5. Interview breakoff
-9. Refused question
"
V161449,PRE FTF CASI/WEB: Mention: W ebsite USA T oday (usatoday .com),"IF R HEARD ABOUT PRES CAMP AIGN ON INTERNET SITE(S), CHA T ROOM(S), OR BLOG(S): Which of the following websites do you visit regularly? Please check any that you visit at least once a month. (Mark all that apply) The top 15 online news websites were selected as they were specifically identified in the Pew Research Center ranking in 2015, which in turn was based on ComScore data. Excluded were gossip (Elite Daily) and sports (bleacherreport.com) sites. Only specific websites were named, not ‘entities’ (‘Y ahoo! ABC’), but included were sites representing Pew-listed ‘entities’ that were listed highly on Alexa (Y ahoo News and ABC News). A 2016 analysis was not available at the time of the 2016 Time Series study . Randomized response option order except last","0. Not selected
1. Selected
","-1. INAP ,
-5. Interview breakoff
-9. Refused question
"
V161450,PRE FTF CASI/WEB: Mention: W ebsite Buzzfeed.com,"IF R HEARD ABOUT PRES CAMP AIGN ON INTERNET SITE(S), CHA T ROOM(S), OR BLOG(S): Which of the following websites do you visit regularly? Please check any that you visit at least once a month. (Mark all that apply) The top 15 online news websites were selected as they were specifically identified in the Pew Research Center ranking in 2015, which in turn was based on ComScore data. Excluded were gossip (Elite Daily) and sports (bleacherreport.com) sites. Only specific websites were named, not ‘entities’ (‘Y ahoo! ABC’), but included were sites representing Pew-listed ‘entities’ that were listed highly on Alexa (Y ahoo News and ABC News). A 2016 analysis was not available at the time of the 2016 Time Series study . Randomized response option order except last","0. Not selected
1. Selected
","-1. INAP ,
-5. Interview breakoff
-9. Refused question
"
V161451,PRE FTF CASI/WEB: Mention: W ebsite New Y ork Times (nytimes.com),"IF R HEARD ABOUT PRES CAMP AIGN ON INTERNET SITE(S), CHA T ROOM(S), OR BLOG(S): Which of the following websites do you visit regularly? Please check any that you visit at least once a month. (Mark all that apply) The top 15 online news websites were selected as they were specifically identified in the Pew Research Center ranking in 2015, which in turn was based on ComScore data. Excluded were gossip (Elite Daily) and sports (bleacherreport.com) sites. Only specific websites were named, not ‘entities’ (‘Y ahoo! ABC’), but included were sites representing Pew-listed ‘entities’ that were listed highly on Alexa (Y ahoo News and ABC News). A 2016 analysis was not available at the time of the 2016 Time Series study . Randomized response option order except last","0. Not selected
1. Selected
","-1. INAP ,
-5. Interview breakoff
-9. Refused question
"
V161452,PRE FTF CASI/WEB: Mention: W ebsite F ox News (www.foxnews.com),"IF R HEARD ABOUT PRES CAMP AIGN ON INTERNET SITE(S), CHA T ROOM(S), OR BLOG(S): Which of the following websites do you visit regularly? Please check any that you visit at least once a month. (Mark all that apply) The top 15 online news websites were selected as they were specifically identified in the Pew Research Center ranking in 2015, which in turn was based on ComScore data. Excluded were gossip (Elite Daily) and sports (bleacherreport.com) sites. Only specific websites were named, not ‘entities’ (‘Y ahoo! ABC’), but included were sites representing Pew-listed ‘entities’ that were listed highly on Alexa (Y ahoo News and ABC News). A 2016 analysis was not available at the time of the 2016 Time Series study . Randomized response option order except last","0. Not selected
1. Selected
","-1. INAP ,
-5. Interview breakoff
-9. Refused question
"
V161453,PRE FTF CASI/WEB: Mention: W ebsite Mail Online / Daily Mail (daily-,"IF R HEARD ABOUT PRES CAMP AIGN ON INTERNET SITE(S), CHA T ROOM(S), OR BLOG(S): Which of the following websites do you visit regularly? Please check any that you visit at least once a month. (Mark all that apply) The top 15 online news websites were selected as they were specifically identified in the Pew Research Center ranking in 2015, which in turn was based on ComScore data. Excluded were gossip (Elite Daily) and sports (bleacherreport.com) sites. Only specific websites were named, not ‘entities’ (‘Y ahoo! ABC’), but included were sites representing Pew-listed ‘entities’ that were listed highly on Alexa (Y ahoo News and ABC News). A 2016 analysis was not available at the time of the 2016 Time Series study . Randomized response option order except last","0. Not selected
1. Selected
","-1. INAP ,
-5. Interview breakoff
-9. Refused question
"
V161454,PRE FTF CASI/WEB: Mention: W ebsite W ashington Post (washington-,"IF R HEARD ABOUT PRES CAMP AIGN ON INTERNET SITE(S), CHA T ROOM(S), OR BLOG(S): Which of the following websites do you visit regularly? Please check any that you visit at least once a month. (Mark all that apply) The top 15 online news websites were selected as they were specifically identified in the Pew Research Center ranking in 2015, which in turn was based on ComScore data. Excluded were gossip (Elite Daily) and sports (bleacherreport.com) sites. Only specific websites were named, not ‘entities’ (‘Y ahoo! ABC’), but included were sites representing Pew-listed ‘entities’ that were listed highly on Alexa (Y ahoo News and ABC News). A 2016 analysis was not available at the time of the 2016 Time Series study . Randomized response option order except last","0. Not selected
1. Selected
","-1. INAP ,
-5. Interview breakoff
-9. Refused question
"
V161455,PRE FTF CASI/WEB: Mention: W ebsite Business Insider (businessin-,"IF R HEARD ABOUT PRES CAMP AIGN ON INTERNET SITE(S), CHA T ROOM(S), OR BLOG(S): Which of the following websites do you visit regularly? Please check any that you visit at least once a month. (Mark all that apply) The top 15 online news websites were selected as they were specifically identified in the Pew Research Center ranking in 2015, which in turn was based on ComScore data. Excluded were gossip (Elite Daily) and sports (bleacherreport.com) sites. Only specific websites were named, not ‘entities’ (‘Y ahoo! ABC’), but included were sites representing Pew-listed ‘entities’ that were listed highly on Alexa (Y ahoo News and ABC News). A 2016 analysis was not available at the time of the 2016 Time Series study . Randomized response option order except last","0. Not selected
1. Selected
","-1. INAP ,
-5. Interview breakoff
-9. Refused question
"
V161456,PRE FTF CASI/WEB: Mention: W ebsite BBC News (news.bbc.co.uk),"IF R HEARD ABOUT PRES CAMP AIGN ON INTERNET SITE(S), CHA T ROOM(S), OR BLOG(S): Which of the following websites do you visit regularly? Please check any that you visit at least once a month. (Mark all that apply) The top 15 online news websites were selected as they were specifically identified in the Pew Research Center ranking in 2015, which in turn was based on ComScore data. Excluded were gossip (Elite Daily) and sports (bleacherreport.com) sites. Only specific websites were named, not ‘entities’ (‘Y ahoo! ABC’), but included were sites representing Pew-listed ‘entities’ that were listed highly on Alexa (Y ahoo News and ABC News). A 2016 analysis was not available at the time of the 2016 Time Series study . Randomized response option order except last","0. Not selected
1. Selected
","-1. INAP ,
-5. Interview breakoff
-9. Refused question
"
V161457,PRE FTF CASI/WEB: Mention: W ebsite The Guardian (theguardian.com),"IF R HEARD ABOUT PRES CAMP AIGN ON INTERNET SITE(S), CHA T ROOM(S), OR BLOG(S): Which of the following websites do you visit regularly? Please check any that you visit at least once a month. (Mark all that apply) The top 15 online news websites were selected as they were specifically identified in the Pew Research Center ranking in 2015, which in turn was based on ComScore data. Excluded were gossip (Elite Daily) and sports (bleacherreport.com) sites. Only specific websites were named, not ‘entities’ (‘Y ahoo! ABC’), but included were sites representing Pew-listed ‘entities’ that were listed highly on Alexa (Y ahoo News and ABC News). A 2016 analysis was not available at the time of the 2016 Time Series study . Randomized response option order except last","0. Not selected
1. Selected
","-1. INAP ,
-5. Interview breakoff
-9. Refused question
"
V161458,PRE FTF CASI/WEB: Mention: W ebsite ABC News (abcnews.com),"IF R HEARD ABOUT PRES CAMP AIGN ON INTERNET SITE(S), CHA T ROOM(S), OR BLOG(S): Which of the following websites do you visit regularly? Please check any that you visit at least once a month. (Mark all that apply) The top 15 online news websites were selected as they were specifically identified in the Pew Research Center ranking in 2015, which in turn was based on ComScore data. Excluded were gossip (Elite Daily) and sports (bleacherreport.com) sites. Only specific websites were named, not ‘entities’ (‘Y ahoo! ABC’), but included were sites representing Pew-listed ‘entities’ that were listed highly on Alexa (Y ahoo News and ABC News). A 2016 analysis was not available at the time of the 2016 Time Series study . Randomized response option order except last","0. Not selected
1. Selected
","-1. INAP ,
-5. Interview breakoff
-9. Refused question
"
V161459,PRE FTF CASI/WEB: Mention: W ebsite Other,"IF R HEARD ABOUT PRES CAMP AIGN ON INTERNET SITE(S), CHA T ROOM(S), OR BLOG(S): Which of the following websites do you visit regularly? Please check any that you visit at least once a month. (Mark all that apply) The top 15 online news websites were selected as they were specifically identified in the Pew Research Center ranking in 2015, which in turn was based on ComScore data. Excluded were gossip (Elite Daily) and sports (bleacherreport.com) sites. Only specific websites were named, not ‘entities’ (‘Y ahoo! ABC’), but included were sites representing Pew-listed ‘entities’ that were listed highly on Alexa (Y ahoo News and ABC News). A 2016 analysis was not available at the time of the 2016 Time Series study . Randomized response option order except last","0. Not selected
1. Selected
","-1. INAP ,
-5. Interview breakoff
-9. Refused question
"
V161460,PRE FTF CASI/WEB: Mention: W ebsite None,"IF R HEARD ABOUT PRES CAMP AIGN ON INTERNET SITE(S), CHA T ROOM(S), OR BLOG(S): Which of the following websites do you visit regularly? Please check any that you visit at least once a month. (Mark all that apply) The top 15 online news websites were selected as they were specifically identified in the Pew Research Center ranking in 2015, which in turn was based on ComScore data. Excluded were gossip (Elite Daily) and sports (bleacherreport.com) sites. Only specific websites were named, not ‘entities’ (‘Y ahoo! ABC’), but included were sites representing Pew-listed ‘entities’ that were listed highly on Alexa (Y ahoo News and ABC News). A 2016 analysis was not available at the time of the 2016 Time Series study . Randomized response option order except last","0. Not selected
1. Selected
","-1. INAP ,
-5. Interview breakoff
-9. Refused question
"
V161461x,PRE FTF CASI/WEB: SUMMAR Y- Number of additional preloaded news-,Not applicable,"0. No additional preload (4
1. One additional preload (5
2. T wo additional preloads (6
3. Three additional
4. F our additional newspaper
",
V161462,PRE FTF CASI/WEB: RESTRICTED- 5th newspaper,Not applicable,,"-1. INAP ,
-3. Restricted access, not
-5. Interview breakoff
"
V161463,PRE FTF CASI/WEB: RESTRICTED- 6th newspaper,Not applicable,,"-1. INAP ,
-3. Restricted access, not
-5. Interview breakoff
"
V161464,PRE FTF CASI/WEB: RESTRICTED- 7th newspaper,Not applicable,,"-1. INAP ,
-3. Restricted access, not
-5. Interview breakoff
"
V161465,PRE FTF CASI/WEB: RESTRICTED- 8th newspaper,Not applicable,,"-1. INAP ,
-3. Restricted access, not
-5. Interview breakoff
"
V161466,PRE FTF CASI/WEB: RESTRICTED- 9th newspaper,Not applicable,,"-1. INAP ,
-3. Restricted access, not
-5. Interview breakoff
"
V161467,PRE FTF CASI/WEB: RESTRICTED- 10th newspaper,Not applicable,,"-1. INAP ,
-3. Restricted access, not
-5. Interview breakoff
"
V161468,PRE FTF CASI/WEB: RESTRICTED- 11th newspaper,Not applicable,,"-1. INAP ,
-3. Restricted access, not
-5. Interview breakoff
"
V161469,PRE FTF CASI/WEB: Mention: Printed newspaper The New Y ork Times,IF R HEARD ABOUT PRES CAMP AIGN IN NEWSP APERS: Which of the following newspapers do you read online or in print regularly? Please check any that you read at least once a month. (Mark all that apply) Ran- domized response option order except last,"0. Not selected
1. Selected
","-1. INAP ,
-5. Interview breakoff
-9. Refused question
"
V161470,PRE FTF CASI/WEB: Mention: Printed newspaper USA T oday,IF R HEARD ABOUT PRES CAMP AIGN IN NEWSP APERS: Which of the following newspapers do you read online or in print regularly? Please check any that you read at least once a month. (Mark all that apply) Ran- domized response option order except last,"0. Not selected
1. Selected
","-1. INAP ,
-5. Interview breakoff
-9. Refused question
"
V161471,PRE FTF CASI/WEB: Mention: Printed newspaper The W all Street News,IF R HEARD ABOUT PRES CAMP AIGN IN NEWSP APERS: Which of the following newspapers do you read online or in print regularly? Please check any that you read at least once a month. (Mark all that apply) Ran- domized response option order except last,"0. Not selected
1. Selected
","-1. INAP ,
-5. Interview breakoff
-9. Refused question
"
V161472,PRE FTF CASI/WEB: Mention: Printed newspaper The W ashington Post,IF R HEARD ABOUT PRES CAMP AIGN IN NEWSP APERS: Which of the following newspapers do you read online or in print regularly? Please check any that you read at least once a month. (Mark all that apply) Ran- domized response option order except last,"0. Not selected
1. Selected
","-1. INAP ,
-5. Interview breakoff
-9. Refused question
"
V161473,PRE FTF CASI/WEB: Mention: Printed newspaper pnews[5],IF R HEARD ABOUT PRES CAMP AIGN IN NEWSP APERS: Which of the following newspapers do you read online or in print regularly? Please check any that you read at least once a month. (Mark all that apply) Ran- domized response option order except last,"0. Not selected
1. Selected
","-1. INAP ,
-5. Interview breakoff
-9. Refused question
"
V161474,PRE FTF CASI/WEB: Mention: Printed newspaper pnews[6],IF R HEARD ABOUT PRES CAMP AIGN IN NEWSP APERS: Which of the following newspapers do you read online or in print regularly? Please check any that you read at least once a month. (Mark all that apply) Ran- domized response option order except last,"0. Not selected
1. Selected
","-1. INAP ,
-5. Interview breakoff
-9. Refused question
"
V161475,PRE FTF CASI/WEB: Mention: Printed newspaper pnews[7],IF R HEARD ABOUT PRES CAMP AIGN IN NEWSP APERS: Which of the following newspapers do you read online or in print regularly? Please check any that you read at least once a month. (Mark all that apply) Ran- domized response option order except last,"0. Not selected
1. Selected
","-1. INAP ,
-5. Interview breakoff
-9. Refused question
"
V161476,PRE FTF CASI/WEB: Mention: Printed newspaper pnews[8],IF R HEARD ABOUT PRES CAMP AIGN IN NEWSP APERS: Which of the following newspapers do you read online or in print regularly? Please check any that you read at least once a month. (Mark all that apply) Ran- domized response option order except last,"0. Not selected
1. Selected
","-1. INAP ,
-9. Refused question
"
V161477,PRE FTF CASI/WEB: Mention: Printed newspaper pnews[9],IF R HEARD ABOUT PRES CAMP AIGN IN NEWSP APERS: Which of the following newspapers do you read online or in print regularly? Please check any that you read at least once a month. (Mark all that apply) Ran- domized response option order except last,,"-1. INAP ,
"
V161478,PRE FTF CASI/WEB: Mention: Printed newspaper pnews[10],IF R HEARD ABOUT PRES CAMP AIGN IN NEWSP APERS: Which of the following newspapers do you read online or in print regularly? Please check any that you read at least once a month. (Mark all that apply) Ran- domized response option order except last,,"-1. INAP ,
"
V161479,PRE FTF CASI/WEB: Mention: Printed newspaper pnews[11],IF R HEARD ABOUT PRES CAMP AIGN IN NEWSP APERS: Which of the following newspapers do you read online or in print regularly? Please check any that you read at least once a month. (Mark all that apply) Ran- domized response option order except last,,"-1. INAP ,
"
V161480,PRE FTF CASI/WEB: Mention: Other printed newspaper,IF R HEARD ABOUT PRES CAMP AIGN IN NEWSP APERS: Which of the following newspapers do you read online or in print regularly? Please check any that you read at least once a month. (Mark all that apply) Ran- domized response option order except last,"0. Not selected
1. Selected
","-1. INAP ,
-5. Interview breakoff
-9. Refused question
"
V161481,PRE FTF CASI/WEB: Mention: No printed newspaper,IF R HEARD ABOUT PRES CAMP AIGN IN NEWSP APERS: Which of the following newspapers do you read online or in print regularly? Please check any that you read at least once a month. (Mark all that apply) Ran- domized response option order except last,"0. Not selected
1. Selected
","-1. INAP ,
-5. Interview breakoff
-9. Refused question
"
V161482,PRE FTF CASI/WEB: Mention: www.nytimes.com (New Y ork,IF R HEARD ABOUT PRES CAMP AIGN IN NEWSP APERS: Which of the following newspapers do you read online or in print regularly? Please check any that you read at least once a month. (Mark all that apply) Ran- domized response option order except last,"0. Not selected
1. Selected
","-1. INAP ,
-5. Interview breakoff
-9. Refused question
"
V161483,PRE FTF CASI/WEB: Mention: www.usatoday .com (USA,IF R HEARD ABOUT PRES CAMP AIGN IN NEWSP APERS: Which of the following newspapers do you read online or in print regularly? Please check any that you read at least once a month. (Mark all that apply) Ran- domized response option order except last,"0. Not selected
1. Selected
","-1. INAP ,
-5. Interview breakoff
-9. Refused question
"
V161484,PRE FTF CASI/WEB: Mention: online.wsj.com (W all Street Journal),IF R HEARD ABOUT PRES CAMP AIGN IN NEWSP APERS: Which of the following newspapers do you read online or in print regularly? Please check any that you read at least once a month. (Mark all that apply) Ran- domized response option order except last,"0. Not selected
1. Selected
","-1. INAP ,
-5. Interview breakoff
-9. Refused question
"
V161485,PRE FTF CASI/WEB: Mention: www.washingtonpost.com (W ashington,IF R HEARD ABOUT PRES CAMP AIGN IN NEWSP APERS: Which of the following newspapers do you read online or in print regularly? Please check any that you read at least once a month. (Mark all that apply) Ran- domized response option order except last,"0. Not selected
1. Selected
","-1. INAP ,
-5. Interview breakoff
-9. Refused question
"
V161486,PRE FTF CASI/WEB: Mention: Online newspaper inews[5],IF R HEARD ABOUT PRES CAMP AIGN IN NEWSP APERS: Which of the following newspapers do you read online or in print regularly? Please check any that you read at least once a month. (Mark all that apply) Ran- domized response option order except last,,
V161487,PRE FTF CASI/WEB: Mention: Online newspaper inews[6],IF R HEARD ABOUT PRES CAMP AIGN IN NEWSP APERS: Which of the following newspapers do you read online or in print regularly? Please check any that you read at least once a month. (Mark all that apply) Ran- domized response option order except last,,
V161488,PRE FTF CASI/WEB: Mention: Online newspaper inews[7],IF R HEARD ABOUT PRES CAMP AIGN IN NEWSP APERS: Which of the following newspapers do you read online or in print regularly? Please check any that you read at least once a month. (Mark all that apply) Ran- domized response option order except last,,
V161489,PRE FTF CASI/WEB: Mention: Online newspaper inews[8],IF R HEARD ABOUT PRES CAMP AIGN IN NEWSP APERS: Which of the following newspapers do you read online or in print regularly? Please check any that you read at least once a month. (Mark all that apply) Ran- domized response option order except last,,
V161490,PRE FTF CASI/WEB: Mention: Online newspaper inews[9],IF R HEARD ABOUT PRES CAMP AIGN IN NEWSP APERS: Which of the following newspapers do you read online or in print regularly? Please check any that you read at least once a month. (Mark all that apply) Ran- domized response option order except last,,
V161491,PRE FTF CASI/WEB: Mention: Online newspaper inews[10],IF R HEARD ABOUT PRES CAMP AIGN IN NEWSP APERS: Which of the following newspapers do you read online or in print regularly? Please check any that you read at least once a month. (Mark all that apply) Ran- domized response option order except last,,
V161492,PRE FTF CASI/WEB: Mention: Online newspaper inews[11],IF R HEARD ABOUT PRES CAMP AIGN IN NEWSP APERS: Which of the following newspapers do you read online or in print regularly? Please check any that you read at least once a month. (Mark all that apply) Ran- domized response option order except last,,
V161493,PRE FTF CASI/WEB: Mention: Other online newspaper,IF R HEARD ABOUT PRES CAMP AIGN IN NEWSP APERS: Which of the following newspapers do you read online or in print regularly? Please check any that you read at least once a month. (Mark all that apply) Ran- domized response option order except last,"0. Not selected
1. Selected
","-1. INAP ,
-5. Interview breakoff
-9. Refused question
"
V161494,PRE FTF CASI/WEB: Mention: No online newspaper,IF R HEARD ABOUT PRES CAMP AIGN IN NEWSP APERS: Which of the following newspapers do you read online or in print regularly? Please check any that you read at least once a month. (Mark all that apply) Ran- domized response option order except last,"0. Not selected
1. Selected
","-1. INAP ,
-5. Interview breakoff
-9. Refused question
"
V161495,PRE FTF CASI/WEB: No. days in wk R uses soc media to learn Pres,"During a typical week, how many days do you use social media such as T witter or F acebook?","0. None
1. One day
2. T wo days
3. Three days
4. F our days
5. Five days
6. Six days
7. Seven days
","-5. Interview breakoff
-9. Refused
"
V161496,PRE FTF CASI / WEB: How many Guns owned,How many guns do you or anyone else living here own? TYPE THE NUM- BER. 37 unique outcomes. 20 most frequently appearing outcomes:,,
V161497,PRE FTF CASI / WEB: Correct or incorrect- WORDSUM set B,WORDSUM B,"0. Not correct
1. Correct
","-5. Interview breakoff
-9. Refused
"
V161498,PRE FTF CASI / WEB: Correct or incorrect- WORDSUM set D,WORDSUM D,"0. Not correct
1. Correct
","-5. Interview breakoff
-9. Refused
"
V161499,PRE FTF CASI / WEB: Correct or incorrect- WORDSUM set E,WORDSUM E,"0. Not correct
1. Correct
","-5. Interview breakoff
-9. Refused
"
V161500,PRE FTF CASI / WEB: Correct or incorrect- WORDSUM set F,WORDSUM F,"0. Not correct
1. Correct
","-5. Interview breakoff
-9. Refused
"
V161501,PRE FTF CASI / WEB: Correct or incorrect- WORDSUM set G,WORDSUM G,"0. Not correct
1. Correct
","-5. Interview breakoff
-9. Refused
"
V161502,PRE FTF CASI / WEB: Correct or incorrect- WORDSUM set H,WORDSUM H,"0. Not correct
1. Correct
","-5. Interview breakoff
-9. Refused
"
V161503,PRE FTF CASI / WEB: Correct or incorrect- WORDSUM set J,WORDSUM J,"0. Not correct
1. Correct
","-5. Interview breakoff
-9. Refused
"
V161504,PRE FTF CASI / WEB: Correct or incorrect- WORDSUM set K,WORDSUM K,"0. Not correct
1. Correct
","-5. Interview breakoff
-9. Refused
"
V161505,PRE FTF CASI / WEB: Correct or incorrect- WORDSUM set L,WORDSUM L,"0. Not correct
1. Correct
","-5. Interview breakoff
-9. Refused
"
V161506,PRE FTF CASI / WEB: Correct or incorrect- WORDSUM set O,WORDSUM O,"0. Not correct
1. Correct
","-5. Interview breakoff
-9. Refused
"
V161507,PRE FTF CASI / WEB: Innocent remarks as sexist,"’Many women interpret innocent remarks or acts as being sexist. ’ Do you agree strongly , agree somewhat, neither agree nor disagree, disagree some- what, or disagree strongly with this statement?","1. Agree strongly
2. Agree somewhat
3. Neither agree nor disagree
4. Disagree somewhat
5. Disagree strongly
","-5. Interview breakoff
-9. Refused
"
V161508,PRE FTF CASI / WEB: W omen fail to appreciate what men do for them,"’Most women fail to appreciate fully all that men do for them. ’ (Do you agree strongly , agree somewhat, neither agree nor disagree, disagree somewhat, or disagree strongly with this statement?)","1. Agree strongly
2. Agree somewhat
3. Neither agree nor disagree
4. Disagree somewhat
5. Disagree strongly
","-5. Interview breakoff
-9. Refused
"
V161509,PRE FTF CASI / WEB: W omen seek to gain power by getting control over,"’W omen seek to gain power by getting control over men. ’ (Do you agree strongly , agree somewhat, neither agree nor disagree, disagree somewhat, or disagree strongly with this statement?)","1. Agree strongly
2. Agree somewhat
3. Neither agree nor disagree
4. Disagree somewhat
5. Disagree strongly
","-5. Interview breakoff
-9. Refused
"
V161510,PRE FTF CASI / WEB: W omen put men on a tight leash,"’Once a woman gets a man to commit to her, she tries to put him on a tight leash. ’ (Do you agree strongly , agree somewhat, neither agree nor disagree, disagree somewhat, or disagree strongly with this statement?)","1. Agree strongly
2. Agree somewhat
3. Neither agree nor disagree
4. Disagree somewhat
5. Disagree strongly
","-5. Interview breakoff
-9. Refused
"
V161511,PRE FTF CASI / WEB: Sexual orientation of R,"IF R IS NOT FEMALE / IF R IS FEMALE: Do you consider yourself to be heterosexual or straight, homosexual or gay , or bisexual?/ Do you consider yourself to be heterosexual or straight, homosexual or gay or lesbian, or bisexual?","1. Heterosexual or straight
2. Homosexual or gay (or
3. Bisexual
","-5. Interview breakoff
-9. Refused
"
V161512,PRE FTF CASI / WEB: Sexual orientation of family and friends,"Among your immediate family members, relatives, neighbors, co-workers, or close friends, are any of them gay , lesbian, or bisexual as far as you know?","1. Y es
2. No
","-5. Interview breakoff
-9. Refused
"
V161513,PRE FTF CASI / WEB: Y ears Senator Elected,"F or how many years is a United States Senator elected that is, how many years are there in one full term of office for a U.S. Senator? TYPE THE NUMBER. 29 unique outcomes. 20 most frequently appearing outcomes:",,
V161514,PRE FTF CASI / WEB: Political knowledge: program F ed govt spends,On which of the following does the U.S. federal government currently spend the least? Randomized response option order,"1. F oreign aid
2. Medicare
3. National defense
4. Social Security
","-5. Interview breakoff
-9. Refused
"
V161515,PRE FTF CASI / WEB: Party with Most Members In House Before Election,Do you happen to know which party currently has the most members in the U.S. House of Representatives in W ashington?,"1. Democrats
2. Republicans
","-5. Interview breakoff
-9. Refused
"
V161516,PRE FTF CASI / WEB: Party with Most Members In Senate Before Elec-,Do you happen to know which party currently has the most members in the U.S. Senate? RANDOMIZA TION: Order of responses,"1. Democrats
2. Republicans
","-5. Interview breakoff
-9. Refused
"
V161517,PRE WEB ONL Y: ease of online access,"IF MODE IS WEB: How easy was it for you to get access to a computer with an internet connection to take this survey? W as it [not at all easy , a little easy , moderately easy , very easy , or extremely easy / extremely easy , very easy , moderately easy , a little easy , or not at all easy]? F orward/reverse response option order","1. Not at all easy
2. A little easy
3. Moderately easy
4. V ery easy
5. Extremely easy
","-1. INAP , FTF mode
-5. Interview breakoff
-9. Refused
"
V161518,PRE FTF CASI ONL Y: R rating of interviewer,"IF MODE IS F ACE-TO-F ACE: This interview is almost done. How would you rate the interviewer’s performance during the interview today? W as it good, bad, or neither good nor bad?","1. Good
2. Bad
3. Neither good nor bad
1. Extremely
2. Moderately
3. A little","-1. INAP , W eb mode
-9. Refused
-1. INAP ,"
V161519,PRE FTF CASI ONL Y: R rating of interviewer degree,"IF MODE IS F ACE-TO-F ACE: IF R SAID THA T INTER VIEWER PER- FORMANCE W AS GOOD / IF R SAID THA T INTER VIEWER PERFOR- MANCE W AS BAD: W as it extremely [good/bad], moderately [good/bad] or a little [good/bad]? / W as it a little [good/bad], moderately [good/bad] or extremely [good/bad]? F orward/reverse response option order",,
V161520,PRE FTF CASI ONL Y: R rating of interview,"IF MODE IS F ACE-TO-F ACE: How would you rate this interview for the American National Election Studies? Did you like it, dislike it, or neither like nor dislike it?","1. Liked
2. Disliked
3. Neither liked nor disliked
1. A little
2. A moderate amount
3. A great deal","-1. INAP , W eb mode
-9. Refused
-1. INAP ,
-9. Refused"
V161521,PRE FTF CASI ONL Y: R rating of interview degree,"IF MODE IS F ACE-TO-F ACE: IF R SAID LIKED THE PRE INTER VIEW / IF R SAID DISLIKED THE PRE INTER VIEW: Did you [like/dislike] it a little, a moderate amount, or a great deal? / Did you [like/dislike] it a great deal, a moderate amount, or a little? F orward/reverse response option order",,
V161522,PRE: How satisfied is R with life,"All things considered, how satisfied are you with your life as a whole these days? W ould you say that you are [extremely satisfied, very satisfied, mod- erately satisfied, slightly satisfied, or not satisfied at all / not satisfied at all, slightly satisfied, moderately satisfied, very satisfied, or extremely satisfied]? F orward/reverse response option order","1. Extremely satisfied
2. V ery satisfied
3. Moderately satisfied
4. Slightly satisfied
5. Not satisfied at allrun
","-5. Interview breakoff
-8. Don’t know (FTF only)
-9. Refused
"
V161523,PRE WEB ONL Y: RESTRICTED R comments,IF MODE IS WEB: Thank you for completing the American National Elec- tion Study surveys. Please share any comments you have. W e welcome your feedback.,,"-1. INAP , FTF mode
-3. Restricted access, not
-5. Interview breakoff
"
V162001,POST: FTF ONL Y: Audio recording consent,Not applicable,"1. Continue
7. Refuse to allow audio
","-1. Inap
-6. No post-election interview
-7. No post data, deleted due
"
V162002,POST: How many programs about 2016 campaign did R watch on TV,"How many programs about the campaign for President did you watch on television? [None, just one or two, several, or a good many / A good many , several, just one or two, or none]? F orward/reverse response option order","1. None
2. Just one or two
3. Several
4. A good many
","-6. No post-election interview
-7. No post data, deleted due
"
V162003,POST: How many speeches about 2016 campaign did R listen to on radio,"How many speeches or discussions about the campaign for President did you listen to on the radio? [None, just one or two, several, or a good many / A good many , several, just one or two, or none]? F orward/reverse response option order","1. None
2. Just one or two
3. Several
4. A good many
","-6. No post-election interview
-7. No post data, deleted due
"
V162004,POST: How many times R got info about 2016 campaign on the Internet,"How many times did you read, watch, or listen to any information about the campaign for President on the Internet? [None, just one or two, several, or a good many / A good many , several, just one or two, or none]? F orward/reverse response option order","1. None
2. Just one or two
3. Several
4. A good many
","-6. No post-election interview
-7. No post data, deleted due
-9. Refused
"
V162005,POST: How many stories R read about 2016 campaign in any newspaper,"How many stories about the campaign for President did you read about in any newspaper? [None, just one or two, several, or a good many / A good many , several, just one or two, or none]? F orward/reverse response option order","1. None
2. Just one or two
3. Several
4. A good many
","-6. No post-election interview
-7. No post data, deleted due
"
V162006,POST: Did R visit website of candidate,"IF READ, W A TCHED OR LISTENED TO CAMP AIGN FOR PRESI- DENT INFO ON THE INTERNET: Did you visit any Presidential can- didates’ websites, or did you never do that?","1. Y es, visited candidate web
2. Never did that
","-1. Inap
-6. No post-election interview
-7. No post data, deleted due
"
V162007,POST: Did party contact R about 2016 campaign,"As you know, the political parties try to talk to as many people as they can to get them to vote for their candidate. Did anyone from one of the political parties call you up or come around and talk to you about the campaign this year?","1. Y es
2. No
","-6. No post-election interview
-7. No post data, deleted due
-9. Refused
"
V162007a,POST: Which party contacted R about 2016 campaign,IF SOMEONE FROM POLITICAL P AR TY CONT ACTED R ABOUT CAMP AIGN: Which party was that?,"1. Democrats
2. Republicans
3. Both
5. Other
","-1. Inap
-6. No post-election interview
-7. No post data, deleted due
-8. Don’t know
-9. Refused
"
V162008,POST: Did anyone other than parties contact R about cands,"Other than someone from the two major parties, did anyone (else) call you up or come around and talk to you about supporting specific candidates in this last election?","1. Y es
2. No
","-6. No post-election interview
-7. No post data, deleted due
-8. Don’t know
"
V162009,POST: Anyone talk to R abt registering or getting out to vote,"During the campaign this year, did anyone talk to you about registering to vote or getting out to vote?","1. Y es, someone did
2. No, no one did
","-6. No post-election interview
-7. No post data, deleted due
"
V162010,POST: R talk to anyone about voting for or against cand or pty,"W e would like to find out about some of the things people do to help a party or a candidate win an election. During the campaign, did you talk to any people and try to show them why they should vote for or against one of the parties or candidates?","1. Y es
2. No
","-6. No post-election interview
-7. No post data, deleted due
-9. Refused
"
V162011,"POST: R go to any political meetings, rallies, speeches","Did you go to any political meetings, rallies, speeches, dinners, or things like that in support of a particular candidate?","1. Y es
2. No
","-6. No post-election interview
-7. No post data, deleted due
-9. Refused
"
V162012,POST: R wear campaign button or post sign or bumper sticker,"Did you wear a campaign button, put a campaign sticker on your car, or place a sign in your window or in front of your house?","1. Y es
2. No
","-6. No post-election interview
-7. No post data, deleted due
-9. Refused
"
V162013,POST: R do any (other) work for party or candidate,Did you do any (other) work for one of the parties or candidates?,"1. Y es
2. No
","-6. No post-election interview
-7. No post data, deleted due
-9. Refused
"
V162014,POST: R contribute money to specific candidate campaign,During an election year people are often asked to make a contribution to support campaigns. Did you give money to an individual candidate running for public office?,"1. Y es
2. No
","-6. No post-election interview
-7. No post data, deleted due
-8. Don’t know
-9. Refused
"
V162014a,POST: Party of candidate for whom R contributed money,IF R CONTRIBUTED MONEY TO INDIVIDUAL CANDIDA TE: Which party did that candidate belong to?,"1. Democratic
2. Republican
3. Both Democratic and
5. Other
","-1. Inap
-6. No post-election interview
-7. No post data, deleted due
"
V162014b,POST: RESTRICTED- Other specify - party of candidate for whom R con-,IF R CONTRIBUTED MONEY TO INDIVIDUAL CANDIDA TE: Which party did that candidate belong to?,,"-1. Inap
-3. Restricted
-6. No post-election interview
-7. No post data, deleted due
"
V162016,POST: R contribute money to political party,Did you give money to a political party during this election year?,"1. Y es
2. No
","-6. No post-election interview
-7. No post data, deleted due
-8. Don’t know
-9. Refused
"
V162016a,POST: Party to which R contributed,IF R CONTRIBUTED MONEY TO POLITICAL P AR TY: T o which party did you give money?,"1. Democratic
2. Republican
3. Both Democratic and
5. Other
","-1. Inap
-6. No post-election interview
-7. No post data, deleted due
"
V162016b,POST: RESTRICTED- Other specify - party to which R contributed,IF R CONTRIBUTED MONEY TO POLITICAL P AR TY: T o which party did you give money?,,"-1. Inap
-3. Restricted
-6. No post-election interview
-7. No post data, deleted due
"
V162017,POST: R contribute to any other group for/against a cand,Did you give any money to any other group that supported or opposed candidates?,"1. Y es
2. No
","-6. No post-election interview
-7. No post data, deleted due
-8. Don’t know
"
V162018a,POST: DHS: Has R in past 12 months: joined a protest march,"During the past 12 months, have you joined in a protest march, rally , or demonstration, or have you not done this in the past 12 months?","1. Have done this in past
2. Have not done this in past
","-6. No post-election interview
-7. No post data, deleted due
-9. Refused
"
V162018b,POST: DHS: Has R in past 12 months: signed petition,"During the past 12 months, have you signed a petition on the Internet or on paper about a political or social issue, or have you not done this in the past 12 months?","1. Have done this in past
2. Have not done this in past
","-6. No post-election interview
-7. No post data, deleted due
-8. Don’t know
-9. Refused
"
V162018c,POST: DHS: Has R in past 12 months: given money to relig org,"During the past 12 months, have you ever given money to a religious orga- nization, or have you not done this in the past 12 months?","1. Have done this in past
2. Have not done this in past
","-6. No post-election interview
-7. No post data, deleted due
-9. Refused
"
V162018d,POST: DHS: Has R in past 12 months: gave money to soc/pol org,"Not counting a religious organization, during the past 12 months, have you given money to any other organization concerned with a political or social issue, or have you not done this in the past 12 months?","1. Have done this in past
2. Have not done this in past
","-6. No post-election interview
-7. No post data, deleted due
-9. Refused
"
V162018e,POST: DHS: sent a message on F acebook/T witter about polit iss,Not applicable,"1. Have done this in past
2. Have not done this in past
","-6. No post-election interview
-7. No post data, deleted due
-8. Don’t know
-9. Refused
"
V162019,POST: Contact U.S. Representative or Senator,"During the past 12 months, have you contacted or tried to contact a member of the U.S. Senate or U.S. House of Representatives, or have you not done this in the past 12 months?","1. Have done this in past
2. Have not done this in past
","-6. No post-election interview
-7. No post data, deleted due
-8. Don’t know
-9. Refused
"
V162020a,POST: Who did R contact: was it U.S. Senator from R’s state,"IF R HAD TRIED TO CONT ACT MEMBER OF U.S. HOUSE OR SEN- A TE IN P AST 12 MONTHS: Which of these did you contact? A U.S. Senator from your state, a U.S. Senator from another state, the member of the U.S. House of Representatives from your district, or another member of the U.S. House of Representatives? ENTER ALL THA T APPL Y F or W eb administration, response options 1 and 3 replaced the word ‘Respondent’s’ with ‘your. ’","0. No
1. Y es
","-1. Inap
-6. No post-election interview
-7. No post data, deleted due
-8. Don’t know
-9. Refused
"
V162020c,POST: Who did R contact: was it R’s district U.S. Representative,"IF R HAD TRIED TO CONT ACT MEMBER OF U.S. HOUSE OR SEN- A TE IN P AST 12 MONTHS: Which of these did you contact? A U.S. Senator from your state, a U.S. Senator from another state, the member of the U.S. House of Representatives from your district, or another member of the U.S. House of Representatives? ENTER ALL THA T APPL Y F or W eb administration, response options 1 and 3 replaced the word ‘Respondent’s’ with ‘your. ’","0. No
1. Y es
","-1. Inap
-6. No post-election interview
-7. No post data, deleted due
-9. Refused
"
V162020b,POST: Who did R contact: was it U.S. Senator from another state,"IF R HAD TRIED TO CONT ACT MEMBER OF U.S. HOUSE OR SEN- A TE IN P AST 12 MONTHS: Which of these did you contact? A U.S. Senator from your state, a U.S. Senator from another state, the member of the U.S. House of Representatives from your district, or another member of the U.S. House of Representatives? ENTER ALL THA T APPL Y F or W eb administration, response options 1 and 3 replaced the word ‘Respondent’s’ with ‘your. ’","0. No
1. Y es
","-1. Inap
-6. No post-election interview
-7. No post data, deleted due
-9. Refused
"
V162020d,POST: Who did R contact: was it other U.S. Representative,"IF R HAD TRIED TO CONT ACT MEMBER OF U.S. HOUSE OR SEN- A TE IN P AST 12 MONTHS: Which of these did you contact? A U.S. Senator from your state, a U.S. Senator from another state, the member of the U.S. House of Representatives from your district, or another member of the U.S. House of Representatives? ENTER ALL THA T APPL Y F or W eb administration, response options 1 and 3 replaced the word ‘Respondent’s’ with ‘your. ’","0. No
1. Y es
","-1. Inap
-6. No post-election interview
-7. No post data, deleted due
-9. Refused
"
V162021a,POST: V ote section- order of major party candidate names / FTF Ballot,Not applicable,"1. Democratic candidate
2. Republican candidate
","-6. Unit nonresponse, no
-7. No Post, deleted due to
"
V162021b,POST: V ote section- household address preloaded (sample address),Not applicable,"1. Sample address preloaded
","-6. Unit nonresponse, no
-7. No Post, deleted due to
"
V162021c,POST: V ote section- candidate names preloaded for sample address,Not applicable,"0. No candidate names
1. Candidate names
","-6. Unit nonresponse, no
-7. No Post, deleted due to
"
V162022,POST: R registered to vote (Post-election),"IF R DID NOT INDICA TE BEING REGISTERED IN THE PRE SUR- VEY: Now on a different topic. Are you registered to vote at this address, registered at a different address, or not currently registered? Online, ‘this address’ was replaced with preloaded home address.","0. State of registration is not
1. State of registration same0. No Senate race in state of
1. Senate race in state of0. No Governor race in state
1. Governor race in state of0. No party registration in
1. Party registration in state","-1. INAP , WEB:
-6. Unit nonresponse, no
-7. No Post, deleted due to-1. INAP , WEB:
-6. Unit nonresponse, no
-7. No Post, deleted due to-1. INAP , WEB:
-6. Unit nonresponse, no
-7. No Post, deleted due to-1. INAP , WEB:
-6. Unit nonresponse, no"
V162022a,POST WEB: Is R registered (registration address not answered),IF MODE IS INTERNET: IF R DID NOT INDICA TE BEING REGIS- TERED IN THE PRE SUR VEY: IF WEB RESPONDENT HAS NO AD- DRESS ON FILE (NOT PRELOADED) / IF WEB RESPONDENT DID NOT ANSWER WHERE REGISTERED TO VOTE : Are you registered to vote?,"0. Did not vote in
1. V oted in1. Y es, voted for President
2. No, didn’t vote for1. Y es
2. No","-2. Missing,
-8. Don’t know (in V162031)-1. INAP ,
-6. Unit nonresponse, no
-7. No Post, deleted due to
-9. Refused-1. INAP ,
-6. Unit nonresponse, no
-7. No Post, deleted due to
-8. Don’t know (FTF or
-9. Refused"
V162023,POST: Address of registration given (not registered at sample address),IF R DID NOT INDICA TE BEING REGISTERED IN THE PRE SUR VEY: IF R IS REGISTERED A T AN ADDRESS OTHER THAN PRELOAD ADDRESS / IF WEB R INDICA TES REGISTERED BUT UNKNOWN A T WHA T ADDRESS: What is the address where you are registered to vote now?,"0. Registration address not
1. Registration address given
2. Partial address given for
3. Only P .O. box given as
","-1. Inapplicable
-6. Unit nonresponse, no
-7. No Post, deleted due to
"
V162024a,POST: State included in address of registration (not registered at samp addr),IF R DID NOT INDICA TE BEING REGISTERED IN THE PRE SUR VEY: IF R IS REGISTERED A T AN ADDRESS OTHER THAN PRELOAD ADDRESS / IF WEB R INDICA TES REGISTERED BUT UNKNOWN A T WHA T ADDRESS: What is the address where you are registered to vote now?,"0. State not included for
1. State included for
","-1. Inapplicable
-6. Unit nonresponse, no
-7. No Post, deleted due to
"
V162024b,POST: City included in Post address of registration (not registered at samp,IF R DID NOT INDICA TE BEING REGISTERED IN THE PRE SUR VEY: IF R IS REGISTERED A T AN ADDRESS OTHER THAN PRELOAD ADDRESS / IF WEB R INDICA TES REGISTERED BUT UNKNOWN A T WHA T ADDRESS: What is the address where you are registered to vote now?,"0. City not included for
1. City included for
9. Only city of P .O. Box
","-1. Inapplicable
-6. Unit nonresponse, no
-7. No Post, deleted due to
"
V162025,POST: State of registration - reg state not given (not registered at samp,IF R DID NOT INDICA TE BEING REGISTERED IN THE PRE SUR VEY: IF R IS REGISTERED A T AN ADDRESS OTHER THAN PRELOAD ADDRESS / IF WEB R INDICA TES REGISTERED BUT UNKNOWN A T WHA T ADDRESS: IF ST A TE OF REGISTRA TION (A T LEAST) W AS NOT PROVIDED FOR REGISTRA TION ADDRESS: In what state are you registered to vote now?,"13. Georgia
36. New Y ork
","-1. Inapplicable
-6. Unit nonresponse, no
-7. No Post, deleted due to
"
V162026a,POST: State of regist for Post vote section (Pre nonvoter; reg state given,Not applicable 54 unique outcomes. 20 most frequently appearing outcomes:,,
V162026b,POST: State of regist for Post vote section same as sample address state,Not applicable,"1. Y es, have <yellow/green>
2. Have Ballot Card in wrong
3. Only have card(s) for","-1. Inap,
-6. Unit nonresponse, no
-7. No Post, deleted due to"
V162026c,POST: Senate race in state of registration (all registrations),Not applicable,,
V162026d,POST: Governor race in state of registration (all registrations),Not applicable,,
V162026e,POST: Party registration in state of registration (all registrations),Not applicable,,
V162027,POST: Is R registered to vote in preload county (not reg at sample address),"IF R DID NOT INDICA TE BEING REGISTERED IN THE PRE SUR VEY: IF R REGISTERED A T AN ADDRESS OTHER THAN CURRENT AD- DRESS: IF R REGISTERED IN SAME ST A TE AS CURRENT ADDRESS OR REGISTRA TION ST A TE MISSING: Is that address in [PRELOAD: sample county name]? If sample location was W ashington D.C., ‘W ashing- ton D.C’ was preloaded.","1. Y es, registered in <county
2. No, registered in other
","-1. Inapplicable
-6. Unit nonresponse, no
-7. No Post, deleted due to
"
V162028,POST: How many years has R been registered at registration location,IF R DID NOT INDICA TE BEING REGISTERED IN THE PRE SUR- VEY: IF R REGISTERED A T CURRENT ADDRESS / IF R NOT REG- ISTERED A T CURRENT ADDRESS AND PROVIDED ADDRESS OF REGISTRA TION: How many years have you been registered to vote at [this/that] address? ENTER 0 IF RESPONSE IS LESS THAN 1 YEAR,,
V162028x,PRE-POST: SUMMAR Y- years has R been registered at registration loca-,IF R DID NOT INDICA TE BEING REGISTERED IN THE PRE SUR- VEY: IF R REGISTERED A T CURRENT ADDRESS / IF R NOT REG- ISTERED A T CURRENT ADDRESS AND PROVIDED ADDRESS OF REGISTRA TION: How many years have you been registered to vote at [this/that] address? ENTER 0 IF RESPONSE IS LESS THAN 1 YEAR,,"-2. Missing, reg address (incl
-8. Don’t know (FTF only)
-9. Refused
"
V162029,POST: W as name recorded for registration name,"IF R DID NOT INDICA TE BEING REGISTERED IN THE PRE SUR- VEY: IF R INDICA TED REGISTERED TO VOTE IN THE POST SUR- VEY: Under what name are you registered to vote? (IF NECESSAR Y: Some people register to vote under their full name and others use different versions of their name. Others might have changed their name since they registered. What about you? Under what name are you registered to vote?) INTER VIEWER: PROBE GENTL Y FOR THE NAME. DO NOT PROBE REFUSALS F or W eb administration, the optional text in parentheses did not appear and the following text appeared: ‘(Y our name remains confiden- tial and will never be shared outside of the Study .)’ It should be noted that wording of this question was changed for the post-election wave.","0. No name recorded
1. RESTRICTED: Recorded,
2. RESTRICTED: Partially
","-1. Inapplicable
-6. Unit nonresponse, no
-7. No Post, deleted due to
"
V162029x,PRE-POST: SUMMAR Y - Name recorded for registration name,"IF R DID NOT INDICA TE BEING REGISTERED IN THE PRE SUR- VEY: IF R INDICA TED REGISTERED TO VOTE IN THE POST SUR- VEY: Under what name are you registered to vote? (IF NECESSAR Y: Some people register to vote under their full name and others use different versions of their name. Others might have changed their name since they registered. What about you? Under what name are you registered to vote?) INTER VIEWER: PROBE GENTL Y FOR THE NAME. DO NOT PROBE REFUSALS F or W eb administration, the optional text in parentheses did not appear and the following text appeared: ‘(Y our name remains confiden- tial and will never be shared outside of the Study .)’ It should be noted that wording of this question was changed for the post-election wave.","0. No name recorded
1. RESTRICTED: Recorded,
2. RESTRICTED: Partially
","-2. Missing, not registered in
"
V162030,POST: Party of registration,"IF R DID NOT INDICA TE BEING REGISTERED IN THE PRE SUR VEY: IF R IS REGISTERED TO VOTE: IF R IS REGISTERED TO VOTE IN ST A TE WHERE P AR TY MA Y BE REGISTERED: What political party are you registered with, if any?","1. Democratic Party
2. Republican Party
4. None or ‘independent’
5. Other party SPECIFY
","-1. Inapplicable
-6. Unit nonresponse, no
-7. No Post, deleted due to
"
V162030x,PRE-POST: SUMMAR Y - Party of registration,Not applicable,"1. Democratic Party
2. Republican Party
4. None or ‘independent’
5. Other party SPECIFY
","-2. Missing, not registered in
-8. Don’t know
-9. Refused
"
V162031,POST: Did R vote in the November 2016 elections,"IF R DID NOT INDICA TE IN THE PRE THA T R ALREADY VOTED: IF R IS REGISTERED TO VOTE: In talking to people about elections, we often find that a lot of people were not able to vote because they weren’t registered, they were sick, or they just didn’t have time. Which of the following statements best describes you: One, I did not vote (in the election this November), T wo, I thought about voting this time, but didn’t, Three, I usually vote, but didn’t this time, or F our, I am sure I voted? F or W eb administration, the response options did not appear in the question text and were replaced with: Which of the following statements best describes you?","1. I did not vote (in the
2. I thought about voting this
3. I usually vote, but didn’t
4. I am sure I voted1. Y es
2. No1. Y es
2. No","-1. INAP ,
-6. Unit nonresponse, no
-7. No Post, deleted due to
-8. Don’t know (FTF ONL Y)-1. INAP ,
-6. Unit nonresponse, no
-7. No Post, deleted due to
-8. Don’t know (FTF only)-1. INAP ,
-6. Unit nonresponse, no
-7. No Post, deleted due to"
V162031x,PRE-POST: SUMMAR Y -Did R vote in 2016,Not applicable,,
V162032x,POST: SUMMAR Y - Post vote status for registered respondents,Not applicable,"1. Post status not (or DK/RF
2. Post status registered, did
3. Post status registered and
","-2. Missing, R reported
-6. Unit nonresponse, no
-7. No Post, deleted due to
"
V162033,POST: FTF ONL Y: IWR CHECKPOINT: have correct Post ballot card,IF MODE IS FTF: IF R DID NOT REPOR T IN THE PRE THA T R AL- READY VOTED: IF HAS NOT REFUSED TO INDICA TE REGISTRA- TION ST A TUS: IF R IS REGISTERED IN COUNTY OF CURRENT ADDRESS OR IF R IS NOT REGISTERED: CONGRESSIONAL DIS- TRICT IS: [PRELOAD: sample state] [PRELOAD: sample district]. AS- SIGNED BALLOT COLOR IS: [YELLOW/GREEN]. PLEASE DESCRIBE WHETHER YOU HA VE THE CORRECT BALLOT CARD FOR THE RE- SPONDENT: [– NO BALLOT CARD – ],,
V162033a,POST: FTF ONL Y: IWR error at Ballot Card checkpoint,IF MODE IS FTF: IF R DID NOT REPOR T IN THE PRE THA T R AL- READY VOTED: IF HAS NOT REFUSED TO INDICA TE REGISTRA- TION ST A TUS: IF R IS REGISTERED IN COUNTY OF CURRENT ADDRESS OR IF R IS NOT REGISTERED: CONGRESSIONAL DIS- TRICT IS: [PRELOAD: sample state] [PRELOAD: sample district]. AS- SIGNED BALLOT COLOR IS: [YELLOW/GREEN]. PLEASE DESCRIBE WHETHER YOU HA VE THE CORRECT BALLOT CARD FOR THE RE- SPONDENT: [– NO BALLOT CARD – ],"0. Ballot card not used as
1. Ballot card used, names
2. Ballot card not used,
","-1. Inapplicable
-6. Unit nonresponse, no
-7. No Post, deleted due to
"
V162033x,POST: SUMMAR Y - administration of Post vote module,Not applicable,"1. Used Ballot Card/preload
2. Used Ballot Card/preload
3. Not used (open-end
4. Not used (open-end
","-2. Missing, R reported
-6. Unit nonresponse, no
-7. No Post, deleted due to
"
V162034,POST: Did R vote for President,IF R DID NOT INDICA TE IN THE PRE THA T R ALREADY VOTED: IF R IS REGISTERED TO VOTE: IF R REPOR TED IN THE POST THA T R VOTED: How about the election for President? Did you vote for a candidate for President?,,
V162034a,POST: F or whom did R vote for President,"IF R DID NOT INDICA TE IN THE PRE THA T R ALREADY VOTED: IF R IS REGISTERED TO VOTE: IF R REPOR TED IN THE POST THA T R VOTED: IF R VOTED FOR PRESIDENT: IF R ASSIGNED TO DEMO- CRA TIC NAMES FIRST / IF R ASSIGNED TO REPUBLICAN NAMES FIRST: Who did you vote for? [Hillary Clinton, Donald T rump / Donald T rump, Hillary Clinton], Gary Johnson, Jill Stein, or someone else? RANDOMIZA TION: Order of Democratic and Republican Pres cand names in question text. Order of response options 1-2","1. Hillary Clinton
2. Donald T rump
3. Gary Johnson
4. Jill Steiin
5. Other candidate SPECIFY
7. Other specify given as:
9. Other specify given as: RF
","-1. Inapplicable
-6. Unit nonresponse, no
-7. No Post, deleted due to
-8. Don’t know (FTF only)
-9. Refused
"
V162035,POST: Preference strong for Pres cand for whom R voted,IF R DID NOT INDICA TE IN THE PRE THA T R ALREADY VOTED: IF R IS REGISTERED TO VOTE: IF R REPOR TED IN THE POST THA T R VOTED: IF R VOTED FOR PRESIDENT: IF R’S VOTE FOR PRES- IDENT IS NOT DK/RF: W ould you say your preference for this candidate was strong or not strong?,"1. Strong
2. Not strong
","-1. Inapplicable
-6. Unit nonresponse, no
-7. No Post, deleted due to
-8. Don’t know (FTF only)
-9. Refused
"
V162036,POST: T ext- How long before election R made decision Pres vote,"IF R DID NOT INDICA TE IN THE PRE THA T R ALREADY VOTED: IF R IS REGISTERED TO VOTE: IF R REPOR TED IN THE POST THA T R VOTED: IF R VOTED FOR PRESIDENT: IF R’S VOTE FOR PRESI- DENT IS NOT DK/RF: How long before you voted did you decide that you were going to vote the way you did? PROBE IF NECESSAR Y: WOULD THA T HA VE BEEN A FEW DA YS BEFORE YOU VOTED, A WEEK, OR LONGER THAN THA T?",,"-2. Redacted text of open-end
-6. Unit nonresponse, no
-7. No Post, deleted due to
"
V162036a,POST: Code- How long before election R made decision Pres vote,"IF R DID NOT INDICA TE IN THE PRE THA T R ALREADY VOTED: IF R IS REGISTERED TO VOTE: IF R REPOR TED IN THE POST THA T R VOTED: IF R VOTED FOR PRESIDENT: IF R’S VOTE FOR PRESI- DENT IS NOT DK/RF: How long before you voted did you decide that you were going to vote the way you did? PROBE IF NECESSAR Y: WOULD THA T HA VE BEEN A FEW DA YS BEFORE YOU VOTED, A WEEK, OR LONGER THAN THA T? ANES 2016 Codebook - V ersion 20190904 - page 815","1. That day; when I walked
2. One day
3. More than one day/less
4. One week
5. More than one week/less
6. One month
7. More than one month/less
8. T wo to three months; a
9. More than
10. Six months
11. More than six months;
12. Specific event; the answer
13. Other; the answer does
14. Longer than a week
96. Don’t know
97. Refused
99. Not answered; The
","-1. Inap
-6. Unit nonresponse, no
-7. No Post, deleted due to
"
V162037,POST: Does R prefer Pres cand (did not vote),IF R DID NOT INDICA TE IN THE PRE THA T R ALREADY VOTED: IF R IS NOT REGISTERED OR IF R IS REGISTERED TO VOTE AND DID NOT VOTE: How about the election for President? Did you prefer one of the candidates for President?,,
V162037a,POST: Preference for Pres cand (did not vote),"IF R DID NOT INDICA TE IN THE PRE THA T R ALREADY VOTED: IF R IS NOT REGISTERED OR IF R IS REGISTERED TO VOTE AND DID NOT VOTE: IF R PREFERRED A PRESIDENTIAL CANDIDA TE: Who did you prefer? [Hillary Clinton, Donald T rump / Donald T rump, Hillary Clinton], Gary Johnson, Jill Stein , or someone else? RANDOMIZA TION: Order of Democratic and Republican Pres cand names in question text. Order of response options 1-2",,
V162038,POST: Preference strong for Pres cand (did not vote),IF R DID NOT INDICA TE IN THE PRE THA T R ALREADY VOTED: IF R IS NOT REGISTERED OR IF R IS REGISTERED TO VOTE AND DID NOT VOTE: IF R PREFERRED A PRESIDENTIAL CANDIDA TE: IF PRESIDENTIAL CANDIDA TE PREFERENCE IS NOT DK/RF: W ould you say your preference for this candidate was strong or not strong?,"1. Strong
2. Not strong
10. Prefer Hillary Clinton -
11. Prefer Hillary Clinton -
20. Prefer Donald T rump -
21. Prefer Donald T rump -
30. Prefer Gary Johnson - not
31. Prefer Gary Johnson -
40. Prefer Jill Stein - not
41. Prefer Jill Stein - strong
50. Prefer other candidate -
51. Prefer other candidate -","-1. INAP , -8,-9 in V162037a/4
-6. Unit nonresponse, no
-7. No Post, deleted due to
-2. Missing, -8,-9 in
-6. Unit nonresponse, no
-7. No Post, deleted due to"
V162038x,POST: SUMMAR Y- Preference for Pres cand (did not vote),Not applicable,,
V162039,POST: Did R vote for U.S. House of Representatives,IF R DID NOT INDICA TE IN THE PRE THA T R ALREADY VOTED: IF R IS REGISTERED TO VOTE: IF R REPOR TED IN THE POST THA T R VOTED: IF IWR HAS BALLOT CARD FOR REGISTRA TION DIS- TRICT/ IF IWR DOES NOT HA VE CARD FOR REGISTRA TION DIS- TRICT: [Here is a list of candidates for the major races in this district. How about the election for the House of Representatives in W ashington. Did you vote for a candidate for the U.S. House of Representatives? / How about the election for the House of Representatives in W ashington. Did you vote for a candidate for the U.S. House of Representatives?] [SHOW [YELLOW/GREEN] BALLOT CARD/ DO NOT SHOW BALLOT CARD],"1. Democratic House
2. Republican House
3. Independent House
4. R VOL: names on ballot
5. Other candidate","-1. INAP ,
-6. Unit nonresponse, no
-7. No Post, deleted due to
-8. Don’t know (FTF or
-9. Refused"
V162040,POST: F or whom did R vote for U.S. House (ballot card),IF R DID NOT INDICA TE IN THE PRE THA T R ALREADY VOTED: IF R IS REGISTERED TO VOTE: IF R REPOR TED IN THE POST THA T R VOTED: IF R VOTED FOR U.S. HOUSE OF REPRESENT A TIVES: IF IWR HAS BALLOT CARD FOR REGISTRA TION DISTRICT: Who did you vote for? FOR CODE 4 PLEASE RECORD RELEV ANT COMMENTS IN COMMENT BOX F or W eb administration response option 4 was not included.,"1. Candidate/party
2. Candidate/party
3. Other mention, party not1. Candidate/party
2. Candidate/party
3. Other mention, party not1. Candidate/party
2. Candidate/party","-1. Inap,
-6. Unit nonresponse, no
-7. No Post, deleted due to
-8. Don’t know (FTF only)
-9. Refused-1. Inap,
-6. Unit nonresponse, no
-7. No Post, deleted due to
-8. Don’t know (FTF only)
-9. Refused-1. Inap,
-6. Unit nonresponse, no
-7. No Post, deleted due to"
V162041,POST: F or whom did R vote for U.S. House (no ballot card),IF R DID NOT INDICA TE IN THE PRE THA T R ALREADY VOTED: IF R IS REGISTERED TO VOTE: IF R REPOR TED IN THE POST THA T R VOTED: IF R VOTED FOR U.S. HOUSE OF REPRESENT A TIVES: IF NO BALLOT CARD FOR REGIST DISTRICT OR R SAID BALLOT CARD WRONG: Who did you vote for? Which party was that? RECORD P AR TY IF R DOES NOT KNOW OR REFUSES NAME,,
V162042,POST: Does R prefer U.S. House candidate,IF R DID NOT INDICA TE IN THE PRE THA T R ALREADY VOTED: IF R IS NOT REGISTERED OR IF R IS REGISTERED TO VOTE AND DID NOT VOTE: IF IWR HAS BALLOT CARD FOR REGISTRA TION DISTRICT / IF IWR DOES NOT HA VE BALLOT CARD FOR REGIS- TRA TION DISTRICT: [Here is a list of candidates for the major races in this district. How about the election for the House of Representatives in W ashington? Did you prefer one of the candidates for the U.S. House of Representatives? / How about the election for the House of Representatives in W ashington? Did you prefer one of the candidates for the U.S. House of Representatives?] [SHOW [YELLOW/GREEN] BALLOT CARD/ DO NOT SHOW BALLOT CARD],"1. Democratic House
2. Republican House
3. Independent House
4. R VOL: names on ballot
5. Other candidate","-1. INAP ,
-6. Unit nonresponse, no
-7. No Post, deleted due to
-8. Don’t know (FTF or
-9. Refused"
V162043,POST: Whom does R prefer for U.S. House (ballot card),IF R DID NOT INDICA TE IN THE PRE THA T R ALREADY VOTED: IF R IS NOT REGISTERED OR IF R IS REGISTERED TO VOTE AND DID NOT VOTE: IF R PREFERRED A CANDIDA TE FOR U.S. HOUSE: IF IWR HAS BALLOT CARD FOR REGISTRA TION DISTRICT Who did you prefer? FOR CODE 4 PLEASE RECORD RELEV ANT COMMENTS IN COMMENT BOX F or W eb administration response option 4 was not included.,"1. Candidate/party
2. Candidate/party
3. Other mention, party not1. Democratic Senate
2. Republican Senate
3. Independent Senate
5. Other candidate1. Democratic gubernatorial
2. Republican gubernatorial","-1. Inap,
-6. Unit nonresponse, no
-7. No Post, deleted due to-1. INAP ,
-6. Unit nonresponse, no
-7. No Post, deleted due to
-8. Don’t know (FTF or
-9. Refused-1. INAP ,
-6. Unit nonresponse, no
-7. No Post, deleted due to
-8. Don’t know (FTF or"
V162044,POST: Whom does R prefer for U.S. House (no ballot card),IF R DID NOT INDICA TE IN THE PRE THA T R ALREADY VOTED: IF R IS NOT REGISTERED OR IF R IS REGISTERED TO VOTE AND DID NOT VOTE: IF R PREFERRED A CANDIDA TE FOR U.S. HOUSE: IF NO BALLOT CARD FOR REGIST DISTRICT OR R SAID BALLOT CARD WRONG: Who did you prefer? Which party was that? RECORD P AR TY IF R DOES NOT KNOW OR REFUSES NAME,,
V162045x,POST SUMMAR Y: Senate and Governor races,Not applicable,"00. No Senate/Governor race-
01. No Senate/Governor race-
10. Senate race- sample
11. Senate race- registration
20. Governor race- samp
21. Governor race-
30. Senate and Governor
31. Senate and Governor
1. Democratic Senate
2. Republican Senate
3. Independent Senate
5. Other candidate1. Democratic gubernatorial
2. Republican gubernatorial
5. Other candidate","-2. Missing,
-6. Unit nonresponse, no
-7. No Post, deleted due to
-1. INAP ,
-6. Unit nonresponse, no
-7. No Post, deleted due to
-8. Don’t know (FTF or
-9. Refused-1. INAP ,
-6. Unit nonresponse, no
-7. No Post, deleted due to
-8. Don’t know (FTF or
-9. Refused"
V162046,POST: Did R vote for U.S. Senate,IF R DID NOT INDICA TE IN THE PRE THA T R ALREADY VOTED: IF R IS REGISTERED TO VOTE: IF R REPOR TED IN THE POST THA T R VOTED: IF A SENA TE RACE W AS HELD IN REGISTRA TION ST A TE: IF IWR HAS BALLOT CARD FOR REGISTRA TION DISTRICT/ IF IWR DOES NOT HA VE CARD FOR REGISTRA TION DISTRICT: How about the election for the United States Senate ? Did you vote for a candidate for the U.S. Senate? [SHOW [YELLOW/GREEN] BALLOT CARD/ DO NOT SHOW BALLOT CARD],"1. Y es
2. No","-1. Inapplicable
-6. Unit nonresponse, no
-7. No Post, deleted due to
-8. Don’t know (FTF only)
-9. Refused"
V162047,POST: R’s vote for U.S. Senate (ballot card),IF R DID NOT INDICA TE IN THE PRE THA T R ALREADY VOTED: IF R IS REGISTERED TO VOTE: IF R REPOR TED IN THE POST THA T R VOTED: IF A SENA TE RACE W AS HELD IN REGISTRA TION ST A TE: IF R VOTED FOR U.S. SENA TE: IF R VOTED FOR U.S. SEN- A TE CANDIDA TE: IF IWR HAS BALLOT CARD FOR REGISTRA TION DISTRICT: Who did you vote for?,,
V162048,POST: R’s vote for U.S. Senate (no ballot card),IF R DID NOT INDICA TE IN THE PRE THA T R ALREADY VOTED: IF R IS REGISTERED TO VOTE: IF R REPOR TED IN THE POST THA T R VOTED: IF A SENA TE RACE W AS HELD IN REGISTRA TION ST A TE: IF R VOTED FOR U.S. SENA TE CANDIDA TE: IF IWR DOES NOT HA VE BALLOT CARD FOR REGISTRA TION DISTRICT: Who did you vote for? Which party was that? RECORD P AR TY IF R DOES NOT KNOW OR REFUSES NAME,,
V162049,POST: Does R prefer U.S. Senate candidate,IF R DID NOT INDICA TE IN THE PRE THA T R ALREADY VOTED: IF R NOT REGISTERED OR R REGISTERED TO VOTE AND DID NOT VOTE: IF A SENA TE RACE W AS HELD IN REGISTRA TION ST A TE: IF IWR HAS BALLOT CARD FOR REGISTRA TION DISTRICT / IF IWR DOES NOT HA VE BALLOT CARD FOR REGISTRA TION DISTRICT: How about the election for the United States Senate? Did you prefer one of the candidates for the U.S. Senate? [SHOW [YELLOW/GREEN] BALLOT CARD/ DO NOT SHOW BALLOT CARD],,
V162050,POST: Whom does R prefer for U.S. Senate (ballot card),IF R DID NOT INDICA TE IN THE PRE THA T R ALREADY VOTED: IF R IS NOT REGISTERED OR IF R IS REGISTERED TO VOTE AND DID NOT VOTE: IF A SENA TE RACE W AS HELD IN R’S CURRENT ST A TE: IF R PREFERRED A CANDIDA TE FOR THE U.S. SENA TE: IF IWR HAS BALLOT CARD FOR REGISTRA TION DISTRICT: Who did you prefer?,,
V162051,POST: Whom does R prefer for U.S. Senate (no ballot card),IF R DID NOT INDICA TE IN THE PRE THA T R ALREADY VOTED: IF R IS NOT REGISTERED OR IF R IS REGISTERED TO VOTE AND DID NOT VOTE: IF A SENA TE RACE W AS HELD IN R’S CURRENT ST A TE: IF R PREFERRED A CANDIDA TE FOR THE U.S. SENA TE: IF IWR DOES NOT HA VE BALLOT CARD FOR REGISTRA TION DISTRICT: Who did you prefer? Which party was that? RECORD P AR TY IF R DOES NOT KNOW OR REFUSES NAME,"1. Candidate/party
2. Candidate/party
","-1. Inapplicable
-6. Unit nonresponse, no
-7. No Post, deleted due to
"
V162052,POST: Did R vote for governor,IF R DID NOT INDICA TE IN THE PRE THA T R ALREADY VOTED: IF R IS REGISTERED TO VOTE: IF R REPOR TED IN THE POST THA T R VOTED: IF A GUBERNA TORIAL RACE W AS HELD IN REGISTRA- TION ST A TE: IF IWR HAS BALLOT CARD FOR REGISTRA TION DIS- TRICT/ IF IWR DOES NOT HA VE CARD FOR REGISTRA TION DIS- TRICT: How about the election for Governor ? Did you vote for a candidate for Governor? [SHOW [YELLOW/GREEN] BALLOT CARD/ DO NOT SHOW BALLOT CARD],"1. Y es
2. No","-1. Inapplicable
-6. Unit nonresponse, no
-7. No Post, deleted due to
-8. Don’t know (FTF only)"
V162053,POST: R’s vote for governor(ballot card),IF R DID NOT INDICA TE IN THE PRE THA T R ALREADY VOTED: IF R IS REGISTERED TO VOTE: IF R REPOR TED IN THE POST THA T R VOTED: IF A GUBERNA TORIAL RACE W AS HELD IN REGISTRA- TION ST A TE: IF R VOTED FOR GUBERNA TORIAL CANDIDA TE: IF IWR HAS BALLOT CARD FOR REGISTRA TION DISTRICT: Who did you vote for?,,
V162054,POST: R’s vote for governor (no ballot card),IF R DID NOT INDICA TE IN THE PRE THA T R ALREADY VOTED: IF R IS REGISTERED TO VOTE: IF R REPOR TED IN THE POST THA T R VOTED: IF A GUBERNA TORIAL RACE W AS HELD IN REGISTRA- TION ST A TE: IF R VOTED FOR GUBERNA TORIAL CANDIDA TE: IF IWR DOES NOT HA VE BALLOT CARD FOR REGISTRA TION DIS- TRICT: Who did you vote for? Which party was that? RECORD P AR TY IF R DOES NOT KNOW OR REFUSES NAME,,
V162055,POST: Does R prefer gubernatorial candidate,IF R DID NOT INDICA TE IN THE PRE THA T R ALREADY VOTED: IF R IS NOT REGISTERED TO VOTE OR IF R IS REGISTERED AND R DID NOT VOTE: IF A GUBERNA TORIAL RACE W AS HELD IN REGIS- TRA TION ST A TE: IF IWR HAS BALLOT CARD FOR REGISTRA TION DISTRICT / IF IWR DOES NOT HA VE BALLOT CARD FOR REGIS- TRA TION DISTRICT: How about the election for Governor? Did you prefer one of the candidates for Governor? [SHOW [YELLOW/GREEN] BALLOT CARD/ DO NOT SHOW BALLOT CARD],,
V162056,POST: Whom does R prefer for governor (ballot card),IF R DID NOT INDICA TE IN THE PRE THA T R ALREADY VOTED: IF R IS NOT REGISTERED TO VOTE OR IF R IS REGISTERED AND R DID NOT VOTE: IF A GUBERNA TORIAL RACE W AS HELD IN REG- ISTRA TION ST A TE: IF R PREFERRED A GUBERNA TORIAL CANDI- DA TE: IF IWR HAS BALLOT CARD FOR REGISTRA TION DISTRICT Who did you prefer?,,
V162057,POST: Whom does R prefer for governor (no ballot card),IF R DID NOT INDICA TE IN THE PRE THA T R ALREADY VOTED: IF R IS NOT REGISTERED TO VOTE OR IF R IS REGISTERED AND R DID NOT VOTE: IF A GUBERNA TORIAL RACE W AS HELD IN REG- ISTRA TION ST A TE: IF R PREFERRED A GUBERNA TORIAL CANDI- DA TE: IF IWR DOES NOT HA VE BALLOT CARD FOR REGISTRA- TION DISTRICT Who did you prefer? Which party was that? RECORD P AR TY IF R DOES NOT KNOW OR REFUSES NAME,"1. Candidate/party
","-1. Inapplicable
-6. Unit nonresponse, no
-7. No Post, deleted due to
"
V162058x,POST: SUMMAR Y -Post-election Presidential vote/pref,Not applicable,"10. Democratic Presidential
11. Republican Presidential
12. Other Presidential
30. Democratic Presidential
31. Republican Presidential
32. Other Presidential
","-2. Missing, no
-6. Unit nonresponse, no
-7. No Post, deleted due to
"
V162059x,POST: SUMMAR Y - party of Post-election U.S. House vote/preference,Not applicable,"10. Democratic House
11. Republican House
12. Other House candidate:
30. Democratic House
31. Republican House
32. Other House candidate:
","-2. Missing, no
-6. Unit nonresponse, no
-7. No Post, deleted due to
"
V162060x,POST: SUMMAR Y - party of Post-election U.S. Senate vote/preference,Not applicable,"10. Democratic Senate
11. Republican Senate
12. Other Senate candidate:
30. Democratic Senate
31. Republican Senate
32. Other Senate candidate:
","-2. Missing, no
-6. Unit nonresponse, no
-7. No Post, deleted due to
"
V162061x,POST: SUMMAR Y - party of Post-election gubernatorial vote/pref,Not applicable,"10. Democratic gubernatorial
11. Republican gubernatorial
12. Other gubernatorial
30. Democratic gubernatorial
31. Republican gubernatorial
","-2. Missing, no
-6. Unit nonresponse, no
-7. No Post, deleted due to
"
V162062x,2016 PRE-POST VOTE SUMMAR Y: 2016 Presidential vote,Not applicable,"1. Hillary Clinton
2. Donald T rump
3. Gary Johnson
4. Jill Stein
5. Other candidate SPECIFY
10. V oted for Hillary Clinton
11. V oted for Hillary Clinton
20. V oted for Donald T rump -
21. V oted for Donald T rump -
30. V oted for Gary Johnson -
31. V oted for Gary Johnson -
40. V oted for Jill Stein - not
41. V oted for Jill Stein -
50. V oted for other candidate
51. V oted for other candidate","-2. Missing, no vote for Pres
-8. Don’t know (FTF only)
-9. Refused
-2. Missing, -8,-9 in V162035"
V162063x,2016 PRE-POST VOTE SUMMAR Y: 2016 Pre intent vote for Pres - Post,Not applicable,"10. Dem Pres candidate:
11. Rep Pres candidate:
12. Oth Pres candidate:
20. Dem Pres candidate:
21. Rep Pres candidate:
22. Oth Pres candidate:
30. Dem Pres candidate:
31. Rep Pres candidate:
32. Oth Pres candidate:
","-2. Missing, no
"
V162064x,2016 PRE-POST NONVOTER SUMMAR Y: 2016 Pre pref for Pres - Post,Not applicable,"1. Clinton (strong)
2. Clinton (not strong)
3. T rump (strong)
4. T rump (not strong)
5. Johnson (strong)
6. Johnson (not strong)
7. Stein (strong)
8. Stein (not strong)
9. Other (strong)
10. Other (not strong)
","-2. Missing, no
-8. Don’t know
-9. Refused
"
V162065x,2016 PRE-POST REG/TURNOUT SUMMAR Y: 2016 registration - turnout,Not applicable,"0. Did not register and did
1. Registered but did not vote
2. Registered and voted
","-2. Inap
"
V162066x,2016 PRE-POST VOTE SUMMAR Y: 2016 Presidential vote w/strength,Not applicable,,
V162067x,2016 PRE-POST VOTE SUMMAR Y: party of 2016 U.S. House vote,Not applicable,"1. V oted for Democratic
2. V oted for Republican
3. V oted for other House
","-2. Missing, no vote for House
"
V162068x,2016 PRE-POST VOTE SUMMAR Y: party of 2016 U.S. Senate vote,Not applicable,"1. V oted for Democratic
2. V oted for Republican
3. V oted for other House
","-2. Missing, no vote for Sen in
"
V162069x,2016 PRE-POST VOTE SUMMAR Y: party of 2016 Governor vote,Not applicable,"1. V oted for Democratic
2. V oted for Republican
3. V oted for other
","-2. Missing, no vote for Gov
"
V162070a,POST: Reason R not registered to vote - didn’t meet registration deadline,What is the main reason you are not registered to vote? [Did not meet registration deadlines],"0. Not mentioned
1. Mentioned
","-1. Inap
-6. No post-election interview
-7. No post data, deleted due
"
V162070b,POST: Reason R not registered to vote - didn’t know where/how to register,What is the main reason you are not registered to vote? [Did not know where or how to register],"0. Not mentioned
1. Mentioned
","-1. Inap
-6. No post-election interview
-7. No post data, deleted due
"
V162070c,POST: Reason R not registered to vote - didn’t have required ID,What is the main reason you are not registered to vote? [Did not have required identification],"0. Not mentioned
1. Mentioned
","-1. Inap
-6. No post-election interview
-7. No post data, deleted due
"
V162070d,POST: Reason R not registered to vote - didn’t meet residency requirements,What is the main reason you are not registered to vote? [Did not meet residency requirements/did not live here long enough],"0. Not mentioned
1. Mentioned
","-1. Inap
-6. No post-election interview
-7. No post data, deleted due
"
V162070e,POST: Reason R not registered to vote - permanent illness/disability,What is the main reason you are not registered to vote? [Permanent illness or disability],"0. Not mentioned
1. Mentioned
","-1. Inap
-6. No post-election interview
-7. No post data, deleted due
"
V162070f,POST: Reason R not registered to vote - difficulty w/English,What is the main reason you are not registered to vote? [Difficulty with English],"0. Not mentioned
1. Mentioned
","-1. Inap
-6. No post-election interview
-7. No post data, deleted due
"
V162070g,POST: Reason R not registered to vote - not interested in election/politics,What is the main reason you are not registered to vote? [Not interested in the election or not involved in politics],"0. Not mentioned
1. Mentioned
","-1. Inap
-6. No post-election interview
-7. No post data, deleted due
"
V162070h,POST: Reason R not registered to vote - thought vote wouldn’t make a,What is the main reason you are not registered to vote? [My vote would not make a difference],"0. Not mentioned
1. Mentioned
","-1. Inap
-6. No post-election interview
-7. No post data, deleted due
"
V162070i,POST: Reason R not registered to vote - not eligible to vote,What is the main reason you are not registered to vote? [Not eligible to vote],"0. Not mentioned
1. Mentioned
","-1. Inap
-6. No post-election interview
-7. No post data, deleted due
"
V162070j,POST: Reason R not registered to vote - other reasons,What is the main reason you are not registered to vote? [Other reasons],"0. Not mentioned
1. Mentioned
","-1. Inap
-6. No post-election interview
-7. No post data, deleted due
"
V162071,POST: Other reason why R not registered,Y ou said there were other reasons you are not registered to vote. What are those reasons?,,"-2. Redacted text of open end
"
V162072,POST: Office recall: Vice-President Biden,"The first name is: Joe Biden What job or political office does he now hold? TYPE R’S EXACT RESPONSE, WORD-FOR-WORD PROBE ‘DON’T KNOW’ RESPONSE WITH: ‘WELL, WHA T’S YOUR BEST GUESS?’","0. Not correct
1. Correct
","-6. No post-election interview
-7. No post data, deleted due
"
V162073a,POST: Office recall: Speaker of the House Ryan,"Paul Ryan. What job or political office does he now hold? TYPE R’S EXACT RESPONSE, WORD-FOR-WORD PROBE ‘DON’T KNOW’ RE- SPONSE WITH: ‘WELL, WHA T’S YOUR BEST GUESS?’","0. Not correct
1. Correct
","-6. No post-election interview
-7. No post data, deleted due
"
V162073b,POST: Office recall: Speaker of the House Ryan [Scheme 2],"Paul Ryan. What job or political office does he now hold? TYPE R’S EXACT RESPONSE, WORD-FOR-WORD PROBE ‘DON’T KNOW’ RE- SPONSE WITH: ‘WELL, WHA T’S YOUR BEST GUESS?’","0. Not correct
1. Correct
","-7. No post data, deleted due
-6. No post-election interview
"
V162074a,POST: Office recall: Chancellor of Germany Merkel,"Angela Merkel What job or political office does she now hold? TYPE R’S EXACT RESPONSE, WORD-FOR-WORD PROBE ‘DON’T KNOW’ RE- SPONSE WITH: ‘WELL, WHA T’S YOUR BEST GUESS?’","0. Not correct
1. Correct
","-6. No post-election interview
-7. No post data, deleted due
"
V162074b,POST: Office recall: Chancellor of Germany Merkel [Scheme 2],"Angela Merkel What job or political office does she now hold? TYPE R’S EXACT RESPONSE, WORD-FOR-WORD PROBE ‘DON’T KNOW’ RE- SPONSE WITH: ‘WELL, WHA T’S YOUR BEST GUESS?’","0. Not correct
1. Correct
","-6. No post-election interview
-7. No post data, deleted due
"
V162075a,POST: Office recall: President of Russia Putin,"Vladimir Putin What job or political office does he now hold? TYPE R’S EXACT RESPONSE, WORD-FOR-WORD PROBE ‘DON’T KNOW’ RE- SPONSE WITH: ‘WELL, WHA T’S YOUR BEST GUESS?’","0. Not correct
1. Correct
","-6. No post-election interview
-7. No post data, deleted due
"
V162075b,POST: Office recall: President of Russia Putin [Scheme 2],"Vladimir Putin What job or political office does he now hold? TYPE R’S EXACT RESPONSE, WORD-FOR-WORD PROBE ‘DON’T KNOW’ RE- SPONSE WITH: ‘WELL, WHA T’S YOUR BEST GUESS?’","0. Not correct
1. Correct
","-6. No post-election interview
-7. No post data, deleted due
"
V162076a,POST: Office recall: US Supreme Ct Chief Justice Roberts,"John Roberts What job or political office does he now hold? TYPE R’S EXACT RESPONSE, WORD-FOR-WORD PROBE ‘DON’T KNOW’ RE- SPONSE WITH: ‘WELL, WHA T’S YOUR BEST GUESS?’","0. Not correct
1. Correct
","-7. No post data, deleted due
-6. No post-election interview
"
V162076b,POST: Office recall: US Supreme Ct Chief Justice Roberts [Scheme 2],"John Roberts What job or political office does he now hold? TYPE R’S EXACT RESPONSE, WORD-FOR-WORD PROBE ‘DON’T KNOW’ RE- SPONSE WITH: ‘WELL, WHA T’S YOUR BEST GUESS?’","0. Not correct
1. Correct
","-6. No post-election interview
-7. No post data, deleted due
"
V162078,POST: F eeling thermometer: Democratic Presidential candidate,"Looking at page [PRELOAD: page] of the booklet. How would you rate: Hillary Clinton PROBE for don’t know response: when you say don’t know, do you mean that you don’t know who the person is, or do you have some- thing else in mind? ENTER number 0-100 F or W eb administration, reference to the respondent booklet was omitted. RANDOMIZA TION: Order of Democratic and Republican Presidential cands 101 unique outcomes. 20 most frequently appearing outcomes:",,
V162079,POST: F eeling thermometer: Republican Presidential candidate,"Looking at page [PRELOAD: page] of the booklet. How would you rate: Donald T rump PROBE for don’t know response: when you say don’t know, do you mean that you don’t know who the person is, or do you have some- thing else in mind? ENTER number 0-100 F or W eb administration, reference to the respondent booklet was omitted. RANDOMIZA TION: Order of Democratic and Republican Presidential cands 100 unique outcomes. 20 most frequently appearing outcomes:",,
V162080,POST: F eeling thermometer: Libertarian Presidential candidate,"(Still looking at page [PRELOAD: page] of the booklet.) (How would you rate:) Gary Johnson PROBE for don’t know response: when you say don’t know, do you mean that you don’t know who the person is, or do you have something else in mind? ENTER number 0-100 F or W eb administration, the optional reference to the respondent booklet was omitted. RANDOMIZA TION: Order of thermometer names after major party Presi- dential candidates 99 unique outcomes. 20 most frequently appearing outcomes: ANES 2016 Codebook - V ersion 20190904 - page 896",,
V162081,POST: F eeling thermometer: Green Party Presidential candidate,"(Still looking at page [PRELOAD: page] of the booklet.) (How would you rate:) Jill Stein PROBE for don’t know response: when you say don’t know, do you mean that you don’t know who the person is, or do you have some- thing else in mind? ENTER number 0-100 F or W eb administration, the optional reference to the respondent booklet was omitted. RANDOMIZA TION: Order of thermometer names after major party Presi- dential candidates 99 unique outcomes. 20 most frequently appearing outcomes: ANES 2016 Codebook - V ersion 20190904 - page 898",,
V162082,POST: F eeling thermometer: HOUSE DEMOCRA TIC CANDIDA TE,"IF DEMOCRA TIC CANDIDA TE IN U.S. HOUSE RACE IN R’S CUR- RENT DISTRICT: (Still looking at page [PRELOAD: page] of the booklet.) (How would you rate:) [PRELOAD: Democratic House candidate name] PROBE for don’t know response: when you say don’t know, do you mean that you don’t know who the person is, or do you have something else in mind? ENTER number 0-100 F or W eb administration, the optional reference to the respondent booklet was omitted. RANDOMIZA TION: Order of thermometer names after major party Presi- dential candidates 102 unique outcomes. 20 most frequently appearing outcomes: ANES 2016 Codebook - V ersion 20190904 - page 900",,
V162083,POST: F eeling thermometer: HOUSE REPUBLICAN CANDIDA TE,"IF REPUBLICAN CANDIDA TE IN U.S. HOUSE RACE IN R’S CUR- RENT DISTRICT: (Still looking at page [PRELOAD: page] of the book- let.) (How would you rate:) [PRELOAD: Republican House candidate name] PROBE for don’t know response: when you say don’t know, do you mean that you don’t know who the person is, or do you have something else in mind? ENTER number 0-100 F or W eb administration, the optional reference to the respondent booklet was omitted. RANDOMIZA TION: Order of thermometer names after major party Presi- dential candidates 99 unique outcomes. 20 most frequently appearing outcomes: ANES 2016 Codebook - V ersion 20190904 - page 902",,
V162084,POST: F eeling thermometer: HOUSE IND/3rd-P AR TY CANDIDA TE,"IF INDEPENDENT/3rd-P AR TY CANDIDA TE IN U.S. HOUSE RACE IN R’S CURRENT DISTRICT: (Still looking at page [PRELOAD: page] of the booklet.) (How would you rate:) [PRELOAD: Independent/Othr House can- didate name] PROBE for don’t know response: when you say don’t know, do you mean that you don’t know who the person is, or do you have something else in mind? ENTER number 0-100 F or W eb administration, the optional reference to the respondent booklet was omitted. RANDOMIZA TION: Order of thermometer names after major party Presi- dential candidates 28 unique outcomes. 20 most frequently appearing outcomes: ANES 2016 Codebook - V ersion 20190904 - page 904",,
V162085,POST: F eeling thermometer: SENA TE DEMOCRA TIC CANDIDA TE,"IF SENA TE RACE IN R’S CURRENT ST A TE: IF DEMOCRA TIC CAN- DIDA TE IN SENA TE RACE: (Still looking at page [PRELOAD: page] of the booklet.) (How would you rate:) [PRELOAD: Democratic Senate candi- date name] PROBE for don’t know response: when you say don’t know, do you mean that you don’t know who the person is, or do you have something else in mind? ENTER number 0-100 F or W eb administration, the optional reference to the respondent booklet was omitted. RANDOMIZA TION: Order of thermometer names after major party Presi- dential candidates 104 unique outcomes. 20 most frequently appearing outcomes: ANES 2016 Codebook - V ersion 20190904 - page 906",,
V162086,POST: F eeling thermometer: SENA TE REPUBLICAN CANDIDA TE,"IF SENA TE RACE IN R’S CURRENT ST A TE: IF REPUBLICAN CANDI- DA TE IN SENA TE RACE: (Still looking at page [PRELOAD: page] of the booklet.) (How would you rate:) [PRELOAD: Republican Senate candidate name] PROBE for don’t know response: when you say don’t know, do you mean that you don’t know who the person is, or do you have something else in mind? ENTER number 0-100 F or W eb administration, the optional reference to the respondent booklet was omitted. RANDOMIZA TION: Order of thermometer names after major party Presi- dential candidates 104 unique outcomes. 20 most frequently appearing outcomes: ANES 2016 Codebook - V ersion 20190904 - page 908",,
V162087,POST: F eeling thermometer: SENA TE IND/3rd-P AR TY CANDIDA TE,"IF SENA TE RACE IN R’S CURRENT ST A TE: IF INDEPENDENT CAN- DIDA TE IN SENA TE RACE: (Still looking at page [PRELOAD: page] of the booklet.) (How would you rate:) [PRELOAD: Independent/Other Sen- ate candidate name] PROBE for don’t know response: when you say don’t know, do you mean that you don’t know who the person is, or do you have something else in mind? ENTER number 0-100 F or W eb administration, the optional reference to the respondent booklet was omitted. RANDOMIZA TION: Order of thermometer names after major party Presi- dential candidates 52 unique outcomes. 20 most frequently appearing outcomes: ANES 2016 Codebook - V ersion 20190904 - page 910",,
V162088,POST: F eeling thermometer: SR. SENA TOR IN ST A TE WITHOUT RACE,"IF NO SENA TE RACE IN R’s CURRENT ST A TE: (Still looking at page [PRELOAD: page] of the booklet.) (How would you rate:) [PRELOAD: name of senior U.S. Senator in state] PROBE for don’t know response: when you say don’t know, do you mean that you don’t know who the person is, or do you have something else in mind? ENTER number 0-100 F or W eb administration, the optional reference to the respondent booklet was omitted. RANDOMIZA TION: Order of thermometer names after major party Presi- dential candidates 80 unique outcomes. 20 most frequently appearing outcomes: ANES 2016 Codebook - V ersion 20190904 - page 912",,
V162089,POST: F eeling thermometer: JR. SENA TOR IN ST A TE WITHOUT RACE,"IF NO SENA TE RACE IN R’s CURRENT ST A TE: (Still looking at page [PRELOAD: page] of the booklet.) (How would you rate:) [PRELOAD: name of junior U.S. Senator in state] PROBE for don’t know response: when you say don’t know, do you mean that you don’t know who the person is, or do you have something else in mind? ENTER number 0-100 F or W eb administration, the optional reference to the respondent booklet was omitted. RANDOMIZA TION: Order of thermometer names after major party Presi- dential candidates 81 unique outcomes. 20 most frequently appearing outcomes: ANES 2016 Codebook - V ersion 20190904 - page 914",,
V162090,POST: F eeling thermometer: NONRUNNING SENA TOR IN ST A TE,"IF SENA TE RACE IN R’s CURRENT ST A TE: (Still looking at page [PRELOAD: page] of the booklet.) (How would you rate:) [PRELOAD: name of non-running Senator in state] PROBE for don’t know response: when you say don’t know, do you mean that you don’t know who the person is, or do you have something else in mind? ENTER number 0-100 F or W eb administration, the optional reference to the respondent booklet was omitted. RANDOMIZA TION: Order of thermometer names after major party Presi- dential candidates 103 unique outcomes. 20 most frequently appearing outcomes: ANES 2016 Codebook - V ersion 20190904 - page 916",,
V162091,POST: F eeling thermometer: Democratic Vice Presidential cand,"(Still looking at page [PRELOAD: page] of the booklet.) (How would you rate:) Tim Kaine PROBE for don’t know response: when you say don’t know, do you mean that you don’t know who the person is, or do you have something else in mind? ENTER number 0-100 F or W eb administration, the optional reference to the respondent booklet was omitted. RANDOMIZA TION: Order of thermometer names after major party Presi- dential candidates 105 unique outcomes. 20 most frequently appearing outcomes:",,
V162092,POST: F eeling thermometer: Republican Vice Presidential cand,"(Still looking at page [PRELOAD: page] of the booklet.) (How would you rate:) Mike Pence PROBE for don’t know response: when you say don’t know, do you mean that you don’t know who the person is, or do you have something else in mind? ENTER number 0-100 F or W eb administration, the optional reference to the respondent booklet was omitted. RANDOMIZA TION: Order of thermometer names after major party Presi- dential candidates 106 unique outcomes. 20 most frequently appearing outcomes:",,
V162093,POST: F eeling thermometer: John Roberts,"(Still looking at page [PRELOAD: page] of the booklet.) (How would you rate:) Supreme Court Chief Justice John Roberts PROBE for don’t know response: when you say don’t know, do you mean that you don’t know who the person is, or do you have something else in mind? ENTER number 0-100 F or W eb administration, the optional reference to the respondent booklet was omitted. RANDOMIZA TION: Order of thermometer names after major party Presi- dential candidates 101 unique outcomes. 20 most frequently appearing outcomes: ANES 2016 Codebook - V ersion 20190904 - page 920",,
V162094,POST: F eeling thermometer: Pope F rancis,"(Still looking at page [PRELOAD: page] of the booklet.) (How would you rate:) Pope F rancis PROBE for don’t know response: when you say don’t know, do you mean that you don’t know who the person is, or do you have something else in mind? ENTER number 0-100 F or W eb administration, the optional reference to the respondent booklet was omitted. RANDOMIZA TION: Order of thermometer names after major party Presi- dential candidates 97 unique outcomes. 20 most frequently appearing outcomes:",,
V162095,POST: F eeling thermometer: CHRISTIAN FUNDAMENT ALISTS,"(Still looking at page [PRELOAD: page] of the booklet.) (How would you rate:) Christian F undamentalists PROBE for don’t know response: when you say don’t know, do you mean that you don’t know who this is or do you have something else in mind? ENTER number 0-100 F or W eb administration, the optional reference to the respondent booklet was omitted. RANDOMIZA TION: Order of group thermometers 104 unique outcomes. 20 most frequently appearing outcomes:",,
V162096,POST: F eeling thermometer: FEMINISTS,"(Still looking at page [PRELOAD: page] of the booklet.) (How would you rate:) F eminists PROBE for don’t know response: when you say don’t know, do you mean that you don’t know who this is or do you have something else in mind? ENTER number 0-100 F or W eb administration, the optional reference to the respondent booklet was omitted. RANDOMIZA TION: Order of group thermometers 104 unique outcomes. 20 most frequently appearing outcomes:",,
V162097,POST: F eeling thermometer: LIBERALS,"(Still looking at page [PRELOAD: page] of the booklet.) (How would you rate:) Liberals PROBE for don’t know response: when you say don’t know, do you mean that you don’t know who this is or do you have something else in mind? ENTER number 0-100 F or W eb administration, the optional reference to the respondent booklet was omitted. RANDOMIZA TION: Order of group thermometers 106 unique outcomes. 20 most frequently appearing outcomes:",,
V162098,POST: F eeling thermometer: LABOR UNIONS,"(Still looking at page [PRELOAD: page] of the booklet.) (How would you rate:) Labor unions PROBE for don’t know response: when you say don’t know, do you mean that you don’t know who this is or do you have something else in mind? ENTER number 0-100 F or W eb administration, the optional reference to the respondent booklet was omitted. RANDOMIZA TION: Order of group thermometers 104 unique outcomes. 20 most frequently appearing outcomes:",,
V162099,POST: F eeling thermometer: POOR PEOPLE,"(Still looking at page [PRELOAD: page] of the booklet.) (How would you rate:) Poor people PROBE for don’t know response: when you say don’t know, do you mean that you don’t know who this is or do you have something else in mind? ENTER number 0-100 F or W eb administration, the optional reference to the respondent booklet was omitted. RANDOMIZA TION: Order of group thermometers 87 unique outcomes. 20 most frequently appearing outcomes:",,
V162100,POST: F eeling thermometer: BIG BUSINESS,"(Still looking at page [PRELOAD: page] of the booklet.) (How would you rate:) Big business PROBE for don’t know response: when you say don’t know, do you mean that you don’t know who this is or do you have something else in mind? ENTER number 0-100 F or W eb administration, the optional reference to the respondent booklet was omitted. RANDOMIZA TION: Order of group thermometers 105 unique outcomes. 20 most frequently appearing outcomes:",,
V162101,POST: F eeling thermometer: CONSER V A TIVES,"(Still looking at page [PRELOAD: page] of the booklet.) (How would you rate:) Conservatives PROBE for don’t know response: when you say don’t know, do you mean that you don’t know who this is or do you have something else in mind? ENTER number 0-100 F or W eb administration, the optional reference to the respondent booklet was omitted. RANDOMIZA TION: Order of group thermometers 105 unique outcomes. 20 most frequently appearing outcomes:",,
V162102,POST: F eeling thermometer: THE U.S. SUPREME COUR T,"(Still looking at page [PRELOAD: page] of the booklet.) (How would you rate:) The U.S. Supreme Court PROBE for don’t know response: when you say don’t know, do you mean that you don’t know who this is or do you have something else in mind? ENTER number 0-100 F or W eb administration, the optional reference to the respondent booklet was omitted. RANDOMIZA TION: Order of group thermometers 101 unique outcomes. 20 most frequently appearing outcomes:",,
V162103,POST: F eeling thermometer: GA Y MEN AND LESBIANS,"(Still looking at page [PRELOAD: page] of the booklet.) (How would you rate:) Gay men and lesbians PROBE for don’t know response: when you say don’t know, do you mean that you don’t know who this is or do you have something else in mind? ENTER number 0-100 F or W eb administration, the optional reference to the respondent booklet was omitted. RANDOMIZA TION: Order of group thermometers 99 unique outcomes. 20 most frequently appearing outcomes:",,
V162104,POST: F eeling thermometer: CONGRESS,"(Still looking at page [PRELOAD: page] of the booklet.) (How would you rate:) Congress PROBE for don’t know response: when you say don’t know, do you mean that you don’t know who this is or do you have something else in mind? ENTER number 0-100 F or W eb administration, the optional reference to the respondent booklet was omitted. RANDOMIZA TION: Order of group thermometers 102 unique outcomes. 20 most frequently appearing outcomes:",,
V162105,POST: F eeling thermometer: RICH PEOPLE,"(Still looking at page [PRELOAD: page] of the booklet.) (How would you rate:) Rich people PROBE for don’t know response: when you say don’t know, do you mean that you don’t know who this is or do you have something else in mind? ENTER number 0-100 F or W eb administration, the optional reference to the respondent booklet was omitted. RANDOMIZA TION: Order of group thermometers 100 unique outcomes. 20 most frequently appearing outcomes:",,
V162106,POST: F eeling thermometer: MUSLIMS,"(Still looking at page [PRELOAD: page] of the booklet.) (How would you rate:) Muslims PROBE for don’t know response: when you say don’t know, do you mean that you don’t know who this is or do you have something else in mind? ENTER number 0-100 F or W eb administration, the optional reference to the respondent booklet was omitted. RANDOMIZA TION: Order of group thermometers 104 unique outcomes. 20 most frequently appearing outcomes:",,
V162107,POST: F eeling thermometer: CHRISTIANS,"(Still looking at page [PRELOAD: page] of the booklet.) (How would you rate:) Christians PROBE for don’t know response: when you say don’t know, do you mean that you don’t know who this is or do you have something else in mind? ENTER number 0-100 F or W eb administration, the optional reference to the respondent booklet was omitted. RANDOMIZA TION: Order of group thermometers 100 unique outcomes. 20 most frequently appearing outcomes:",,
V162108,POST: F eeling thermometer: JEWS,"(Still looking at page [PRELOAD: page] of the booklet.) (How would you rate:) Jews PROBE for don’t know response: when you say don’t know, do you mean that you don’t know who this is or do you have something else in mind? ENTER number 0-100 F or W eb administration, the optional reference to the respondent booklet was omitted. RANDOMIZA TION: Order of group thermometers 91 unique outcomes. 20 most frequently appearing outcomes:",,
V162109,POST: F eeling thermometer: TEA P AR TY,"(Still looking at page [PRELOAD: page] of the booklet.) (How would you rate:) The T ea Party PROBE for don’t know response: when you say don’t know, do you mean that you don’t know who this is or do you have something else in mind? ENTER number 0-100 F or W eb administration, the optional reference to the respondent booklet was omitted. RANDOMIZA TION: Order of group thermometers 106 unique outcomes. 20 most frequently appearing outcomes:",,
V162110,POST: F eeling thermometer: POLICE,"(Still looking at page [PRELOAD: page] of the booklet.) (How would you rate:) Police PROBE for don’t know response: when you say don’t know, do you mean that you don’t know who this is or do you have something else in mind? ENTER number 0-100 F or W eb administration, the optional reference to the respondent booklet was omitted. RANDOMIZA TION: Order of group thermometers 97 unique outcomes. 20 most frequently appearing outcomes:",,
V162111,POST: F eeling thermometer: TRANSGENDER PEOPLE,"(Still looking at page [PRELOAD: page] of the booklet.) (How would you rate:) T ransgender people PROBE for don’t know response: when you say don’t know, do you mean that you don’t know who this is or do you have something else in mind? ENTER number 0-100 F or W eb administration, the optional reference to the respondent booklet was omitted. RANDOMIZA TION: Order of group thermometers 103 unique outcomes. 20 most frequently appearing outcomes:",,
V162112,POST: F eeling thermometer: SCIENTISTS,"(Still looking at page [PRELOAD: page] of the booklet.) (How would you rate:) Scientists PROBE for don’t know response: when you say don’t know, do you mean that you don’t know who this is or do you have something else in mind? ENTER number 0-100 F or W eb administration, the optional reference to the respondent booklet was omitted. RANDOMIZA TION: Order of group thermometers 84 unique outcomes. 20 most frequently appearing outcomes:",,
V162113,POST: F eeling thermometer: BLACK LIVES MA TTER,"(Still looking at page [PRELOAD: page] of the booklet.) (How would you rate:) Black Lives Matter movement PROBE for don’t know response: when you say don’t know, do you mean that you don’t know who this is or do you have something else in mind? ENTER number 0-100 F or W eb administration, the optional reference to the respondent booklet was omitted. RANDOMIZA TION: Order of group thermometers 104 unique outcomes. 20 most frequently appearing outcomes:",,
V162114,POST: Approve or disapprove of House incumbent,"IF NAME OF U.S. HOUSE REPRESENT A TIVE IN OFFICE PRIOR TO THE ELECTION IS PRELOADED: No longer looking at the booklet now. In general, do you approve or disapprove of the way [PRELOAD: name of U.S. House Representative preceding the election] has been handling [his/her] job? F or W eb administration, reference to the respondent booklet was omitted.","1. Approve
2. Disapprove
","-6. No post-election interview
-7. No post data, deleted due
-8. Don’t know
-9. Refused
"
V162114a,POST: How much approve House incumbent,IF NAME OF U.S. HOUSE REPRESENT A TIVE IN OFFICE PRIOR TO THE ELECTION IS PRELOADED: IF R APPROVES HOUSE INCUM- BENT JOB: Do you approve strongly or not strongly?,"1. Strongly
2. Not strongly
","-1. Inap
-4. Error: programming
-6. No post-election interview
-7. No post data, deleted due
-9. Refused
"
V162114b,POST: How much disapprove House incumbent,IF NAME OF U.S. HOUSE REPRESENT A TIVE IN OFFICE PRIOR TO THE ELECTION IS PRELOADED: IF R DISAPPROVES HOUSE IN- CUMBENT JOB: Do you disapprove strongly or not strongly?,"1. Strongly
2. Not strongly
","-1. Inap
-4. Error: programming
-6. No post-election interview
-7. No post data, deleted due
-9. Refused
"
V162114x,POST: SUMMAR Y- House incumbent approval,Not applicable,"1. Approve strongly
2. Approve not strongly
4. Disapprove not strongly
5. Disapprove strongly
","-4. Error: programming
-6. No post-election interview
-7. No post data, deleted due
-8. Don’t know
-9. Refused
"
V162115,POST: How good a job does House incumbent do in district,"IF NAME OF U.S. HOUSE REPRESENT A TIVE IN OFFICE PRIOR TO THE ELECTION IS PRELOADED: How good a job would you say U.S. Representative [PRELOAD: name of U.S. House Representative preceding the election] does of keeping in touch with the people in your district – does [he/she] do [a very good job, fairly good, fairly poor, or a very poor job / a very poor job, fairly poor, fairly good, or very good job] of keeping in touch with the people in this district? F orward/reverse response option order","1. V ery good
2. F airly good
3. F airly poor
4. V ery poor
","-6. No post-election interview
-7. No post data, deleted due
-8. Don’t know
-9. Refused
"
V162116a,POST: Mention 1 most important problems facing the country,"Switching to another topic. What do you think are the most important problems facing this country? If you think there are more than one, please briefly tell me one problem now. USE [KEY] FOR DK. USE [KEY] FOR REFUSAL. PROBE IF THE ANSWER IS ONL Y 1 OR TWO WORDS FOR A TOPIC SUCH AS ‘EDUCA TION’ OR ‘NUCLEAR POWER’ BUT A PROBLEM RELA TED TO THE TOPIC IS NOT SPECIFIED: Can you briefly tell me what is the problem with []?’",,"-2. T ext responses, separate
-6. No post-election interview
-7. No post data, deleted due
"
V162116a_,"POST: Most Important Problem - Mention 1, Idea 1
POST: Most Important Problem - Mention 1, Idea 2
POST: Most Important Problem - Mention 1, Idea 3
POST: Most Important Problem - Mention 1, Idea 4
POST: Most Important Problem - Mention 1, Idea 5
POST: Most Important Problem - Mention 1, Idea 6
POST: Most Important Problem - Mention 1, Idea 7
POST: Most Important Problem - Mention 1, Idea 8
POST: Most Important Problem - Mention 1, Idea 9
POST: Most Important Problem - Mention 1, Idea 10","Not applicable 71 unique outcomes. 20 most frequently appearing outcomes:
Not applicable 69 unique outcomes. 20 most frequently appearing outcomes:
Not applicable 61 unique outcomes. 20 most frequently appearing outcomes:
Not applicable 53 unique outcomes. 20 most frequently appearing outcomes:
Not applicable 37 unique outcomes. 20 most frequently appearing outcomes:
Not applicable 28 unique outcomes. 20 most frequently appearing outcomes:
Not applicable
Not applicable
Not applicable
Not applicable","6. V eterans
13. International affairs (all
20. School funding
24. Health (all other)
26. Poverty
27. Employment
29. Social security
35. Guns
36. Corporate Corruption
37. Justice (all other)
45. Government power
51. Stock market
80. Civility
800. Other problem5. T errorism
21. Education (all other)
23. Medicare
26. Poverty
27. Employment
34. Police problems
37. Justice (all other)
54. Inflation
800. Other problem24. Health (all other)
27. Employment
79. Religion48. Politicians
800. Other problem","-1. INAP (no further
-6. No post-election interview
-7. No post data, deleted due-1. INAP (no further
-6. No post-election interview
-7. No post data, deleted due-1. INAP (no further
-6. No post-election interview
-7. No post data, deleted due-1. INAP (no further
-6. No post-election interview
-7. No post data, deleted due"
V162117,POST: Party to deal with mention 1 MIP,"IF FIRST MENTION OF MOST IMPOR T ANT PROBLEM IS NOT DK OR REFUSED: Which political party do you think would be the most likely to get the government to do a better job in dealing with this problem – [the Democrats, the Republicans / the Republicans, the Democrats] or wouldn’t there be much difference between them? RANDOMIZA TION: Order of party names in question text","1. Democrats
2. Republicans
3. W ouldn’t be much
","-1. Inap
-6. No post-election interview
-7. No post data, deleted due
-8. Don’t know
-9. Refused
"
V162118a,POST: Mention 2 most important problems facing the country,"IF FIRST MENTION OF MOST IMPOR T ANT PROBLEM IS NOT DK OR REFUSED: Can you think of any other important problems facing this country? If so, please briefly mention one of them now. USE [KEY] FOR DK. USE [KEY] FOR REFUSAL. PROBE IF THE ANSWER IS ONL Y 1 OR TWO WORDS FOR A TOPIC SUCH AS ‘EDUCA TION’ OR ‘NU- CLEAR POWER’ BUT A PROBLEM RELA TED TO THE TOPIC IS NOT SPECIFIED: Can you briefly tell me what is the problem with []?’",,"-2. T ext responses, separate
-6. No post-election interview
-7. No post data, deleted due
"
V162118a_,"POST: Most Important Problem - Mention 2, Idea 1
POST: Most Important Problem - Mention 2, Idea 2
POST: Most Important Problem - Mention 2, Idea 3
POST: Most Important Problem - Mention 2, Idea 4
POST: Most Important Problem - Mention 2, Idea 5
POST: Most Important Problem - Mention 2, Idea 6
POST: Most Important Problem - Mention 2, Idea 7
POST: Most Important Problem - Mention 2, Idea 8
POST: Most Important Problem - Mention 2, Idea 9","Not applicable 78 unique outcomes. 20 most frequently appearing outcomes:
Not applicable 72 unique outcomes. 20 most frequently appearing outcomes:
Not applicable 60 unique outcomes. 20 most frequently appearing outcomes:
Not applicable 43 unique outcomes. 20 most frequently appearing outcomes:
Not applicable
Not applicable
Not applicable
Not applicable
Not applicable","2. Middle East
5. T errorism
7. National defense (all other)
21. Education (all other)
24. Health (all other)
26. Poverty
33. Illegal drugs
37. Justice (all other)
39. Size of government
48. Politicians
49. Government (all other)
61. Abortion
75. Sexism/Gender issues
78. Elections
79. Religion
800. Other problem17. Environment
21. Education (all other)
24. Health (all other)
29. Social security
31. Crime
36. Corporate Corruption
40. T axes
41. Immigration
62. Child care5. T errorism
14. Energy crisis
31. Crime
35. Guns
40. T axes
48. Politicians4. W ar
17. Environment
36. Corporate Corruption
41. Immigration13. International affairs (all
14. Energy crisis","-1. INAP (no further
-4. Respondent other (self
-6. No post-election interview
-7. No post data, deleted due-1. INAP (no further
-6. No post-election interview
-7. No post data, deleted due-1. INAP (no further
-6. No post-election interview
-7. No post data, deleted due-1. INAP (no further
-6. No post-election interview
-7. No post data, deleted due-1. INAP (no further
-6. No post-election interview
-7. No post data, deleted due"
V162119,POST: Party to deal with mention 2 MIP,"IF SECOND MENTION OF MOST IMPOR T ANT PROBLEM IS NOT DK OR REFUSED: Which political party do you think would be the most likely to get the government to do a better job in dealing with this problem – [the Democrats, the Republicans / the Republicans, the Democrats] or wouldn’t there be much difference between them? RANDOMIZA TION: Order of party names in question text","1. Democrats
2. Republicans
3. W ouldn’t be much
","-1. Inap
-6. No post-election interview
-7. No post data, deleted due
-8. Don’t know
-9. Refused
"
V162120a,POST: Mention 3 most important problems facing the country,"IF SECOND MENTION OF MOST IMPOR T ANT PROBLEM IS NOT DK OR REFUSED: Can you think of any other important problems facing this country? If so, please briefly mention one of them now. USE [KEY] FOR DK. USE [KEY] FOR REFUSAL. PROBE IF THE ANSWER IS ONL Y 1 OR TWO WORDS FOR A TOPIC SUCH AS ‘EDUCA TION’ OR ‘NUCLEAR POWER’ BUT A PROBLEM RELA TED TO THE TOPIC IS NOT SPECIFIED: Can you briefly tell me what is the problem with []?’",,"-2. T ext responses, separate
-6. No post-election interview
-7. No post data, deleted due
"
V162120a_,"POST: Most Important Problem - Mention 3, Idea 1
POST: Most Important Problem - Mention 3, Idea 2
POST: Most Important Problem - Mention 3, Idea 3
POST: Most Important Problem - Mention 3, Idea 4
POST: Most Important Problem - Mention 3, Idea 5
POST: Most Important Problem - Mention 3, Idea 6","Not applicable 77 unique outcomes. 20 most frequently appearing outcomes:
Not applicable 66 unique outcomes. 20 most frequently appearing outcomes:
Not applicable 48 unique outcomes. 20 most frequently appearing outcomes:
Not applicable 24 unique outcomes. 20 most frequently appearing outcomes:
Not applicable
Not applicable","6. V eterans
7. National defense (all other)
24. Health (all other)
28. Housing
47. Partisan politics
59. T ransportation13. International affairs (all
17. Environment","-1. INAP (no further
-6. No post-election interview
-7. No post data, deleted due-1. INAP (no further
-6. No post-election interview
-7. No post data, deleted due"
V162121,POST: Party to deal with mention 3 MIP,"IF THIRD MENTION OF MOST IMPOR T ANT PROBLEM IS NOT DK OR REFUSED: Which political party do you think would be the most likely to get the government to do a better job in dealing with this problem – [the Democrats, the Republicans / the Republicans, the Democrats] or wouldn’t there be much difference between them? RANDOMIZA TION: Order of party names in question text","1. Democrats
2. Republicans
3. W ouldn’t be much
","-1. Inap
-6. No post-election interview
-7. No post data, deleted due
-8. Don’t know
-9. Refused
"
V162122a,POST: Which among mentions is the most important problem,"IF R HAS MENTIONED MORE THAN 1 IMPOR T ANT PROBLEM IN THE COUNTR Y: Of those you’ve mentioned, what would you say is the single most important problem the country faces?",,"-2. T ext responses, separate
-6. No post-election interview
-7. No post data, deleted due
"
V162122a_,"POST: Most Important Problem - Idea 1
POST: Most Important Problem - Idea 2
POST: Most Important Problem - Idea 3
POST: Most Important Problem - Idea 4
POST: Most Important Problem - Idea 5","Not applicable 74 unique outcomes. 20 most frequently appearing outcomes:
Not applicable 57 unique outcomes. 20 most frequently appearing outcomes:
Not applicable 30 unique outcomes. 20 most frequently appearing outcomes:
Not applicable
Not applicable","7. National defense (all other)
25. W elfare
30. Income (all other)
31. Crime
35. Guns
44. Ethics
52. Economic inequality
56. Agriculture
68. Sexual identity/LGBT+
75. Sexism/Gender issues
79. Religion
80. Civility
800. Other problem24. Health (all other)
800. Other problem","-1. INAP (no further
-6. No post-election interview
-7. No post data, deleted due-1. INAP (no further
-6. No post-election interview
-7. No post data, deleted due"
V162123,POST: Better if rest of world more like America,"Please turn to page [PRELOAD: page] of the booklet. ‘The world would be a better place if people from other countries were more like Americans. ’ Do you [agree strongly , agree somewhat, neither agree nor disagree, disagree some- what, or disagree strongly / disagree strongly , disagree somewhat, neither agree nor disagree, agree somewhat, or agree strongly] with this statement? F or W eb administration, reference to the respondent booklet was omitted. F orward/reverse response option order","1. Agree strongly
2. Agree somewhat
3. Neither agree nor disagree
4. Disagree somewhat
5. Disagree strongly
","-6. No post-election interview
-7. No post data, deleted due
-8. Don’t know
-9. Refused
"
V162124,POST: How does R feel to see American flag,"Now looking at the booklet now. When you see the American flag flying does it make you feel good, bad, or neither good nor bad? F or W eb admin- istration, reference to the respondent booklet was omitted.","1. Good
2. Bad
3. Neither good nor bad
","-6. No post-election interview
-7. No post data, deleted due
-9. Refused
"
V162125,POST: How good/bad does R feel to see American flag,"IF R SEEING THE AMERICAN FLAG MAKES R FEEL GOOD / IF R SEEING THE AMERICAN FLAG MAKES R FEEL BAD: Does it make you feel [extremely good, moderately good, or a little good / a little good, moderately good, or extremely good]? / Does it make you feel [extremely bad, moderately bad, or a little bad / a little bad, moderately bad, or extremely bad]? F orward/reverse response option order","1. Extremely
2. Moderately
3. A little
","-1. Inap
-6. No post-election interview
-7. No post data, deleted due
-9. Refused
"
V162125x,POST: SUMMAR Y- How good/bad does R feel to see American flag,Not applicable,"1. Extremely good
2. Moderately good
3. A little good
4. Neither good nor bad
5. A little bad
6. Moderately bad
7. Extremely bad
","-6. No post-election interview
-7. No post data, deleted due
-9. Refused
"
V162126,POST: Heard about Rep Presidential cand T rump 2005 video about women,"In October, the media released a 2005 recording of Donald T rump having a crude conversation about women. Have you heard about this video, or not? F or W eb administration, the label for response option 1 was ‘Heard about the video’ and the label for response option 2 was ‘Have not heard about it. ’","1. Y es, heard about the video
2. No, have not heard about
","-6. No post-election interview
-7. No post data, deleted due
-9. Refused
"
V162127,POST: Does Rep Presidential cand T rump 2005 video about women matter,"IF R HAS HEARD ABOUT 2005 VIDEO OF REPUBLICAN PRES CAND TRUMP T ALK ABOUT WOMEN: In deciding how to vote, how much do you think the information from the video should have mattered to people? A great deal, a lot, a moderate amount, a little, or not at all?","1. A great deal
2. A lot
3. A moderate amount
4. A little
5. Not at all
","-1. Inap
-6. No post-election interview
-7. No post data, deleted due
-8. Don’t know
-9. Refused
"
V162128,POST: Think of self as belonging to class,"IF R IS SELECTED FOR THE 4-QUESTION SET OF SOCIAL CLASS QUESTIONS IN THE POST: Next, there’s been some talk these days about different social classes. Most people say they belong either to the middle class or the working class. Do you ever think of yourself as belonging in one of these classes? RANDOMIZA TION: Assignment to CLASSA or CLASSB set of social class questions","1. Y es
2. No
","-1. Inap
-6. No post-election interview
-7. No post data, deleted due
-9. Refused
"
V162129,POST: Is R working or middle class,IF R IS SELECTED FOR THE 4-QUESTION SET OF SOCIAL CLASS QUESTIONS IN THE POST: IF R THINKS OF SELF AS MEMBER OF EITHER MIDDLE OR WORKING CLASS: Which one? F or W eb admin- istration only response options 1 and 2 appeared. RANDOMIZA TION: Assignment to CLASSA or CLASSB set of social class questions,"0. Lower class or poor
1. Middle class
2. W orking class
3. Both
4. Upper class
","-1. Inap
-6. No post-election interview
-7. No post data, deleted due
-9. Refused
"
V162130,POST: If R had to choose working/ middle class,"IF R IS SELECTED FOR THE 4-QUESTION SET OF SOCIAL CLASS QUESTIONS IN THE POST: IF R DOESN’T THINK/ DK IF THINKS OF SELF AS MIDDLE OR WORKING CLASS: W ell, if you had to make a choice, would you call yourself middle class or working class? F or W eb administration only response options 1 and 2 appeared. RANDOMIZA TION: Assignment to CLASSA or CLASSB set of social class questions","0. Upper class
1. Middle class
2. W orking class
3. Neither
4. Lower class or poor
5. Other
","-1. Inap
-6. No post-election interview
-7. No post data, deleted due
-8. Don’t know
-9. Refused
"
V162131,POST: A verage or upper working/ middle class,IF R IS SELECTED FOR THE 4-QUESTION SET OF SOCIAL CLASS QUESTIONS IN THE POST: IF R THINKS OF SELF AS MIDDLE CLASS / IF R THINKS OF SELF AS WORKING CLASS: W ould you say that you are about average [middle/working] class or that you are in the upper part of the [middle/working] class? ] F or W eb administration only response options 1 and 2 appeared. RANDOMIZA TION: Assignment to CLASSA or CLASSB set of social class questions,"0. Lower class or poor
1. A verage
2. Upper <middle/working>
3. Lower <middle/working>
4. Upper class
","-1. Inap
-6. No post-election interview
-7. No post data, deleted due
-8. Don’t know
-9. Refused
"
V162132,POST: R social class,"IF R IS SELECTED FOR THE 2-QUESTION SET OF SOCIAL CLASS QUESTIONS IN THE POST: How would you describe your social class? Are you in the lower class, the working class, the middle class, or the upper class? RANDOMIZA TION: Assignment to CLASSA or CLASSB set of social class questions","1. Lower class
2. W orking class
3. Middle class
4. Upper class
","-1. Inap
-6. No post-election interview
-7. No post data, deleted due
-8. Don’t know
-9. Refused
"
V162133,"POST: Is R upper middle, middle, lower middle class","IF R IS SELECTED FOR THE 2-QUESTION SET OF SOCIAL CLASS QUESTIONS IN THE POST: IF R HAS INDICA TED SOCIAL CLASS AS MIDDLE CLASS: Are you in the lower middle class, the middle class, or the upper middle class? RANDOMIZA TION: Assignment to CLASSA or CLASSB set of social class questions","1. Lower middle class
2. Middle class
3. Upper middle class
","-1. Inap
-6. No post-election interview
-7. No post data, deleted due
-9. Refused
"
V162134,POST: How much opportunity in America to get ahead,"How much opportunity is there in America today for the average person to get ahead? [ A great deal, a lot, a moderate amount, a little, or none / None, a little, a moderate amount, a lot, or a great deal ]? F orward/reverse response option order","1. A great deal
2. A lot
3. A moderate amount
4. A little
5. None
","-6. No post-election interview
-7. No post data, deleted due
-8. Don’t know
-9. Refused
"
V162135,POST: Economic mobility compared to 20 yrs ago,"When it comes to people trying to improve their financial well-being, do you think it is now easier, harder, or the same as it was 20 years ago?","1. Easier
2. Harder
3. The same
","-6. No post-election interview
-7. No post data, deleted due
-8. Don’t know
-9. Refused
"
V162136,POST: How much easier/harder is econ mobility compared to 20 yrs ago,"IF R SA YS ECONOMIC MOBILITY IN U.S. IS EASIER THAN 20 YEARS AGO / IF R SA YS ECONOMIC MOBILITY IN U.S. IS HARDER THAN 20 YEARS AGO: How much [easier/harder]? [A great deal, a moderate amount, or a little / A little, a moderate amount, or a great deal]? F orward/reverse response option order","1. A great deal
2. A moderate amount
3. A little
","-1. Inap
-6. No post-election interview
-7. No post data, deleted due
-9. Refused
"
V162136x,POST: SUMMAR Y- Economic mobility easier/harder compared to 20 yrs,Not applicable,"1. A great deal easier
2. A moderate amount easier
3. A little easier
4. The same
5. A little harder
6. A moderate amount harder
7. A great deal harder
","-6. No post-election interview
-7. No post data, deleted due
-8. Don’t know
-9. Refused
"
V162137,POST: What is current unemployment rate,"What was the current unemployment rate in the United States as of Novem- ber 4 2017 – [PRELOAD: unemployment rate - 2.0 = 2.9], [PRELOAD: unemployment rate = 4.9], [PRELOAD: unemployment rate +2.0 = 6.9], or [PRELOAD: unemployment rate + 4.0 = 8.9]?","1. Rate
2. Rate
3. Rate
4. Rate
","-6. No post-election interview
-7. No post data, deleted due
-8. Don’t know
-9. Refused
"
V162138,POST: What is minimum wage in R state,What is the minimum wage in [PRELOAD: sample state]? [] per hour 147 unique outcomes. 20 most frequently appearing outcomes:,,
V162139,POST: Importance of reducing deficit,"Please turn to page [PRELOAD: page] of the booklet. When the U.S. federal government spends more money than it collects, the difference is called the federal budget deficit. The federal government currently has a deficit. How important is it to reduce the deficit? [Extremely important, very important, moderately important, a little important, or not at all important? / Not at all important, a little important, moderately important, very important, or extremely important?] F or W eb administration, reference to the respondent booklet was omitted. F orward/reverse response option order","1. Extremely important
2. V ery important
3. Moderately important
4. A little important
5. Not at all important
","-6. No post-election interview
-7. No post data, deleted due
-8. Don’t know
-9. Refused
"
V162140,POST: Does R favor or oppose tax on millionaires,"Now looking at the booklet now. Do you favor, oppose, or neither favor nor oppose increasing income taxes on people making over one million dollars per year? F or W eb administration, reference to the respondent booklet was omitted.","1. F avor
2. Oppose
3. Neither favor nor oppose
","-6. No post-election interview
-7. No post data, deleted due
-8. Don’t know
-9. Refused
"
V162141,POST: How often bought or boycotted product or service for pol/soc reason,"In the past 12 months, how often have you either bought or declined to buy a certain product or service because of the social or political values of the company that provides it? [Never, once in a while, about half the time, most of the time, or all the time / All the time, most of the time, about half the time, once in a while, or never]? F orward/reverse response option order","1. Never
2. Once in a while
3. About half the time
4. Most of the time
5. All the time
","-6. No post-election interview
-7. No post data, deleted due
-8. Don’t know
-9. Refused
"
V162142,POST: Health Care Law effect on health care services,"On another topic. Has the 2010 health care law, also known as the Affordable Care Act, improved, worsened, or had no effect on the quality of health care services in the United States?","1. Improved
2. W orsened
3. Had no effect
","-6. No post-election interview
-7. No post data, deleted due
-8. Don’t know
-9. Refused
"
V162143,POST: Health Care Law effect on number insured,"Has the 2010 health care law increased, decreased, or had no effect on the number of Americans with health insurance?","1. Increased
2. Decreased
3. Had no effect
","-6. No post-election interview
-7. No post data, deleted due
-8. Don’t know
-9. Refused
"
V162144,POST: Health Care Law effect on cost of health care,"Has the 2010 health care law increased, decreased, or had no effect on the cost of health insurance for most Americans? RANDOMIZA TION: Order of HL THLA W.AMCOST and HL TH- LA W.RCOST","1. Increased
2. Decreased
3. Had no effect
","-6. No post-election interview
-7. No post data, deleted due
-8. Don’t know
-9. Refused
"
V162145,POST: Health Care Law effect on cost of R’s health care,"Has the 2010 health care law increased, decreased, or had no effect on the cost of your health care? RANDOMIZA TION: Order of HL THLA W.AMCOST and HL TH- LA W.RCOST","1. Increased
2. Decreased
3. Had no effect
","-6. No post-election interview
-7. No post data, deleted due
-8. Don’t know
-9. Refused
"
V162146,POST: Does R favor or oppose vaccines in schools,"Do you favor, oppose, or neither favor nor oppose requiring children to be vaccinated in order to attend public schools?","1. F avor
2. Oppose
3. Neither favor nor oppose
","-6. No post-election interview
-7. No post data, deleted due
-8. Don’t know
-9. Refused
"
V162147,POST: How much favor or oppose vaccines in schools,"IF R F A VORS REQUIRING V ACCINA TION IN ORDER FOR CHILDREN TO A TTEND SCHOOL / IF R OPPOSES REQUIRING V ACCINA TION IN ORDER FOR CHILDREN TO A TTEND SCHOOL: Do you favor that [a great deal, a moderate amount, or a little / a little, a moderate amount, or a great deal]? / Do you oppose that [a great deal, a moderate amount, or a little / a little, a moderate amount, or a great deal]? F orward/reverse response option order","1. A great deal
2. A moderate amount
3. A little
","-1. Inap
-6. No post-election interview
-7. No post data, deleted due
"
V162147x,POST: SUMMAR Y- F avor/oppose vaccines in schools,Not applicable,"1. F avor a great deal
2. F avor a moderate amount
3. F avor a little
4. Neither favor nor oppose
5. Oppose a little
6. Oppose a moderate
7. Oppose a great deal
","-6. No post-election interview
-7. No post data, deleted due
-8. Don’t know
-9. Refused
"
V162148,POST: Does R favor or oppose govt reducing income ineqality,"Next, do you favor, oppose, or neither favor nor oppose the government trying to reduce the difference in incomes between the richest and poorest households?","1. F avor
2. Oppose
3. Neither favor nor oppose
","-6. No post-election interview
-7. No post data, deleted due
-8. Don’t know
-9. Refused
"
V162149,POST: Does R favor or oppose requiring equal pay for men and women,"Do you favor, oppose, or neither favor nor oppose requiring employers to pay women and men the same amount for the same work?","1. F avor
2. Oppose
3. Neither favor nor oppose
","-6. No post-election interview
-7. No post data, deleted due
-8. Don’t know
-9. Refused
"
V162150,POST: How much favor or oppose requiring equal pay for men and women,"IF F A VORS REQUIRING EMPLOYERS TO P A Y MEN AND WOMEN SAME FOR THE SAME WORK/ IF OPPOSES REQUIRING EMPLOY- ERS TO P A Y MEN AND WOMEN SAME FOR THE SAME WORK: Do you favor that [a great deal, a moderate amount, or a little / a little, a moderate amount, or a great deal]? / Do you oppose that [a great deal, a moderate amount, or a little / a little, a moderate amount, or a great deal]? F orward/reverse response option order","1. A great deal
2. A moderate amount
3. A little
","-1. Inap
-6. No post-election interview
-7. No post data, deleted due
-9. Refused
"
V162150x,POST: SUMMAR Y- F avor/oppose equal pay for men and women,Not applicable,"1. F avor a great deal
2. F avor a moderate amount
3. F avor a little
4. Neither favor nor oppose
5. Oppose a little
6. Oppose a moderate
7. Oppose a great deal
","-6. No post-election interview
-7. No post data, deleted due
-8. Don’t know
-9. Refused
"
V162151,POST: Changes in security at public places,"Now for some other questions. Since the September 11, 2001 attacks there have been changes in security at public places such as airports, stadiums and government buildings. Have these changes in security [gone too far, are they just about right, or do they not go far enough / not gone far enough, are they just about right, or do they go too far]? F orward/reverse response option order","1. Have gone too far
2. Are just about right
3. Do not go far enough
","-6. No post-election interview
-7. No post data, deleted due
-8. Don’t know
-9. Refused
"
V162152a,POST: Does R favor or oppose limits on foreign imports [REV],IF R IS SELECTED FOR REVISED VERSION OF IMPOR TS LIMIT QUESTION: Some people have suggested placing new limits on foreign im- ports in order to protect American jobs. Others say that such limits would raise consumer prices and hurt American exports. Do you favor or oppose placing new limits on imports? RANDOMIZA TION: Assignment to old or new version of import limits Q,"1. F avor
2. Oppose
","-1. Inap
-6. No post-election interview
-7. No post data, deleted due
-8. Don’t know
-9. Refused
"
V162152b,POST: Does R favor or oppose limits on foreign imports [STD],"IF R IS SELECTED FOR ST ANDARD VERSION OF IMPOR TS LIMIT QUESTION: Some people have suggested placing new limits on foreign im- ports in order to protect American jobs. Others say that such limits would raise consumer prices and hurt American exports. Do you F A VOR or OP- POSE placing new limits on imports, or haven’t you thought much about this? F or W eb administration, DO NOT PROBE was omitted for the option ‘Haven’t thought much about this’ . RANDOMIZA TION: Assignment to old or new version of import limits Q","1. F avor
2. Oppose
99. Haven’t thought much
","-1. Inap
-6. No post-election interview
-7. No post data, deleted due
-8. Don’t know
-9. Refused
"
V162153,POST: Is U.S. too supportive of Israel or not supportive enough,"Thinking about the relationship between the United States and Israel, is the U.S. too supportive of Israel, not supportive enough of Israel, or is U.S. support of Israel about right?","1. T oo supportive
2. Not supportive enough
3. About right
","-6. No post-election interview
-7. No post data, deleted due
-8. Don’t know
-9. Refused
"
V162154a,POST: How much U.S. support Israel in conflict w/Palestinians [ISR 1st],"IF R IS SELECTED FOR ISRAEL SUPPOR T QUESTION FIRST: Please turn to page [PRELOAD: page] of the booklet. In the conflict between Israelis and Palestinians, how much should the United States support the Israelis? [A great deal, a lot, a moderate amount, a little, or not at all / Not at all, a little, a moderate amount, a lot, or a great deal]? F or W eb administration, reference to the respondent booklet was omitted. RANDOMIZA TION: Assignment to Israel-Palestinian support questions version 1A or 1B F orward/reverse response option order","1. A great deal
2. A lot
3. A moderate amount
4. A little
5. Not at all
","-1. Inap
-6. No post-election interview
-7. No post data, deleted due
-8. Don’t know
-9. Refused
"
V162154b,POST: How much U.S. support Palestinians in conflict w/Israel [ISR 1st],"IF R IS SELECTED FOR ISRAEL SUPPOR T QUESTION FIRST: (Still looking at page [PRELOAD: page] of the booklet.) In this conflict, how much should the United States support the Palestinians? [A great deal, a lot, a moderate amount, a little, or not at all / Not at all, a little, a moderate amount, a lot, or a great deal]? F or W eb administration, the optional reference to the respondent booklet was omitted. RANDOMIZA TION: Assignment to Israel-Palestinian support questions version 1A or 1B F orward/reverse response option order","1. A great deal
2. A lot
3. A moderate amount
4. A little
5. Not at all
","-1. Inap
-6. No post-election interview
-7. No post data, deleted due
-8. Don’t know
-9. Refused
"
V162155a,POST: How much U.S. support Palestinians in conflict w/Israel [P AL 1st],"IF R IS SELECTED FOR P ALESTINIAN SUPPOR T QUESTION FIRST: Please turn to page [PRELOAD: page] of the booklet. In the conflict between Palestinians and Israelis, how much should the United States support the Palestinians? [A great deal, a lot, a moderate amount, a little, or not at all / Not at all, a little, a moderate amount, a lot, or a great deal]? F or W eb administration, reference to the respondent booklet was omitted. RANDOMIZA TION: Assignment to Israel-Palestinian support questions version 1A or 1B F orward/reverse response option order","1. A great deal
2. A lot
3. A moderate amount
4. A little
5. Not at all
","-1. Inap
-6. No post-election interview
-7. No post data, deleted due
-8. Don’t know
-9. Refused
"
V162155b,POST: How much U.S. support Israel in conflict w/Palestinians [P AL 1st],"IF R IS SELECTED FOR P ALESTINIAN SUPPOR T QUESTION FIRST: (Still looking at page [PRELOAD: page] of the booklet.) In this conflict, how much should the United States support the Israelis? [A great deal, a lot, a moderate amount, a little, or not at all / Not at all, a little, a moderate amount, a lot, or a great deal]? F or W eb administration, the optional reference to the respondent booklet was omitted. RANDOMIZA TION: Assignment to Israel-Palestinian support questions version 1A or 1B F orward/reverse response option order","1. A great deal
2. A lot
3. A moderate amount
4. A little
5. Not at all
","-1. Inap
-6. No post-election interview
-7. No post data, deleted due
-8. Don’t know
-9. Refused
"
V162155x,POST: SUMMAR Y- How much should U.S. support Israelis,Not applicable,"1. Support Israelis a great
2. Support Israelis a lot
3. Support Israelis a
4. Support Israelis a little
5. Support Israelis not at all
","-6. No post-election interview
-7. No post data, deleted due
-8. Don’t know
-9. Refused
"
V162156x,POST: SUMMAR Y- How much should U.S. support Palestinians,Not applicable,"1. Support Palestinians a
2. Support Palestinians a lot
3. Support Palestinians a
4. Support Palestinians a
5. Support Palestinians not
","-6. No post-election interview
-7. No post data, deleted due
-8. Don’t know
-9. Refused
"
V162157,POST: What should immigration levels be,"Not using the booklet. Do you think the number of immigrants from foreign countries who are permitted to come to the United States to live should be [increased a lot, increased a little, left the same as it is now, decreased a little, or decreased a lot / decreased a lot, decreased a little, left the same as it is now, increased a little, or increased a lot]? F or W eb administration, reference to the respondent booklet was omitted. F orward/reverse response option order","1. Increased a lot
2. Increased a little
3. Left the same as it is now
4. Decreased a little
5. Decreased a lot
","-6. No post-election interview
-7. No post data, deleted due
-8. Don’t know
-9. Refused
"
V162158,POST: How likely immigration will take away jobs,"Now I’d like to ask you about immigration in recent years. How likely is it that recent immigration levels will take jobs away from people already here – [extremely likely , very likely , somewhat likely , or not at all likely / not at all likely , somewhat likely , very likely , or extremely likely]? F orward/reverse response option order","1. Extremely likely
2. V ery likely
3. Somewhat likely
4. Not at all likely
","-6. No post-election interview
-7. No post data, deleted due
-8. Don’t know
-9. Refused
"
V162159,POST: China military threat,"Do you think China’s military is [a major threat to the security of the United States, a minor threat, or not a threat / not a threat, a minor threat, or a major threat to the security of the United States]? F orward/reverse response option order","1. Major threat
2. Minor threat
3. Not a threat
","-6. No post-election interview
-7. No post data, deleted due
-8. Don’t know
-9. Refused
"
V162160,POST: How worried about terrorist attack next 12 months,"How worried are you that the United States will experience a terrorist attack in the near future? [Extremely worried, very worried, moderately worried, slightly worried, or not at all worried / Not at all worried, slightly worried, moderately worried, very worried, or extremely worried]? F orward/reverse response option order","1. Extremely worried
2. V ery worried
3. Moderately worried
4. Slightly worried
5. Not at all worried
","-6. No post-election interview
-7. No post data, deleted due
-8. Don’t know
-9. Refused
"
V162161,POST: Health benefits of vaccinations outweigh risks,"Now for questions on different topics. Do the health benefits of vaccinations generally outweigh the risks, do the risks outweigh the benefits, or is there no difference?","1. Benefits outweigh risks
2. Risks outweigh benefits
3. No difference
","-6. No post-election interview
-7. No post data, deleted due
-8. Don’t know
-9. Refused
"
V162162,POST: V accinations benefit/risk strength,"IF R SA YS HEAL TH BENEFITS OF V ACCINES OUTWEIGH RISKS / IF R SA YS HEAL TH RISKS OF V ACCINES OUTWEIGHT BENEFITS: Are the health benefits [much greater, moderately greater, or slightly greater / slightly greater, moderately greater, or much greater]? / Are the risks [much greater, moderately greater, or slightly greater / slightly greater, moderately greater, or much greater]? F orward/reverse response option order","1. Much greater
2. Moderately greater
3. Slightly greater
","-1. Inap
-6. No post-election interview
-7. No post data, deleted due
-8. Don’t know
-9. Refused
"
V162162x,POST: SUMMAR Y- Benefits/risks of vaccinations,Not applicable,"1. Benefits much greater
2. Benefits moderately
3. Benefits slightly greater
4. No difference
5. Risks slightly greater
6. Risks moderately greater
7. Risks much greater
","-6. No post-election interview
-7. No post data, deleted due
-8. Don’t know
-9. Refused
"
V162163,POST: Put off checkup and vaccines,"W e are interested in finding out whether or not people are getting regular check ups and vaccinations as well as treatment for illness and injury . During the past 12 months, have you or anyone living here put off getting this kind of health care because of the cost, or has no one living here put off getting this kind of health care because of the cost?","1. Someone has put off health
2. No one has put off health
","-6. No post-election interview
-7. No post data, deleted due
-8. Don’t know
-9. Refused
"
V162164,POST: Will you pay all costs,"Please turn to page [PRELOAD: page] of the booklet. During the next 12 months, how likely is it that you will be able to pay for all of your health care costs? [Extremely likely , very likely , moderately likely , slightly likely , or not likely at all / Not likely at all, slightly likely , moderately likely , very likely , or extremely likely?] F or W eb administration, reference to the respondent booklet was omitted. F orward/reverse response option order","1. Extremely likely
2. V ery likely
3. Moderately likely
4. Slightly likely
5. Not likely at all
","-6. No post-election interview
-7. No post data, deleted due
-8. Don’t know
-9. Refused
"
V162165,POST: W orry about financial situation,"Not using the booklet. So far as you and your family are concerned, how worried are you about your current financial situation? [Extremely worried, very worried, moderately worried, a little worried, or not at all worried / Not at all worried, a little worried, moderately worried, very worried, or extremely worried?] F or W eb administration, reference to the respondent booklet was omitted. F orward/reverse response option order","1. Extremely worried
2. V ery worried
3. Moderately worried
4. A little worried
5. Not at all worried
","-6. No post-election interview
-7. No post data, deleted due
-8. Don’t know
-9. Refused
"
V162166,POST: Able to make housing payments,"IF R P A YS RENT/ IF R OWNS HIS OR HER HOME AND P A YS A MOR TGAGE: Looking again at page [PRELOAD: page] of the booklet. During the next 12 months, how likely is it that you will be able to make all of your [rent/mortgage] payments on time? [Extremely likely , very likely , moderately likely , slightly likely , or not likely at all / Not likely at all, slightly likely , moderately likely , very likely , or extremely likely?] F or W eb administration, reference to the respondent booklet was omitted. F orward/reverse response option order","1. Extremely likely
2. V ery likely
3. Moderately likely
4. Slightly likely
5. Not likely at all
","-1. Inap
-6. No post-election interview
-7. No post data, deleted due
-8. Don’t know
-9. Refused
"
V162167,POST: Anyone lost jobs,"Not using the booklet. During the past 12 months, has anyone in your family or a close personal friend lost a job, or has no one in your family and no close personal friend lost a job in the past 12 months? F or W eb administration, reference to the respondent booklet was omitted.","1. Someone lost a job
2. No one lost a job
","-6. No post-election interview
-7. No post data, deleted due
-9. Refused
"
V162168,POST: Country needs free thinkers,"(Looking at page [PRELOAD: page] in the booklet.) ‘Our country needs free thinkers who will have the courage to defy traditional ways, even if this upsets many people. ’ Do you [agree strongly , agree somewhat, neither agree nor disagree, disagree somewhat, or disagree strongly / disagree strongly , disagree somewhat, neither agree nor disagree, agree somewhat, or agree strongly] with this statement? F or W eb administration, the optional refer- ence to the respondent booklet was omitted. F orward/reverse response option order","1. Agree strongly
2. Agree somewhat
3. Neither agree nor disagree
4. Disagree somewhat
5. Disagree strongly
","-6. No post-election interview
-7. No post data, deleted due
-8. Don’t know
-9. Refused
"
V162169,POST: Country would be great by getting rid of rotten apples,"(Still looking at page [PRELOAD: page] in the booklet.) ‘Our country would be great if we honor the ways of our forefathers, do what the authorities tell us to do, and get rid of the ‘rotten apples’ who are ruining everything. ’ (Do you [agree strongly , agree somewhat, neither agree nor disagree, disagree somewhat, or disagree strongly / disagree strongly , disagree somewhat, nei- ther agree nor disagree, agree somewhat, or agree strongly] with this state- ment?) F or W eb administration, the optional reference to the respondent booklet was omitted. F orward/reverse response option order","1. Agree strongly
2. Agree somewhat
3. Neither agree nor disagree
4. Disagree somewhat
5. Disagree strongly
","-6. No post-election interview
-7. No post data, deleted due
-8. Don’t know
-9. Refused
"
V162170,POST: Country needs strong leader to take us back to true path,"(Still looking at page [PRELOAD: page] in the booklet.) ‘What our coun- try really needs is a strong, determined leader who will crush evil and take us back to our true path. ’ (Do you [agree strongly , agree somewhat, nei- ther agree nor disagree, disagree somewhat, or disagree strongly / disagree strongly , disagree somewhat, neither agree nor disagree, agree somewhat, or agree strongly] with this statement?) F or W eb administration, the optional reference to the respondent booklet was omitted. F orward/reverse response option order","1. Agree strongly
2. Agree somewhat
3. Neither agree nor disagree
4. Disagree somewhat
5. Disagree strongly
","-6. No post-election interview
-7. No post data, deleted due
-8. Don’t know
-9. Refused
"
V162171,POST: 7pt scale liberal-Conservate: self placement,"Where would you place yourself on this scale, or haven’t you thought much about this? INTER VIEWER: DO NOT PROBE DON’T KNOW F or W eb administration, DO NOT PROBE was omitted for the option ‘Haven’t thought much about this’ .","1. Extremely liberal
2. Liberal
3. Slightly liberal
4. Moderate/middle of the
5. Slightly conservative
6. Conservative
7. Extremely conservative
99. Haven’t thought much
","-6. No post-election interview
-7. No post data, deleted due
-9. Refused
"
V162171a,"POST: If had to choose, liberal or conservative","IF MODERA TE, DK, OR HA VEN’T THOUGHT MUCH FOR LIBERAL- CONSER V A TIVE: If you had to choose, would you consider yourself a liberal or a conservative? F or W eb administration ‘Moderate’ was displayed for response option 3.","1. Liberal
2. Conservative
3. Moderate
","-1. Inap
-6. No post-election interview
-7. No post data, deleted due
-8. Don’t know
-9. Refused
"
V162172,POST: 7pt scale liberal-conservative: Democratic House cand,"IF DEMOCRA TIC CANDIDA TE IN HOUSE RACE: IF R DID NOT INDICA TE NO RECOGNITION OF DEMOCRA TIC HOUSE CAND IN THERMOMETER: (Still looking at page [PRELOAD: page] of the book- let.) Where would you place [PRELOAD: U.S. House Democratic candidate name] on this scale? DO NOT PROBE DK F or W eb administration, the optional reference to the respondent booklet was omitted. RANDOMIZA TION: Order of House candidates","1. Extremely liberal
2. Liberal
3. Slightly liberal
4. Moderate, middle of the
5. Slightly conservative
6. Conservative
7. Extremely conservative
","-6. No post-election interview
-7. No post data, deleted due
-8. Don’t know
-9. Refused
"
V162173,POST: 7pt scale liberal-conservative: Republican House cand,"IF REPUBLICAN CANDIDA TE IN HOUSE RACE: IF R DID NOT INDICA TE NO RECOGNITION OF REPUBLICAN HOUSE CAND IN THERMOMETER: (Still looking at page [PRELOAD: page] of the book- let.) Where would you place [PRELOAD: U.S. House Republican candidate name] on this scale? DO NOT PROBE DK F or W eb administration, the optional reference to the respondent booklet was omitted. RANDOMIZA TION: Order of House candidates","1. Extremely liberal
2. Liberal
3. Slightly liberal
4. Moderate, middle of the
5. Slightly conservative
6. Conservative
7. Extremely conservative
","-1. Inap
-6. No post-election interview
-7. No post data, deleted due
-8. Don’t know
-9. Refused
"
V162174,POST: Ever discuss politics with family or friends,"No longer looking at the booklet. Do you ever discuss politics with your family or friends? F or W eb administration, reference to the respondent booklet was omitted.","1. Y es
2. No
","-6. No post-election interview
-7. No post data, deleted due
-9. Refused
"
V162174a,POST: Days in past week discussed politics,IF EVER DISCUSSES POLITICS WITH F AMIL Y AND FRIENDS: How many days in the past week did you talk about politics with family or friends?,"0. Zero days
1. One day
2. T wo days
3. Three days
4. F our days
5. Five days
6. Six days
7. Seven days
","-1. Inap
-6. No post-election interview
-7. No post data, deleted due
-8. Don’t know
-9. Refused
"
V162175,POST: Is increasing trade w/other countries good for U.S.,"On some other topics. Have increasing amounts of trade with other countries been good for the United States, bad for the United States, or neither good nor bad?","1. Good
2. Bad
3. Neither good nor bad
","-6. No post-election interview
-7. No post data, deleted due
-8. Don’t know
-9. Refused
"
V162176,POST: Does R favor or oppose free trade agreements w/other countries,"Do you favor, oppose, or neither favor nor oppose the U.S. making free trade agreements with other countries?","1. F avor
2. Oppose
3. Neither favor nor oppose
","-6. No post-election interview
-7. No post data, deleted due
-8. Don’t know
-9. Refused
"
V162176a,POST: How strongly favor/oppose free trade agreements w/other countries,IF R F A VORS U.S FREE TRADE AGREEMENTS WITH OTHER COUN- TRIES/ IF R OPPOSES U.S. FREE TRADE AGREEMENTS WITH OTHER COUNTRIES: How strongly do you [favor/oppose] it?,"1. A great deal
2. Moderately
3. A little
","-1. Inap
-6. No post-election interview
-7. No post data, deleted due
-8. Don’t know
"
V162176x,POST: SUMMAR Y- F avor/oppose free trade agreements,Not applicable,"1. F avor a great deal
2. F avor moderately
3. F avor a little
4. Neither favor nor oppose
5. Oppose a little
6. Oppose moderately
7. Oppose a great deal
","-6. No post-election interview
-7. No post data, deleted due
-8. Don’t know
-9. Refused
"
V162177,POST: Should govt encourage/discourage outsourcing,"Recently , some big American companies have been hiring workers in foreign countries to replace workers in the U.S. Do you think the federal government should discourage companies from doing this, encourage companies to do this, or stay out of this matter?","1. Discourage
2. Encourage
3. Should stay out of this
","-6. No post-election interview
-7. No post data, deleted due
-8. Don’t know
-9. Refused
"
V162178,POST: Has increase in govt wiretap powers gone too far,"Have increases in the government’s wiretapping powers since September 11, 2001 [gone too far, are they just about right, or do they not go far enough / not gone far enough, are they just about right, or do they go too far]? F orward/reverse response option order","1. Have gone too far
2. Are just about right
3. Do not go far enough
","-6. No post-election interview
-7. No post data, deleted due
-8. Don’t know
-9. Refused
"
V162179,POST: Should marijuana be legal,"Do you favor, oppose, or neither favor nor oppose the use of marijuana being legal?","1. F avor
2. Oppose
3. Neither favor nor oppose
","-6. No post-election interview
-7. No post data, deleted due
-8. Don’t know
-9. Refused
"
V162180,POST: Should gov do more or less to regulate banks,"In your opinion, when it comes to regulating the activities of banks, should the government be doing more, less, or the same as it is now?","1. More
2. Less
3. The same
","-6. No post-election interview
-7. No post data, deleted due
-8. Don’t know
-9. Refused
"
V162180a,POST: How much more or less should gov do to regulate banks,"IF R SA YS GOVERNMENT SHOULD BE DOING MORE TO REGU- LA TE BANKS / IF R SA YS GOVERNMENT SHOULD BE DOING LESS TO REGULA TE BANKS: How much more should the government be doing to regulate banks, [a great deal, a moderate amount, or a little / a little, a moderate amount, or a great deal]? / How much less should the government be doing to regulate banks, [a great deal, a moderate amount, or a little / a little, a moderate amount, or a great deal]? F orward/reverse response option order","1. A great deal
2. A moderate amount
3. A little
","-1. Inap
-6. No post-election interview
-7. No post data, deleted due
-8. Don’t know
"
V162180x,POST: SUMMAR Y- Gov should do more/less to regulate banks,Not applicable,"1. A great deal more
2. A moderate amount more
3. A little more
4. The same
5. A little less
6. A moderate amount less
7. A great deal less
","-6. No post-election interview
-7. No post data, deleted due
-8. Don’t know
-9. Refused
"
V162181,POST: STD Abortion: Democratic Presidential cand placemt,"Please look at page [PRELOAD: page] of the booklet. Where would you place Hillary Clinton (on abortion)? DO NOT PROBE DK F or W eb administration, reference to the respondent booklet was omitted. RANDOMIZA TION: Order of Pres cands","1. By law, abortion should
2. The law should permit
3. The law should permit
4. By law, a woman should
","-6. No post-election interview
-7. No post data, deleted due
-8. Don’t know
-9. Refused
"
V162182,POST: STD Abortion: Republican Presidential cand placemt,"(Still looking at page [PRELOAD: page] of the booklet.) Where would you place Donald T rump (on abortion)? DO NOT PROBE DK F or W eb administration, the optional reference to the respondent booklet was omitted. RANDOMIZA TION: Order of Pres cands","1. By law, abortion should
2. The law should permit
3. The law should permit
4. By law, a woman should
","-6. No post-election interview
-7. No post data, deleted due
-8. Don’t know
-9. Refused
"
V162183,POST: Govt bigger because too involved OR bigger problems,"One, the main reason government has become bigger over the years is because it has gotten involved in things that people should do for themselves, or: T wo, government has become bigger because the problems we face have become bigger. IF NECESSAR Y, PROBE ‘WHICH IS CLOSER’ F or W eb administration, the question text was displayed as follows and the numbered response options were labeled as in the question text: Which of the two statements comes closer to your view? 1. The main reason government has become bigger over the years is because it has gotten involved in things that people should do for themselves. 2. Government has become bigger because the problems we face have become bigger.","1. Gov’t bigger because it’s
2. Gov’t bigger because
","-6. No post-election interview
-7. No post data, deleted due
-8. Don’t know
-9. Refused
"
V162184,POST: Need strong govt for complex problems OR free market,"One, we need a strong government to handle today’s complex economic problems, or T wo, the free market can handle these problems without gov- ernment being involved. IF NECESSAR Y, PROBE ‘WHICH IS CLOSER’ F or W eb administration, the question text was displayed as follows and the numbered response options were labeled as in the question text: Which of the two statements comes closer to your view? 1. W e need a strong govern- ment to handle today’s complex economic problems. 2. The free market can handle these problems without government being involved.","1. Need a strong gov’t to
2. F ree market can handle
","-6. No post-election interview
-7. No post data, deleted due
-8. Don’t know
-9. Refused
"
V162185,POST: Less govt better OR more that govt should be doing,"One, the less government, the better, or T wo, there are more things that gov- ernment should be doing. IF NECESSAR Y, PROBE ‘WHICH IS CLOSER’ F or W eb administration, the question text was displayed as follows and the numbered response options were labeled as in the question text: Which of the two statements comes closer to your view? 1. The less government, the better. 2. There are more things that government should be doing.","1. Less government the better
2. More things government
","-6. No post-election interview
-7. No post data, deleted due
-8. Don’t know
-9. Refused
"
V162186,POST: Regulation of Business,"How much government regulation of business is good for society? [A great deal, a lot, a moderate amount, a little, or none at all / None at all, a little, a moderate amount, a lot, or a great deal]? F orward/reverse response option order","1. A great deal
2. A lot
3. A moderate amount
4. A little
5. None at all
","-6. No post-election interview
-7. No post data, deleted due
-8. Don’t know
-9. Refused
"
V162188,POST: How does Rep Presidential candidate treat women,"In general, do you think Donald T rump treats women poorly , treats women well, or treats women neither poorly nor well?","1. T reats women poorly
2. T reats women well
3. T reats women neither
","-6. No post-election interview
-7. No post data, deleted due
-8. Don’t know
-9. Refused
"
V162188a,POST: How well/poorly does Rep Presidential candidate treat women,"IF R SA YS REPUBLICAN PRESIDENTIAL CANDIDA TE TREA TS WOMEN POORL Y / IF R SA YS REPUBLICAN PRESIDENTIAL CAN- DIDA TE TREA TS WOMEN WELL: How poorly does [PRELOAD: U.S. House Republican candidate name]pc.repgendpo treat women? Extremely poorly , moderately poorly , or slightly poorly? / How well does [PRELOAD: U.S. House Republican candidate name]pc.repgendpo treat women? Ex- tremely well, moderately well, or slightly well?","1. Extremely
2. Moderately
3. Slightly
","-1. Inap
-6. No post-election interview
-7. No post data, deleted due
-8. Don’t know
-9. Refused
"
V162188x,POST: SUMMAR Y- How does Rep Presidential candidate treat women,Not applicable,"1. T reats women extremely
2. T reats women moderately
3. T reats women slightly
4. T reats women neigher
5. T reats women slightly well
6. T reats women moderately
7. T reats women extremely
","-6. No post-election interview
-7. No post data, deleted due
-8. Don’t know
-9. Refused
"
V162189,POST: How does Dem Presidential candidate treat women,"In general, do you think Hillary Clinton treats women poorly , treats women well, or treats women neither poorly nor well?","1. T reats women poorly
2. T reats women well
3. T reats women neither
","-6. No post-election interview
-7. No post data, deleted due
-8. Don’t know
-9. Refused
"
V162189a,POST: How well/poorly does Dem Presidential candidate treat women,"IF R SA YS DEMOCRA TIC PRESIDENTIAL CANDIDA TE TREA TS WOMEN POORL Y / IF R SA YS DEMOCRA TIC PRESIDENTIAL CAN- DIDA TE TREA TS WOMEN WELL: How poorly does [PRELOAD: U.S. House Republican candidate name]pc.demgendpo treat women? Extremely poorly , moderately poorly , or slightly poorly? / How well does [PRELOAD: U.S. House Republican candidate name]pc.demgendpo treat women? Ex- tremely well, moderately well, or slightly well?","1. Extremely
2. Moderately
3. Slightly
","-1. Inap
-6. No post-election interview
-7. No post data, deleted due
-9. Refused
"
V162189x,POST: SUMMAR Y- How does Dem Presidential candidate treat women,Not applicable,"1. T reats women extremely
2. T reats women moderately
3. T reats women slightly
4. T reats women neigher
5. T reats women slightly well
6. T reats women moderately
7. T reats women extremely
","-6. No post-election interview
-7. No post data, deleted due
-8. Don’t know
-9. Refused
"
V162190,POST: Important differences in what major parties stand for,"Next, do you think there are any important differences in what the Repub- licans and Democrats stand for?","1. Y es, differences
2. No, no differences
","-6. No post-election interview
-7. No post data, deleted due
-8. Don’t know
-9. Refused
"
V162191,POST: Is one of the parties more conservative than the other,W ould you say that one of the parties is more conservative than the other at the national level?,"1. Y es, one party more
2. No, one party not more
","-6. No post-election interview
-7. No post data, deleted due
-8. Don’t know
-9. Refused
"
V162191a,POST: Which is the party that is more conservative,IF R SA YS THA T ONE OF THE MAJOR P AR TIES IS MORE CONSER- V A TIVE: Which party is more conservative?,"1. Democrats
2. Republicans
","-1. Inap
-6. No post-election interview
-7. No post data, deleted due
-8. Don’t know
-9. Refused
"
V162192,POST: Should the minimum wage be raised,"Should the minimum wage be [raised, kept the same, lowered but not elim- inated, or eliminated altogether / eliminated altogether, lowered but not eliminated, kept the same, or raised]? F orward/reverse response option order","1. Raised
2. Kept the same
3. Lowered
4. Eliminated
","-6. No post-election interview
-7. No post data, deleted due
-8. Don’t know
-9. Refused
"
V162193,POST: Increase or decrease gov spending to help people pay for health care,"Do you favor an increase, decrease, or no change in government spending to help people pay for health insurance when they can’t pay for it all them- selves?","1. Increase
2. Decrease
3. No change
","-6. No post-election interview
-7. No post data, deleted due
-8. Don’t know
-9. Refused
"
V162193a,POST: How much favor increase/decrease gov help paying for health care,"IF R SA YS GOVT HELP FOR PEOPLE TO P A Y FOR HEAL TH CARE SHOULD INCREASE / IF R SA YS GOVT HELP FOR PEOPLE TO P A Y FOR HEAL TH CARE SHOULD DECREASE: Should it increase [a great deal, a moderate amount, or a little / a little, a moderate amount, or a great deal]? / Should it decrease [a great deal, a moderate amount, or a little / a little, a moderate amount, or a great deal]? F orward/reverse response option order","1. A great deal
2. A moderate amount
3. A little
","-1. Inap
-6. No post-election interview
-7. No post data, deleted due
-8. Don’t know
-9. Refused
"
V162193x,POST: SUMMAR Y- Increase/decrease gov spending for health care,Not applicable,"1. Increase a great deal
2. Increase a moderate
3. Increase a little
4. No change
5. Decrease a little
6. Decrease a moderate
7. Decrease a great deal
","-6. No post-election interview
-7. No post data, deleted due
-8. Don’t know
-9. Refused
"
V162194,POST: Number of organizations in which R is a member,How many organizations are you currently a member of?,,"-6. No post-election interview
-7. No post data, deleted due
-9. Refused
"
V162195,POST: Has R done community work in past 12 months,"During the past 12 months, have you worked with other people to deal with some issue facing your community?","1. Y es, have done this in the
2. No, have not done this
","-6. No post-election interview
-7. No post data, deleted due
-9. Refused
"
V162196,POST: Did R attend meeting on school/community issue past 12 months,"During the past 12 months, did you attend a meeting about an issue facing your local community or schools?","1. Y es, have done this in the
2. No, have not done this
","-6. No post-election interview
-7. No post data, deleted due
-9. Refused
"
V162197,POST: Has R done any volunteer work in past 12 months,"Many people say they have less time these days to do volunteer work. What about you, were you able to devote any time to volunteer work in the past 12 months or did you not do so? F or W eb administration, response option 1 was labeled ‘Did volunteer work in past 12 months’ and option 2 was labeled ‘Did not do so. ’","1. Y es, have done this in the
2. No, have not done this
","-6. No post-election interview
-7. No post data, deleted due
-9. Refused
"
V162198,POST: Has R contacted elected federal official in past 12 months,"In the past twelve months, have you contacted a federal elected official, such as a member of Congress or the President, or someone on the staff of such an official?","1. Y es, have done this in the
2. No, have not done this
","-6. No post-election interview
-7. No post data, deleted due
-8. Don’t know
-9. Refused
"
V162199a,POST: Why has R contacted elected federal official,"IF R CONT ACTED ELECTED FEDERAL OFFICIAL IN LAST 12 MONTHS: Thinking about your most recent contact, what were the issues or problems that led you to initiate this contact? PROBE: IF THE ANSWER IS ONL Y 1 OR TWO WORDS: ‘Can you tell me a little more about that?’",,"-2. T ext responses, separate
-6. No post-election interview
-7. No post data, deleted due
"
V162200,POST: Has R contacted non-elected federal official in past 12 months,And what about a non-elected official in a federal government agency? Have you contacted such a person in the past twelve months?,"1. Y es, have done this in the
2. No, have not done this
","-6. No post-election interview
-7. No post data, deleted due
-8. Don’t know
-9. Refused
"
V162201a,POST: Why has R contacted non-elected federal official,"IF R CONT ACTED NON-ELECTED FEDERAL OFFICIAL IN LAST 12 MONTHS: Thinking about your most recent contact, what were the issues or problems that led you to initiate this contact? PROBE: IF THE ANSWER IS ONL Y 1 OR TWO WORDS: ‘Can you tell me a little more about that?’",,"-2. T ext responses, separate
-6. No post-election interview
-7. No post data, deleted due
"
V162202,POST: Has R contacted elected local official in past 12 months,"What about an elected official on the state or local level, such as a governor, mayor, or a member of the state legislature or city council, or someone on the staff of such an elected official? Have you contacted such a person in the past twelve months?","1. Y es, have done this in the
2. No, have not done this
","-6. No post-election interview
-7. No post data, deleted due
-9. Refused
"
V162203a,POST: Why as R contacted elected local official,"IF R CONT ACTED ELECTED LOCAL OFFICIAL IN LAST 12 MONTHS: Thinking about your most recent contact, what were the issues or problems that led you to initiate this contact? PROBE: IF THE ANSWER IS ONL Y 1 OR TWO WORDS: ‘Can you tell me a little more about that?’",,"-2. T ext responses, separate
-6. No post-election interview
-7. No post data, deleted due
"
V162204,POST: Has R contacted non-elected local official in past 12 months,And what about a non-elected official in a state or local government agency? Have you contacted such a person in the past twelve months?,"1. Y es, have done this in the
2. No, have not done this
","-9. Refused
"
V162205a,POST: Why has R contacted non-elected local official,"IF R CONT ACTED NON-ELECTED LOCAL OFFICIAL IN LAST 12 MONTHS: Thinking about your most recent contact, what were the issues or problems that led you to initiate this contact? PROBE: IF THE ANSWER IS ONL Y 1 OR TWO WORDS: ‘Can you tell me a little more about that?’",,"-2. T ext responses, separate
-6. No post-election interview
-7. No post data, deleted due
"
V162207,POST: Agree/disagree: world is changing and we should adjust,"(Still looking at page [PRELOAD: page] in the booklet.) ‘The world is al- ways changing and we should adjust our view of moral behavior to those changes. ’ Do you [agree strongly , agree somewhat, neither agree nor dis- agree, disagree somewhat, or disagree strongly / disagree strongly , disagree somewhat, neither agree nor disagree, agree somewhat, or agree strongly] with this statement? F or W eb administration, the optional reference to the respondent booklet was omitted. F orward/reverse response option order","1. Agree strongly
2. Agree somewhat
3. Neither agree nor disagree
4. Disagree somewhat
5. Disagree strongly
","-6. No post-election interview
-7. No post data, deleted due
-8. Don’t know
-9. Refused
"
V162208,POST: Agree/disagree: newer lifestyles breaking down society,"(Still looking at page [PRELOAD: page] in the booklet.) ‘The newer lifestyles are contributing to the breakdown of our society . ’ (Do you [agree strongly , agree somewhat, neither agree nor disagree, disagree somewhat, or disagree strongly / disagree strongly , disagree somewhat, neither agree nor disagree, agree somewhat, or agree strongly] with this statement?) F or W eb administration, the optional reference to the respondent booklet was omitted. F orward/reverse response option order","1. Agree strongly
2. Agree somewhat
3. Neither agree nor disagree
4. Disagree somewhat
5. Disagree strongly
","-6. No post-election interview
-7. No post data, deleted due
-8. Don’t know
-9. Refused
"
V162209,POST: Agree/disagree: be more tolerant of other moral standards,"(Still looking at page [PRELOAD: page] in the booklet.) ‘W e should be more tolerant of people who choose to live according to their own moral standards, even if they are very different from our own. ’ (Do you [agree strongly , agree somewhat, neither agree nor disagree, disagree somewhat, or disagree strongly / disagree strongly , disagree somewhat, neither agree nor disagree, agree somewhat, or agree strongly] with this statement?) F or W eb administration, the optional reference to the respondent booklet was omitted. F orward/reverse response option order","1. Agree strongly
2. Agree somewhat
3. Neither agree nor disagree
4. Disagree somewhat
5. Disagree strongly
","-6. No post-election interview
-7. No post data, deleted due
-8. Don’t know
-9. Refused
"
V162210,POST: Agree/disagree: more emphasis on traditional family values,"(Still looking at page [PRELOAD: page] in the booklet.) ‘This country would have many fewer problems if there were more emphasis on traditional family ties. ’ (Do you [agree strongly , agree somewhat, neither agree nor dis- agree, disagree somewhat, or disagree strongly / disagree strongly , disagree somewhat, neither agree nor disagree, agree somewhat, or agree strongly] with this statement?) F or W eb administration, the optional reference to the respondent booklet was omitted. F orward/reverse response option order","1. Agree strongly
2. Agree somewhat
3. Neither agree nor disagree
4. Disagree somewhat
5. Disagree strongly
","-6. No post-election interview
-7. No post data, deleted due
-8. Don’t know
-9. Refused
"
V162211,POST: Agree/disagree: blacks shd work way up w/o special favors,"’Irish, Italians, Jewish and many other minorities overcame prejudice and worked their way up. Blacks should do the same without any special fa- vors. ’ Looking at page [PRELOAD: page] in the booklet. Do you [agree strongly , agree somewhat, neither agree nor disagree, disagree somewhat, or disagree strongly / disagree strongly , disagree somewhat, neither agree nor disagree, agree somewhat, or agree strongly] with this statement? F or W eb administration, reference to the respondent booklet was omitted. F orward/reverse response option order","1. Agree strongly
2. Agree somewhat
3. Neither agree nor disagree
4. Disagree somewhat
5. Disagree strongly
","-6. No post-election interview
-7. No post data, deleted due
-8. Don’t know
-9. Refused
"
V162212,POST: Agree/disagree: past slavery make more diff for blacks,"(Still looking at page [PRELOAD: page] in the booklet.) ‘Generations of slavery and discrimination have created conditions that make it difficult for blacks to work their way out of the lower class. ’ (Do you [agree strongly , agree somewhat, neither agree nor disagree, disagree somewhat, or disagree strongly / disagree strongly , disagree somewhat, neither agree nor disagree, agree somewhat, or agree strongly] with this statement?) F or W eb adminis- tration, the optional reference to the respondent booklet was omitted. F orward/reverse response option order","1. Agree strongly
2. Agree somewhat
3. Neither agree nor disagree
4. Disagree somewhat
5. Disagree strongly
","-6. No post-election interview
-7. No post data, deleted due
-8. Don’t know
-9. Refused
"
V162213,POST: Agree/disagree: blacks have gotten less than deserve,"(Still looking at page [PRELOAD: page] in the booklet.) ‘Over the past few years, blacks have gotten less than they deserve. ’ (Do you [agree strongly , agree somewhat, neither agree nor disagree, disagree somewhat, or disagree strongly / disagree strongly , disagree somewhat, neither agree nor disagree, agree somewhat, or agree strongly] with this statement?) F or W eb adminis- tration, the optional reference to the respondent booklet was omitted. F orward/reverse response option order","1. Agree strongly
2. Agree somewhat
3. Neither agree nor disagree
4. Disagree somewhat
5. Disagree strongly
","-6. No post-election interview
-7. No post data, deleted due
-8. Don’t know
-9. Refused
"
V162214,POST: Agree/disagree: blacks must try harder to get ahead,"(Still looking at page [PRELOAD: page] in the booklet.) ‘It’s really a matter of some people not trying hard enough, if blacks would only try harder they could be just as well off as whites. ’ (Do you [agree strongly , agree somewhat, neither agree nor disagree, disagree somewhat, or disagree strongly / disagree strongly , disagree somewhat, neither agree nor disagree, agree somewhat, or agree strongly] with this statement?) F or W eb administration, the optional reference to the respondent booklet was omitted. F orward/reverse response option order","1. Agree strongly
2. Agree somewhat
3. Neither agree nor disagree
4. Disagree somewhat
5. Disagree strongly
","-6. No post-election interview
-7. No post data, deleted due
-8. Don’t know
-9. Refused
"
V162215,POST: [STD] Publ officials don’t care what people think,"IF R SELECTED FOR ST ANDARD VERSION OF RE- VISED/ST ANDARD SPLICE: (Still looking at page [PRELOAD: page] in the booklet.) ‘Public officials don’t care much what people like me think. ’ (Do you [agree strongly , agree somewhat, neither agree nor disagree, disagree somewhat, or disagree strongly / disagree strongly , disagree somewhat, neither agree nor disagree, agree somewhat, or agree strongly] with this statement?) F or W eb administration, the optional reference to the respondent booklet was omitted. F orward/reverse response option order","1. Agree strongly
2. Agree somewhat
3. Neither agree nor disagree
4. Disagree somewhat
5. Disagree strongly
","-6. No post-election interview
-7. No post data, deleted due
-8. Don’t know
-9. Refused
"
V162216,POST: [STD] Have no say about what govt does,"IF R SELECTED FOR ST ANDARD VERSION OF RE- VISED/ST ANDARD SPLICE: (Still looking at page [PRELOAD: page] in the booklet.) ‘People like me don’t have any say about what the government does. ’ (Do you [agree strongly , agree somewhat, neither agree nor disagree, disagree somewhat, or disagree strongly / disagree strongly , disagree somewhat, neither agree nor disagree, agree somewhat, or agree strongly] with this statement?) F or W eb administration, the optional reference to the respondent booklet was omitted. F orward/reverse response option order","1. Agree strongly
2. Agree somewhat
3. Neither agree nor disagree
4. Disagree somewhat
5. Disagree strongly
","-6. No post-election interview
-7. No post data, deleted due
-8. Don’t know
-9. Refused
"
V162217,POST: [REV] Politics/govt too complicated to understand,"IF R SELECTED FOR REVISED VERSION OF REVISED/ST ANDARD SPLICE: Please turn to page [PRELOAD: page] of the booklet. How often do politics and government seem so complicated that you can’t really under- stand what’s going on? [Always, most of the time, about half the time, some of the time, or never / Never, some of the time, about half the time, most of the time, or always? F or W eb administration, reference to the respondent booklet was omitted. F orward/reverse response option order","1. Agree strongly
2. Agree somewhat
3. Neither agree nor disagree
4. Disagree somewhat
5. Disagree strongly
","-6. No post-election interview
-7. No post data, deleted due
-8. Don’t know
-9. Refused
"
V162218,POST: [REV] Good understanding of political issues,"IF R SELECTED FOR REVISED VERSION OF REVISED/ST ANDARD SPLICE: Not using the booklet. How well do you understand the important political issues facing our country? [Extremely well, very well, moderately well, slightly well, or not well at all / Not well at all, slightly well, moderately well, very well, or extremely well]? F or W eb administration, reference to the respondent booklet was omitted. F orward/reverse response option order","1. Extremely well
2. V ery well
3. Moderately well
4. Slightly well
5. Not well at all
","-6. No post-election interview
-7. No post data, deleted due
-8. Don’t know
-9. Refused
"
V162219,POST: Electoral integrity: are votes counted fairly,"Please turn to page [PRELOAD: page] of the booklet. In your view, how often do the following things occur in this country’s elections? V otes are counted fairly [All of the time , most of the time, about half of the time, some of the time, never / Never/ some of the time, about half of the time, most of the time, or all of the time?] F or W eb administration, reference to the respondent booklet was omitted and the response options were not included in the question text. F orward/reverse response option order","1. All of the time
2. Most of the time
3. About half of the time
4. Some of the time
5. Never
","-6. No post-election interview
-7. No post data, deleted due
-8. Don’t know
-9. Refused
"
V162220,POST: Electoral integrity: do the rich buy elections,"(Still looking at page [PRELOAD: page] of the booklet.) (In your view, how often do the following things occur in this country’s elections?) Rich people buy elections [All of the time , most of the time, about half of the time, some of the time, never / Never/ some of the time, about half of the time, most of the time, or all of the time?] F or W eb administration, reference to the respondent booklet was omitted and the response options were not included in the question text. F orward/reverse response option order","1. All of the time
2. Most of the time
3. About half of the time
4. Some of the time
5. Never
","-6. No post-election interview
-7. No post data, deleted due
-8. Don’t know
-9. Refused
"
V162221,POST: How important that more Hispanics get elected,"Please turn to page [PRELOAD: page] of the booklet. How important is it that more Hispanics be elected to political office? [Extremely important, very important, moderately important, a little important, or not important at all / Not important at all, a little important, moderately important, very important, or extremely important]? F or W eb administration, reference to the respondent booklet was omitted. F orward/reverse response option order","1. Extremely important
2. V ery important
3. Moderately important
4. A little important
5. Not at all important
","-6. No post-election interview
-7. No post data, deleted due
-8. Don’t know
-9. Refused
"
V162222,POST: HISP ANIC: news in English or Spanish,"IF R IS IDENTIFIED AS HISP ANIC IN PRE-ELECTION IW: Now look- ing at the booklet. F or information about politics would you say you get the most information from Spanish-language television, radio, and newspapers, or from English-language TV, radio, and newspapers? In W eb administra- tion, reference to the respondent booklet was omitted and response options 3 and 5 did not appear.","1. English more
2. Spanish more
3. Both equally
","-1. Inap
-6. No post-election interview
-7. No post data, deleted due
"
V162223,POST: HISP ANIC: how much R uses English or Spanish,"IF R IS IDENTIFIED AS HISP ANIC IN PRE-ELECTION IW: Please turn to page [PRELOAD: page] of the booklet. Comparing how often you speak in English or Spanish in your day-to-day life, would you say that you are generally speaking: - English and little or no Spanish, - Mostly English but Spanish at least some of the time, - English and Spanish about equally , - Mostly Spanish but English at least some of the time, or - Spanish and little or no English? F or W eb administration, reference to the respondent booklet was omitted and response options did not appear in the question text.","1. English and little or no
2. Mostly English but
3. Both English and Spanish
4. Mostly Spanish but
5. Spanish and little or no
","-1. Inap
-6. No post-election interview
-7. No post data, deleted due
"
V162224,POST: Hisp R: life be affected by what happens to Hispanics,"IF R IS IDENTIFIED AS HISP ANIC IN PRE-ELECTION INTER VIEW: How much do you think that what happens generally to Hispanic people in this country will affect what happens in your life? [A lot, some, not very much, or not at all / Not at all, not very much, some, or a lot]? F orward/reverse response option order","1. A lot
2. Some
3. Not very much
4. Not at all
","-1. Inap
-6. No post-election interview
-7. No post data, deleted due
-8. Don’t know
"
V162225,POST: Black R: life be affected by what happens to blacks,"IF R IS IDENTIFIED AS BLACK OR AFRICAN-AMERICAN IN PRE- ELECTION INTER VIEW: How much do you think that what happens gen- erally to black people in this country will affect what happens in your life? [A lot, some, not very much, or not at all / Not at all, not very much, some, or a lot]? F orward/reverse response option order","1. A lot
2. Some
3. Not very much
4. Not at all
","-1. Inap
-6. No post-election interview
-7. No post data, deleted due
-9. Refused
"
V162226,POST: Asian R: life be affected by what happens to Asians,"IF R IS IDENTIFIED AS ASIAN IN PRE-ELECTION INTER VIEW: How much do you think that what happens generally to Asian-American people in this country will affect what happens in your life? [A lot, some, not very much, or not at all / Not at all, not very much, some, or a lot]? F orward/reverse response option order","1. A lot
2. Some
3. Not very much
4. Not at all
","-1. Inap
-6. No post-election interview
-7. No post data, deleted due
"
V162227,POST: How important that more women get elected,"Please turn to page [PRELOAD: page] of the booklet. How important is it that more women be elected to political office? [Extremely important, very important, moderately important, a little important, or not important at all / Not important at all, a little important, moderately important, very important, or extremely important]? F or W eb administration, reference to the respondent booklet was omitted. F orward/reverse response option order","1. Extremely important
2. V ery important
3. Moderately important
4. A little important
5. Not at all important
","-6. No post-election interview
-7. No post data, deleted due
-8. Don’t know
-9. Refused
"
V162228,POST: Easier or harder for working mother to bond with child,"Not using the booklet. Do you think it is easier, harder, or neither easier nor harder for mothers who work outside the home to establish a warm and secure relationship with their children than it is for mothers who stay at home? F or W eb administration, reference to the respondent booklet was omitted.","1. Easier
2. Harder
3. Neither easier nor harder
","-6. No post-election interview
-7. No post data, deleted due
-8. Don’t know
-9. Refused
"
V162229a,POST: How much easier for working mother to bond with child,"IF R SA YS IT IS EASIER FOR WORKING MOTHERS TO EST ABLISH RELA TIONSHIP WITH CHILDREN: Is it [a great deal easier, somewhat easier, or slightly easier / slightly easier, somewhat easier, or a great deal easier] for mothers who work outside the home to establish a warm and secure relationship with their children ? F orward/reverse response option order","1. A great deal
2. Somewhat
3. Slightly
","-1. Inap
-6. No post-election interview
-7. No post data, deleted due
"
V162229b,POST: How much harder for working mother to bond with child,"IF R SA YS IT IS HARDER FOR WORKING MOTHERS TO EST ABLISH RELA TIONSHIP WITH CHILDREN: Is it [a great deal harder, somewhat harder, or slightly harder / slightly harder, somewhat harder, or a great deal harder] for mothers who work outside the home to establish a warm and secure relationship with their children? F orward/reverse response option order","1. A great deal
2. Somewhat
3. Slightly
","-1. Inap
-6. No post-election interview
-7. No post data, deleted due
-9. Refused
"
V162229x,POST: SUMMAR Y- W orking mother’s bond with child,Not applicable,"1. A great deal easier
2. Somewhat easier
3. Slightly easier
4. Neither easier nor harder
5. Slightly harder
6. Somewhat harder
7. A great deal harder
","-6. No post-election interview
-7. No post data, deleted due
-8. Don’t know
-9. Refused
"
V162230,POST: Better if man works and woman takes care of home,"Do you think it is better, worse, or makes no difference for the family as a whole if the man works outside the home and the woman takes care of the home and family?","1. Better
2. W orse
3. Makes no difference
","-6. No post-election interview
-7. No post data, deleted due
-8. Don’t know
-9. Refused
"
V162230a,POST: How much better if man works and woman at home,"IF R SA YS IT IS BETTER FOR THE MAN TO WORK AND THE WOMAN TO ST A Y A T HOME: Is it [much better, somewhat better, or slightly better / slightly better, somewhat better or much better]? F orward/reverse response option order","1. Much
2. Somewhat
3. Slightly
","-1. Inap
-4. Error
-6. No post-election interview
-7. No post data, deleted due
-9. Refused
"
V162230b,POST: How much worse if man works and woman at home,"IF R SA YS IT IS WORSE FOR THE MAN TO WORK AND THE WOMAN TO ST A Y A T HOME: Is it [much worse, somewhat worse, or slightly worse / slightly worse, somewhat worse or much worse]? F orward/reverse response option order","1. Much
2. Somewhat
3. Slightly
","-1. Inap
-4. Error
-6. No post-election interview
-7. No post data, deleted due
"
V162230x,POST: SUMMAR Y- Better if man works and woman takes care of home,Not applicable,"1. Much better
2. Somewhat better
3. Slightly better
4. Makes no difference
5. Slightly worse
6. Somewhat worse
7. Much worse
","-4. Error: programming
-6. No post-election interview
-7. No post data, deleted due
-8. Don’t know
-9. Refused
"
V162231,POST: Media pay more attention to discrimination,"Should the news media pay more attention to discrimination against women, less attention, or the same amount of attention they have been paying lately?","1. More attention
2. Less attention
3. Same amount of attention
","-6. No post-election interview
-7. No post data, deleted due
-8. Don’t know
-9. Refused
"
V162231a,POST: How much more attn should media pay to discrim against women,"IF THE NEWS MEDIA SHOULD P A Y MORE A TTENTION TO DIS- CRIMINA TION AGAINST WOMEN: Should the media pay [a great deal more attention, somewhat more attention, or a little more attention / a little more attention, somewhat more attention, or a great deal more attention]? F orward/reverse response option order","1. A great deal
2. Somewhat
3. A little
","-1. Inap
-6. No post-election interview
-7. No post data, deleted due
-9. Refused
"
V162231b,POST: How much less attn should media pay to discrim against women,"IF THE NEWS MEDIA SHOULD P A Y LESS A TTENTION TO DISCRIM- INA TION AGAINST WOMEN: Should the media pay [a great deal less attention, somewhat less attention, or a little less attention / a little less attention, somewhat less attention, or a great deal less attention]? F orward/reverse response option order","1. A great deal
2. Somewhat
3. A little
","-1. Inap
-6. No post-election interview
-7. No post data, deleted due
-8. Don’t know
-9. Refused
"
V162231x,POST: SUMMAR Y- How much attn media should pay to discrim against,Not applicable,"1. A great deal more
2. Somewhat more attention
3. A little more attention
4. Same amount of attention
5. A little less attention
6. Somewhat less attention
7. A great deal less attention
","-6. No post-election interview
-7. No post data, deleted due
-8. Don’t know
-9. Refused
"
V162232,POST: Do women demanding equality seek special favors,"Please turn to page [PRELOAD: page]of the booklet. When women demand equality these days, how often are they actually seeking special favors? [Al- ways, most of the time, about half the time, some of the time, or never / Never, some of the time, about half the time, most of the time, or always ? F or W eb administration, reference to the respondent booklet was omitted. F orward/reverse response option order","1. Always
2. Most of the time
3. About half the time
4. Some of the time
5. Never
","-6. No post-election interview
-7. No post data, deleted due
-8. Don’t know
-9. Refused
"
V162233,POST: Do women complaining about discrim cause more problems,"(Still looking at page [PRELOAD: page] of the booklet.) When women complain about discrimination, how often do they cause more problems than they solve? [Always, most of the time, about half the time, some of the time, or never / Never, some of the time, about half the time, most of the time, or always ? F or W eb administration, the optional reference to the respondent booklet was omitted. F orward/reverse response option order","1. Always
2. Most of the time
3. About half the time
4. Some of the time
5. Never
","-6. No post-election interview
-7. No post data, deleted due
-8. Don’t know
-9. Refused
"
V162234,POST: Does R favor or oppose limits on campaign spending,"IF CAMPFIN.SPENDLIM IS ASKED FIRST IN CAMPFIN MODULE / IF CAMPFIN.SPENDLIM IS NOT ASKED FIRST IN CAMPFIN MODULE: [Now looking at the booklet. Do you favor, oppose, or neither favor nor op- pose placing limits on political campaign spending? / Do you favor, oppose, or neither favor nor oppose placing limits on political campaign spending?] F or W eb administration, reference to the respondent booklet was omitted. RANDOMIZA TION: spendlim, org, direct / spendlim, direct, org / org, direct, spendlim / direct, org, spendlim","1. F avor
2. Oppose
3. Neither favor nor oppose
","-6. No post-election interview
-7. No post data, deleted due
-8. Don’t know
-9. Refused
"
V162235,POST: How much does Cong pass laws that benefit contributor organizations,"Looking at page [PRELOAD: page] of the booklet. When organizations spend money on advertising to support candidates for Congress, how much does Congress respond by passing laws to benefit those organizations? [A great deal, a lot, a moderate amount, a little, or not at all / Not at all, a little, a moderate amount, a lot, or a great deal]? F or W eb administration, reference to the respondent booklet was omitted. RANDOMIZA TION: spendlim, org, direct / spendlim, direct, org / org, direct, spendlim / direct, org, spendlim F orward/reverse response option order","1. A great deal
2. A lot
3. A moderate amount
4. A little
5. Not at all
","-6. No post-election interview
-7. No post data, deleted due
-8. Don’t know
-9. Refused
"
V162236,POST: How much does Cong pass laws that benefit contributor individuals,"Looking at page [PRELOAD: page] of the booklet. When people give [PRELOAD: U.S. House Republican candidate name]contrib.amt each to the election campaigns of Members of Congress, how much does Congress respond by passing laws to benefit people who gave them money?[A great deal, a lot, a moderate amount, a little, or not at all / Not at all, a little, a moderate amount, a lot, or a great deal]? F or W eb administration, reference to the respondent booklet was omitted. RANDOMIZA TION: spendlim, org, direct / spendlim, direct, org / org, direct, spendlim / direct, org, spendlim, contrib amt: 50 / 250 / 1000 / 2000 / 5000 F orward/reverse response option order","1. A great deal
2. A lot
3. A moderate amount
4. A little
5. Not at all
","-6. No post-election interview
-7. No post data, deleted due
-8. Don’t know
-9. Refused
"
V162238,POST: F or or against preferential hiring/promotion of blacks,What about your opinion – are you for or against preferential hiring and promotion of blacks?,"1. F or preferential hiring and
2. Against preferential hiring
","-6. No post-election interview
-7. No post data, deleted due
-8. Don’t know
-9. Refused
"
V162238a,POST: Strength favor preferential hiring/promotion of blacks,IF R IS FOR PREFERENTIAL HIRING AND PROMOTION FOR BLACKS: Do you favor preference in hiring and promotion strongly or not strongly?,"1. Strongly
2. Not strongly
","-1. Inap
-6. No post-election interview
-7. No post data, deleted due
-9. Refused
"
V162238b,POST: Strength oppose preferential hiring/promotion blacks,IF R IS AGAINST PREFERENTIAL HIRING AND PROMOTION FOR BLACKS: Do you oppose preference in hiring and promotion strongly or not strongly?,"1. Strongly
2. Not strongly
","-1. Inap
-6. No post-election interview
-7. No post data, deleted due
-8. Don’t know
-9. Refused
"
V162238x,POST: SUMMAR Y- F avor preferential hiring and promotion of blacks,Not applicable,"1. Strongly for preferential
2. Not strongly for
4. Not strongly against
5. Strongly against
","-6. No post-election interview
-7. No post data, deleted due
-8. Don’t know
-9. Refused
"
V162239,POST: Child trait more important: independence or respect,"Please tell me which one you think is more important for a child to have: Independence or respect for elders F or W eb administration, the question text reads ‘Which one is more important for a child to have,’ and response options 3 and 4 were omitted.","1. Independence
2. Respect for elders
3. Both
","-6. No post-election interview
-7. No post data, deleted due
-8. Don’t know
-9. Refused
"
V162240,POST: Child trait more important: curiosity or good manners,"(Which one is more important for a child to have:) Curiosity or good man- ners F or W eb administration, the question text reads ‘Which one is more important for a child to have,’ and response options 3 and 4 were omitted.","1. Curiosity
2. Good manners
3. Both
","-6. No post-election interview
-7. No post data, deleted due
-8. Don’t know
-9. Refused
"
V162241,POST: Child trait more important: obedience or self-reliance,"(Which one is more important for a child to have:) Obedience or self-reliance F or W eb administration, the question text reads ‘Which one is more impor- tant for a child to have,’ and response options 3 and 4 were omitted.","1. Obedience
2. Self-reliance
3. Both
","-6. No post-election interview
-7. No post data, deleted due
-8. Don’t know
-9. Refused
"
V162242,POST: Child trait more important: considerate or well-behaved,"(Which one is more important for a child to have:) Being considerate or well behaved F or W eb administration, the question text reads ‘Which one is more important for a child to have,’ and response options 3 and 4 were omitted.","1. Being considerate
2. W ell behaved
3. Both
","-6. No post-election interview
-7. No post data, deleted due
-8. Don’t know
-9. Refused
"
V162243,POST: Society should make sure everyone has equal opportunity,"’Our society should do whatever is necessary to make sure that everyone has an equal opportunity to succeed. ’ Looking at page [PRELOAD: page] in the booklet. Do you [agree strongly , agree somewhat, neither agree nor dis- agree, disagree somewhat, or disagree strongly / disagree strongly , disagree somewhat, neither agree nor disagree, agree somewhat, or agree strongly] with this statement? F or W eb administration, reference to the respondent booklet was omitted. F orward/reverse response option order","1. Agree strongly
2. Agree somewhat
3. Neither agree nor disagree
4. Disagree somewhat
5. Disagree strongly
","-6. No post-election interview
-7. No post data, deleted due
-8. Don’t know
-9. Refused
"
V162244,POST: W e’d be better off if worried less about equality,"(Still looking at page [PRELOAD: page] in the booklet.) ‘This country would be better off if we worried less about how equal people are. ’ (Do you [agree strongly , agree somewhat, neither agree nor disagree, disagree somewhat, or disagree strongly / disagree strongly , disagree somewhat, neither agree nor disagree, agree somewhat, or agree strongly] with this statement?) F or W eb administration, the optional reference to the respondent booklet was omitted. F orward/reverse response option order","1. Agree strongly
2. Agree somewhat
3. Neither agree nor disagree
4. Disagree somewhat
5. Disagree strongly
","-6. No post-election interview
-7. No post data, deleted due
-8. Don’t know
-9. Refused
"
V162245,POST: Not a big problem if some have more chance in life,"(Still looking at page [PRELOAD: page] in the booklet.) ‘It is not really that big a problem if some people have more of a chance in life than oth- ers. ’ (Do you [agree strongly , agree somewhat, neither agree nor disagree, disagree somewhat, or disagree strongly / disagree strongly , disagree some- what, neither agree nor disagree, agree somewhat, or agree strongly] with this statement?) F or W eb administration, the optional reference to the re- spondent booklet was omitted. F orward/reverse response option order","1. Agree strongly
2. Agree somewhat
3. Neither agree nor disagree
4. Disagree somewhat
5. Disagree strongly
","-6. No post-election interview
-7. No post data, deleted due
-8. Don’t know
-9. Refused
"
V162246,POST: If people were treated more fairly would be fewer probs,"(Still looking at page [PRELOAD: page] in the booklet.) ‘If people were treated more equally in this country we would have many fewer problems. ’ (Do you [agree strongly , agree somewhat, neither agree nor disagree, disagree somewhat, or disagree strongly / disagree strongly , disagree somewhat, nei- ther agree nor disagree, agree somewhat, or agree strongly] with this state- ment?) F or W eb administration, the optional reference to the respondent booklet was omitted. F orward/reverse response option order","1. Agree strongly
2. Agree somewhat
3. Neither agree nor disagree
4. Disagree somewhat
5. Disagree strongly
","-6. No post-election interview
-7. No post data, deleted due
-8. Don’t know
-9. Refused
"
V162248,POST: R likes to have strong opinions even when not personally involved,"Please turn to page [PRELOAD: page] of the booklet. Thinking about yourself, please indicate whether or not the statement is characteristic of you or what you believe: ‘I like to have strong opinions even when I am not personally involved’ F or W eb administration, reference to the respondent booklet was omitted. F orward/reverse response option order","1. Extremely uncharacteristic
2. Somewhat uncharacteristic
3. Uncertain
4. Somewhat characteristic of
5. Extremely characteristic of
","-6. No post-election interview
-7. No post data, deleted due
-8. Don’t know
-9. Refused
"
V162249,POST: R forms opinions about everything,"(Still looking at page [PRELOAD: page] of the booklet.) Thinking about yourself, please indicate whether or not the statement is characteristic of you or what you believe: ‘I form opinions about everything’ F or W eb adminis- tration, the optional reference to the respondent booklet was omitted. F orward/reverse response option order","1. Extremely uncharacteristic
2. Somewhat uncharacteristic
3. Uncertain
4. Somewhat characteristic of
5. Extremely characteristic of
","-1. Inap
-6. No post-election interview
-7. No post data, deleted due
-8. Don’t know
-9. Refused
"
V162250,POST: Important for R to hold strong opinions,"(Still looking at page [PRELOAD: page] of the booklet.) (Thinking about yourself, please indicate whether or not the statement is characteristic of you or what you believe:) ‘It is very important to me to hold strong opinions’ F or W eb administration, the optional reference to the respondent booklet was omitted. F orward/reverse response option order","1. Extremely uncharacteristic
2. Somewhat uncharacteristic
3. Uncertain
4. Somewhat characteristic of
5. Extremely characteristic of
","-6. No post-election interview
-7. No post data, deleted due
-8. Don’t know
-9. Refused
"
V162251,POST: It bothers R to remain neutral,"(Still looking at page [PRELOAD: page] of the booklet.) (Thinking about yourself, please indicate whether or not the statement is characteristic of you or what you believe:) ‘It bothers me to remain neutral’ F or W eb adminis- tration, the optional reference to the respondent booklet was omitted. F orward/reverse response option order","1. Extremely uncharacteristic
2. Somewhat uncharacteristic
3. Uncertain
4. Somewhat characteristic of
5. Extremely characteristic of
","-1. Inap
-6. No post-election interview
-7. No post data, deleted due
"
V162252,POST: R has many more opinions than the average person,"(Still looking at page [PRELOAD: page] of the booklet.) (Thinking about yourself, please indicate whether or not the statement is characteristic of you or what you believe:) ‘I have many more opinions than the average person’ F or W eb administration, the optional reference to the respondent booklet was omitted. F orward/reverse response option order","1. Extremely uncharacteristic
2. Somewhat uncharacteristic
3. Uncertain
4. Somewhat characteristic of
5. Extremely characteristic of
","-1. Inap
-6. No post-election interview
-7. No post data, deleted due
"
V162253,POST: R would rather have strong opinion than no opinion,"(Still looking at page [PRELOAD: page] of the booklet.) (Thinking about yourself, please indicate whether or not the statement is characteristic of you or what you believe:) ‘I would rather have a strong opinion than no opinion at all’ F or W eb administration, the optional reference to the respondent booklet was omitted. F orward/reverse response option order","1. Extremely uncharacteristic
2. Somewhat uncharacteristic
3. Uncertain
4. Somewhat characteristic of
5. Extremely characteristic of
","-1. Inap
-6. No post-election interview
-7. No post data, deleted due
-8. Don’t know
-9. Refused
"
V162253x,POST: SUMMAR Y- Need to Evaluate score,Not applicable 515 unique outcomes. 20 most frequently appearing outcomes:,,
V162254,POST: Did the U.S. government know about 9/11 in advance,"Next for some other questions. Please turn to page [PRELOAD: page] of the booklet. Did senior federal government officials [definitely know about the terrorist attacks on September 11, 2001 before they happened, prob- ably know about the terrorist attacks on September 11, 2001 before they happened, probably not know about the terrorist attacks on September 11, 2001 before they happened, or definitely not know about the terrorist attacks on September 11, 2001 before they happened]? F or W eb administration, ref- erence to the respondent booklet was omitted. F orward/reverse response option order","1. Definitely knew
2. Probably knew
3. Probably did not know
4. Definitely did not know
","-6. No post-election interview
-7. No post data, deleted due
-8. Don’t know
-9. Refused
"
V162255,POST: Is Barack Obama Muslim,"Is Barack Obama a Muslim, or is he not a Muslim?","1. Muslim
2. Not a Muslim
","-6. No post-election interview
-7. No post data, deleted due
-8. Don’t know
-9. Refused
"
V162255a,POST: How sure is R that Obama is/isn’t Muslim,"IF R SA YS THA T BARACK OBAMA IS A MUSLIM OR SA YS THA T BARACK OBAMA IS NOT A MUSLIM: How sure are you about that? [Extremely sure, very sure, moderately sure, a little sure, or not at all sure / Not at all sure, a little sure, moderately sure, very sure, or extremely sure]? F orward/reverse response option order","1. Extremely sure
2. V ery sure
3. Moderately sure
4. A little sure
5. Not sure at all
","-1. Inap
-6. No post-election interview
-7. No post data, deleted due
-9. Refused
"
V162255x,POST: SUMMAR Y- Barack Obama is/isn’t Muslim,Not applicable,"1. Extremely sure Obama is a
2. V ery sure Obama is a
3. Moderately sure Obama is
4. A little sure Obama is a
5. Not sure at all sure Obama
6. Not sure at all sure Obama
7. A lttle sure Obama not a
8. Moderately sure Obama
9. V ery sure Obama not a
10. Extremely sure Obama
","-6. No post-election interview
-7. No post data, deleted due
-8. Don’t know
-9. Refused
"
V162256,POST: R’s interest in politics,"How interested would you say you are in politics? Are you [very interested, somewhat interested, not very interested, or not at all interested / not at all interest, not very interested, somewhat interested, or very interested]? DO NOT PROBE DON’T KNOW F orward/reverse response option order","1. V ery interested
2. Somewhat interested
3. Not very interested
4. Not at all interested
","-6. No post-election interview
-7. No post data, deleted due
-8. Don’t know
-9. Refused
"
V162257,POST: R follows politics in media,"And how closely do you follow politics on TV, radio, newspapers, or the Internet? [V ery closely , fairly closely , not very closely , or not at all / Not at all, not very closely , fairly closely , or very closely]? DO NOT PROBE DON’T KNOW F orward/reverse response option order","1. V ery closely
2. F airly closely
3. Not very closely
4. Not at all
","-6. No post-election interview
-7. No post data, deleted due
-8. Don’t know
-9. Refused
"
V162258,POST: R understands most important political issues,"T urning again to page [PRELOAD: page] of the booklet. Please tell me whether you [agree strongly , agree somewhat, neither agree nor disagree, disagree somewhat, or disagree strongly / disagree strongly , disagree some- what, neither agree nor disagree, agree somewhat, or agree strongly] with each of the following statements: Y ou feel you understand the most impor- tant political issues of this country . DO NOT PROBE DON’T KNOW F or W eb administration, reference to the respondent booklet was omitted. F orward/reverse response option order","1. Agree strongly
2. Agree somewhat
3. Neither agree nor disagree
4. Disagree somewhat
5. Disagree strongly
","-6. No post-election interview
-7. No post data, deleted due
-8. Don’t know
-9. Refused
"
V162259,POST: Compromise in politics is selling out on one’s principles,"(Still looking at page [PRELOAD: page] of the booklet.) ‘What people call compromise in politics is really just selling out on one’s principles. ’ (Do you [agree strongly , agree somewhat, neither agree nor disagree, disagree some- what, or disagree strongly / disagree strongly , disagree somewhat, neither agree nor disagree, agree somewhat or agree strongly]?) DO NOT PROBE DON’T KNOW F or W eb administration, the optional reference to the respondent booklet was omitted. F orward/reverse response option order","1. Agree strongly
2. Agree somewhat
3. Neither agree nor disagree
4. Disagree somewhat
5. Disagree strongly
","-6. No post-election interview
-7. No post data, deleted due
-8. Don’t know
-9. Refused
"
V162260,POST: Most politicians do not care about the people,"(Still looking at page [PRELOAD: page] of the booklet.) ‘Most politicians do not care about the people. ’ (Do you [agree strongly , agree somewhat, neither agree nor disagree, disagree somewhat, or disagree strongly / disagree strongly , disagree somewhat, neither agree nor disagree, agree somewhat or agree strongly]?) DO NOT PROBE DON’T KNOW F or W eb administration, the optional reference to the respondent booklet was omitted. F orward/reverse response option order","1. Agree strongly
2. Agree somewhat
3. Neither agree nor disagree
4. Disagree somewhat
5. Disagree strongly
","-6. No post-election interview
-7. No post data, deleted due
-8. Don’t know
-9. Refused
"
V162261,POST: Most politicians are trustworty,"(Still looking at page [PRELOAD: page] of the booklet.) ‘Most politicians are trustworthy . ’ (Do you [agree strongly , agree somewhat, neither agree nor disagree, disagree somewhat, or disagree strongly / disagree strongly , disagree somewhat, neither agree nor disagree, agree somewhat or agree strongly]?) DO NOT PROBE DON’T KNOW F or W eb administration, the optional reference to the respondent booklet was omitted. F orward/reverse response option order","1. Agree strongly
2. Agree somewhat
3. Neither agree nor disagree
4. Disagree somewhat
5. Disagree strongly
","-6. No post-election interview
-7. No post data, deleted due
-8. Don’t know
-9. Refused
"
V162262,POST: Politicians are the main problem in the U.S.,"(Still looking at page [PRELOAD: page] of the booklet.) ‘Politicians are the main problem in the United States’ (Do you [agree strongly , agree somewhat, neither agree nor disagree, disagree somewhat, or disagree strongly / disagree strongly , disagree somewhat, neither agree nor disagree, agree somewhat or agree strongly]?) DO NOT PROBE DON’T KNOW F or W eb administration, the optional reference to the respondent booklet was omitted. F orward/reverse response option order","1. Agree strongly
2. Agree somewhat
3. Neither agree nor disagree
4. Disagree somewhat
5. Disagree strongly
","-6. No post-election interview
-7. No post data, deleted due
-8. Don’t know
-9. Refused
"
V162263,POST: Strong leader is good for U.S. even if bends rules to get things done,"(Still looking at page [PRELOAD: page] of the booklet.) ‘Having a strong leader in government is good for the United States even if the leader bends the rules to get things done. ’ (Do you [agree strongly , agree somewhat, neither agree nor disagree, disagree somewhat, or disagree strongly / disagree strongly , disagree somewhat, neither agree nor disagree, agree somewhat or agree strongly]?) DO NOT PROBE DON’T KNOW F or W eb administration, the optional reference to the respondent booklet was omitted. F orward/reverse response option order","1. Agree strongly
2. Agree somewhat
3. Neither agree nor disagree
4. Disagree somewhat
5. Disagree strongly
","-6. No post-election interview
-7. No post data, deleted due
-8. Don’t know
-9. Refused
"
V162264,POST: People not politicians should make most important policy decisions,"(Still looking at page [PRELOAD: page] of the booklet.) ‘The people, and not politicians, should make our most important policy decisions. ’ (Do you [agree strongly , agree somewhat, neither agree nor disagree, disagree some- what, or disagree strongly / disagree strongly , disagree somewhat, neither agree nor disagree, agree somewhat or agree strongly]?) DO NOT PROBE DON’T KNOW F or W eb administration, the optional reference to the respondent booklet was omitted. F orward/reverse response option order","1. Agree strongly
2. Agree somewhat
3. Neither agree nor disagree
4. Disagree somewhat
5. Disagree strongly
","-6. No post-election interview
-7. No post data, deleted due
-8. Don’t know
-9. Refused
"
V162265,POST: Most politicians only care about interests of rich and powerful,"(Still looking at page [PRELOAD: page] of the booklet.) ‘Most politicians care only about the interests of the rich and powerful. ’ (Do you [agree strongly , agree somewhat, neither agree nor disagree, disagree somewhat, or disagree strongly / disagree strongly , disagree somewhat, neither agree nor disagree, agree somewhat or agree strongly]?) DO NOT PROBE DON’T KNOW F or W eb administration, the optional reference to the respondent booklet was omitted. F orward/reverse response option order","1. Agree strongly
2. Agree somewhat
3. Neither agree nor disagree
4. Disagree somewhat
5. Disagree strongly
","-6. No post-election interview
-7. No post data, deleted due
-8. Don’t know
-9. Refused
"
V162266,POST: Minorities should adapt to to customs/traditions of U.S.,"(Still looking at page [PRELOAD: page] of the booklet.) Now thinking about minorities in the United States. Do you [agree strongly , agree somewhat, neither agree nor disagree, disagree somewhat, or disagree strongly / disagree strongly , disagree somewhat, neither agree nor disagree, agree somewhat or agree strongly] with the following statement? ‘Minorities should adapt to the customs and traditions of the United States’ DO NOT PROBE DON’T KNOW F or W eb administration, the optional reference to the respondent booklet was omitted. F orward/reverse response option order","1. Agree strongly
2. Agree somewhat
3. Neither agree nor disagree
4. Disagree somewhat
5. Disagree strongly
","-6. No post-election interview
-7. No post data, deleted due
-8. Don’t know
-9. Refused
"
V162267,POST: The will of the majority should always prevail,"(Still looking at page [PRELOAD: page] of the booklet.) (Do you [agree strongly , agree somewhat, neither agree nor disagree, disagree somewhat, or disagree strongly /disagree strongly , disagree somewhat, neither agree nor disagree, agree somewhat or agree strongly] with the following statement?) ‘The will of the majority should always prevail, even over the rights of mi- norities. ’ DO NOT PROBE DON’T KNOW F or W eb administration, the optional reference to the respondent booklet was omitted. F orward/reverse response option order","1. Agree strongly
2. Agree somewhat
3. Neither agree nor disagree
4. Disagree somewhat
5. Disagree strongly
","-6. No post-election interview
-7. No post data, deleted due
-8. Don’t know
-9. Refused
"
V162268,POST: Immigrants are generally good for America’s economy,"(Still looking at page [PRELOAD: page] of the booklet.) And now thinking specifically about immigrants. (Do you [agree strongly , agree somewhat, neither agree nor disagree, disagree somewhat, or disagree strongly /disagree strongly , disagree somewhat, neither agree nor disagree, agree somewhat or agree strongly] with the following statement?) ‘Immigrants are generally good for America’s economy . ’ DO NOT PROBE DON’T KNOW F or W eb administration, the optional reference to the respondent booklet was omitted. F orward/reverse response option order","1. Agree strongly
2. Agree somewhat
3. Neither agree nor disagree
4. Disagree somewhat
5. Disagree strongly
","-6. No post-election interview
-7. No post data, deleted due
-8. Don’t know
-9. Refused
"
V162269,POST: America’s culture is generally harmed by immigrants,"(Still looking at page [PRELOAD: page] of the booklet.) (Do you [agree strongly , agree somewhat, neither agree nor disagree, disagree somewhat, or disagree strongly /disagree strongly , disagree somewhat, neither agree nor disagree, agree somewhat or agree strongly] with the following statement?) ‘America’s culture is generally harmed by immigrants. ’ DO NOT PROBE DON’T KNOW F or W eb administration, the optional reference to the respondent booklet was omitted. F orward/reverse response option order","1. Agree strongly
2. Agree somewhat
3. Neither agree nor disagree
4. Disagree somewhat
5. Disagree strongly
","-6. No post-election interview
-7. No post data, deleted due
-8. Don’t know
-9. Refused
"
V162270,POST: Immigrants increase crime rates in the U.S.,"(Still looking at page [PRELOAD: page] of the booklet.) (Do you [agree strongly , agree somewhat, neither agree nor disagree, disagree somewhat, or disagree strongly /disagree strongly , disagree somewhat, neither agree nor disagree, agree somewhat or agree strongly] with the following statement?) ‘Immigrants increase crime rates in the United States. ’ DO NOT PROBE DON’T KNOW F or W eb administration, the optional reference to the respondent booklet was omitted. F orward/reverse response option order","1. Agree strongly
2. Agree somewhat
3. Neither agree nor disagree
4. Disagree somewhat
5. Disagree strongly
","-6. No post-election interview
-7. No post data, deleted due
-8. Don’t know
-9. Refused
"
V162271,POST: T o be truly American important to have been born in U.S.,"No longer looking at the booklet. Some people say that the following things are important for being truly American. Others says they are not important. How important do you think the following is for being truly American... [very important, fairly important, not very important, or not important at all / not important at all, not very important, fairly important or very important]? T o have been born in the United States DO NOT PROBE DON’T KNOW F or W eb administration, reference to the respondent booklet was omitted. F orward/reverse response option order","1. V ery important
2. F airly important
3. Not very important
4. Not important at all
","-6. No post-election interview
-7. No post data, deleted due
-8. Don’t know
-9. Refused
"
V162272,POST: T o be truly American important to have American ancestry,"(How important do you think the following is for being truly American... [very important, fairly important, not very important, or not important at all / not important at all, not very important, fairly important or very important]?) T o have American ancestry . DO NOT PROBE DON’T KNOW F orward/reverse response option order","1. V ery important
2. F airly important
3. Not very important
4. Not important at all
","-6. No post-election interview
-7. No post data, deleted due
-8. Don’t know
-9. Refused
"
V162273,POST: T o be truly American important to speak English,"(How important do you think the following is for being truly American... [very important, fairly important, not very important, or not important at all / not important at all, not very important, fairly important or very important]?) T o be able to speak English DO NOT PROBE DON’T KNOW F orward/reverse response option order","1. V ery important
2. F airly important
3. Not very important
4. Not important at all
","-6. No post-election interview
-7. No post data, deleted due
-8. Don’t know
-9. Refused
"
V162274,POST: T o be truly American important to follow America’s cus-,"(How important do you think the following is for being truly American... [very important, fairly important, not very important, or not important at all / not important at all, not very important, fairly important or very important]?) T o follow America’s customs and traditions DO NOT PROBE DON’T KNOW F orward/reverse response option order","1. V ery important
2. F airly important
3. Not very important
4. Not important at all
","-6. No post-election interview
-7. No post data, deleted due
-8. Don’t know
-9. Refused
"
V162275,POST: How widespread is corruption among politicians in U.S.,"How widespread do you think corruption such as bribe taking is among politicians in the United States: [V ery widespread, quite widespread, not very widespread, or it hardly happens at all / It hardly happens at all, is not very widespread, quite widespread, or very widespread]? DO NOT PROBE DON’T KNOW F orward/reverse response option order","1. V ery widespread
2. Quite widespread
3. Not very widespread
4. Hardly happens at all
","-6. No post-election interview
-7. No post data, deleted due
-8. Don’t know
-9. Refused
"
V162276,POST: Gov should take measures to reduce differences in income levels,"Please turn to page [PRELOAD: page] of the booklet. Please say to what extend you agree or disagree with the following statement: ‘The government should take measures to reduce differences in income levels’ . (Do you [agree strongly , agree somewhat, neither agree nor disagree, disagree somewhat, or disagree strongly / disagree strongly , disagree somewhat, neither agree nor disagree, agree somewhat or agree strongly]?) DO NOT PROBE DON’T KNOW F or W eb administration, reference to the respondent booklet was omitted. F orward/reverse response option order","1. Agree strongly
2. Agree somewhat
3. Neither agree nor disagree
4. Disagree somewhat
5. Disagree strongly
","-6. No post-election interview
-7. No post data, deleted due
-8. Don’t know
-9. Refused
"
V162277,POST: Gov done a good or bad job in last 8 years,"Not using the booklet. Now thinking about the performance of the govern- ment in W ashington in general, how good or bad a job do you think the government has done in the last 8 years? Has it done [a very good job? a good job? a bad job? a very bad job / a very bad job? a bad job? a good job? a very good job]? DO NOT PROBE DON’T KNOW F or W eb administration, reference to the respondent booklet was omitted. F orward/reverse response option order","1. V ery good job
2. Good job
3. Bad job
4. V ery bad job
","-6. No post-election interview
-7. No post data, deleted due
-8. Don’t know
-9. Refused
"
V162278,POST: Any parties in the U.S. represent R’s views,W ould you say that any of the parties in the United States represent your views reasonably well? DO NOT PROBE DON’T KNOW,"1. Y es
2. No
","-6. No post-election interview
-7. No post data, deleted due
-8. Don’t know
-9. Refused
"
V162279,POST: Which party represents views best,IF R SA YS ONE P AR TY REPRESENTS R’S VIEWS: Which party repre- sents your views best? DO NOT PROBE DON’T KNOW,"1. Democratic
5. Republican
7. Other
","-1. Inap
-6. No post-election interview
-7. No post data, deleted due
-8. Don’t know
-9. Refused
"
V162280,POST: CSES: State of economy,"W ould you say that over the past twelve months, the state of the economy in the United States has [gotten much better, gotten somewhat better, stayed about the same, gotten somewhat worse, or gotten much worse / gotten much worse, gotten somewhat worse, stayed about the same, gotten somewhat better, or gotten much better]? DO NOT PROBE DON’T KNOW F orward/reverse response option order","1. Gotten much better
2. Gotten somewhat better
3. Stayed about the same
4. Gotten somewhat worse
5. Gotten much worse
","-6. No post-election interview
-7. No post data, deleted due
-8. Don’t know
-9. Refused
"
V162281,POST: CSES: 5pt scale: make a difference who is in power,"Please turn to page [PRELOAD: page] of the booklet. Some people say that IT DOESN’T MAKE ANY DIFFERENCE who is in power. Others say that IT MAKES A BIG DIFFERENCE who is in power. Using the scale in the booklet, (where ONE means that it doesn’t make any difference who is in power and FIVE means that it makes a big difference who is in power), where would you place yourself?","1. It doesn’t make any
5. It makes a big difference
","-6. No post-election interview
-7. No post data, deleted due
-8. Don’t know
-9. Refused
"
V162282,POST: CSES: 5pt scale: make a difference who one votes for,"Please turn to page [PRELOAD: page] of the booklet. Some people say that no matter who people vote for, it won’t make any difference to what happens. Others say that who people vote for can make a big difference to what happens. Using the scale in the booklet, (where one means that voting won’t make any difference to what happens and FIVE means that voting can make a big difference), where would you place yourself? DO NOT PROBE DON’T KNOW F or W eb administration, reference to the respondent booklet was omitted and ‘Using the scale below’ replaced ‘Using the scale in the booklet. ’","1. Who people vote for won’t
5. Who people vote for can
","-6. No post-election interview
-7. No post data, deleted due
-8. Don’t know
-9. Refused
"
V162283,POST: CSES: 10pt scale: like-dislike Democratic Party,"Please turn to page [PRELOAD: page] of the booklet. I’d like to know what you think about each of our political parties. After I read the name of a political party , please rate it on a scale from 0 to 10, where 0 means you strongly dislike that party and 10 means that you strongly like that party . If I come to a party you haven’t heard of or you feel you do not know enough about, just say so. The first party is: the Democratic Party DO NOT PROBE DON’T KNOW F or W eb administration, reference to the respondent booklet was omitted and the question read: W e’d like to know what you think about each of our political parties. Using the scale below, please rate it on a scale from 0 to 10, where 0 means you strongly dislike that party and 10 means that you strongly like that party . If we come to a party you haven’t heard of, you don’t need to rate that person. Just click Next and we’ll move on to the next one.","0. Strongly dislike
10. Strongly like
","-6. No post-election interview
-7. No post data, deleted due
-8. Don’t know
-9. Refused
"
V162284,POST: CSES: 10pt scale: like-dislike Republican Party,"Using the same scale, where would you place: the Republican Party DO NOT PROBE DON’T KNOW","0. Strongly dislike
10. Strongly like
","-6. No post-election interview
-7. No post data, deleted due
-8. Don’t know
-9. Refused
"
V162285,POST: CSES: 10pt scale: like-dislike Democratic Pres cand,"Using the same scale, where would you place: Hillary Clinton DO NOT PROBE DON’T KNOW","0. Strongly dislike
10. Strongly like
","-6. No post-election interview
-7. No post data, deleted due
-8. Don’t know
-9. Refused
"
V162286,POST: CSES: 10pt scale: like-dislike Republican Pres cand,"Using the same scale, where would you place: Donald T rump DO NOT PROBE DON’T KNOW","0. Strongly dislike
10. Strongly like
","-6. No post-election interview
-7. No post data, deleted due
-8. Don’t know
-9. Refused
"
V162287,POST: CSES: 10pt scale: left-right Democratic Party,"Please turn to page [PRELOAD: page] of the booklet. In politics people sometimes talk of left and right. Where would you place the Democratic Party on a scale from 0 to 10 where 0 means the left and 10 means the right? DO NOT PROBE DON’T KNOW F or W eb administration, reference to the respondent booklet was omitted.","0. Left
10. Right
","-6. No post-election interview
-7. No post data, deleted due
-8. Don’t know
-9. Refused
"
V162288,POST: CSES: 10pt scale: left-right Republican Party,"Using the same scale, where would you place the Republican Party? DO NOT PROBE DON’T KNOW","0. Left
10. Right
","-6. No post-election interview
-7. No post data, deleted due
-8. Don’t know
-9. Refused
"
V162289,POST: CSES: 10pt scale: left-right self placement,Where would you place yourself on this scale? DO NOT PROBE DON’T KNOW,"0. Left
10. Right
","-6. No post-election interview
-7. No post data, deleted due
-8. Don’t know
-9. Refused
"
V162290,POST: CSES: Satisfied with way democracy works in the U.S,"Now looking at the booklet. On the whole, are you [very satisfied, fairly satisfied, not very satisfied, or not at all satisfied / not at all satisfied, not very satisfied, fairly satisfied, or very satisfied] with the way democracy works in the United States? DO NOT PROBE DON’T KNOW F or W eb administration, reference to the respondent booklet was omitted. F orward/reverse response option order","1. V ery satisfied
2. F airly satisfied
4. Not very satisfied
5. Not at all satisfied
","-6. No post-election interview
-7. No post data, deleted due
-8. Don’t know
-9. Refused
"
V162291,POST: CSES: Close to any political party,Do you usually think of yourself as close to any particular party? DO NOT PROBE DON’T KNOW,"1. Y es
5. No
","-6. No post-election interview
-7. No post data, deleted due
-8. Don’t know
-9. Refused
"
V162292a,POST: CSES: Which party R is closest to,IF R FEELS CLOSE TO ANY P AR TICULAR P AR TY: Which party do you feel closest to? DO NOT PROBE DON’T KNOW,"1. Democratic
3. Republican
7. Other
","-1. Inap
-6. No post-election interview
-7. No post data, deleted due
-9. Refused
"
V162293,POST: CSES: Closer to one party,IF R DOES NOT FEEL CLOSE TO ANY P AR TICULAR P AR TY: Do you feel yourself a little closer to one of the political parties than the others? DO NOT PROBE DON’T KNOW,"1. Democratic
3. Republican
7. Other
","-1. Inap
-6. No post-election interview
-7. No post data, deleted due
-8. Don’t know
-9. Refused
"
V162292b,POST: CSES: Degree closeness,"IF R HAS NAMED A P AR TY TO WHICH HE/SHE FEELS CLOSEST: Do you feel [very close to this party , somewhat close, or not very close/ not very close to this party , somewhat close, or very close]? DO NOT PROBE DON’T KNOW F orward/reverse response option order","1. V ery close
2. Somewhat close
3. Not very close
","-1. Inap
-6. No post-election interview
-7. No post data, deleted due
-9. Refused
"
V162294,POST: DHS: How worried about terrorist attack in next 12 months,"Please turn to page [PRELOAD: page] of the booklet. During the next 12 months, how likely is it that there will be a terrorist attack in the United States? Is it [extremely likely , very likely , moderately likely , slightly likely , or not likely at all / not likely at all, slightly likely , moderately likely , very likely , or extremely likely]? F or W eb administration, reference to the respondent booklet was omitted. F orward/reverse response option order","1. Extremely likely
2. V ery likely
3. Moderately likely
4. Slightly likely
5. Not likely at all
","-6. No post-election interview
-7. No post data, deleted due
-8. Don’t know
-9. Refused
"
V162295,POST: DHS: F avor or oppose torture for suspected terrorists,"Not using the booklet now. Do you favor, oppose, or neither favor nor oppose the U.S. government torturing people who are suspected of being terrorists, to try to get information? F or W eb administration, reference to the respondent booklet was omitted.","1. F avor
2. Oppose
3. Neither favor nor oppose
","-6. No post-election interview
-7. No post data, deleted due
-8. Don’t know
-9. Refused
"
V162295a,POST: DHS: How much favor torture for suspected terrorists,"IF R F A VORS USE OF TOR TURE AGAINST SUSPECTED TERROR- ISTS: Do you favor that [a great deal, moderately , or a little / a little, moderately , or a great deal]? F orward/reverse response option order","1. A great deal
2. Moderately
3. A little
","-1. Inap
-4. Error: programming
-6. No post-election interview
-7. No post data, deleted due
-9. Refused
"
V162295b,POST: DHS: How much oppose torture for suspected terrorists,"IF R OPPOSES USE OF TOR TURE AGAINST SUSPECTED TERROR- ISTS: Do you oppose that [a great deal, moderately , or a little / a little, moderately , or a great deal]? F orward/reverse response option order","1. A great deal
2. Moderately
3. A little
","-1. Inap
-4. Error: programming
-6. No post-election interview
-7. No post data, deleted due
-9. Refused
"
V162295x,POST: SUMMAR Y- F avor/oppose torture for suspected terrorists,Not applicable,"1. F avor a great deal
2. F avor moderately
3. F avor a little
4. Neither favor nor oppose
5. Oppose a little
6. Oppose moderately
7. Oppose a great deal
","-4. Error: programming
-6. No post-election interview
-7. No post data, deleted due
-8. Don’t know
-9. Refused
"
V162296a,POST: FTF CASI/WEB: WEB ONL Y: R has any living sons or daughters,Do you have any living sons or daughters of any age? Mark all that apply .,"1. One or more sons (birth,
2. One or more daughters
3. No sons and no daughters
","-5. Breakoff, sufficient partial
-6. No post-election interview
-7. No post data, deleted due
-9. Refused
"
V162296b,POST: FTF CASI/WEB: FTF ONL Y: R has any living sons or daughters,Do you have any living sons or daughters of any age? Mark all that apply .,"1. One or more sons (birth,
2. One or more daughters
","-1. Inap
-5. Breakoff, sufficient partial
-6. No post-election interview
-7. No post data, deleted due
"
V162296c,POST: FTF CASI/WEB: WEB ONL Y: R has any living sons or daughters,Do you have any living sons or daughters of any age? Mark all that apply .,"2. One or more daughters
","-1. Inap
-6. No post-election interview
-7. No post data, deleted due
"
V162296x,POST: FTF CASI/WEB: FTF/WEB: SUMMAR Y- R has living sons or,Not applicable,"1. One or more sons
2. One or more daughters
3. Both sons and daughters
4. No sons and no daughters
","-5. Breakoff, sufficient partial
-6. No post-election interview
-7. No post data, deleted due
-9. Refused
"
V162297,POST: FTF CASI/WEB: In past 12 months any family members,"During the past 12 months, were you or any of your family members stopped or questioned by a police officer, or did this not happen in the past 12 months?","1. W as stopped or questioned
2. W as not stopped or
","-5. Breakoff, sufficient partial
-6. No post-election interview
-7. No post data, deleted due
-9. Refused
"
V162298,POST: FTF CASI/WEB: Has R ever been arrested,"Have you ever been arrested, or has that never happened to you?","1. Have been arrested
2. Never arrested
","-5. Breakoff, sufficient partial
-6. No post-election interview
-7. No post data, deleted due
-9. Refused
"
V162299,POST: FTF CASI/WEB: RESTRICTED- CASI/WEB: T otal income,"IF R DID NOT PROVIDE INCOME IN THE PRE: IF R IS NOT ONL Y MEMBER OF R’S F AMIL Y IN RESIDENCE IN R’S HOUSEHOLD / IF R IS ONL Y MEMBER OF R’S F AMIL Y IN RESIDENCE IN R’S HOUSE- HOLD: The next question is about [the total income of all the members of your family living here / your total income] in 2015, before taxes. This figure should include income from all sources, including salaries, wages, pensions, Social Security , dividends, interest, and all other income. What was [the total income in 2015 of all your family members living here / your total income in 2015]? TYPE THE NUMBER. YOUR BEST GUESS IS FINE",,"-3. Restricted
-5. Breakoff, sufficient partial
-6. No post-election interview
-7. No post data, deleted due
"
V162299a,POST: FTF CASI/WEB:Confirm total income amount,"IF R DID NOT PROVIDE INCOME IN THE PRE: IF INCOME NUMBER GIVEN BY R IS LESS THAN 10,000 OR GREA TER THAN 99,000: IF R IS NOT ONL Y MEMBER OF R’S F AMIL Y IN RESIDENCE IN HOUSE- HOLD / IF R IS ONL Y MEMBER OF R’S F AMIL Y IN RESIDENCE IN HOUSEHOLD: Just to confirm, you said [the total income of all the mem- bers of your family living here / your income] was [INCPO.TOTINC]. Is that right or do you need to change it?","1. Is right
","-1. Inap
-5. Breakoff, sufficient partial
-6. No post-election interview
-7. No post data, deleted due
"
V162300,POST: FTF CASI/WEB: T otal income amt missing - ge or lt 40K,"IF R DID NOT PROVIDE INCOME IN THE PRE: IF TOT AL INCOME NUMBER GIVEN BY R W AS MISSING: W as it 40,000 or more, or less than that?","2. Less than
","-1. Inap
-5. Breakoff, sufficient partial
-6. No post-election interview
-7. No post data, deleted due
-9. Refused
"
V162301,POST: FTF CASI/WEB: T otal income amt missing - ge or lt 20K,"IF R DID NOT PROVIDE INCOME IN THE PRE: IF TOT AL INCOME NUMBER GIVEN BY R W AS MISSING: IF R INDICA TED INCOME LESS THAN 40,000: W as it 20,000 or more, or less than that?",,"-1. Inap
-5. Breakoff, sufficient partial
-6. No post-election interview
-7. No post data, deleted due
-9. Refused
"
V162302,POST: FTF CASI/WEB: T otal income amt missing - categories lt 20K,"IF R DID NOT PROVIDE INCOME IN THE PRE: IF TOT AL INCOME NUMBER GIVEN BY R W AS MISSING: IF R INDICA TED INCOME LESS THAN 40,000: IF R INDICA TED INCOME LESS THAN 20,000: Please mark the answer that includes the income of all members of your family living here in 2015 before taxes.",,"-1. Inap
-5. Breakoff, sufficient partial
-6. No post-election interview
-7. No post data, deleted due
"
V162303,POST: FTF CASI/WEB: T otal income amt missing - categories 20-40K,"IF R DID NOT PROVIDE INCOME IN THE PRE: IF TOT AL INCOME NUMBER GIVEN BY R W AS MISSING: IF R INDICA TED INCOME LESS THAN 40,000: IF R INDICA TED INCOME 20,000 OR MORE: Please mark the answer that includes the income of all members of your family living here in 2015 before taxes.",,"-1. Inap
-5. Breakoff, sufficient partial
-6. No post-election interview
-7. No post data, deleted due
-9. Refused
"
V162304,POST: FTF CASI/WEB: T otal income amt missing - ge or lt 70K,"IF R DID NOT PROVIDE INCOME IN THE PRE: IF TOT AL INCOME NUMBER GIVEN BY R W AS MISSING: IF R INDICA TED INCOME 40,000 OR MORE: W as it 70,000 or more, or less than that?","2. Less than
","-1. Inap
-5. Breakoff, sufficient partial
-6. No post-election interview
-7. No post data, deleted due
-9. Refused
"
V162305,POST: FTF CASI/WEB: T otal income amt missing - categories 40-70K,"IF R DID NOT PROVIDE INCOME IN THE PRE: IF TOT AL INCOME NUMBER GIVEN BY R W AS MISSING: IF R INDICA TED INCOME 40,000 OR MORE: IF R INDICA TED INCOME LESS THAN 70,000: Please mark the answer that includes the income of all members of your family living here in 2015 before taxes.",,"-1. Inap
-5. Breakoff, sufficient partial
-6. No post-election interview
-7. No post data, deleted due
-9. Refused
"
V162306,POST: FTF CASI/WEB: T otal income amt missing - ge or lt 100K,"IF R DID NOT PROVIDE INCOME IN THE PRE: IF TOT AL INCOME NUMBER GIVEN BY R W AS MISSING: IF R INDICA TED INCOME 40,000 OR MORE: IF R INDICA TED INCOME 70,000 OR MORE: W as it 100,000 or more, or less than that?","2. Less than
","-1. Inap
-5. Breakoff, sufficient partial
-6. No post-election interview
-7. No post data, deleted due
-9. Refused
"
V162307,POST: FTF CASI/WEB: T otal income amt missng - categories 70-100K,"IF R DID NOT PROVIDE INCOME IN THE PRE: IF TOT AL INCOME NUMBER GIVEN BY R W AS MISSING: IF R INDICA TED INCOME 40,000 OR MORE: IF R INDICA TED INCOME 70,000 OR MORE: IF R INDICA TED INCOME LESS THAN 100,000: Please mark the answer that includes the income of all members of your family living here in 2015 before taxes.",,"-1. Inap
-5. Breakoff, sufficient partial
-6. No post-election interview
-7. No post data, deleted due
"
V162308,POST: FTF CASI/WEB: T otal income amt missing - categories 100+K,"IF R DID NOT PROVIDE INCOME IN THE PRE: IF TOT AL INCOME NUMBER GIVEN BY R W AS MISSING: IF R INDICA TED INCOME 40,000 OR MORE: IF R INDICA TED INCOME 70,000 OR MORE: IF R INDICA TED INCOME 100,000 OR MORE: Please mark the answer that includes the income of all members of your family living here in 2015 before taxes.",,"-1. Inap
-5. Breakoff, sufficient partial
-6. No post-election interview
-7. No post data, deleted due
-9. Refused
"
V162309x,POST: FTF CASI/WEB: SUMMAR Y- T otal income,Not applicable 28 unique outcomes. 20 most frequently appearing outcomes:,,
V162310,POST: FTF CASI/WEB: F eeling thermometer: ASIAN-AMERICANS,"IF FIRST CASI THERMOMETER RA TING / IF NOT FIRST CASI THERMOMETER RA TING: [Using the same thermometer scale which you used earlier in the interview, how would you rate: Asian-Americans Please enter the rating number in the number box. Ratings between 50 degrees and 100 degrees mean that you feel favorable and warm toward the group. Rat- ings between 0 degrees and 50 degrees mean that you don’t feel favorable toward the group and that you don’t care too much for that group. Y ou would rate the group at the 50 degree mark if you don’t feel particularly warm or cold toward the group. / How would you rate: Asian-Americans] TYPE THE NUMBER. RANDOMIZA TION: Order of CASI group thermometers 93 unique outcomes. 20 most frequently appearing outcomes: ANES 2016 Codebook - V ersion 20190904 - page 1308",,
V162311,POST: FTF CASI/WEB: F eeling thermometer: HISP ANICS,IF NOT FIRST CASI THERMOMETER RA TING: How would you rate: Hispanics TYPE THE NUMBER. RANDOMIZA TION: Order of CASI group thermometers 96 unique outcomes. 20 most frequently appearing outcomes:,,
V162312,POST: FTF CASI/WEB: F eeling thermometer: BLACKS,IF NOT FIRST CASI THERMOMETER RA TING: How would you rate: Blacks TYPE THE NUMBER. RANDOMIZA TION: Order of CASI group thermometers 97 unique outcomes. 20 most frequently appearing outcomes:,,
V162313,POST: FTF CASI/WEB: F eeling thermometer: ILLEGAL IMMIGRANTS,IF NOT FIRST CASI THERMOMETER RA TING: How would you rate: Illegal immigrants TYPE THE NUMBER. RANDOMIZA TION: Order of CASI group thermometers 103 unique outcomes. 20 most frequently appearing outcomes:,,
V162314,POST: FTF CASI/WEB: F eeling thermometer: WHITES,IF NOT FIRST CASI THERMOMETER RA TING: How would you rate: Whites TYPE THE NUMBER. RANDOMIZA TION: Order of CASI group thermometers 87 unique outcomes. 20 most frequently appearing outcomes:,,
V162316,POST: FTF CASI/WEB: How important whites work together to change,IF R SELF-IDENTIFIED RACE IN PRE AS WHITE ONL Y: How impor- tant is it that whites work together to change laws that are unfair to whites? F orward/reverse response option order,"1. Extremely important
2. V ery important
3. Moderately important
4. A little important
5. Not at all important
","-1. Inap
-5. Breakoff, sufficient partial
-6. No post-election interview
-7. No post data, deleted due
-9. Refused
"
V162317,POST: FTF CASI/WEB: How likely whites unable to find job b/c employers,IF R SELF-IDENTIFIED RACE IN PRE AS WHITE ONL Y: How likely is it that many whites are unable to find a job because employers are hiring minorities instead? F orward/reverse response option order,"1. Extremely likely
2. V ery likely
3. Moderately likely
4. Slightly likely
5. Not at all likely
","-1. Inap
-5. Breakoff, sufficient partial
-6. No post-election interview
-7. No post data, deleted due
-9. Refused
"
V162318,POST: FTF CASI/WEB: F ederal gov treats blacks or whites better,"In general, does the federal government [treat whites better than blacks, treat them both same, or treat blacks better than whites / treat blacks better than whites, treat them both the same, or treat whites better than blacks]? F orward/reverse response option order","1. T reat whites better
2. T reat both the same
3. T reat blacks better
","-5. Breakoff, sufficient partial
-6. No post-election interview
-7. No post data, deleted due
-9. Refused
"
V162319,POST: FTF CASI/WEB: How much federal gov treats blacks or whites,"IF R SA YS FEDERAL GOVT TREA TS WHITES BETTER THAN BLACKS / IF R SA YS FEDERAL GOVT TREA TS BLACKS BETTER THAN WHITES: Does the federal government treat whites [much better, moderately better, or a little better / a little better, moderately better, or much better]? / Does the federal government treat blacks [much better, moderately better, or a little better / a little better, moderately better, or much better]? F orward/reverse response option order","1. Much
2. Moderately
3. A little
","-1. Inap
-5. Breakoff, sufficient partial
-6. No post-election interview
-7. No post data, deleted due
-9. Refused
"
V162320,POST: FTF CASI/WEB: Police treat blacks or whites better,"In general, do the police [treat whites better than blacks, treat them both same, or treat blacks better than whites / treat blacks better than whites, treat them both the same, or treat whites better than blacks]? F orward/reverse response option order","1. T reat whites better
2. T reat both the same
3. T reat blacks better
","-5. Breakoff, sufficient partial
-6. No post-election interview
-7. No post data, deleted due
-9. Refused
"
V162321,POST: FTF CASI/WEB: How much police treat blacks or whites better,"IF R SA YS POLICE TREA T WHITES BETTER THAN BLACKS / IF R SA YS POLICE TREA T BLACKS BETTER THAN WHITES: Do the police treat whites [much better, moderately better, or a little better / a little better, moderately better, or much better]? / Do the police treat blacks [much better, moderately better, or a little better / a little better, moderately better, or much better]? F orward/reverse response option order","1. Much
2. Moderately
3. A little
","-1. Inap
-5. Breakoff, sufficient partial
-6. No post-election interview
-7. No post data, deleted due
-9. Refused
"
V162322,POST: FTF CASI/WEB: How much influence do whites have in U.S. politics,"W ould you say that whites have [too much influence in American politics, just about the right amount of influence in American politics, or too little influence in American politics / too little influence in American politics, just about the right amount of influence in American politics, or too much influence in American politics]? F orward/reverse response option order","1. T oo much influence
2. Just about the right
3. T oo little influence
","-5. Breakoff, sufficient partial
-6. No post-election interview
-7. No post data, deleted due
-9. Refused
"
V162323,POST: FTF CASI/WEB: How much influence do blacks have in U.S. politics,"W ould you say that blacks have [too much influence in American politics, just about the right amount of influence in American politics, or too little influence in American politics / too little influence in American politics, just about the right amount of influence in American politics, or too much influence in American politics]? F orward/reverse response option order","1. T oo much influence
2. Just about the right
3. T oo little influence
","-5. Breakoff, sufficient partial
-6. No post-election interview
-7. No post data, deleted due
-9. Refused
"
V162324,POST: FTF CASI/WEB: How much influence do Hispanics have in U.S.,"W ould you say that Hispanics have [too much influence in American politics, just about the right amount of influence in American politics, or too little influence in American politics / too little influence in American politics, just about the right amount of influence in American politics, or too much influence in American politics]? F orward/reverse response option order","1. T oo much influence
2. Just about the right
3. T oo little influence
","-5. Breakoff, sufficient partial
-6. No post-election interview
-7. No post data, deleted due
-9. Refused
"
V162325,POST: FTF CASI/WEB: How much influence do Asian-Americans have in,"W ould you say that Asian-Americans [too much influence in American pol- itics, just about the right amount of influence in American politics, or too little influence in American politics / too little influence in American pol- itics, just about the right amount of influence in American politics, or too much influence in American politics]? F orward/reverse response option order","1. T oo much influence
2. Just about the right
3. T oo little influence
","-5. Breakoff, sufficient partial
-6. No post-election interview
-7. No post data, deleted due
-9. Refused
"
V162326,POST: FTF CASI/WEB: How important is being Hispanic to identity,IF R IDENTIFIED AS HISP ANIC IN THE PRE: How important is being Hispanic to your identity? F orward/reverse response option order,"1. Extremely important
2. V ery important
3. Moderately important
4. A little important
5. Not at all important
","-1. Inap
-5. Breakoff, sufficient partial
-6. No post-election interview
-7. No post data, deleted due
-9. Refused
"
V162327,POST: FTF CASI/WEB: How important is being White to identity,IF R MENTIONS WHITE IN PRE RACE SELF-IDENTIFICA TION: How important is being White to your identity? F orward/reverse response option order,"1. Extremely important
2. V ery important
3. Moderately important
4. A little important
5. Not at all important
","-1. Inap
-5. Breakoff, sufficient partial
-6. No post-election interview
-7. No post data, deleted due
-9. Refused
"
V162328,POST: FTF CASI/WEB: How important is being Black to identity,IF R MENTIONS BLACK IN PRE RACE SELF-IDENTIFICA TION: How important is being Black or African-American to your identity? F orward/reverse response option order,"1. Extremely important
2. V ery important
3. Moderately important
4. A little important
5. Not at all important
","-1. Inap
-5. Breakoff, sufficient partial
-6. No post-election interview
-7. No post data, deleted due
-9. Refused
"
V162329,POST: FTF CASI/WEB: How important is being Native American to iden-,IF R MENTIONS NA TIVE AMERICAN IN PRE RACE SELF- IDENTIFICA TION: How important is being an American Indian or Alaska Native to your identity? F orward/reverse response option order,"1. Extremely important
2. V ery important
3. Moderately important
4. A little important
5. Not at all important
","-1. Inap
-5. Breakoff, sufficient partial
-6. No post-election interview
-7. No post data, deleted due
-9. Refused
"
V162330,POST: FTF CASI/WEB: How important is being Asian to identity,IF R MENTIONS ASIAN IN PRE RACE SELF-IDENTIFICA TION: How important is being Asian to your identity? F orward/reverse response option order,"1. Extremely important
2. V ery important
3. Moderately important
4. A little important
5. Not at all important
","-1. Inap
-5. Breakoff, sufficient partial
-6. No post-election interview
-7. No post data, deleted due
"
V162331,POST: FTF CASI/WEB: How important is being Pacific Islander to identity,IF R MENTIONS NA TIVE HA W AIIAN OR OTHER P ACIFIC ISLANDER IN PRE RACE SELFIDENTIFICA TION: How important is being a Native Hawaiian or other Pacific Islander to your identity? F orward/reverse response option order,"1. Extremely important
2. V ery important
3. Moderately important
4. A little important
5. Not at all important
","-1. Inap
-5. Breakoff, sufficient partial
-6. No post-election interview
-7. No post data, deleted due
"
V162332,POST: FTF CASI/WEB: How important is being American to identity,How important is being American to your identity? F orward/reverse response option order,"1. Extremely important
2. V ery important
3. Moderately important
4. A little important
5. Not at all important
","-5. Breakoff, sufficient partial
-6. No post-election interview
-7. No post data, deleted due
-9. Refused
"
V162333,"POST: FTF CASI/WEB: TIPI extraverted, enthusiastic","W e’re interested in how you see yourself. Please mark how well the following pair of words describes you, even if one word describes you better than the other. ‘extraverted, enthusiastic’ describes me F orward/reverse response option order","1. Extremely poorly
2. Somewhat poorly
3. A little poorly
4. Neither poorly nor well
5. A little well
6. Somewhat well
7. Extremely well
","-5. Breakoff, sufficient partial
-6. No post-election interview
-7. No post data, deleted due
-9. Refused
"
V162334,"POST: FTF CASI/WEB: TIPI critical, quarrelsome","Please mark how well the following pair of words describes you, even if one word describes you better than the other. ‘critical, quarrelsome’ describes me F orward/reverse response option order","1. Extremely poorly
2. Somewhat poorly
3. A little poorly
4. Neither poorly nor well
5. A little well
6. Somewhat well
7. Extremely well
","-5. Breakoff, sufficient partial
-6. No post-election interview
-7. No post data, deleted due
-9. Refused
"
V162335,"POST: FTF CASI/WEB: TIPI dependable, self-disciplined","Please mark how well the following pair of words describes you, even if one word describes you better than the other. ‘dependable, self-disciplined’ describes me F orward/reverse response option order","1. Extremely poorly
2. Somewhat poorly
3. A little poorly
4. Neither poorly nor well
5. A little well
6. Somewhat well
7. Extremely well
","-5. Breakoff, sufficient partial
-6. No post-election interview
-7. No post data, deleted due
-9. Refused
"
V162336,"POST: FTF CASI/WEB: TIPI anxious, easily upset","Please mark how well the following pair of words describes you, even if one word describes you better than the other. ‘anxious, easily upset’ describes me F orward/reverse response option order","1. Extremely poorly
2. Somewhat poorly
3. A little poorly
4. Neither poorly nor well
5. A little well
6. Somewhat well
7. Extremely well
","-5. Breakoff, sufficient partial
-6. No post-election interview
-7. No post data, deleted due
-9. Refused
"
V162337,POST: FTF CASI/WEB: TIPI open to new experiences,"Please mark how well the following pair of words describes you, even if one word describes you better than the other. ‘open to new experiences, complex’ describes me F orward/reverse response option order","1. Extremely poorly
2. Somewhat poorly
3. A little poorly
4. Neither poorly nor well
5. A little well
6. Somewhat well
7. Extremely well
","-5. Breakoff, sufficient partial
-6. No post-election interview
-7. No post data, deleted due
-9. Refused
"
V162338,"POST: FTF CASI/WEB: TIPI reserved, quiet","Please mark how well the following pair of words describes you, even if one word describes you better than the other. ‘reserved, quiet’ describes me F orward/reverse response option order","1. Extremely poorly
2. Somewhat poorly
3. A little poorly
4. Neither poorly nor well
5. A little well
6. Somewhat well
7. Extremely well
","-5. Breakoff, sufficient partial
-6. No post-election interview
-7. No post data, deleted due
-9. Refused
"
V162339,"POST: FTF CASI/WEB: TIPI sympathetic, warm","Please mark how well the following pair of words describes you, even if one word describes you better than the other. ‘sympathetic, warm’ describes me F orward/reverse response option order","1. Extremely poorly
2. Somewhat poorly
3. A little poorly
4. Neither poorly nor well
5. A little well
6. Somewhat well
7. Extremely well
","-5. Breakoff, sufficient partial
-6. No post-election interview
-7. No post data, deleted due
-9. Refused
"
V162340,"POST: FTF CASI/WEB: TIPI disorganized, careless","Please mark how well the following pair of words describes you, even if one word describes you better than the other. ‘disorganized, careless’ describes me F orward/reverse response option order","1. Extremely poorly
2. Somewhat poorly
3. A little poorly
4. Neither poorly nor well
5. A little well
6. Somewhat well
7. Extremely well
","-5. Breakoff, sufficient partial
-6. No post-election interview
-7. No post data, deleted due
-9. Refused
"
V162341,"POST: FTF CASI/WEB: TIPI calm, emotionally stable","Please mark how well the following pair of words describes you, even if one word describes you better than the other. ‘calm, emotionally stable’ describes me F orward/reverse response option order","1. Extremely poorly
2. Somewhat poorly
3. A little poorly
4. Neither poorly nor well
5. A little well
6. Somewhat well
7. Extremely well
","-5. Breakoff, sufficient partial
-6. No post-election interview
-7. No post data, deleted due
-9. Refused
"
V162342,"POST: FTF CASI/WEB: TIPI conventional, uncreative","Please mark how well the following pair of words describes you, even if one word describes you better than the other. ‘conventional, uncreative’ describes me F orward/reverse response option order","1. Extremely poorly
2. Somewhat poorly
3. A little poorly
4. Neither poorly nor well
5. A little well
6. Somewhat well
7. Extremely well
","-5. Breakoff, sufficient partial
-6. No post-election interview
-7. No post data, deleted due
-9. Refused
"
V162343,POST: FTF CASI/WEB: How hard is it for R to control temper,How hard is it for you to control your temper? F orward/reverse response option order,"1. Extremely hard
2. V ery hard
3. Moderately hard
4. A little bit hard
5. Not hard at all
","-5. Breakoff, sufficient partial
-6. No post-election interview
-7. No post data, deleted due
-9. Refused
"
V162344,"POST: FTF CASI/WEB: When provoked, how likely for R to hit someone","When provoked, how likely are you to a hit someone? F orward/reverse response option order","1. Extremely likely
2. V ery likely
3. Moderately likely
4. Slightly likely
5. Not very likely
","-5. Breakoff, sufficient partial
-6. No post-election interview
-7. No post data, deleted due
-9. Refused
"
V162345,POST: FTF CASI/WEB: stereotype: Whites hardworking,Where would you rate Whites in general on this scale?,"1. Hard-working
7. Lazy
","-5. Breakoff, sufficient partial
-6. No post-election interview
-7. No post data, deleted due
-9. Refused
"
V162346,POST: FTF CASI/WEB: Stereotype: Blacks hardworking,Where would you rate Blacks in general on this scale? RANDOMIZA TION: Order of hardworking stereotype groups after Whites,"1. Hard-working
7. Lazy
","-5. Breakoff, sufficient partial
-6. No post-election interview
-7. No post data, deleted due
-9. Refused
"
V162347,POST: FTF CASI/WEB: Stereotype: Hispanics hardworking,Where would you rate Hispanic-Americans in general on this scale? RANDOMIZA TION: Order of hardworking stereotype groups after Whites,"1. Hard-working
7. Lazy
","-5. Breakoff, sufficient partial
-6. No post-election interview
-7. No post data, deleted due
-9. Refused
"
V162348,POST: FTF CASI/WEB: Stereotype: Asians hardworking,Where would you rate Asian-Americans in general on this scale? RANDOMIZA TION: Order of hardworking stereotype groups after Whites,"1. Hard-working
7. Lazy
","-5. Breakoff, sufficient partial
-6. No post-election interview
-7. No post data, deleted due
-9. Refused
"
V162349,POST: FTF CASI/WEB: stereotype: Whites violent,Where would you rate Whites in general on this scale?,"1. Peaceful
7. Violent
","-5. Breakoff, sufficient partial
-6. No post-election interview
-7. No post data, deleted due
-9. Refused
"
V162350,POST: FTF CASI/WEB: Stereotype: Blacks violent,Where would you rate Blacks in general on this scale? RANDOMIZA TION: Order of peaceful stereotype groups after Whites,"1. Peaceful
7. Violent
","-5. Breakoff, sufficient partial
-6. No post-election interview
-7. No post data, deleted due
-9. Refused
"
V162351,POST: FTF CASI/WEB: Stereotype: Hispanics violent,Where would you rate Hispanic-Americans in general on this scale? RANDOMIZA TION: Order of peaceful stereotype groups after Whites,"1. Peaceful
7. Violent
","-5. Breakoff, sufficient partial
-6. No post-election interview
-7. No post data, deleted due
-9. Refused
"
V162352,POST: FTF CASI/WEB: Stereotype: Asians violent,Where would you rate Asian-Americans in general on this scale? RANDOMIZA TION: Order of peaceful stereotype groups after Whites,"1. Peaceful
7. Violent
","-5. Breakoff, sufficient partial
-6. No post-election interview
-7. No post data, deleted due
-9. Refused
"
V162353,POST: FTF CASI/WEB: Stereotype: Muslims violent,Where would you rate Muslims in general on this scale? RANDOMIZA TION: Order of peaceful stereotype groups after Whites,"1. Peaceful
7. Violent
","-5. Breakoff, sufficient partial
-6. No post-election interview
-7. No post data, deleted due
-9. Refused
"
V162354,POST: FTF CASI/WEB: Stereotype: Christians violent,Where would you rate Christians in general on this scale? RANDOMIZA TION: Order of peaceful stereotype groups after Whites,"1. Peaceful
7. Violent
","-5. Breakoff, sufficient partial
-6. No post-election interview
-7. No post data, deleted due
-9. Refused
"
V162355,POST: FTF CASI/WEB: Stereotype: Muslims patriotic,Where would you rate Muslims in general on this scale? RANDOMIZA TION: Order of Muslims and Christian patriotic stereotypes,"1. Patriotic
7. Unpatriotic
","-5. Breakoff, sufficient partial
-6. No post-election interview
-7. No post data, deleted due
-9. Refused
"
V162356,POST: FTF CASI/WEB: Stereotype: Christians patriotic,Where would you rate Christians in general on this scale? RANDOMIZA TION: Order of Muslims and Christian patriotic stereotypes,"1. Patriotic
7. Unpatriotic
","-5. Breakoff, sufficient partial
-6. No post-election interview
-7. No post data, deleted due
-9. Refused
"
V162357,POST: FTF CASI/WEB: Discrimination in the U.S. against Blacks,How much discrimination is there in the United States today against each of the following groups? Blacks RANDOMIZA TION: Order of discrimination social groups F orward/reverse response option order,"1. A great deal
2. A lot
3. A moderate amount
4. A little
5. None at all
","-5. Breakoff, sufficient partial
-6. No post-election interview
-7. No post data, deleted due
-9. Refused
"
V162358,POST: FTF CASI/WEB: Discrimination in the U.S. against Hispanics,How much discrimination is there in the United States today against each of the following groups? Hispanics RANDOMIZA TION: Order of discrimination social groups F orward/reverse response option order,"1. A great deal
2. A lot
3. A moderate amount
4. A little
5. None at all
","-5. Breakoff, sufficient partial
-6. No post-election interview
-7. No post data, deleted due
-9. Refused
"
V162359,POST: FTF CASI/WEB: Discrimination in the U.S. against Asian-,How much discrimination is there in the United States today against each of the following groups? Asian-Americans RANDOMIZA TION: Order of discrimination social groups F orward/reverse response option order,"1. A great deal
2. A lot
3. A moderate amount
4. A little
5. None at all
","-5. Breakoff, sufficient partial
-6. No post-election interview
-7. No post data, deleted due
-9. Refused
"
V162360,POST: FTF CASI/WEB: Discrimination in the U.S. against Whites,How much discrimination is there in the United States today against each of the following groups? Whites RANDOMIZA TION: Order of discrimination social groups F orward/reverse response option order,"1. A great deal
2. A lot
3. A moderate amount
4. A little
5. None at all
","-5. Breakoff, sufficient partial
-6. No post-election interview
-7. No post data, deleted due
-9. Refused
"
V162361,POST: FTF CASI/WEB: Discrimination in the U.S. against Gays and Les-,How much discrimination is there in the United States today against each of the following groups?) Gays and Lesbians RANDOMIZA TION: Order of discrimination social groups F orward/reverse response option order,"1. A great deal
2. A lot
3. A moderate amount
4. A little
5. None at all
","-5. Breakoff, sufficient partial
-6. No post-election interview
-7. No post data, deleted due
-9. Refused
"
V162362,POST: FTF CASI/WEB: Discrimination in the U.S. against W omen,How much discrimination is there in the United States today against each of the following groups? W omen RANDOMIZA TION: Order of discrimination social groups F orward/reverse response option order,"1. A great deal
2. A lot
3. A moderate amount
4. A little
5. None at all
","-5. Breakoff, sufficient partial
-6. No post-election interview
-7. No post data, deleted due
-9. Refused
"
V162363,POST: FTF CASI/WEB: Discrimination in the U.S. against Men,How much discrimination is there in the United States today against each of the following groups? Men RANDOMIZA TION: Order of discrimination social groups F orward/reverse response option order,"1. A great deal
2. A lot
3. A moderate amount
4. A little
5. None at all
","-5. Breakoff, sufficient partial
-6. No post-election interview
-7. No post data, deleted due
-9. Refused
"
V162364,POST: FTF CASI/WEB: Discrimination in the U.S. against Muslims,How much discrimination is there in the United States today against each of the following groups? Muslims RANDOMIZA TION: Order of discrimination social groups F orward/reverse response option order,"1. A great deal
2. A lot
3. A moderate amount
4. A little
5. None at all
","-5. Breakoff, sufficient partial
-6. No post-election interview
-7. No post data, deleted due
-9. Refused
"
V162365,POST: FTF CASI/WEB: Discrimination in the U.S. against Christians,How much discrimination is there in the United States today against each of the following groups? Christians RANDOMIZA TION: Order of discrimination social groups F orward/reverse response option order,"1. A great deal
2. A lot
3. A moderate amount
4. A little
5. None at all
","-5. Breakoff, sufficient partial
-6. No post-election interview
-7. No post data, deleted due
-9. Refused
"
V162366,POST: FTF CASI/WEB: Discrimination in the U.S. against T ransgender,How much discrimination is there in the United States today against each of the following groups? T ransgender people RANDOMIZA TION: Order of discrimination social groups F orward/reverse response option order,"1. A great deal
2. A lot
3. A moderate amount
4. A little
5. None at all
","-5. Breakoff, sufficient partial
-6. No post-election interview
-7. No post data, deleted due
-9. Refused
"
V162367,POST: FTF CASI/WEB: How much discrimination has R faced personal,How much discrimination have you personally faced because of your ethnicity or race? F orward/reverse response option order,"1. A great deal
2. A lot
3. A moderate amount
4. A little
5. None at all
","-4. Error
-5. Breakoff, sufficient partial
-6. No post-election interview
-7. No post data, deleted due
-9. Refused
"
V162368,POST: FTF CASI/WEB: R rate own skintone,Which hand shown below comes closest to your skin color?,"1. Skin tone
2. Skin tone
3. Skin tone
4. Skin tone
5. Skin tone
6. Skin tone
7. Skin tone
8. Skin tone
9. Skin tone
10. Skin tone
","-5. Breakoff, sufficient partial
-6. No post-election interview
-7. No post data, deleted due
-9. Refused
"
V162369,POST: FTF CASI/WEB: Discrimination due to skintone,"How much discrimination have you personally faced because of your skin color (e.g. light, medium, or dark)? F orward/reverse response option order","1. A great deal
2. A lot
3. A moderate amount
4. A little
5. None at all
","-5. Breakoff, sufficient partial
-6. No post-election interview
-7. No post data, deleted due
-9. Refused
"
V162370,POST: FTF CASI/WEB: F acebook account used recently,"Do you have a F acebook account that you have used in the past month, a F acebook account that you have not used in the past month, or do you not have a F acebook account?","1. Y es have a F acebook
2. Have a F acebook account
3. No, do not have a
","-5. Breakoff, sufficient partial
-6. No post-election interview
-7. No post data, deleted due
-9. Refused
"
V162371a,POST: FTF CASI/WEB: WEB ONL Y: F acebook login,"IF MODE IS WEB: IF R HAS A F ACEBOOK ACCOUNT THA T R HAS USED IN THE P AST MONTH: W e are interested in the news people have read and shared on F acebook this year. T o save time and to get the most accurate information, with your permission we can learn this directly from F acebook. F acebook has agreed to help this way . Of course, we would keep this information confidential, just like everything else you tell us. After ana- lyzing the results we will erase the information from our records. Please log in to F acebook below. Y ou’ll be asked if you are willing to use F acebook to share some limited information with Stanford University and the University of Michigan for the American National Election Studies. [BIG BUTTON: Log into F acebook] [SMALLER BUTTON: Decline]","1. Logged into facebook
2. Decline
","-1. Inap
-4. Error
-5. Breakoff, sufficient partial
-6. No post-election interview
-7. No post data, deleted due
"
V162371b,POST: FTF CASI/WEB: WEB ONL Y: F acebook login reconsider,"IF MODE IS WEB: IF R HAS A F ACEBOOK ACCOUNT THA T R HAS USED IN THE P AST MONTH: IF R DID NOT LOG INTO F ACEBOOK: W e understand it is your choice not to share information about how you’ve used F acebook. W ould you be willing to reconsider? T o get an accurate pic- ture of how all Americans use – or do not use F acebook, we need to include you. Any information you do share through F acebook would be stored sepa- rately from the rest of your survey responses. W e would use the information to look at things like how many news stories about the presidential election appeared in people’s F acebook feeds, and how many posts with references to political candidates they liked, and other general descriptions of F acebook feeds and profiles. And we would keep the information confidential. If you will log into F acebook, below, you can tell F acebook what information you are willing to give to Stanford University and the University of Michigan, or you","1. Logged into facebook
2. Decline
","-1. Inap
-4. Error
-5. Breakoff, sufficient partial
-6. No post-election interview
-7. No post data, deleted due
"
V163001a,SAMPLE: Sample location FIPS state,Not applicable 51 unique outcomes. 20 most frequently appearing outcomes:,,
V163001b,SAMPLE: Sample location state postal abbreviation,Not applicable 51 unique outcomes. 20 most frequently appearing outcomes:,,
V163002,SAMPLE: Sample location Congressional district (115th Congress),Not applicable 53 unique outcomes. 20 most frequently appearing outcomes:,,
V163003,SAMPLE: Census region,Not applicable,"1. Northeast
2. Midwest
3. South
4. W est
",
V163004,SAMPLE: Time zone (majority of state),Not applicable,"1. Eastern
2. Central
3. Mountain
4. Pacific
5. Alaska
6. Hawaii-Aleutian
",
V163005,SAMPLE:￿RESTRICTED: County FIPS code,Not applicable,,"-3. Restricted
"
V163006,SAMPLE:￿RESTRICTED: County name,Not applicable,,"-3. Restricted
"
V163007,SAMPLE: RESTRICTED: Zip code,Not applicable,,"-3. Restricted
"
V163008,SAMPLE: RESTRICTED: Census tract,Not applicable,,"-3. Restricted
"
V164001a,PRE ADMIN: Pre W eb device logins: smartTV,Not applicable,,"-1. INAP , FTF mode
"
V164001b,PRE ADMIN: Pre W eb device logins: phone,Not applicable,,"-1. INAP , FTF mode
"
V164001c,PRE ADMIN: Pre W eb device logins: tablet,Not applicable,,"-1. INAP , FTF mode
"
V164001d,PRE ADMIN: Pre W eb device logins: desktop/laptop,Not applicable,,"-1. INAP , FTF mode
"
V164002,PRE ADMIN: Beginning date of Pre IW (YYYYMMDD),Not applicable 63 unique outcomes. 20 most frequently appearing outcomes:,,
V164002a,PRE ADMIN: Date IWR first opened IW in CAPI (YYYYMMDD),Not applicable 63 unique outcomes. 20 most frequently appearing outcomes:,,
V164003,PRE ADMIN: Beginning time of Pre IW (HHMMSS),Not applicable 4136 unique outcomes. 20 most frequently appearing outcomes:,,
V164003a,PRE ADMIN: Time IWR first opened IW in CAPI (HHMMSS),Not applicable 1161 unique outcomes. 20 most frequently appearing outcomes:,,
V164004,PRE ADMIN: Ending date of Pre IW (YYYYMMDD),Not applicable 63 unique outcomes. 20 most frequently appearing outcomes:,,
V164005,PRE ADMIN: Ending time of Pre IW (HHMMSS),Not applicable 4142 unique outcomes. 20 most frequently appearing outcomes:,,
V164006,PRE ADMIN: Elapsed time interview start to end (minutes),Not applicable 3223 unique outcomes. 20 most frequently appearing outcomes:,,
V164007,PRE ADMIN: Pre interview language,Not applicable,"1. English
2. Spanish
",
V164008,PRE ADMIN: FTF Initial incentive offer,Not applicable,,"-1. Inap, W eb cases
"
V164009,PRE ADMIN: FTF pre incentive paid,Not applicable,,"-1. Inap, W eb cases
"
V164010,PRE ADMIN: Predicted probabilities of response by block group calculated,Not applicable 228 unique outcomes. 20 most frequently appearing outcomes:,,
V164011,PRE ADMIN: Internet prepaid incentive,Not applicable,,"-1. Inap, FTF cases
"
V164012,PRE ADMIN: Internet screener respondent incentive paid,Not applicable,,"-1. Inap, FTF cases/W eb
"
V164013,PRE ADMIN: Internet respondent incentive paid (pre-election),Not applicable,,"-1. Inap, FTF cases
"
V165001a,POST ADMIN: Post W eb device logins: smartTV,Not applicable,,
V165001b,POST ADMIN: Post W eb device logins: phone,Not applicable,,
V165001c,POST ADMIN: Post W eb device logins: tablet,Not applicable,,
V165001d,POST ADMIN: Post W eb device logins: desktop/laptop,Not applicable,,
V165002,POST ADMIN: Beginning date of Post IW (YYYYMMDD),Not applicable 64 unique outcomes. 20 most frequently appearing outcomes:,,
V165002a,POST ADMIN: Date IWR first opened IW in CAPI (YYYYMMDD),Not applicable 62 unique outcomes. 20 most frequently appearing outcomes:,,
V165003,POST ADMIN: Beginning time of Post IW (HHMMSS),Not applicable 3561 unique outcomes. 20 most frequently appearing outcomes:,,
V165003a,POST ADMIN: Time IWR first opened IW in CAPI (HHMMSS),Not applicable 1049 unique outcomes. 20 most frequently appearing outcomes:,,
V165004,POST ADMIN: Ending date of Post IW (YYYYMMDD),Not applicable 64 unique outcomes. 20 most frequently appearing outcomes:,,
V165005,POST ADMIN: Ending time of Post IW (HHMMSS),Not applicable 3555 unique outcomes. 20 most frequently appearing outcomes:,,
V165006,POST ADMIN: Elapsed time interview start to end (minutes),Not applicable 2858 unique outcomes. 20 most frequently appearing outcomes:,,
V165007,POST ADMIN: Post interview language,Not applicable,"1. English
2. Spanish
","-6. No post-election interview
-7. No post data, deleted due
"
V165008,POST ADMIN: FTF post incentive paid,Not applicable,,"-1. Inap, W eb cases
-6. Unit nonresponse, no
-7. No Post, deleted due to
"
V165009,POST ADMIN: Internet respondent incentive paid (post-election),Not applicable,,"-1. Inap, FTF cases
-6. Unit nonresponse, no
-7. No Post, deleted due to
"
V165500,FTF SCREENER: Initial incentive offer [V164008 expanded for full FTF,Not applicable,,"-2. Inapplicable, W eb sample
"
V165501,FTF SCREENER: Screener completed,Not applicable,"1. FTF screener completed
","-2. Inapplicable, W eb sample
"
V165502,FTF SCREENER: Random number generated,Not applicable 1181 unique outcomes. 20 most frequently appearing outcomes:,,
V165503,FTF SCREENER: INTRO3. Intro text read,Introduction screen,"1. Continue
","-2. Inapplicable, W eb sample
"
V165504,RESTRICTED. FTF SCREENER: S2. Number of adults live here,"So I can choose the right person to speak with, I need to ask: how many adults 18 years and older live here,including you?",,"-2. Inapplicable, W eb sample
-3. Restricted access
"
V165505,FTF SCREENER: Number of adults live here - topcoded,Not applicable,"1. Just informant
","-2. Inapplicable, W eb sample
"
V165506,FTF SCREENER: S2A. Any children under 18,Do any children under the age of 18 live here?,"1. YES
2. NO
","-2. Inapplicable, W eb sample
"
V165507,FTF SCREENER: SCRN_CIT_S. Screener R citizenship,Are you now a United States citizen or not a U.S. citizen?,"1. U.S. CITIZEN
2. NON-CITIZEN
","-2. Inapplicable, W eb sample
"
V165508,FTF SCREENER: SCRN_SEX_S. Screener R sex,CODE RESPONDENTS GENDER,"1. MALE
2. FEMALE
","-2. Inapplicable, W eb sample
"
V165509,RESTRICTED. FTF SCREENER: SCRN_AGE_S. Screener R age,How old are you?,,"-2. Inapplicable, W eb sample
-3. Restricted access
"
V165510,FTF SCREENER: Screener R age categories,Not applicable,"1. Age group
2. Age group
3. Age group
","-2. Inapplicable, W eb sample
"
V165511,FTF SCREENER: SCRN_EDUC_S. Screener R education,What is the highest level of school you have completed?,"1. LESS THAN HIGH SCHOOL
2. HIGH SCHOOL
3. MORE THAN HIGH SCHOOL
7. REFUSED
","-2. Inapplicable, W eb sample
"
V165512,FTF SCREENER: S3. Continue to roster,Continue to roster.,"1. CONTINUE TO ROSTER
","-2. Inapplicable, W eb sample
-5. Inapplicable question
"
V165513,FTF SCREENER: SCRN_RES. Roster 1 [Screener R] residency,Is this where [SCRN_NAME_s] lives?,"1. YES
","-2. Inapplicable, W eb sample
-5. Inapplicable question
"
V165514,FTF SCREENER: SCRN_SEX. Roster 1 [Screener R] sex,What is [SCRN_NAME_]s sex?,"1. MALE
2. FEMALE
","-2. Inapplicable, W eb sample
-5. Inapplicable question
"
V165515,RESTRICTED. FTF SCREENER: SCRN_AGE. Roster 1 [Screener R] age,How old is [SCRN_NAME_]?,,"-2. Inapplicable, W eb sample
-3. Restricted access
-5. Inapplicable question
"
V165516,FTF SCREENER: Roster 1 age categories,Not applicable,"1. Age group
2. Age group
3. Age group
","-2. Inapplicable, W eb sample
-5. Inapplicable question
"
V165517,FTF SCREENER: CONFIRM2. Roster 1 [Screener R] confirm age,IF SCRN_AGE = DK/RF: Will [SCRN_NAME_] be age 18 or older on November 8?,,"-2. Inapplicable, W eb sample
-5. Inapplicable question
"
V165518,FTF SCREENER: ELIG_CKAGE. Roster 1 [Screener R] age check,HA VE YOU OBSER VED THA T [SCRN_NAME_] CLEARL Y APPEARS TO BE 18 OR OLDER?,,"-2. Inapplicable, W eb sample
-5. Inapplicable question
"
V165519,FTF SCREENER: SCRN_CIT. Roster 1 [Screener R] citizenship,Is [SCRN_NAME_] now a United States citizen or not a U.S. citizen?,"1. U.S. CITIZEN
2. NON-CITIZEN
","-2. Inapplicable, W eb sample
-5. Inapplicable question
"
V165520,FTF SCREENER: SCRN_EDUC. Roster 1 [Screener R] education,What is the highest level of school [SCRN_NAME_] has completed?,"1. LESS THAN HIGH SCHOOL
2. HIGH SCHOOL
3. MORE THAN HIGH SCHOOL
","-2. Inapplicable, W eb sample
-5. Inapplicable question
"
V165521,FTF SCREENER: SCRN_RES. Roster 2 residency,Is this where [SCRN_NAME_s] lives?,"1. YES
","-2. Inapplicable, W eb sample
-5. Inapplicable question
"
V165522,FTF SCREENER: SCRN_SEX. Roster 2 sex,What is [SCRN_NAME_]s sex?,"1. MALE
2. FEMALE
","-2. Inapplicable, W eb sample
-5. Inapplicable question
"
V165523,RESTRICTED. FTF SCREENER: SCRN_AGE. Roster 2 age,How old is [SCRN_NAME_]?,,"-2. Inapplicable, W eb sample
-3. Restricted access
-5. Inapplicable question
"
V165524,FTF SCREENER: Roster 2 age categories,Not applicable,"1. Age group
2. Age group
3. Age group
9999. Refused
","-2. Inapplicable, W eb sample
-5. Inapplicable question
"
V165525,FTF SCREENER: CONFIRM2. Roster 2 confirm age,IF SCRN_AGE = DK/RF: Will [SCRN_NAME_] be age 18 or older on November 8?,"1. YES
","-2. Inapplicable, W eb sample
-5. Inapplicable question
"
V165526,FTF SCREENER: ELIG_CKAGE. Roster 2 age check,HA VE YOU OBSER VED THA T [SCRN_NAME_] CLEARL Y APPEARS TO BE 18 OR OLDER?,,"-2. Inapplicable, W eb sample
-5. Inapplicable question
"
V165527,FTF SCREENER: SCRN_CIT. Roster 2 citizenship,Is [SCRN_NAME_] now a United States citizen or not a U.S. citizen?,"1. U.S. CITIZEN
2. NON-CITIZEN
","-2. Inapplicable, W eb sample
-5. Inapplicable question
-8. Don’t know
"
V165528,FTF SCREENER: SCRN_EDUC. Roster 2 education,What is the highest level of school [SCRN_NAME_] has completed?,"1. LESS THAN HIGH SCHOOL
2. HIGH SCHOOL
3. MORE THAN HIGH SCHOOL
","-2. Inapplicable, W eb sample
-5. Inapplicable question
-8. Don’t know
"
V165529,FTF SCREENER: SCRN_RES. Roster 3 residency,Is this where [SCRN_NAME_s] lives?,"1. YES
2. NO
","-2. Inapplicable, W eb sample
-5. Inapplicable question
"
V165530,FTF SCREENER: SCRN_SEX. Roster 3 sex,What is [SCRN_NAME_]s sex?,"1. MALE
2. FEMALE
7. REFUSED
","-2. Inapplicable, W eb sample
-5. Inapplicable question
"
V165531,RESTRICTED. FTF SCREENER: SCRN_AGE. Roster 3 age,How old is [SCRN_NAME_]?,,"-2. Inapplicable, W eb sample
-3. Restricted access
-5. Inapplicable question
"
V165532,FTF SCREENER: Roster 3 age categories,Not applicable,"0. Under
1. Age group
2. Age group
3. Age group
9998. Don’t know
9999. Refused
","-2. Inapplicable, W eb sample
-5. Inapplicable question
"
V165533,FTF SCREENER: CONFIRM2. Roster 3 confirm age,IF SCRN_AGE = DK/RF: Will [SCRN_NAME_] be age 18 or older on November 8?,"1. YES
2. NO
","-2. Inapplicable, W eb sample
-5. Inapplicable question
-9. Refused
"
V165534,FTF SCREENER: ELIG_CKAGE. Roster 3 age check,HA VE YOU OBSER VED THA T [SCRN_NAME_] CLEARL Y APPEARS TO BE 18 OR OLDER?,"1. YES
","-2. Inapplicable, W eb sample
-5. Inapplicable question
"
V165535,FTF SCREENER: SCRN_CIT. Roster 3 citizenship,Is [SCRN_NAME_] now a United States citizen or not a U.S. citizen?,"1. U.S. CITIZEN
2. NON-CITIZEN
","-2. Inapplicable, W eb sample
-5. Inapplicable question
-8. Don’t know
"
V165536,FTF SCREENER: SCRN_EDUC. Roster 3 education,What is the highest level of school [SCRN_NAME_] has completed?,"1. LESS THAN HIGH SCHOOL
2. HIGH SCHOOL
3. MORE THAN HIGH SCHOOL
","-2. Inapplicable, W eb sample
-5. Inapplicable question
-8. Don’t know
"
V165537,FTF SCREENER: SCRN_RES. Roster 4 residency,Is this where [SCRN_NAME_s] lives?,"1. YES
2. NO
","-2. Inapplicable, W eb sample
-5. Inapplicable question
"
V165538,FTF SCREENER: SCRN_SEX. Roster 4 sex,What is [SCRN_NAME_]s sex?,"1. MALE
2. FEMALE
7. REFUSED
","-2. Inapplicable, W eb sample
-5. Inapplicable question
"
V165539,RESTRICTED. FTF SCREENER: SCRN_AGE. Roster 4 age,How old is [SCRN_NAME_]?,,"-2. Inapplicable, W eb sample
-3. Restricted access
-5. Inapplicable question
"
V165540,FTF SCREENER: Roster 4 age categories,Not applicable,"1. Age group
2. Age group
3. Age group
9998. Don’t know
9999. Refused
","-2. Inapplicable, W eb sample
-5. Inapplicable question
"
V165541,FTF SCREENER: CONFIRM2. Roster 4 confirm age,IF SCRN_AGE = DK/RF: Will [SCRN_NAME_] be age 18 or older on November 8?,"1. YES
2. NO
","-2. Inapplicable, W eb sample
-5. Inapplicable question
"
V165542,FTF SCREENER: ELIG_CKAGE. Roster 4 age check,HA VE YOU OBSER VED THA T [SCRN_NAME_] CLEARL Y APPEARS TO BE 18 OR OLDER?,,"-2. Inapplicable, W eb sample
-5. Inapplicable question
"
V165543,FTF SCREENER: SCRN_CIT. Roster 4 citizenship,Is [SCRN_NAME_] now a United States citizen or not a U.S. citizen?,"1. U.S. CITIZEN
2. NON-CITIZEN
","-2. Inapplicable, W eb sample
-5. Inapplicable question
"
V165544,FTF SCREENER: SCRN_EDUC. Roster 4 education,What is the highest level of school [SCRN_NAME_] has completed?,"1. LESS THAN HIGH SCHOOL
2. HIGH SCHOOL
3. MORE THAN HIGH SCHOOL
","-2. Inapplicable, W eb sample
-5. Inapplicable question
"
V165545,FTF SCREENER: SCRN_RES. Roster 5 residency,Is this where [SCRN_NAME_s] lives?,"1. YES
","-2. Inapplicable, W eb sample
-5. Inapplicable question
"
V165546,FTF SCREENER: SCRN_SEX. Roster 5 sex,What is [SCRN_NAME_]s sex?,"1. MALE
2. FEMALE
","-2. Inapplicable, W eb sample
-5. Inapplicable question
"
V165547,RESTRICTED. FTF SCREENER: SCRN_AGE. Roster 5 age,How old is [SCRN_NAME_]?,,"-2. Inapplicable, W eb sample
-3. Restricted access
-5. Inapplicable question
"
V165548,FTF SCREENER: Roster 5 age categories,Not applicable,"1. Age group
2. Age group
3. Age group
","-2. Inapplicable, W eb sample
-5. Inapplicable question
"
V165549,FTF SCREENER: CONFIRM2. Roster 5 confirm age,IF SCRN_AGE = DK/RF: Will [SCRN_NAME_] be age 18 or older on November 8?,,"-2. Inapplicable, W eb sample
-5. Inapplicable question
"
V165550,FTF SCREENER: ELIG_CKAGE. Roster 5 age check,HA VE YOU OBSER VED THA T [SCRN_NAME_] CLEARL Y APPEARS TO BE 18 OR OLDER?,,"-2. Inapplicable, W eb sample
-5. Inapplicable question
"
V165551,FTF SCREENER: SCRN_CIT. Roster 5 citizenship,Is [SCRN_NAME_] now a United States citizen or not a U.S. citizen?,"1. U.S. CITIZEN
2. NON-CITIZEN
","-2. Inapplicable, W eb sample
-5. Inapplicable question
"
V165552,FTF SCREENER: SCRN_EDUC. Roster 5 education,What is the highest level of school [SCRN_NAME_] has completed?,"2. HIGH SCHOOL
3. MORE THAN HIGH SCHOOL
","-2. Inapplicable, W eb sample
-5. Inapplicable question
"
V165553,FTF SCREENER: SCRN_RES. Roster 6 residency,Is this where [SCRN_NAME_s] lives?,"1. YES
","-2. Inapplicable, W eb sample
-5. Inapplicable question
"
V165554,FTF SCREENER: SCRN_SEX. Roster 6 sex,What is [SCRN_NAME_]s sex?,"1. MALE
","-2. Inapplicable, W eb sample
-5. Inapplicable question
"
V165555,RESTRICTED. FTF SCREENER: SCRN_AGE. Roster 6 age,How old is [SCRN_NAME_]?,,"-2. Inapplicable, W eb sample
-3. Restricted access
-5. Inapplicable question
"
V165556,FTF SCREENER: Roster 6 age categories,Not applicable,"1. Age group
2. Age group
","-2. Inapplicable, W eb sample
-5. Inapplicable question
"
V165557,FTF SCREENER: CONFIRM2. Roster 6 confirm age,IF SCRN_AGE = DK/RF: Will [SCRN_NAME_] be age 18 or older on November 8?,,"-2. Inapplicable, W eb sample
-5. Inapplicable question
"
V165558,FTF SCREENER: ELIG_CKAGE. Roster 6 age check,HA VE YOU OBSER VED THA T [SCRN_NAME_] CLEARL Y APPEARS TO BE 18 OR OLDER?,,"-2. Inapplicable, W eb sample
-5. Inapplicable question
"
V165559,FTF SCREENER: SCRN_CIT. Roster 6 citizenship,Is [SCRN_NAME_] now a United States citizen or not a U.S. citizen?,"1. U.S. CITIZEN
","-2. Inapplicable, W eb sample
-5. Inapplicable question
"
V165560,FTF SCREENER: SCRN_EDUC. Roster 6 education,What is the highest level of school [SCRN_NAME_] has completed?,"2. HIGH SCHOOL
3. MORE THAN HIGH SCHOOL
","-2. Inapplicable, W eb sample
-5. Inapplicable question
"
V165561,FTF SCREENER: SCRN_RES. Roster 7 residency,Is this where [SCRN_NAME_s] lives?,"1. YES
","-2. Inapplicable, W eb sample
-5. Inapplicable question
"
V165562,FTF SCREENER: SCRN_SEX. Roster 7 sex,What is [SCRN_NAME_]s sex?,"1. MALE
","-2. Inapplicable, W eb sample
-5. Inapplicable question
"
V165563,RESTRICTED. FTF SCREENER: SCRN_AGE. Roster 7 age,How old is [SCRN_NAME_]?,,"-2. Inapplicable, W eb sample
-3. Restricted access
-5. Inapplicable question
"
V165564,FTF SCREENER: Roster 7 age categories,Not applicable,"1. Age group
","-2. Inapplicable, W eb sample
-5. Inapplicable question
"
V165565,FTF SCREENER: CONFIRM2. Roster 7 confirm age,IF SCRN_AGE = DK/RF: Will [SCRN_NAME_] be age 18 or older on November 8?,,"-2. Inapplicable, W eb sample
-5. Inapplicable question
"
V165566,FTF SCREENER: ELIG_CKAGE. Roster 7 age check,HA VE YOU OBSER VED THA T [SCRN_NAME_] CLEARL Y APPEARS TO BE 18 OR OLDER?,,"-2. Inapplicable, W eb sample
-5. Inapplicable question
"
V165567,FTF SCREENER: SCRN_CIT. Roster 7 citizenship,Is [SCRN_NAME_] now a United States citizen or not a U.S. citizen?,"1. U.S. CITIZEN
","-2. Inapplicable, W eb sample
-5. Inapplicable question
"
V165568,FTF SCREENER: SCRN_EDUC. Roster 7 education,What is the highest level of school [SCRN_NAME_] has completed?,"2. HIGH SCHOOL
","-2. Inapplicable, W eb sample
-5. Inapplicable question
"
V165569,FTF SCREENER: SCRN_RES. Roster 8 residency,Is this where [SCRN_NAME_s] lives?,"1. YES
","-2. Inapplicable, W eb sample
-5. Inapplicable question
"
V165570,FTF SCREENER: SCRN_SEX. Roster 8 sex,What is [SCRN_NAME_]s sex?,"1. MALE
","-2. Inapplicable, W eb sample
-5. Inapplicable question
"
V165571,RESTRICTED. FTF SCREENER: SCRN_AGE. Roster 8 age,How old is [SCRN_NAME_]?,,"-2. Inapplicable, W eb sample
-3. Restricted access
-5. Inapplicable question
"
V165572,FTF SCREENER: Roster 8 age categories,Not applicable,"2. Age group
","-2. Inapplicable, W eb sample
-5. Inapplicable question
"
V165573,FTF SCREENER: CONFIRM2. Roster 8 confirm age,IF SCRN_AGE = DK/RF: Will [SCRN_NAME_] be age 18 or older on November 8?,,"-2. Inapplicable, W eb sample
-5. Inapplicable question
"
V165574,FTF SCREENER: ELIG_CKAGE. Roster 8 age check,HA VE YOU OBSER VED THA T [SCRN_NAME_] CLEARL Y APPEARS TO BE 18 OR OLDER?,,"-2. Inapplicable, W eb sample
-5. Inapplicable question
"
V165575,FTF SCREENER: SCRN_CIT. Roster 8 citizenship,Is [SCRN_NAME_] now a United States citizen or not a U.S. citizen?,"1. U.S. CITIZEN
","-2. Inapplicable, W eb sample
-5. Inapplicable question
"
V165576,FTF SCREENER: SCRN_EDUC. Roster 8 education,What is the highest level of school [SCRN_NAME_] has completed?,"2. HIGH SCHOOL
","-2. Inapplicable, W eb sample
-5. Inapplicable question
"
V165577,FTF SCREENER: SCRN_RES. Roster 9 residency,Is this where [SCRN_NAME_s] lives?,,"-2. Inapplicable, W eb sample
-5. Inapplicable question
"
V165578,FTF SCREENER: SCRN_SEX. Roster 9 sex,What is [SCRN_NAME_]s sex?,,"-2. Inapplicable, W eb sample
-5. Inapplicable question
"
V165579,RESTRICTED. FTF SCREENER: SCRN_AGE. Roster 9 age,How old is [SCRN_NAME_]?,,"-2. Inapplicable, W eb sample
-5. Inapplicable question
"
V165580,FTF SCREENER: Roster 9 age categories,Not applicable,,"-2. Inapplicable, W eb sample
-5. Inapplicable question
"
V165581,FTF SCREENER: CONFIRM2. Roster 9 confirm age,IF SCRN_AGE = DK/RF: Will [SCRN_NAME_] be age 18 or older on November 8?,,"-2. Inapplicable, W eb sample
-5. Inapplicable question
"
V165582,FTF SCREENER: ELIG_CKAGE. Roster 9 age check,HA VE YOU OBSER VED THA T [SCRN_NAME_] CLEARL Y APPEARS TO BE 18 OR OLDER?,,"-2. Inapplicable, W eb sample
-5. Inapplicable question
"
V165583,FTF SCREENER: SCRN_CIT. Roster 9 citizenship,Is [SCRN_NAME_] now a United States citizen or not a U.S. citizen?,,"-2. Inapplicable, W eb sample
-5. Inapplicable question
"
V165584,FTF SCREENER: SCRN_EDUC. Roster 9 education,What is the highest level of school [SCRN_NAME_] has completed?,,"-2. Inapplicable, W eb sample
-5. Inapplicable question
"
V165585,FTF SCREENER: Confirm no one missing from roster,"I have listed [[NUMBER] people besides you / you as the only person] in your household age 18 or older. Have I missed anyone who usually lives here but is away now, traveling, at school, or in a hospital, or anyone else whose regular home is here?","1. ROSTER CORRECT
","-2. Inapplicable, W eb sample
"
V165586,FTF SCREENER: Home is rented or owned,Is this home owned or rented by you or someone in this household?,"1. OWNED
2. RENTED
3. OTHER
","-2. Inapplicable, W eb sample
-9. Refused
"
V165587,FTF SCREENER: Any other person who receives mail here,Is there any other person or group of people you havent already told me about who lives and receives mail [here / at ADDRESS]?,"1. YES
2. NO
","-2. Inapplicable, W eb sample
"
V165588,FTF SCREENER: Address of any hidden households,Press 1 and enter to continue.,"1. Continue
","-2. Inapplicable, W eb sample
-5. Inapplicable question
"
V165589,FTF SCREENER: No one eligible from screener logic,"As it turns out, there is no one here who is eligible to be interviewed. W e appreciate your help. Thank you for your time.",,"-2. Inapplicable, W eb sample
-5. Inapplicable question
"
V165590,FTF SCREENER: Screener R selected for Pre,The computer has selected you for the interview. Are you available to con- tinue with the interview at this time?,"1. YES, PROCEED WITH INTER VIEW
2. NO, SP NOT A V AILABLE
","-2. Inapplicable, W eb sample
-5. Inapplicable question
"
V165591,FTF SCREENER: Is selected R (not screener) available,The computer has selected (SCRN_NAME_) for the survey . The rest of my questions are for (SCRN_NAME_). Is (SCRN_NAME_) available now?,"1. YES, PROCEED WITH SP
2. NO, SP NOT A V AILABLE
","-2. Inapplicable, W eb sample
-5. Inapplicable question
"
V165592,FTF SCREENER: Did informant give legitimate SP phone number,Not applicable,"1. Y es
2. No
","-2. Inapplicable, W eb sample
"
V165593,FTF SCREENER: Is the phone provided a cell phone,Is this a cell phone number?,"1. YES
2. NO
","-2. Inapplicable, W eb sample
-5. Inapplicable question
"
V165594,FTF SCREENER: May we use text message at phone provided,May we contact you by text message at this number?,"1. YES
2. NO
","-2. Inapplicable, W eb sample
-5. Inapplicable question
-8. Don’t know
"
V165595,FTF SCREENER: Can selected person conduct interview in English,[Is [SP NAME] able to speak English well enough to complete an interview in English?],"1. YES, SP CAN DO
2. NO, SP CANNOT DO
","-2. Inapplicable, W eb sample
-5. Inapplicable question
"
V165596,FTF SCREENER: Can selected person conduct interview in Spanish,[W ould [SP NAME] be able to complete the interview in Spanish?],"1. YES
2. NO
","-2. Inapplicable, W eb sample
-5. Inapplicable question
"
V165597,FTF SCREENER: End screener,Press 1 and enter to continue.,,"-2. Inapplicable, W eb sample
-5. Inapplicable question
"
V165598,FTF SCREENER: W as screener administered in English or Spanish,W AS THIS INTER VIEW ADMINISTERED IN ENGLISH OR SP ANISH?,"1. ENGLISH
2. SP ANISH
","-2. Inapplicable, W eb sample
"
V165599,RESTRICTED. FTF SCREENER: Selected person age,Not applicable,,"-2. Inapplicable, W eb sample
-3. Restricted access
"
V165600,FTF SCREENER: Selected person age categories,Not applicable,"1. Age group
2. Age group
3. Age group
","-2. Inapplicable, W eb sample
"
V165601,FTF SCREENER: Selected person language,Not applicable,"1. English
2. Spanish
","-2. Inapplicable, W eb sample
-5. Inapplicable question
"
V165602,FTF SCREENER: Number of adults in HH - summary,Not applicable,,"-2. Inapplicable, W eb sample
"
V165603,FTF SCREENER: Number of eligible U.S. Citizen adults in HH - summary,Not applicable,,"-2. Inapplicable, W eb sample
"
V165604,FTF SCREENER: Selection is Nth citizen listed in roster,Not applicable,,"-2. Inapplicable, W eb sample
-5. Inapplicable question
"
V165605,FTF SCREENER: Selection is Nth person listed in roster,Not applicable,,"-2. Inapplicable, W eb sample
-5. Inapplicable question
"
V165606,FTF SCREENER: Roster position selected for Pre (final summary),Not applicable,"1. Person
2. Person
3. Person
4. Person
6. Person
","-2. Inapplicable, W eb sample
-5. Screener R only person in
"
V165607,FTF SCREENER: Roster size,Not applicable,,"-2. Inapplicable, W eb sample
-5. Inapplicable question
"
V165608,"FTF SCREENER: Selection for Pre, Detailed",Not applicable,"1. Screener R/Person
2. Screener R/Person
3. Screener R/Person
4. Person
5. Person
6. Person
7. Person
8. Person
10. Person
","-2. Inapplicable, W eb sample
"
V165609,FTF SCREENER: Screener R selected for Pre,Not applicable,"1. Screener R selected for Pre
2. Screener R not selected for
","-2. Inapplicable, W eb sample
"
V165700,WEB SCREENER: Screener completed,Not applicable,"1. W eb screener completed
","-2. Inapplicable, FTF sample
"
V165701,WEB SCREENER: WEB screener check amount for Rs not selected for Pre,Not applicable,,"-2. Inapplicable, FTF sample
-5. Inapplicable, R selected
"
V165702,WEB SCREENER: Interview start date (yyyymmdd),Not applicable 60 unique outcomes. 20 most frequently appearing outcomes:,,
V165703,WEB SCREENER: Interview start time (hhmmss),Not applicable 3014 unique outcomes. 20 most frequently appearing outcomes:,,
V165704,WEB SCREENER: Interview end date (yyyymmdd),Not applicable 60 unique outcomes. 20 most frequently appearing outcomes:,,
V165705,WEB SCREENER: Interview end time (hhmmss),Not applicable 3018 unique outcomes. 20 most frequently appearing outcomes:,,
V165706,WEB SCREENER: Question displayed when interview ended,Not applicable,,"-2. Inapplicable, FTF sample
"
V165707,WEB SCREENER: Seed value,Not applicable 3090 unique outcomes. 20 most frequently appearing outcomes:,,
V165708,WEB SCREENER: Interview engine version,Not applicable,,"-2. Inapplicable, FTF sample
"
V165709,WEB SCREENER: Language of screener,Not applicable,"1. English
2. Spanish
","-2. Inapplicable, FTF sample
"
V165710,WEB SCREENER: S3. Address verification,Address verification,"1. I live at this address
","-2. Inapplicable, FTF sample
-7. No data
"
V165711,WEB SCREENER: S4. Nonresident,Nonresident,,"-2. Inapplicable, FTF sample
-5. Inapplicable question
"
V165712,WEB SCREENER: S5. Number of adults,Number of adults,,"-2. Inapplicable, FTF sample
"
V165713,WEB SCREENER: S5a. Unusually large household,Unusually large household,"1. Household
","-2. Inapplicable, FTF sample
-5. Inapplicable question
"
V165714,WEB SCREENER: S5b1. Other living arrangement,"Who owns the place where you live? Y ou, someone related to you, a person not related to you, a business, the government, or another organization?",,"-2. Inapplicable, FTF sample
-5. Inapplicable question
"
V165715,RESTRICTED. WEB SCREENER: S5b3. How many people in building,How many people live in the building? Y our best guess is fine.,,"-2. Inapplicable, FTF sample
-5. Inapplicable question
"
V165716,WEB SCREENER: S5b3. How many people in building - topcoded,Not applicable,,"-2. Inapplicable, FTF sample
-5. Inapplicable question
"
V165717,WEB SCREENER: S5b4. Home have its own kitchen,"Does your home have its own kitchen, or not?",,"-2. Inapplicable, FTF sample
-5. Inapplicable question
"
V165718,WEB SCREENER: S5b5. Pay rent or have another arrangement,Do you pay rent or have another arrangement?,,"-2. Inapplicable, FTF sample
-5. Inapplicable question
"
V165719,WEB SCREENER: S5d. Number of adults above 2,Number of adults above 2,,"-2. Inapplicable, FTF sample
-5. Inapplicable question
"
V165720,WEB SCREENER: S6. HH citizenship,HH citizenship,,"-2. Inapplicable, FTF sample
-5. Inapplicable question
"
V165721,WEB SCREENER: S6a. Singleton citizenship,Singleton citizenship,"1. U.S. citizen
","-2. Inapplicable, FTF sample
-5. Inapplicable question
"
V165722,WEB SCREENER: S6b. R citizenship,R citizenship,"0. Not a citizen
1. U.S. citizen
","-2. Inapplicable, FTF sample
-5. Inapplicable question
"
V165723,WEB SCREENER: S7. Gender,Gender,"1. Male
2. F emale
","-2. Inapplicable, FTF sample
-7. No data
"
V165724,WEB SCREENER: S8. Adult check,Adult check,"1. Age
2. Under
","-2. Inapplicable, FTF sample
"
V165725,WEB SCREENER: S10. CAMPINTSTD. Interest in campaigns,Interest in campaigns,"1. Not much interested
2. Somewhat interested
3. V ery much interested
","-2. Inapplicable, FTF sample
-5. Inapplicable question
"
V165726,WEB SCREENER: S10. PRESVTLAST. 2012 T urnout,2012 T urnout,"1. Y es, voted
2. No, didn’t vote
","-2. Inapplicable, FTF sample
-5. Inapplicable question
-7. Did not answer
"
V165727,WEB SCREENER: S10. REGIST. V oter registration,V oter registration,"1. Registered at this address
2. Registered at a different
3. Not currently registered
","-2. Inapplicable, FTF sample
-5. Inapplicable question
"
V165728,WEB SCREENER: S10. REGPTY. Party of registration,Party of registration,"1. Democratic party
2. Republican party
4. None or ‘independent’
5. Other (SPECIFY)
","-2. Inapplicable, FTF sample
-5. Inapplicable question
-7. Did not answer
"
V165729,RESTRICTED. WEB SCREENER: S10. REGPTY. Party of registration -,Not applicable,,"-2. Inapplicable, FTF sample
-3. Restricted access
-5. Inapplicable question
"
V165730,RESTRICTED. WEB SCREENER: S10. FINF AM. Number of family mem-,Number of family members living with R,,"-2. Inapplicable, FTF sample
-3. Restricted access
-5. Inapplicable question
"
V165731,WEB SCREENER: S10. FINF AM_x. Number of family members living,Not applicable,,"-2. Inapplicable, FTF sample
-5. Inapplicable question
"
V165732,WEB SCREENER: S10. RHEAL TH. Health,Health,"1. Poor
2. F air
3. Good
4. V ery good
5. Excellent
","-2. Inapplicable, FTF sample
-5. Inapplicable question
-7. Did not answer
"
V165733,WEB SCREENER: S10. Party Order. Randomization for party order,Not applicable,"1. Dem party first in response
2. Rep party first in response
","-2. Inapplicable, FTF sample
-5. Inapplicable question
"
V165734,WEB SCREENER: S10. RPTYID. 3-point party ID,3-pt PID,"1. Democratic party
2. Republican party
3. None or ‘independent’
5. Other (SPECIFY)
","-2. Inapplicable, FTF sample
-5. Inapplicable question
-7. Did not answer
"
V165735,RESTRICTED. WEB SCREENER: S10. RPTYID_5. 3-point party ID -,Not applicable,,"-2. Inapplicable, FTF sample
-3. Restricted access
-5. Inapplicable question
"
V165736,RESTRICTED. WEB SCREENER: S10. BIR THYR. Y ear of birth,Y ear of birth,,"-2. Inapplicable, FTF sample
-3. Restricted access
-5. Inapplicable question
"
V165737,WEB SCREENER: S10. BIR THYR. Y ear of birth - topcoded,Not applicable 73 unique outcomes. 20 most frequently appearing outcomes:,,
V165738,RESTRICTED. WEB SCREENER: S10. BIR THMO. Month of birth,Month of birth,,"-2. Inapplicable, FTF sample
-3. Restricted access
-5. Inapplicable question
"
V165739,WEB SCREENER: S10. MARIT AL. Marital status,Marital status,"1. Married
3. Widowed
4. Divorced
5. Separated
6. Never married
","-2. Inapplicable, FTF sample
-5. Inapplicable question
-7. Did not answer
"
V165740,WEB SCREENER: S10. P AR TN. Partnership status,Partnership status,"1. Y es
2. No
","-2. Inapplicable, FTF sample
-5. Inapplicable question
-7. Did not answer
"
V165741,WEB SCREENER: S10. EDUCR. Educational attainment,Educational attainment,"09. High school graduate-
10. Some college but no
11. Associate degree in
12. Associate degree in
13. Bachelor’s degree (for
14. Master’s degree (for
15. Professional school degree
16. Doctorate degree (for
95. Other (SPECIFY)
","-2. Inapplicable, FTF sample
-5. Inapplicable question
"
V165742,RESTRICTED. WEB SCREENER: S10. EDUCR. Educational attainment,Not applicable,,"-2. Inapplicable, FTF sample
-3. Restricted access
-5. Inapplicable question
"
V165743,WEB SCREENER: S10. EDUCSP . Spouse/partner educational attainment,Spouse/partner educational attainment,"01. Less than
09. High school graduate-
10. Some college but no
11. Associate degree in
12. Associate degree in
13. Bachelor’s degree (for
14. Master’s degree (for
15. Professional school degree
16. Doctorate degree (for
95. Other (SPECIFY)
","-2. Inapplicable, FTF sample
-5. Inapplicable question
-7. Did not answer
"
V165744,RESTRICTED. WEB SCREENER: S10. EDUCSP . Spouse/partner educ,Not applicable,,"-2. Inapplicable, FTF sample
-3. Restricted access
-5. Inapplicable question
"
V165745,WEB SCREENER: S10. HISP . Ethnicity,Ethnicity,"1. Y es
2. No
","-2. Inapplicable, FTF sample
-5. Inapplicable question
-7. Did not answer
"
V165746,WEB SCREENER: S10. RACECPS1. White,Race,"0. Not selected by R
1. Selected by R
","-2. Inapplicable, FTF sample
-5. Inapplicable question
"
V165747,WEB SCREENER: S10. RACECPS2. Black or African-American,Race,"0. Not selected by R
1. Selected by R
","-2. Inapplicable, FTF sample
-5. Inapplicable question
"
V165748,WEB SCREENER: S10. RACECPS3. American Indian or Alaska Native,Race,"0. Not selected by R
1. Selected by R
","-2. Inapplicable, FTF sample
-5. Inapplicable question
"
V165749,WEB SCREENER: S10. RACECPS4. Asian,Race,"0. Not selected by R
1. Selected by R
","-2. Inapplicable, FTF sample
-5. Inapplicable question
"
V165750,WEB SCREENER: S10. RACECPS5. Native Hawaiian or other Pacific,Race,"0. Not selected by R
1. Selected by R
","-2. Inapplicable, FTF sample
-5. Inapplicable question
"
V165751,WEB SCREENER: S10. RACECPS6. Other,Race,"0. Not selected by R
1. Selected by R
","-2. Inapplicable, FTF sample
-5. Inapplicable question
"
V165752,RESTRICTED. WEB SCREENER: S10. RACECPS95. Other - description,Not applicable,,"-2. Inapplicable, FTF sample
-3. Restricted access
-5. Inapplicable question
"
V165753,WEB SCREENER: S10. OWNHOME. Home tenure,Home tenure,"1. Pay rent
2. Pay mortgage
3. Own home with no payments due
4. Some other arrangement
","-2. Inapplicable, FTF sample
-5. Inapplicable question
-7. Did not answer
"
V165754,RESTRICTED. WEB SCREENER: S10. LENADDR. Y ears at address,Y ears at address,,"-2. Inapplicable, FTF sample
-3. Restricted access
-5. Inapplicable question
"
V165755,WEB SCREENER: S10. LENADDR. Y ears at address - categories,Not applicable,"2. Less than
","-2. Inapplicable, FTF sample
-5. Inapplicable question
"
V165756,RESTRICTED. WEB SCREENER: S10. TOTINC. F amily income,F amily income,,"-2. Inapplicable, FTF sample
-3. Restricted access
-5. Inapplicable question
"
V165757,WEB SCREENER: S10. TOTINC. F amily income - categories,Not applicable 30 unique outcomes. 20 most frequently appearing outcomes:,,
V165758,WEB SCREENER: S10. TOTMISS40. F amily income category,F amily income category,"2. Less than
","-2. Inapplicable, FTF sample
-5. Inapplicable question
-7. Did not answer
"
V165759,WEB SCREENER: S101. Gender for roster person 1,Is [NAME] male or female?,"1. Male
2. F emale
","-2. Inapplicable, FTF sample
-5. Inapplicable question
"
V165760,WEB SCREENER: S101. Gender for roster person 2,Is [NAME] male or female?,"1. Male
2. F emale
","-2. Inapplicable, FTF sample
-5. Inapplicable question
"
V165761,WEB SCREENER: S101. Gender for roster person 3,Is [NAME] male or female?,"1. Male
2. F emale
","-2. Inapplicable, FTF sample
-5. Inapplicable question
"
V165762,WEB SCREENER: S101. Gender for roster person 4,Is [NAME] male or female?,"1. Male
2. F emale
","-2. Inapplicable, FTF sample
-5. Inapplicable question
"
V165763,WEB SCREENER: S101. Gender for roster person 5,Is [NAME] male or female?,"1. Male
2. F emale
","-2. Inapplicable, FTF sample
-5. Inapplicable question
"
V165764,WEB SCREENER: S101. Gender for roster person 6,Is [NAME] male or female?,"1. Male
2. F emale
","-2. Inapplicable, FTF sample
-5. Inapplicable question
"
V165765,WEB SCREENER: S101. Gender for roster person 7,Is [NAME] male or female?,"1. Male
2. F emale
","-2. Inapplicable, FTF sample
-5. Inapplicable question
"
V165766,WEB SCREENER: S101. Gender for roster person 8,Is [NAME] male or female?,"1. Male
","-2. Inapplicable, FTF sample
-5. Inapplicable question
"
V165767,WEB SCREENER: S101. Gender for roster person 9,Is [NAME] male or female?,,"-2. Inapplicable, FTF sample
-5. Inapplicable question
"
V165768,WEB SCREENER: S101. Gender for roster person 10,Is [NAME] male or female?,,"-2. Inapplicable, FTF sample
-5. Inapplicable question
"
V165769,WEB SCREENER: S102. Citizenship for roster person 1,Is [NAME] a U.S. citizen or not a citizen of the United States?,"1. U.S. Citizen
2. Not a Citizen
","-2. Inapplicable, FTF sample
-5. Inapplicable question
"
V165770,WEB SCREENER: S102. Citizenship for roster person 2,Is [NAME] a U.S. citizen or not a citizen of the United States?,"1. U.S. Citizen
2. Not a Citizen
","-2. Inapplicable, FTF sample
-5. Inapplicable question
"
V165771,WEB SCREENER: S102. Citizenship for roster person 3,Is [NAME] a U.S. citizen or not a citizen of the United States?,"1. U.S. Citizen
2. Not a Citizen
","-2. Inapplicable, FTF sample
-5. Inapplicable question
"
V165772,WEB SCREENER: S102. Citizenship for roster person 4,Is [NAME] a U.S. citizen or not a citizen of the United States?,"1. U.S. Citizen
2. Not a Citizen
","-2. Inapplicable, FTF sample
-5. Inapplicable question
"
V165773,WEB SCREENER: S102. Citizenship for roster person 5,Is [NAME] a U.S. citizen or not a citizen of the United States?,"1. U.S. Citizen
2. Not a Citizen
","-2. Inapplicable, FTF sample
-5. Inapplicable question
"
V165774,WEB SCREENER: S102. Citizenship for roster person 6,Is [NAME] a U.S. citizen or not a citizen of the United States?,"1. U.S. Citizen
2. Not a Citizen
","-2. Inapplicable, FTF sample
-5. Inapplicable question
"
V165775,WEB SCREENER: S102. Citizenship for roster person 7,Is [NAME] a U.S. citizen or not a citizen of the United States?,"1. U.S. Citizen
","-2. Inapplicable, FTF sample
-5. Inapplicable question
"
V165776,WEB SCREENER: S102. Citizenship for roster person 8,Is [NAME] a U.S. citizen or not a citizen of the United States?,"1. U.S. Citizen
","-2. Inapplicable, FTF sample
-5. Inapplicable question
"
V165777,WEB SCREENER: S102. Citizenship for roster person 9,Is [NAME] a U.S. citizen or not a citizen of the United States?,,"-2. Inapplicable, FTF sample
-5. Inapplicable question
"
V165778,WEB SCREENER: S102. Citizenship for roster person 10,Is [NAME] a U.S. citizen or not a citizen of the United States?,,"-2. Inapplicable, FTF sample
-5. Inapplicable question
"
V165779,RESTRICTED. WEB SCREENER: S103. Age for roster person 1,"How old is [NAME]? If youre not exactly sure, please give your best guess.",,"-2. Inapplicable, FTF sample
-3. Restricted access
-5. Inapplicable question
"
V165780,RESTRICTED. WEB SCREENER: S103. Age for roster person 2,"How old is [NAME]? If youre not exactly sure, please give your best guess.",,"-2. Inapplicable, FTF sample
-3. Restricted access
-5. Inapplicable question
"
V165781,RESTRICTED. WEB SCREENER: S103. Age for roster person 3,"How old is [NAME]? If youre not exactly sure, please give your best guess.",,"-2. Inapplicable, FTF sample
-3. Restricted access
-5. Inapplicable question
"
V165782,RESTRICTED. WEB SCREENER: S103. Age for roster person 4,"How old is [NAME]? If youre not exactly sure, please give your best guess.",,"-2. Inapplicable, FTF sample
-3. Restricted access
-5. Inapplicable question
"
V165783,RESTRICTED. WEB SCREENER: S103. Age for roster person 5,"How old is [NAME]? If youre not exactly sure, please give your best guess.",,"-2. Inapplicable, FTF sample
-3. Restricted access
-5. Inapplicable question
"
V165784,RESTRICTED. WEB SCREENER: S103. Age for roster person 6,"How old is [NAME]? If youre not exactly sure, please give your best guess.",,"-2. Inapplicable, FTF sample
-3. Restricted access
-5. Inapplicable question
"
V165785,RESTRICTED. WEB SCREENER: S103. Age for roster person 7,"How old is [NAME]? If youre not exactly sure, please give your best guess.",,"-2. Inapplicable, FTF sample
-3. Restricted access
-5. Inapplicable question
"
V165786,RESTRICTED. WEB SCREENER: S103. Age for roster person 8,"How old is [NAME]? If youre not exactly sure, please give your best guess.",,"-2. Inapplicable, FTF sample
-3. Restricted access
-5. Inapplicable question
"
V165787,RESTRICTED. WEB SCREENER: S103. Age for roster person 9,"How old is [NAME]? If youre not exactly sure, please give your best guess.",,"-2. Inapplicable, FTF sample
-5. Inapplicable question
"
V165788,RESTRICTED. WEB SCREENER: S103. Age for roster person 10,"How old is [NAME]? If youre not exactly sure, please give your best guess.",,"-2. Inapplicable, FTF sample
-5. Inapplicable question
"
V165789,WEB SCREENER: S103. Age categories for roster person 1,Not applicable,"0. Under
1. Age group
2. Age group
3. Age group
","-2. Inapplicable, FTF sample
-5. Inapplicable question
"
V165790,WEB SCREENER: S103. Age categories for roster person 2,Not applicable,"0. Under
1. Age group
2. Age group
3. Age group
","-2. Inapplicable, FTF sample
-5. Inapplicable question
"
V165791,WEB SCREENER: S103. Age categories for roster person 3,Not applicable,"1. Age group
2. Age group
3. Age group
","-2. Inapplicable, FTF sample
-5. Inapplicable question
"
V165792,WEB SCREENER: S103. Age categories for roster person 4,Not applicable,"1. Age group
2. Age group
3. Age group
","-2. Inapplicable, FTF sample
-5. Inapplicable question
"
V165793,WEB SCREENER: S103. Age categories for roster person 5,Not applicable,"1. Age group
2. Age group
3. Age group
","-2. Inapplicable, FTF sample
-5. Inapplicable question
"
V165794,WEB SCREENER: S103. Age categories for roster person 6,Not applicable,"1. Age group
2. Age group
","-2. Inapplicable, FTF sample
-5. Inapplicable question
"
V165795,WEB SCREENER: S103. Age categories for roster person 7,Not applicable,"0. Under
1. Age group
","-2. Inapplicable, FTF sample
-5. Inapplicable question
"
V165796,WEB SCREENER: S103. Age categories for roster person 8,Not applicable,"1. Age group
","-2. Inapplicable, FTF sample
-5. Inapplicable question
"
V165797,WEB SCREENER: S103. Age categories for roster person 9,Not applicable,,"-2. Inapplicable, FTF sample
-5. Inapplicable question
"
V165798,WEB SCREENER: S103. Age categories for roster person 10,Not applicable,,"-2. Inapplicable, FTF sample
-5. Inapplicable question
"
V165799,WEB SCREENER: Number of adults in HH before roster. Derived from s5,Not applicable,,"-2. Inapplicable, FTF sample
"
V165800,WEB SCREENER: Number of adults in HH - summary,Not applicable,,"-2. Inapplicable, FTF sample
"
V165801,WEB SCREENER: Number eligible adults in HH before roster. Derived,Not applicable,,"-2. Inapplicable, FTF sample
"
V165802,WEB SCREENER: Number of eligible adults in HH after roster. Ros-,Not applicable,,"-2. Inapplicable, FTF sample
-5. Inapplicable question
"
V165803,WEB SCREENER: Number of eligible U.S. Citizen adults in HH - summary,Not applicable,,"-2. Inapplicable, FTF sample
"
V165804,WEB SCREENER: Selected person before roster. Derived from NUMELIG,Not applicable,,"-2. Inapplicable, FTF sample
"
V165805,WEB SCREENER: Selection is Nth citizen listed in roster,Not applicable,,"-2. Inapplicable, FTF sample
-5. Inapplicable question
"
V165806,WEB SCREENER: Selection is Nth person listed in roster,Not applicable,,"-2. Inapplicable, FTF sample
-5. Inapplicable question
"
V165807,WEB SCREENER: Roster position selected for Pre (final summary),Not applicable,"1. Person
2. Person
3. Person
4. Person
5. Person
6. Person
","-2. Inapplicable, FTF sample
-5. Screener R selected or no
"
V165808,WEB SCREENER: Roster size,Not applicable,,"-2. Inapplicable, FTF sample
-5. Inapplicable question
"
V165809,"WEB SCREENER: Selection for Pre, detailed",Not applicable,"1. Screener R selected:
2. Screener R selected: More
3. Screener R selected: More
4. Person
5. Person
6. Person
7. Person
8. Person
9. Person
","-2. Inapplicable, FTF sample
"
V165810,WEB SCREENER: Screener R selected for Pre,Not applicable,"1. Screener R selected for Pre
2. Screener R not selected for
","-2. Inapplicable, FTF sample
"
V166001,RANDOM: Assignment to forward or reverse response options for selected,Not applicable,"1. F orward order (selected
2. Reverse order (selected
",
V166002,RANDOM: Assignment to ballot color/ order of major party names in vote,Not applicable,"1. Democratic cand names
2. Republican cand names
",
V166003,RANDOM: Assignment of contribution amount for,Not applicable,,"-6. No post-election interview
-7. No post data, deleted due
"
V166004,RANDOM: Order of political figure thermometers (THERMPRE) - 1st,Not applicable,"1. Tim Kaine
2. Mike Pence
3. Gary Johnson
4. Barack Obama
5. Bill Clinton
6. Jill Stein
",
V166005,RANDOM: Order of political figure thermometers (THERMPRE) - 2nd,Not applicable,"1. Tim Kaine
2. Mike Pence
3. Gary Johnson
4. Barack Obama
5. Bill Clinton
6. Jill Stein
",
V166006,RANDOM: Order of political figure thermometers (THERMPRE) - 3rd,Not applicable,"1. Tim Kaine
2. Mike Pence
3. Gary Johnson
4. Barack Obama
5. Bill Clinton
6. Jill Stein
",
V166007,RANDOM: Order of political figure thermometers (THERMPRE) - 4th,Not applicable,"1. Tim Kaine
2. Mike Pence
3. Gary Johnson
4. Barack Obama
5. Bill Clinton
6. Jill Stein
",
V166008,RANDOM: Order of political figure thermometers (THERMPRE) - 5th,Not applicable,"1. Tim Kaine
2. Mike Pence
3. Gary Johnson
4. Barack Obama
5. Bill Clinton
6. Jill Stein
",
V166009,RANDOM: Order of political figure thermometers (THERMPRE) - 6th,Not applicable,"1. Tim Kaine
2. Mike Pence
3. Gary Johnson
4. Barack Obama
5. Bill Clinton
6. Jill Stein
",
V166010,RANDOM: Order of Presidential candidate affects (CANDAFF) - 1st,Not applicable,"1. Angry (Clinton)
2. Hopeful (Clinton)
3. Afraid (Clinton)
4. Proud (Clinton)
5. Disgusted (Clinton)
6. Angry (T rump)
7. Hopeful (T rump)
8. Afraid (T rump)
9. Proud (T rump)
10. Disgusted (T rump)
",
V166011,RANDOM: Order of Presidential candidate affects (CANDAFF) - 2nd,Not applicable,"1. Angry (Clinton)
2. Hopeful (Clinton)
3. Afraid (Clinton)
4. Proud (Clinton)
5. Disgusted (Clinton)
6. Angry (T rump)
7. Hopeful (T rump)
8. Afraid (T rump)
9. Proud (T rump)
10. Disgusted (T rump)
",
V166012,RANDOM: Order of Presidential candidate affects (CANDAFF) - 3rd,Not applicable,"1. Angry (Clinton)
2. Hopeful (Clinton)
3. Afraid (Clinton)
4. Proud (Clinton)
5. Disgusted (Clinton)
6. Angry (T rump)
7. Hopeful (T rump)
8. Afraid (T rump)
9. Proud (T rump)
10. Disgusted (T rump)
",
V166013,RANDOM: Order of Presidential candidate affects (CANDAFF) - 4th,Not applicable,"1. Angry (Clinton)
2. Hopeful (Clinton)
3. Afraid (Clinton)
4. Proud (Clinton)
5. Disgusted (Clinton)
6. Angry (T rump)
7. Hopeful (T rump)
8. Afraid (T rump)
9. Proud (T rump)
10. Disgusted (T rump)
",
V166014,RANDOM: Order of Presidential candidate affects (CANDAFF) - 5th,Not applicable,"1. Angry (Clinton)
2. Hopeful (Clinton)
3. Afraid (Clinton)
4. Proud (Clinton)
5. Disgusted (Clinton)
6. Angry (T rump)
7. Hopeful (T rump)
8. Afraid (T rump)
9. Proud (T rump)
10. Disgusted (T rump)
",
V166015,RANDOM: Order of Presidential candidate affects (CANDAFF) - 6th,Not applicable,"1. Angry (Clinton)
2. Hopeful (Clinton)
3. Afraid (Clinton)
4. Proud (Clinton)
5. Disgusted (Clinton)
6. Angry (T rump)
7. Hopeful (T rump)
8. Afraid (T rump)
9. Proud (T rump)
10. Disgusted (T rump)
",
V166016,RANDOM: Order of Presidential candidate affects (CANDAFF) - 7th,Not applicable,"1. Angry (Clinton)
2. Hopeful (Clinton)
3. Afraid (Clinton)
4. Proud (Clinton)
5. Disgusted (Clinton)
6. Angry (T rump)
7. Hopeful (T rump)
8. Afraid (T rump)
9. Proud (T rump)
10. Disgusted (T rump)
",
V166017,RANDOM: Order of Presidential candidate affects (CANDAFF) - 8th,Not applicable,"1. Angry (Clinton)
2. Hopeful (Clinton)
3. Afraid (Clinton)
4. Proud (Clinton)
5. Disgusted (Clinton)
6. Angry (T rump)
7. Hopeful (T rump)
8. Afraid (T rump)
9. Proud (T rump)
10. Disgusted (T rump)
",
V166018,RANDOM: Order of Presidential candidate affects (CANDAFF) - 9th,Not applicable,"1. Angry (Clinton)
2. Hopeful (Clinton)
3. Afraid (Clinton)
4. Proud (Clinton)
5. Disgusted (Clinton)
6. Angry (T rump)
7. Hopeful (T rump)
8. Afraid (T rump)
9. Proud (T rump)
10. Disgusted (T rump)
",
V166019,RANDOM: Order of Presidential candidate affects (CANDAFF) - 10th,Not applicable,"1. Angry (Clinton)
2. Hopeful (Clinton)
3. Afraid (Clinton)
4. Proud (Clinton)
5. Disgusted (Clinton)
6. Angry (T rump)
7. Hopeful (T rump)
8. Afraid (T rump)
9. Proud (T rump)
10. Disgusted (T rump)
",
V166020,RANDOM: Order of Presidential candidate traits (CTRAIT) - 1st,Not applicable,"1. Strong leadership (Clinton)
2. Really cares (Clinton)
3. Knowledgeable (Clinton)
4. Honest (Clinton)
5. Speaks mind (Clinton)
6. Strong leadership (T rump)
7. Really cares (T rump)
8. Knowledgeable (T rump)
9. Honest (T rump)
10. Speaks mind (T rump)
",
V166021,RANDOM: Order of Presidential candidate traits (CTRAIT) - 2nd,Not applicable,"1. Strong leadership (Clinton)
2. Really cares (Clinton)
3. Knowledgeable (Clinton)
4. Honest (Clinton)
5. Speaks mind (Clinton)
6. Strong leadership (T rump)
7. Really cares (T rump)
8. Knowledgeable (T rump)
9. Honest (T rump)
10. Speaks mind (T rump)
",
V166022,RANDOM: Order of Presidential candidate traits (CTRAIT) - 3rd,Not applicable,"1. Strong leadership (Clinton)
2. Really cares (Clinton)
3. Knowledgeable (Clinton)
4. Honest (Clinton)
5. Speaks mind (Clinton)
6. Strong leadership (T rump)
7. Really cares (T rump)
8. Knowledgeable (T rump)
9. Honest (T rump)
10. Speaks mind (T rump)
",
V166023,RANDOM: Order of Presidential candidate traits (CTRAIT) - 4th,Not applicable,"1. Strong leadership (Clinton)
2. Really cares (Clinton)
3. Knowledgeable (Clinton)
4. Honest (Clinton)
5. Speaks mind (Clinton)
6. Strong leadership (T rump)
7. Really cares (T rump)
8. Knowledgeable (T rump)
9. Honest (T rump)
10. Speaks mind (T rump)
",
V166024,RANDOM: Order of Presidential candidate traits (CTRAIT) - 5th,Not applicable,"1. Strong leadership (Clinton)
2. Really cares (Clinton)
3. Knowledgeable (Clinton)
4. Honest (Clinton)
5. Speaks mind (Clinton)
6. Strong leadership (T rump)
7. Really cares (T rump)
8. Knowledgeable (T rump)
9. Honest (T rump)
10. Speaks mind (T rump)
",
V166025,RANDOM: Order of Presidential candidate traits (CTRAIT) - 6th,Not applicable,"1. Strong leadership (Clinton)
2. Really cares (Clinton)
3. Knowledgeable (Clinton)
4. Honest (Clinton)
5. Speaks mind (Clinton)
6. Strong leadership (T rump)
7. Really cares (T rump)
8. Knowledgeable (T rump)
9. Honest (T rump)
10. Speaks mind (T rump)
",
V166026,RANDOM: Order of Presidential candidate traits (CTRAIT) - 7th,Not applicable,"1. Strong leadership (Clinton)
2. Really cares (Clinton)
3. Knowledgeable (Clinton)
4. Honest (Clinton)
5. Speaks mind (Clinton)
6. Strong leadership (T rump)
7. Really cares (T rump)
8. Knowledgeable (T rump)
9. Honest (T rump)
10. Speaks mind (T rump)
",
V166027,RANDOM: Order of Presidential candidate traits (CTRAIT) - 8th,Not applicable,"1. Strong leadership (Clinton)
2. Really cares (Clinton)
3. Knowledgeable (Clinton)
4. Honest (Clinton)
5. Speaks mind (Clinton)
6. Strong leadership (T rump)
7. Really cares (T rump)
8. Knowledgeable (T rump)
9. Honest (T rump)
10. Speaks mind (T rump)
",
V166028,RANDOM: Order of Presidential candidate traits (CTRAIT) - 9th,Not applicable,"1. Strong leadership (Clinton)
2. Really cares (Clinton)
3. Knowledgeable (Clinton)
4. Honest (Clinton)
5. Speaks mind (Clinton)
6. Strong leadership (T rump)
7. Really cares (T rump)
8. Knowledgeable (T rump)
9. Honest (T rump)
10. Speaks mind (T rump)
",
V166029,RANDOM: Order of Presidential candidate traits (CTRAIT) - 10th,Not applicable,"1. Strong leadership (Clinton)
2. Really cares (Clinton)
3. Knowledgeable (Clinton)
4. Honest (Clinton)
5. Speaks mind (Clinton)
6. Strong leadership (T rump)
7. Really cares (T rump)
8. Knowledgeable (T rump)
9. Honest (T rump)
10. Speaks mind (T rump)
",
V166030,RANDOM: Order of F ederal budget spending items (FEDSPEND) - 1st,Not applicable,"1. Social Security
2. Public schools
3. Science and technology
4. Dealing with crime
5. W elfare programs
6. Child care
7. Aid to the poor
8. Protecting the environment
",
V166031,RANDOM: Order of F ederal budget spending items (FEDSPEND) - 2nd,Not applicable,"1. Social Security
2. Public schools
3. Science and technology
4. Dealing with crime
5. W elfare programs
6. Child care
7. Aid to the poor
8. Protecting the environment
",
V166032,RANDOM: Order of F ederal budget spending items (FEDSPEND) - 3rd,Not applicable,"1. Social Security
2. Public schools
3. Science and technology
4. Dealing with crime
5. W elfare programs
6. Child care
7. Aid to the poor
8. Protecting the environment
",
V166033,RANDOM: Order of F ederal budget spending items (FEDSPEND) - 4th,Not applicable,"1. Social Security
2. Public schools
3. Science and technology
4. Dealing with crime
5. W elfare programs
6. Child care
7. Aid to the poor
8. Protecting the environment
",
V166034,RANDOM: Order of F ederal budget spending items (FEDSPEND) - 5th,Not applicable,"1. Social Security
2. Public schools
3. Science and technology
4. Dealing with crime
5. W elfare programs
6. Child care
7. Aid to the poor
8. Protecting the environment
",
V166035,RANDOM: Order of F ederal budget spending items (FEDSPEND) - 6th,Not applicable,"1. Social Security
2. Public schools
3. Science and technology
4. Dealing with crime
5. W elfare programs
6. Child care
7. Aid to the poor
8. Protecting the environment
",
V166036,RANDOM: Order of F ederal budget spending items (FEDSPEND) - 7th,Not applicable,"1. Social Security
2. Public schools
3. Science and technology
4. Dealing with crime
5. W elfare programs
6. Child care
7. Aid to the poor
8. Protecting the environment
",
V166037,RANDOM: Order of F ederal budget spending items (FEDSPEND) - 8th,Not applicable,"1. Social Security
2. Public schools
3. Science and technology
4. Dealing with crime
5. W elfare programs
6. Child care
7. Aid to the poor
8. Protecting the environment
",
V166038,RANDOM: R consider voting a duty or choice/choice or duty,Not applicable,"1. V ersion
2. V ersion
",
V166039,RANDOM: Social class - 4 question set/2 question set,Not applicable,"1. Selected for
2. Selected for
",
V166040,RANDOM: Party order Presidential candidates likes-dislikes (CANDLIK),Not applicable,"1. Dem/Rep
2. Rep/Dem
",
V166041,RANDOM: Party order political party likes-dislikes (PTYLIK),Not applicable,"1. Dem/Rep
2. Rep/Dem
",
V166042,RANDOM: Order of Presidential candidates thermometers (THERMPRE),Not applicable,"1. Clinton/T rump
2. T rump/Clinton
",
V166043,RANDOM: Order of political party thermometers (THERMPRE),Not applicable,"1. Dem Party/Rep Party
2. Rep Party/Dem Party
",
V166044,RANDOM: Order of Presidential candidates liberal/conservative scale,Not applicable,"1. Clinton/T rump
2. T rump/Clinton
",
V166045,RANDOM: Order of political parties liberal/conservative scale (LIBCPRE),Not applicable,"1. Dem Party/Rep Party
2. Rep Party/Dem Party
",
V166046,RANDOM: Order of political parties for party ID (PTYID),Not applicable,"1. Dem Party/Rep Party
2. Rep Party/Dem Party
",
V166047,RANDOM: Order of Presidential candidates - services/spending scale (SP-,Not applicable,"1. Clinton/T rump
2. T rump/Clinton
",
V166048,RANDOM: Order of Presidential candidates - defense spending scale (DEF-,Not applicable,"1. Clinton/T rump
2. T rump/Clinton
",
V166049,RANDOM: Order of Presidential candidates - health insurance scale (IN-,Not applicable,"1. Clinton/T rump
2. T rump/Clinton
",
V166050,RANDOM: Order of Presidential candidates - jobs/std living scale,Not applicable,"1. Clinton/T rump
2. T rump/Clinton
",
V166051,RANDOM: Order of Presidential candidates - gov assistance to blacks scale,Not applicable,"1. Clinton/T rump
2. T rump/Clinton
",
V166052,RANDOM: Order of Presidential candidates - envorinment/jobs scale (EN-,Not applicable,"1. Clinton/T rump
2. T rump/Clinton
",
V166053,RANDOM: Order of federal government spending (LEASTSP) responses -,Not applicable,"1. F oreign aid
2. Medicare
3. National defense
4. Social Security
","-2. Missing
"
V166054,RANDOM: Order of federal government spending (LEASTSP) responses -,Not applicable,"1. F oreign aid
2. Medicare
3. National defense
4. Social Security
","-2. Missing
"
V166055,RANDOM: Order of federal government spending (LEASTSP) responses -,Not applicable,"1. F oreign aid
2. Medicare
3. National defense
4. Social Security
","-2. Missing
"
V166056,RANDOM: Order of federal government spending (LEASTSP) responses -,Not applicable,"1. F oreign aid
2. Medicare
3. National defense
4. Social Security
","-2. Missing
"
V166057,RANDOM: television programs R watches regularly - 1st,Not applicable 64 unique outcomes. 20 most frequently appearing outcomes:,,
V166058,RANDOM: television programs R watches regularly - 2nd,Not applicable 65 unique outcomes. 20 most frequently appearing outcomes:,,
V166059,RANDOM: television programs R watches regularly - 3rd,Not applicable 65 unique outcomes. 20 most frequently appearing outcomes:,,
V166060,RANDOM: television programs R watches regularly - 4th,Not applicable 65 unique outcomes. 20 most frequently appearing outcomes:,,
V166061,RANDOM: television programs R watches regularly - 5th,Not applicable 65 unique outcomes. 20 most frequently appearing outcomes:,,
V166062,RANDOM: television programs R watches regularly - 6th,Not applicable 65 unique outcomes. 20 most frequently appearing outcomes:,,
V166063,RANDOM: television programs R watches regularly - 7th,Not applicable 65 unique outcomes. 20 most frequently appearing outcomes:,,
V166064,RANDOM: television programs R watches regularly - 8th,Not applicable 65 unique outcomes. 20 most frequently appearing outcomes:,,
V166065,RANDOM: television programs R watches regularly - 9th,Not applicable 65 unique outcomes. 20 most frequently appearing outcomes:,,
V166066,RANDOM: television programs R watches regularly - 10th,Not applicable 65 unique outcomes. 20 most frequently appearing outcomes:,,
V166067,RANDOM: television programs R watches regularly - 11th,Not applicable 65 unique outcomes. 20 most frequently appearing outcomes:,,
V166068,RANDOM: television programs R watches regularly - 12th,Not applicable 65 unique outcomes. 20 most frequently appearing outcomes:,,
V166069,RANDOM: television programs R watches regularly - 13th,Not applicable 65 unique outcomes. 20 most frequently appearing outcomes:,,
V166070,RANDOM: television programs R watches regularly - 14th,Not applicable 65 unique outcomes. 20 most frequently appearing outcomes:,,
V166071,RANDOM: television programs R watches regularly - 15th,Not applicable 65 unique outcomes. 20 most frequently appearing outcomes:,,
V166072,RANDOM: television programs R watches regularly - 16th,Not applicable 65 unique outcomes. 20 most frequently appearing outcomes:,,
V166073,RANDOM: television programs R watches regularly - 17th,Not applicable 65 unique outcomes. 20 most frequently appearing outcomes:,,
V166074,RANDOM: television programs R watches regularly - 18th,Not applicable 65 unique outcomes. 20 most frequently appearing outcomes:,,
V166075,RANDOM: television programs R watches regularly - 19th,Not applicable 65 unique outcomes. 20 most frequently appearing outcomes:,,
V166076,RANDOM: television programs R watches regularly - 20th,Not applicable 65 unique outcomes. 20 most frequently appearing outcomes:,,
V166077,RANDOM: television programs R watches regularly - 21st,Not applicable 65 unique outcomes. 20 most frequently appearing outcomes:,,
V166078,RANDOM: television programs R watches regularly - 22nd,Not applicable 65 unique outcomes. 20 most frequently appearing outcomes:,,
V166079,RANDOM: television programs R watches regularly - 23rd,Not applicable 65 unique outcomes. 20 most frequently appearing outcomes:,,
V166080,RANDOM: television programs R watches regularly - 24th,Not applicable 65 unique outcomes. 20 most frequently appearing outcomes:,,
V166081,RANDOM: television programs R watches regularly - 25th,Not applicable 65 unique outcomes. 20 most frequently appearing outcomes:,,
V166082,RANDOM: television programs R watches regularly - 26th,Not applicable 65 unique outcomes. 20 most frequently appearing outcomes:,,
V166083,RANDOM: television programs R watches regularly - 27th,Not applicable 65 unique outcomes. 20 most frequently appearing outcomes:,,
V166084,RANDOM: television programs R watches regularly - 28th,Not applicable 65 unique outcomes. 20 most frequently appearing outcomes:,,
V166085,RANDOM: television programs R watches regularly - 29th,Not applicable 65 unique outcomes. 20 most frequently appearing outcomes:,,
V166086,RANDOM: television programs R watches regularly - 30th,Not applicable 65 unique outcomes. 20 most frequently appearing outcomes:,,
V166087,RANDOM: television programs R watches regularly - 31st,Not applicable 65 unique outcomes. 20 most frequently appearing outcomes:,,
V166088,RANDOM: television programs R watches regularly - 32nd,Not applicable 64 unique outcomes. 20 most frequently appearing outcomes:,,
V166089,RANDOM: television programs R watches regularly - 33rd,Not applicable 65 unique outcomes. 20 most frequently appearing outcomes:,,
V166090,RANDOM: television programs R watches regularly - 34th,Not applicable 65 unique outcomes. 20 most frequently appearing outcomes:,,
V166091,RANDOM: television programs R watches regularly - 35th,Not applicable 65 unique outcomes. 20 most frequently appearing outcomes:,,
V166092,RANDOM: television programs R watches regularly - 36th,Not applicable 65 unique outcomes. 20 most frequently appearing outcomes:,,
V166093,RANDOM: television programs R watches regularly - 37th,Not applicable 65 unique outcomes. 20 most frequently appearing outcomes:,,
V166094,RANDOM: television programs R watches regularly - 38th,Not applicable 65 unique outcomes. 20 most frequently appearing outcomes:,,
V166095,RANDOM: television programs R watches regularly - 39th,Not applicable 65 unique outcomes. 20 most frequently appearing outcomes:,,
V166096,RANDOM: television programs R watches regularly - 40th,Not applicable 65 unique outcomes. 20 most frequently appearing outcomes:,,
V166097,RANDOM: television programs R watches regularly - 41st,Not applicable 65 unique outcomes. 20 most frequently appearing outcomes:,,
V166098,RANDOM: television programs R watches regularly - 42nd,Not applicable 65 unique outcomes. 20 most frequently appearing outcomes:,,
V166099,RANDOM: television programs R watches regularly - 43rd,Not applicable 65 unique outcomes. 20 most frequently appearing outcomes:,,
V166100,RANDOM: television programs R watches regularly - 44th,Not applicable 65 unique outcomes. 20 most frequently appearing outcomes:,,
V166101,RANDOM: television programs R watches regularly - 45th,Not applicable 65 unique outcomes. 20 most frequently appearing outcomes:,,
V166102,RANDOM: television programs R watches regularly - 46th,Not applicable 65 unique outcomes. 20 most frequently appearing outcomes:,,
V166103,RANDOM: television programs R watches regularly - 47th,Not applicable 65 unique outcomes. 20 most frequently appearing outcomes:,,
V166104,RANDOM: television programs R watches regularly - 48th,Not applicable 65 unique outcomes. 20 most frequently appearing outcomes:,,
V166105,RANDOM: television programs (Spanish) R watches regularly - 49th,Not applicable 64 unique outcomes. 20 most frequently appearing outcomes:,,
V166106,RANDOM: television programs (Spanish) R watches regularly - 50th,Not applicable 64 unique outcomes. 20 most frequently appearing outcomes:,,
V166107,RANDOM: television programs (Spanish) R watches regularly - 51st,Not applicable 65 unique outcomes. 20 most frequently appearing outcomes:,,
V166108,RANDOM: television programs (Spanish) R watches regularly - 52nd,Not applicable 65 unique outcomes. 20 most frequently appearing outcomes:,,
V166109,RANDOM: television programs (Spanish) R watches regularly - 53rd,Not applicable 65 unique outcomes. 20 most frequently appearing outcomes:,,
V166110,RANDOM: television programs (Spanish) R watches regularly - 54th,Not applicable 65 unique outcomes. 20 most frequently appearing outcomes:,,
V166111,RANDOM: television programs (Spanish) R watches regularly - 55th,Not applicable 65 unique outcomes. 20 most frequently appearing outcomes:,,
V166112,RANDOM: television programs (Spanish) R watches regularly - 56th,Not applicable 65 unique outcomes. 20 most frequently appearing outcomes:,,
V166113,RANDOM: television programs (Spanish) R watches regularly - 57th,Not applicable 64 unique outcomes. 20 most frequently appearing outcomes:,,
V166114,RANDOM: television programs (Spanish) R watches regularly - 58th,Not applicable 65 unique outcomes. 20 most frequently appearing outcomes:,,
V166115,RANDOM: television programs (Spanish) R watches regularly - 59th,Not applicable 65 unique outcomes. 20 most frequently appearing outcomes:,,
V166116,RANDOM: television programs (Spanish) R watches regularly - 60th,Not applicable 65 unique outcomes. 20 most frequently appearing outcomes:,,
V166117,RANDOM: television programs (Spanish) R watches regularly - 61st,Not applicable 65 unique outcomes. 20 most frequently appearing outcomes:,,
V166118,RANDOM: television programs (Spanish) R watches regularly - 62nd,Not applicable 65 unique outcomes. 20 most frequently appearing outcomes:,,
V166119,RANDOM: television programs (Spanish) R watches regularly - 63rd,Not applicable 65 unique outcomes. 20 most frequently appearing outcomes:,,
V166120,RANDOM: television programs (Spanish) R watches regularly - 64th,Not applicable 65 unique outcomes. 20 most frequently appearing outcomes:,,
V166121,RANDOM: radio programs R listens to regularly (RADPROGS) - 1st,Not applicable,"1. Rush Limbaugh
2. Morning Edition (NPR)
3. The Sean Hannity Show
4. All Things Considered
5. Marketplace (NPR)
6. The Glenn Beck Program
7. The Mark Levin Show
8. The Savage Nation
9. F resh Air (NPR)
10. The Hugh Hewitt Show
11. The Thom Hartmann
12. Joe Madison (The Black
13. The Mike Gallagher Show
14. The Bill Handel Show
15. The Schnitt Show (T odd
","-1. Inap
-5. Interview breakoff
"
V166122,RANDOM: radio programs R listens to regularly (RADPROGS) - 2nd,Not applicable,"1. Rush Limbaugh
2. Morning Edition (NPR)
3. The Sean Hannity Show
4. All Things Considered
5. Marketplace (NPR)
6. The Glenn Beck Program
7. The Mark Levin Show
8. The Savage Nation
9. F resh Air (NPR)
10. The Hugh Hewitt Show
11. The Thom Hartmann
12. Joe Madison (The Black
13. The Mike Gallagher Show
14. The Bill Handel Show
15. The Schnitt Show (T odd
","-1. Inap
-5. Interview breakoff
"
V166123,RANDOM: radio programs R listens to regularly (RADPROGS) - 3rd,Not applicable,"1. Rush Limbaugh
2. Morning Edition (NPR)
3. The Sean Hannity Show
4. All Things Considered
5. Marketplace (NPR)
6. The Glenn Beck Program
7. The Mark Levin Show
8. The Savage Nation
9. F resh Air (NPR)
10. The Hugh Hewitt Show
11. The Thom Hartmann
12. Joe Madison (The Black
13. The Mike Gallagher Show
14. The Bill Handel Show
15. The Schnitt Show (T odd
","-1. Inap
-5. Interview breakoff
"
V166124,RANDOM: radio programs R listens to regularly (RADPROGS) - 4th,Not applicable,"1. Rush Limbaugh
2. Morning Edition (NPR)
3. The Sean Hannity Show
4. All Things Considered
5. Marketplace (NPR)
6. The Glenn Beck Program
7. The Mark Levin Show
8. The Savage Nation
9. F resh Air (NPR)
10. The Hugh Hewitt Show
11. The Thom Hartmann
12. Joe Madison (The Black
13. The Mike Gallagher Show
14. The Bill Handel Show
15. The Schnitt Show (T odd
","-1. Inap
-5. Interview breakoff
"
V166125,RANDOM: radio programs R listens to regularly (RADPROGS) - 5th,Not applicable,"1. Rush Limbaugh
2. Morning Edition (NPR)
3. The Sean Hannity Show
4. All Things Considered
5. Marketplace (NPR)
6. The Glenn Beck Program
7. The Mark Levin Show
8. The Savage Nation
9. F resh Air (NPR)
10. The Hugh Hewitt Show
11. The Thom Hartmann
12. Joe Madison (The Black
13. The Mike Gallagher Show
14. The Bill Handel Show
15. The Schnitt Show (T odd
","-1. Inap
-5. Interview breakoff
"
V166126,RANDOM: radio programs R listens to regularly (RADPROGS) - 6th,Not applicable,"1. Rush Limbaugh
2. Morning Edition (NPR)
3. The Sean Hannity Show
4. All Things Considered
5. Marketplace (NPR)
6. The Glenn Beck Program
7. The Mark Levin Show
8. The Savage Nation
9. F resh Air (NPR)
10. The Hugh Hewitt Show
11. The Thom Hartmann
12. Joe Madison (The Black
13. The Mike Gallagher Show
14. The Bill Handel Show
15. The Schnitt Show (T odd
","-1. Inap
-5. Interview breakoff
"
V166127,RANDOM: radio programs R listens to regularly (RADPROGS) - 7th,Not applicable,"1. Rush Limbaugh
2. Morning Edition (NPR)
3. The Sean Hannity Show
4. All Things Considered
5. Marketplace (NPR)
6. The Glenn Beck Program
7. The Mark Levin Show
8. The Savage Nation
9. F resh Air (NPR)
10. The Hugh Hewitt Show
11. The Thom Hartmann
12. Joe Madison (The Black
13. The Mike Gallagher Show
14. The Bill Handel Show
15. The Schnitt Show (T odd
","-1. Inap
-5. Interview breakoff
"
V166128,RANDOM: radio programs R listens to regularly (RADPROGS) - 8th,Not applicable,"1. Rush Limbaugh
2. Morning Edition (NPR)
3. The Sean Hannity Show
4. All Things Considered
5. Marketplace (NPR)
6. The Glenn Beck Program
7. The Mark Levin Show
8. The Savage Nation
9. F resh Air (NPR)
10. The Hugh Hewitt Show
11. The Thom Hartmann
12. Joe Madison (The Black
13. The Mike Gallagher Show
14. The Bill Handel Show
15. The Schnitt Show (T odd
","-1. Inap
-5. Interview breakoff
"
V166129,RANDOM: radio programs R listens to regularly (RADPROGS) - 9th,Not applicable,"1. Rush Limbaugh
2. Morning Edition (NPR)
3. The Sean Hannity Show
4. All Things Considered
5. Marketplace (NPR)
6. The Glenn Beck Program
7. The Mark Levin Show
8. The Savage Nation
9. F resh Air (NPR)
10. The Hugh Hewitt Show
11. The Thom Hartmann
12. Joe Madison (The Black
13. The Mike Gallagher Show
14. The Bill Handel Show
15. The Schnitt Show (T odd
","-1. Inap
-5. Interview breakoff
"
V166130,RANDOM: radio programs R listens to regularly (RADPROGS) - 10th,Not applicable,"1. Rush Limbaugh
2. Morning Edition (NPR)
3. The Sean Hannity Show
4. All Things Considered
5. Marketplace (NPR)
6. The Glenn Beck Program
7. The Mark Levin Show
8. The Savage Nation
9. F resh Air (NPR)
10. The Hugh Hewitt Show
11. The Thom Hartmann
12. Joe Madison (The Black
13. The Mike Gallagher Show
14. The Bill Handel Show
15. The Schnitt Show (T odd
","-1. Inap
-5. Interview breakoff
"
V166131,RANDOM: radio programs R listens to regularly (RADPROGS) - 11th,Not applicable,"1. Rush Limbaugh
2. Morning Edition (NPR)
3. The Sean Hannity Show
4. All Things Considered
5. Marketplace (NPR)
6. The Glenn Beck Program
7. The Mark Levin Show
8. The Savage Nation
9. F resh Air (NPR)
10. The Hugh Hewitt Show
11. The Thom Hartmann
12. Joe Madison (The Black
13. The Mike Gallagher Show
14. The Bill Handel Show
15. The Schnitt Show (T odd
","-1. Inap
-5. Interview breakoff
"
V166132,RANDOM: radio programs R listens to regularly (RADPROGS) - 12th,Not applicable,"1. Rush Limbaugh
2. Morning Edition (NPR)
3. The Sean Hannity Show
4. All Things Considered
5. Marketplace (NPR)
6. The Glenn Beck Program
7. The Mark Levin Show
8. The Savage Nation
9. F resh Air (NPR)
10. The Hugh Hewitt Show
11. The Thom Hartmann
12. Joe Madison (The Black
13. The Mike Gallagher Show
14. The Bill Handel Show
15. The Schnitt Show (T odd
","-1. Inap
-5. Interview breakoff
"
V166133,RANDOM: radio programs R listens to regularly (RADPROGS) - 13th,Not applicable,"1. Rush Limbaugh
2. Morning Edition (NPR)
3. The Sean Hannity Show
4. All Things Considered
5. Marketplace (NPR)
6. The Glenn Beck Program
7. The Mark Levin Show
8. The Savage Nation
9. F resh Air (NPR)
10. The Hugh Hewitt Show
11. The Thom Hartmann
12. Joe Madison (The Black
13. The Mike Gallagher Show
14. The Bill Handel Show
15. The Schnitt Show (T odd
","-1. Inap
-5. Interview breakoff
"
V166134,RANDOM: radio programs R listens to regularly (RADPROGS) - 14th,Not applicable,"1. Rush Limbaugh
2. Morning Edition (NPR)
3. The Sean Hannity Show
4. All Things Considered
5. Marketplace (NPR)
6. The Glenn Beck Program
7. The Mark Levin Show
8. The Savage Nation
9. F resh Air (NPR)
10. The Hugh Hewitt Show
11. The Thom Hartmann
12. Joe Madison (The Black
13. The Mike Gallagher Show
14. The Bill Handel Show
15. The Schnitt Show (T odd
","-1. Inap
-5. Interview breakoff
"
V166135,RANDOM: radio programs R listens to regularly (RADPROGS) - 15th,Not applicable,"1. Rush Limbaugh
2. Morning Edition (NPR)
3. The Sean Hannity Show
4. All Things Considered
5. Marketplace (NPR)
6. The Glenn Beck Program
7. The Mark Levin Show
8. The Savage Nation
9. F resh Air (NPR)
10. The Hugh Hewitt Show
11. The Thom Hartmann
12. Joe Madison (The Black
13. The Mike Gallagher Show
14. The Bill Handel Show
15. The Schnitt Show (T odd
","-1. Inap
-5. Interview breakoff
"
V166136,RANDOM: web sites R visits regularly (MEDSRC_WEBSITES) - 1st,Not applicable,"1. Y ahoo News
2. CNN.com
3. NBC News (nbcnews.com)
4. Huffington Post
5. CBS News (cbsnews.com)
6. USA T oday
7. Buzzfeed.com
8. Mention New Y ork Times
9. F ox News (foxnews.com)
10. Mail Online /Daily Mail
11. W ashington Post
12. Business Insider
13. BBC News
14. The Guardian
15. ABC News
","-1. Inap
-5. Interview breakoff
"
V166137,RANDOM: web sites R visits regularly (MEDSRC_WEBSITES) - 2nd,Not applicable,"1. Y ahoo News
2. CNN.com
3. NBC News (nbcnews.com)
4. Huffington Post
5. CBS News (cbsnews.com)
6. USA T oday
7. Buzzfeed.com
8. Mention New Y ork Times
9. F ox News (foxnews.com)
10. Mail Online /Daily Mail
11. W ashington Post
12. Business Insider
13. BBC News
14. The Guardian
15. ABC News
","-1. Inap
-5. Interview breakoff
"
V166138,RANDOM: web sites R visits regularly (MEDSRC_WEBSITES) - 3rd,Not applicable,"1. Y ahoo News
2. CNN.com
3. NBC News (nbcnews.com)
4. Huffington Post
5. CBS News (cbsnews.com)
6. USA T oday
7. Buzzfeed.com
8. Mention New Y ork Times
9. F ox News (foxnews.com)
10. Mail Online /Daily Mail
11. W ashington Post
12. Business Insider
13. BBC News
14. The Guardian
15. ABC News
","-1. Inap
-5. Interview breakoff
"
V166139,RANDOM: web sites R visits regularly (MEDSRC_WEBSITES) - 4th,Not applicable,"1. Y ahoo News
2. CNN.com
3. NBC News (nbcnews.com)
4. Huffington Post
5. CBS News (cbsnews.com)
6. USA T oday
7. Buzzfeed.com
8. Mention New Y ork Times
9. F ox News (foxnews.com)
10. Mail Online /Daily Mail
11. W ashington Post
12. Business Insider
13. BBC News
14. The Guardian
15. ABC News
","-1. Inap
-5. Interview breakoff
"
V166140,RANDOM: web sites R visits regularly (MEDSRC_WEBSITES) - 5th,Not applicable,"1. Y ahoo News
2. CNN.com
3. NBC News (nbcnews.com)
4. Huffington Post
5. CBS News (cbsnews.com)
6. USA T oday
7. Buzzfeed.com
8. Mention New Y ork Times
9. F ox News (foxnews.com)
10. Mail Online /Daily Mail
11. W ashington Post
12. Business Insider
13. BBC News
14. The Guardian
15. ABC News
","-1. Inap
-5. Interview breakoff
"
V166141,RANDOM: web sites R visits regularly (MEDSRC_WEBSITES) - 6th,Not applicable,"1. Y ahoo News
2. CNN.com
3. NBC News (nbcnews.com)
4. Huffington Post
5. CBS News (cbsnews.com)
6. USA T oday
7. Buzzfeed.com
8. Mention New Y ork Times
9. F ox News (foxnews.com)
10. Mail Online /Daily Mail
11. W ashington Post
12. Business Insider
13. BBC News
14. The Guardian
15. ABC News
","-1. Inap
-5. Interview breakoff
"
V166142,RANDOM: web sites R visits regularly (MEDSRC_WEBSITES) - 7th,Not applicable,"1. Y ahoo News
2. CNN.com
3. NBC News (nbcnews.com)
4. Huffington Post
5. CBS News (cbsnews.com)
6. USA T oday
7. Buzzfeed.com
8. Mention New Y ork Times
9. F ox News (foxnews.com)
10. Mail Online /Daily Mail
11. W ashington Post
12. Business Insider
13. BBC News
14. The Guardian
15. ABC News
","-1. Inap
-5. Interview breakoff
"
V166143,RANDOM: web sites R visits regularly (MEDSRC_WEBSITES) - 8th,Not applicable,"1. Y ahoo News
2. CNN.com
3. NBC News (nbcnews.com)
4. Huffington Post
5. CBS News (cbsnews.com)
6. USA T oday
7. Buzzfeed.com
8. Mention New Y ork Times
9. F ox News (foxnews.com)
10. Mail Online /Daily Mail
11. W ashington Post
12. Business Insider
13. BBC News
14. The Guardian
15. ABC News
","-1. Inap
-5. Interview breakoff
"
V166144,RANDOM: web sites R visits regularly (MEDSRC_WEBSITES) - 9th,Not applicable,"1. Y ahoo News
2. CNN.com
3. NBC News (nbcnews.com)
4. Huffington Post
5. CBS News (cbsnews.com)
6. USA T oday
7. Buzzfeed.com
8. Mention New Y ork Times
9. F ox News (foxnews.com)
10. Mail Online /Daily Mail
11. W ashington Post
12. Business Insider
13. BBC News
14. The Guardian
15. ABC News
","-1. Inap
-5. Interview breakoff
"
V166145,RANDOM: web sites R visits regularly (MEDSRC_WEBSITES) - 10th,Not applicable,"1. Y ahoo News
2. CNN.com
3. NBC News (nbcnews.com)
4. Huffington Post
5. CBS News (cbsnews.com)
6. USA T oday
7. Buzzfeed.com
8. Mention New Y ork Times
9. F ox News (foxnews.com)
10. Mail Online /Daily Mail
11. W ashington Post
12. Business Insider
13. BBC News
14. The Guardian
15. ABC News
","-1. Inap
-5. Interview breakoff
"
V166146,RANDOM: web sites R visits regularly (MEDSRC_WEBSITES) - 11th,Not applicable,"1. Y ahoo News
2. CNN.com
3. NBC News (nbcnews.com)
4. Huffington Post
5. CBS News (cbsnews.com)
6. USA T oday
7. Buzzfeed.com
8. Mention New Y ork Times
9. F ox News (foxnews.com)
10. Mail Online /Daily Mail
11. W ashington Post
12. Business Insider
13. BBC News
14. The Guardian
15. ABC News
","-1. Inap
-5. Interview breakoff
"
V166147,RANDOM: web sites R visits regularly (MEDSRC_WEBSITES) - 12th,Not applicable,"1. Y ahoo News
2. CNN.com
3. NBC News (nbcnews.com)
4. Huffington Post
5. CBS News (cbsnews.com)
6. USA T oday
7. Buzzfeed.com
8. Mention New Y ork Times
9. F ox News (foxnews.com)
10. Mail Online /Daily Mail
11. W ashington Post
12. Business Insider
13. BBC News
14. The Guardian
15. ABC News
","-1. Inap
-5. Interview breakoff
"
V166148,RANDOM: web sites R visits regularly (MEDSRC_WEBSITES) - 13th,Not applicable,"1. Y ahoo News
2. CNN.com
3. NBC News (nbcnews.com)
4. Huffington Post
5. CBS News (cbsnews.com)
6. USA T oday
7. Buzzfeed.com
8. Mention New Y ork Times
9. F ox News (foxnews.com)
10. Mail Online /Daily Mail
11. W ashington Post
12. Business Insider
13. BBC News
14. The Guardian
15. ABC News
","-1. Inap
-5. Interview breakoff
"
V166149,RANDOM: web sites R visits regularly (MEDSRC_WEBSITES) - 14th,Not applicable,"1. Y ahoo News
2. CNN.com
3. NBC News (nbcnews.com)
4. Huffington Post
5. CBS News (cbsnews.com)
6. USA T oday
7. Buzzfeed.com
8. Mention New Y ork Times
9. F ox News (foxnews.com)
10. Mail Online /Daily Mail
11. W ashington Post
12. Business Insider
13. BBC News
14. The Guardian
15. ABC News
","-1. Inap
-5. Interview breakoff
"
V166150,RANDOM: web sites R visits regularly (MEDSRC_WEBSITES) - 15th,Not applicable,"1. Y ahoo News
2. CNN.com
3. NBC News (nbcnews.com)
4. Huffington Post
5. CBS News (cbsnews.com)
6. USA T oday
7. Buzzfeed.com
8. Mention New Y ork Times
9. F ox News (foxnews.com)
10. Mail Online /Daily Mail
11. W ashington Post
12. Business Insider
13. BBC News
14. The Guardian
15. ABC News
","-1. Inap
-5. Interview breakoff
"
V166151,RANDOM: print/online newspapers R reads regularly - 1st,Not applicable,"1. The New Y ork Times
2. USA T oday
3. The W all Street News
4. The W ashington Post
5. Restricted
6. Restricted
7. Restricted
8. Restricted
9. Restricted
10. Restricted
11. Restricted
12. Restricted
13. Restricted
14. Restricted
15. Restricted
16. Restricted
","-1. Inap
-5. Interview breakoff
"
V166152,RANDOM: print/online newspapers R reads regularly - 2nd,Not applicable,"1. The New Y ork Times
2. USA T oday
3. The W all Street News
4. The W ashington Post
5. Restricted
6. Restricted
7. Restricted
8. Restricted
9. Restricted
10. Restricted
11. Restricted
12. Restricted
13. Restricted
14. Restricted
15. Restricted
16. Restricted
","-1. Inap
-5. Interview breakoff
"
V166153,RANDOM: print/online newspapers R reads regularly - 3rd,Not applicable,"1. The New Y ork Times
2. USA T oday
3. The W all Street News
4. The W ashington Post
5. Restricted
6. Restricted
7. Restricted
8. Restricted
9. Restricted
10. Restricted
11. Restricted
12. Restricted
13. Restricted
14. Restricted
15. Restricted
16. Restricted
","-1. Inap
-5. Interview breakoff
"
V166154,RANDOM: print/online newspapers R reads regularly - 4th,Not applicable,"1. The New Y ork Times
2. USA T oday
3. The W all Street News
4. The W ashington Post
5. Restricted
6. Restricted
7. Restricted
8. Restricted
9. Restricted
10. Restricted
11. Restricted
12. Restricted
13. Restricted
14. Restricted
15. Restricted
16. Restricted
","-1. Inap
-5. Interview breakoff
"
V166155,RANDOM: print/online newspapers R reads regularly - 5th,Not applicable,"1. The New Y ork Times
2. USA T oday
3. The W all Street News
4. The W ashington Post
5. Restricted
6. Restricted
7. Restricted
8. Restricted
9. Restricted
10. Restricted
11. Restricted
12. Restricted
13. Restricted
14. Restricted
15. Restricted
16. Restricted
","-1. Inap
-5. Interview breakoff
"
V166156,RANDOM: print/online newspapers R reads regularly - 6th,Not applicable,"1. The New Y ork Times
2. USA T oday
3. The W all Street News
4. The W ashington Post
5. Restricted
6. Restricted
7. Restricted
8. Restricted
9. Restricted
10. Restricted
11. Restricted
12. Restricted
13. Restricted
14. Restricted
15. Restricted
16. Restricted
","-1. Inap
-5. Interview breakoff
"
V166157,RANDOM: print/online newspapers R reads regularly - 7th,Not applicable,"1. The New Y ork Times
2. USA T oday
3. The W all Street News
4. The W ashington Post
5. Restricted
6. Restricted
7. Restricted
8. Restricted
9. Restricted
10. Restricted
11. Restricted
12. Restricted
13. Restricted
14. Restricted
15. Restricted
16. Restricted
","-1. Inap
-5. Interview breakoff
"
V166158,RANDOM: print/online newspapers R reads regularly - 8th,Not applicable,"1. The New Y ork Times
2. USA T oday
3. The W all Street News
4. The W ashington Post
5. Restricted
6. Restricted
7. Restricted
8. Restricted
9. Restricted
10. Restricted
11. Restricted
12. Restricted
13. Restricted
14. Restricted
15. Restricted
16. Restricted
","-1. Inap
-5. Interview breakoff
"
V166159,RANDOM: print/online newspapers R reads regularly - 9th,Not applicable,"1. The New Y ork Times
2. USA T oday
3. The W all Street News
4. The W ashington Post
5. Restricted
6. Restricted
7. Restricted
8. Restricted
9. Restricted
10. Restricted
11. Restricted
12. Restricted
13. Restricted
14. Restricted
15. Restricted
16. Restricted
","-1. Inap
-5. Interview breakoff
"
V166160,RANDOM: print/online newspapers R reads regularly - 10th,Not applicable,"1. The New Y ork Times
2. USA T oday
3. The W all Street News
4. The W ashington Post
5. Restricted
6. Restricted
7. Restricted
8. Restricted
9. Restricted
10. Restricted
11. Restricted
12. Restricted
13. Restricted
14. Restricted
15. Restricted
16. Restricted
","-1. Inap
-5. Interview breakoff
"
V166161,RANDOM: print/online newspapers R reads regularly - 11th,Not applicable,"1. The New Y ork Times
2. USA T oday
3. The W all Street News
4. The W ashington Post
5. Restricted
6. Restricted
7. Restricted
8. Restricted
9. Restricted
10. Restricted
11. Restricted
12. Restricted
13. Restricted
14. Restricted
15. Restricted
16. Restricted
","-1. Inap
-5. Interview breakoff
"
V166162,RANDOM: print/online newspapers R reads regularly - 12th,Not applicable,"1. The New Y ork Times
2. USA T oday
3. The W all Street News
4. The W ashington Post
5. Restricted
6. Restricted
7. Restricted
8. Restricted
9. Restricted
10. Restricted
11. Restricted
12. Restricted
13. Restricted
14. Restricted
15. Restricted
16. Restricted
","-1. Inap
-5. Interview breakoff
"
V166163,RANDOM: print/online newspapers R reads regularly - 13th,Not applicable,"1. The New Y ork Times
2. USA T oday
3. The W all Street News
4. The W ashington Post
5. Restricted
6. Restricted
7. Restricted
8. Restricted
9. Restricted
10. Restricted
11. Restricted
12. Restricted
13. Restricted
14. Restricted
15. Restricted
16. Restricted
","-1. Inap
-5. Interview breakoff
"
V166164,RANDOM: print/online newspapers R reads regularly - 14th,Not applicable,"1. The New Y ork Times
2. USA T oday
3. The W all Street News
4. The W ashington Post
5. Restricted
6. Restricted
7. Restricted
8. Restricted
9. Restricted
10. Restricted
11. Restricted
12. Restricted
13. Restricted
14. Restricted
15. Restricted
16. Restricted
","-1. Inap
-5. Interview breakoff
"
V166165,RANDOM: print/online newspapers R reads regularly - 15th,Not applicable,"1. The New Y ork Times
2. USA T oday
3. The W all Street News
4. The W ashington Post
5. Restricted
6. Restricted
7. Restricted
8. Restricted
9. Restricted
10. Restricted
11. Restricted
12. Restricted
13. Restricted
14. Restricted
15. Restricted
16. Restricted
","-1. Inap
-5. Interview breakoff
"
V166166,RANDOM: print/online newspapers R reads regularly - 16th,Not applicable,"1. The New Y ork Times
2. USA T oday
3. The W all Street News
4. The W ashington Post
5. Restricted
6. Restricted
7. Restricted
8. Restricted
9. Restricted
10. Restricted
11. Restricted
12. Restricted
13. Restricted
14. Restricted
15. Restricted
16. Restricted
","-1. Inap
-5. Interview breakoff
"
V166167,RANDOM: Order of post Presidential candidates thermometers,Not applicable,"1. Clinton/T rump
2. T rump/Clinton
","-6. No post-election interview
-7. No post data, deleted due
"
V166168,RANDOM: Order of post political figure thermometers (THERMPO) - 1st,Not applicable,"1. Gary Johnson
2. Jill Stein
3. Democratic House
4. Republican House
5. Ind/3rd Party House
6. Democratic Senate
7. Republican Senate
8. Ind/3rd Party Senate
9. Senior Senator (no race)
10. Junior Senator (no race)
11. Non-running Senator
12. Tim Kaine
13. Mike Pence
14. John Roberts
15. Pope F rancis
","-6. No post-election interview
-7. No post data, deleted due
"
V166169,RANDOM: Order of post political figure thermometers (THERMPO) - 2nd,Not applicable,"1. Gary Johnson
2. Jill Stein
3. Democratic House
4. Republican House
5. Ind/3rd Party House
6. Democratic Senate
7. Republican Senate
8. Ind/3rd Party Senate
9. Senior Senator (no race)
10. Junior Senator (no race)
11. Non-running Senator
12. Tim Kaine
13. Mike Pence
14. John Roberts
15. Pope F rancis
","-6. No post-election interview
-7. No post data, deleted due
"
V166170,RANDOM: Order of post political figure thermometers (THERMPO) - 3rd,Not applicable,"1. Gary Johnson
2. Jill Stein
3. Democratic House
4. Republican House
5. Ind/3rd Party House
6. Democratic Senate
7. Republican Senate
8. Ind/3rd Party Senate
9. Senior Senator (no race)
10. Junior Senator (no race)
11. Non-running Senator
12. Tim Kaine
13. Mike Pence
14. John Roberts
15. Pope F rancis
","-6. No post-election interview
-7. No post data, deleted due
"
V166171,RANDOM: Order of post political figure thermometers (THERMPO) - 4th,Not applicable,"1. Gary Johnson
2. Jill Stein
3. Democratic House
4. Republican House
5. Ind/3rd Party House
6. Democratic Senate
7. Republican Senate
8. Ind/3rd Party Senate
9. Senior Senator (no race)
10. Junior Senator (no race)
11. Non-running Senator
12. Tim Kaine
13. Mike Pence
14. John Roberts
15. Pope F rancis
","-6. No post-election interview
-7. No post data, deleted due
"
V166172,RANDOM: Order of post political figure thermometers (THERMPO) - 5th,Not applicable,"1. Gary Johnson
2. Jill Stein
3. Democratic House
4. Republican House
5. Ind/3rd Party House
6. Democratic Senate
7. Republican Senate
8. Ind/3rd Party Senate
9. Senior Senator (no race)
10. Junior Senator (no race)
11. Non-running Senator
12. Tim Kaine
13. Mike Pence
14. John Roberts
15. Pope F rancis
","-6. No post-election interview
-7. No post data, deleted due
"
V166173,RANDOM: Order of post political figure thermometers (THERMPO) - 6th,Not applicable,"1. Gary Johnson
2. Jill Stein
3. Democratic House
4. Republican House
5. Ind/3rd Party House
6. Democratic Senate
7. Republican Senate
8. Ind/3rd Party Senate
9. Senior Senator (no race)
10. Junior Senator (no race)
11. Non-running Senator
12. Tim Kaine
13. Mike Pence
14. John Roberts
15. Pope F rancis
","-6. No post-election interview
-7. No post data, deleted due
"
V166174,RANDOM: Order of post political figure thermometers (THERMPO) - 7th,Not applicable,"1. Gary Johnson
2. Jill Stein
3. Democratic House
4. Republican House
5. Ind/3rd Party House
6. Democratic Senate
7. Republican Senate
8. Ind/3rd Party Senate
9. Senior Senator (no race)
10. Junior Senator (no race)
11. Non-running Senator
12. Tim Kaine
13. Mike Pence
14. John Roberts
15. Pope F rancis
","-6. No post-election interview
-7. No post data, deleted due
"
V166175,RANDOM: Order of post political figure thermometers (THERMPO) - 8th,Not applicable,"1. Gary Johnson
2. Jill Stein
3. Democratic House
4. Republican House
5. Ind/3rd Party House
6. Democratic Senate
7. Republican Senate
8. Ind/3rd Party Senate
9. Senior Senator (no race)
10. Junior Senator (no race)
11. Non-running Senator
12. Tim Kaine
13. Mike Pence
14. John Roberts
15. Pope F rancis
","-6. No post-election interview
-7. No post data, deleted due
"
V166176,RANDOM: Order of post political figure thermometers (THERMPO) - 9th,Not applicable,"1. Gary Johnson
2. Jill Stein
3. Democratic House
4. Republican House
5. Ind/3rd Party House
6. Democratic Senate
7. Republican Senate
8. Ind/3rd Party Senate
9. Senior Senator (no race)
10. Junior Senator (no race)
11. Non-running Senator
12. Tim Kaine
13. Mike Pence
14. John Roberts
15. Pope F rancis
","-6. No post-election interview
-7. No post data, deleted due
"
V166177,RANDOM: Order of post political figure thermometers (THERMPO) - 10th,Not applicable,"1. Gary Johnson
2. Jill Stein
3. Democratic House
4. Republican House
5. Ind/3rd Party House
6. Democratic Senate
7. Republican Senate
8. Ind/3rd Party Senate
9. Senior Senator (no race)
10. Junior Senator (no race)
11. Non-running Senator
12. Tim Kaine
13. Mike Pence
14. John Roberts
15. Pope F rancis
","-6. No post-election interview
-7. No post data, deleted due
"
V166178,RANDOM: Order of post political figure thermometers (THERMPO) - 11th,Not applicable,"1. Gary Johnson
2. Jill Stein
3. Democratic House
4. Republican House
5. Ind/3rd Party House
6. Democratic Senate
7. Republican Senate
8. Ind/3rd Party Senate
9. Senior Senator (no race)
10. Junior Senator (no race)
11. Non-running Senator
12. Tim Kaine
13. Mike Pence
14. John Roberts
15. Pope F rancis
","-6. No post-election interview
-7. No post data, deleted due
"
V166179,RANDOM: Order of post political figure thermometers (THERMPO) - 12th,Not applicable,"1. Gary Johnson
2. Jill Stein
3. Democratic House
4. Republican House
5. Ind/3rd Party House
6. Democratic Senate
7. Republican Senate
8. Ind/3rd Party Senate
9. Senior Senator (no race)
10. Junior Senator (no race)
11. Non-running Senator
12. Tim Kaine
13. Mike Pence
14. John Roberts
15. Pope F rancis
","-6. No post-election interview
-7. No post data, deleted due
"
V166180,RANDOM: Order of post political figure thermometers (THERMPO) - 13th,Not applicable,"1. Gary Johnson
2. Jill Stein
3. Democratic House
4. Republican House
5. Ind/3rd Party House
6. Democratic Senate
7. Republican Senate
8. Ind/3rd Party Senate
9. Senior Senator (no race)
10. Junior Senator (no race)
11. Non-running Senator
12. Tim Kaine
13. Mike Pence
14. John Roberts
15. Pope F rancis
","-6. No post-election interview
-7. No post data, deleted due
"
V166181,RANDOM: Order of post political figure thermometers (THERMPO) - 14th,Not applicable,"1. Gary Johnson
2. Jill Stein
3. Democratic House
4. Republican House
5. Ind/3rd Party House
6. Democratic Senate
7. Republican Senate
8. Ind/3rd Party Senate
9. Senior Senator (no race)
10. Junior Senator (no race)
11. Non-running Senator
12. Tim Kaine
13. Mike Pence
14. John Roberts
15. Pope F rancis
","-6. No post-election interview
-7. No post data, deleted due
"
V166182,RANDOM: Order of post political figure thermometers (THERMPO) - 15th,Not applicable,"1. Gary Johnson
2. Jill Stein
3. Democratic House
4. Republican House
5. Ind/3rd Party House
6. Democratic Senate
7. Republican Senate
8. Ind/3rd Party Senate
9. Senior Senator (no race)
10. Junior Senator (no race)
11. Non-running Senator
12. Tim Kaine
13. Mike Pence
14. John Roberts
15. Pope F rancis
","-6. No post-election interview
-7. No post data, deleted due
"
V166183,RANDOM: Order of post group thermometers (THERMGR) - 1st,Not applicable 21 unique outcomes. 20 most frequently appearing outcomes:,,
V166184,RANDOM: Order of post group thermometers (THERMGR) - 2nd,Not applicable 21 unique outcomes. 20 most frequently appearing outcomes:,,
V166185,RANDOM: Order of post group thermometers (THERMGR) - 3rd,Not applicable 21 unique outcomes. 20 most frequently appearing outcomes:,,
V166186,RANDOM: Order of post group thermometers (THERMGR) - 4th,Not applicable 21 unique outcomes. 20 most frequently appearing outcomes:,,
V166187,RANDOM: Order of post group thermometers (THERMGR) - 5th,Not applicable 21 unique outcomes. 20 most frequently appearing outcomes:,,
V166188,RANDOM: Order of post group thermometers (THERMGR) - 6th,Not applicable 21 unique outcomes. 20 most frequently appearing outcomes:,,
V166189,RANDOM: Order of post group thermometers (THERMGR) - 7th,Not applicable 21 unique outcomes. 20 most frequently appearing outcomes:,,
V166190,RANDOM: Order of post group thermometers (THERMGR) - 8th,Not applicable 21 unique outcomes. 20 most frequently appearing outcomes:,,
V166191,RANDOM: Order of post group thermometers (THERMGR) - 9th,Not applicable 21 unique outcomes. 20 most frequently appearing outcomes:,,
V166192,RANDOM: Order of post group thermometers (THERMGR) - 10th,Not applicable 21 unique outcomes. 20 most frequently appearing outcomes:,,
V166193,RANDOM: Order of post group thermometers (THERMGR) - 11th,Not applicable 21 unique outcomes. 20 most frequently appearing outcomes:,,
V166194,RANDOM: Order of post group thermometers (THERMGR) - 12th,Not applicable 21 unique outcomes. 20 most frequently appearing outcomes:,,
V166195,RANDOM: Order of post group thermometers (THERMGR) - 13th,Not applicable 21 unique outcomes. 20 most frequently appearing outcomes:,,
V166196,RANDOM: Order of post group thermometers (THERMGR) - 14th,Not applicable 21 unique outcomes. 20 most frequently appearing outcomes:,,
V166197,RANDOM: Order of post group thermometers (THERMGR) - 15th,Not applicable 21 unique outcomes. 20 most frequently appearing outcomes:,,
V166198,RANDOM: Order of post group thermometers (THERMGR) - 16th,Not applicable 21 unique outcomes. 20 most frequently appearing outcomes:,,
V166199,RANDOM: Order of post group thermometers (THERMGR) - 17th,Not applicable 21 unique outcomes. 20 most frequently appearing outcomes:,,
V166200,RANDOM: Order of post group thermometers (THERMGR) - 18th,Not applicable 21 unique outcomes. 20 most frequently appearing outcomes:,,
V166201,RANDOM: Order of post group thermometers (THERMGR) - 19th,Not applicable 21 unique outcomes. 20 most frequently appearing outcomes:,,
V166202,RANDOM: Order of party to deal w/most important problem (MIP),Not applicable,"1. Dem/Rep
2. Rep/Dem
","-6. No post-election interview
-7. No post data, deleted due
"
V166203,RANDOM: Order of HL THLA W_AMCOST and HL THLA W_RCOST,Not applicable,"1. AMCOST/RCOST
2. RCOST/AMCOST
","-6. No post-election interview
-7. No post data, deleted due
"
V166204,RANDOM: Revised or standard version of IMPOR TLIM,Not applicable,"0. Revised/Standard
1. Standard/Revised
","-6. No post-election interview
-7. No post data, deleted due
"
V166205,RANDOM: Order of Israel-Palestinian support questions (ISRSUPP),Not applicable,"1. ISR/P AL
2. P AL/ISR
","-6. No post-election interview
-7. No post data, deleted due
"
V166206,RANDOM: Order of Presidential candidates for liberal/conservative scale,Not applicable,"1. Clinton/T rump
2. T rump/Clinton
","-6. No post-election interview
-7. No post data, deleted due
"
V166207,RANDOM: Order of Presidential candidates for abortion scale (APOR TPO),Not applicable,"1. Clinton/T rump
2. T rump/Clinton
","-6. No post-election interview
-7. No post data, deleted due
"
V166208,RANDOM: Order of post CASI group thermometers (THCASI) - 1st,Not applicable,"1. Asians
2. Hispanics
3. Blacks
4. Illegal immigrants
5. Whites
","-5. Breakoff, sufficient partial
-6. No post-election interview
-7. No post data, deleted due
"
V166209,RANDOM: Order of post CASI group thermometers (THCASI) - 2nd,Not applicable,"1. Asians
2. Hispanics
3. Blacks
4. Illegal immigrants
5. Whites
","-5. Breakoff, sufficient partial
-6. No post-election interview
-7. No post data, deleted due
"
V166210,RANDOM: Order of post CASI group thermometers (THCASI) - 3rd,Not applicable,"1. Asians
2. Hispanics
3. Blacks
4. Illegal immigrants
5. Whites
","-5. Breakoff, sufficient partial
-6. No post-election interview
-7. No post data, deleted due
"
V166211,RANDOM: Order of post CASI group thermometers (THCASI) - 4th,Not applicable,"1. Asians
2. Hispanics
3. Blacks
4. Illegal immigrants
5. Whites
","-5. Breakoff, sufficient partial
-6. No post-election interview
-7. No post data, deleted due
"
V166212,RANDOM: Order of post CASI group thermometers (THCASI) - 5th,Not applicable,"1. Asians
2. Hispanics
3. Blacks
4. Illegal immigrants
5. Whites
","-5. Breakoff, sufficient partial
-6. No post-election interview
-7. No post data, deleted due
"
V166213,RANDOM: Order of stereotype groups after Whites (STYPEPO_HWK) -,Not applicable,"1. Blacks
2. Hispanics
3. Asians
","-6. No post-election interview
-7. No post data, deleted due
"
V166214,RANDOM: Order of stereotype groups after Whites (STYPEPO_HWK) -,Not applicable,"1. Blacks
2. Hispanics
3. Asians
","-6. No post-election interview
-7. No post data, deleted due
"
V166215,RANDOM: Order of stereotype groups after Whites (STYPEPO_HWK) -,Not applicable,"1. Blacks
2. Hispanics
3. Asians
","-6. No post-election interview
-7. No post data, deleted due
"
V166216,RANDOM: Order of stereotype groups after Whites (STYPEPO_VIOL) -,Not applicable,"1. Blacks
2. Hispanic-Americans
3. Asian-Americans
4. Muslims
5. Christians
","-6. No post-election interview
-7. No post data, deleted due
"
V166217,RANDOM: Order of stereotype groups after Whites (STYPEPO_VIOL) -,Not applicable,"1. Blacks
2. Hispanic-Americans
3. Asian-Americans
4. Muslims
5. Christians
","-6. No post-election interview
-7. No post data, deleted due
"
V166218,RANDOM: Order of stereotype groups after Whites (STYPEPO_VIOL) -,Not applicable,"1. Blacks
2. Hispanic-Americans
3. Asian-Americans
4. Muslims
5. Christians
","-6. No post-election interview
-7. No post data, deleted due
"
V166219,RANDOM: Order of stereotype groups after Whites (STYPEPO_VIOL) -,Not applicable,"1. Blacks
2. Hispanic-Americans
3. Asian-Americans
4. Muslims
5. Christians
","-6. No post-election interview
-7. No post data, deleted due
"
V166220,RANDOM: Order of stereotype groups after Whites (STYPEPO_VIOL) -,Not applicable,"1. Blacks
2. Hispanic-Americans
3. Asian-Americans
4. Muslims
5. Christians
","-6. No post-election interview
-7. No post data, deleted due
"
V166221,RANDOM: Order of stereotype groups (STYPEPO_P A TRIOT),Not applicable,"1. Muslims/Christians
2. Christians/Muslims
","-6. No post-election interview
-7. No post data, deleted due
"
V166222,RANDOM: Order of discrimination social groups (DISCRIM) - 1st,Not applicable,"1. Blacks
2. Hispanics
3. Asian-Americans
4. Whites
5. Gay and lesbians
6. W omen
7. Men
8. Muslims
9. Christians
10. T ransgender people
","-6. No post-election interview
-7. No post data, deleted due
"
V166223,RANDOM: Order of discrimination social groups (DISCRIM) - 2nd,Not applicable,"1. Blacks
2. Hispanics
3. Asian-Americans
4. Whites
5. Gay and lesbians
6. W omen
7. Men
8. Muslims
9. Christians
10. T ransgender people
","-6. No post-election interview
-7. No post data, deleted due
"
V166224,RANDOM: Order of discrimination social groups (DISCRIM) - 3rd,Not applicable,"1. Blacks
2. Hispanics
3. Asian-Americans
4. Whites
5. Gay and lesbians
6. W omen
7. Men
8. Muslims
9. Christians
10. T ransgender people
","-6. No post-election interview
-7. No post data, deleted due
"
V166225,RANDOM: Order of discrimination social groups (DISCRIM) - 4th,Not applicable,"1. Blacks
2. Hispanics
3. Asian-Americans
4. Whites
5. Gay and lesbians
6. W omen
7. Men
8. Muslims
9. Christians
10. T ransgender people
","-6. No post-election interview
-7. No post data, deleted due
"
V166226,RANDOM: Order of discrimination social groups (DISCRIM) - 5th,Not applicable,"1. Blacks
2. Hispanics
3. Asian-Americans
4. Whites
5. Gay and lesbians
6. W omen
7. Men
8. Muslims
9. Christians
10. T ransgender people
","-6. No post-election interview
-7. No post data, deleted due
"
V166227,RANDOM: Order of discrimination social groups (DISCRIM) - 6th,Not applicable,"1. Blacks
2. Hispanics
3. Asian-Americans
4. Whites
5. Gay and lesbians
6. W omen
7. Men
8. Muslims
9. Christians
10. T ransgender people
","-6. No post-election interview
-7. No post data, deleted due
"
V166228,RANDOM: Order of discrimination social groups (DISCRIM) - 7th,Not applicable,"1. Blacks
2. Hispanics
3. Asian-Americans
4. Whites
5. Gay and lesbians
6. W omen
7. Men
8. Muslims
9. Christians
10. T ransgender people
","-6. No post-election interview
-7. No post data, deleted due
"
V166229,RANDOM: Order of discrimination social groups (DISCRIM) - 8th,Not applicable,"1. Blacks
2. Hispanics
3. Asian-Americans
4. Whites
5. Gay and lesbians
6. W omen
7. Men
8. Muslims
9. Christians
10. T ransgender people
","-6. No post-election interview
-7. No post data, deleted due
"
V166230,RANDOM: Order of discrimination social groups (DISCRIM) - 9th,Not applicable,"1. Blacks
2. Hispanics
3. Asian-Americans
4. Whites
5. Gay and lesbians
6. W omen
7. Men
8. Muslims
9. Christians
10. T ransgender people
","-6. No post-election interview
-7. No post data, deleted due
"
V166231,RANDOM: Order of discrimination social groups (DISCRIM) - 10th,Not applicable,"1. Blacks
2. Hispanics
3. Asian-Americans
4. Whites
5. Gay and lesbians
6. W omen
7. Men
8. Muslims
9. Christians
10. T ransgender people
","-6. No post-election interview
-7. No post data, deleted due
"
V167500,FTF ONL Y: Dwelling Unit (DU) completed,Not applicable,"0. No
1. Y es
","-1. Inap
"
V167501,FTF ONL Y: DU1. Number of campaign or political signs visible in the,Not applicable,"99. Unknown, cannot see any
","-1. Inap
"
V167502,FTF ONL Y: RESTRICTED: DU2. Describe sign(s),Not applicable,,"-3. Restricted
"
V167503,FTF ONL Y: DU3. Enter number of campaign or political signs visible out-,Not applicable,"99. Unknown, cannot see any
","-1. Inap
"
V167504,FTF ONL Y: RESTRICTED: DU4. Describe sign(s),Not applicable,,"-3. Restricted
"
V167505,FTF ONL Y: DU5. Do any of the signs support Hillary Clinton,Not applicable,"2. No
","-1. Inap
"
V167506,FTF ONL Y: DU6. Do any of the signs support Donald T rump,Not applicable,"1. Y es
2. No
","-1. Inap
"
V167507,FTF ONL Y: DU7. Religious items/symbols visible on/around the structure,Not applicable,"1. Cross or crucifix
2. Statue, painting or mural
5. Religious message (e.g.
6. None of the above
","-1. Inap
-8. Don’t know
"
V167508,FTF ONL Y: DU7. Religious items/symbols visible on/around the structure,Not applicable,"1. Cross or crucifix
2. Statue, painting or mural
5. Religious message (e.g.
","-1. Inap
-2. No further mentions
"
V167509,FTF ONL Y: DU7. Religious items/symbols visible on/around the structure,Not applicable,,"-1. Inap
-2. No further mentions
"
V167510,FTF ONL Y: DU7. Religious items/symbols visible on/around the structure,Not applicable,,"-1. Inap
-2. No further mentions
"
V167511,FTF ONL Y: DU7. Religious items/symbols visible on/around the structure,Not applicable,,"-1. Inap
-2. No further mentions
"
V167512,FTF ONL Y: DU7. Religious items/symbols visible on/around the structure,Not applicable,,"-1. Inap
-2. No further mentions
"
V167513,FTF ONL Y: DU8A. What security signs are present? (1st),Not applicable,"1. Security system or crime
2. No trespassing
3. Beware of dog
4. No solicitor
5. Other security sign
6. None
","-1. Inap
"
V167514,FTF ONL Y: DU8A. What security signs are present? (2nd),Not applicable,"1. Security system or crime
2. No trespassing
3. Beware of dog
4. No solicitor
5. Other security sign
","-1. Inap
-2. No further mentions
"
V167515,FTF ONL Y: DU8A. What security signs are present? (3rd),Not applicable,"4. No solicitor
5. Other security sign
","-1. Inap
-2. No further mentions
"
V167516,FTF ONL Y: DU8A. What security signs are present? (4th),Not applicable,"5. Other security sign
","-1. Inap
-2. No further mentions
"
V167517,FTF ONL Y: DU8A. What security signs are present? (5th),Not applicable,,"-1. Inap
-2. No further mentions
"
V167518,FTF ONL Y: DU8A. What security signs are present? (6th),Not applicable,,"-1. Inap
-2. No further mentions
"
V167519,FTF ONL Y: DU8B. What security people or animals are present? (1st),Not applicable,"1. Door person or guard at
2. Door person or guard at
3. Other door person or guard
4. Threatening animal on or
5. None
","-1. Inap
-8. Don’t know
"
V167520,FTF ONL Y: DU8B. What security people or animals are present? (2nd),Not applicable,,"-1. Inap
-2. No further mentions
"
V167521,FTF ONL Y: DU8B. What security people or animals are present? (3rd),Not applicable,,"-1. Inap
-2. No further mentions
"
V167522,FTF ONL Y: DU8B. What security people or animals are present? (4th),Not applicable,,"-1. Inap
-2. No further mentions
"
V167523,FTF ONL Y: DU8B. What security people or animals are present? (5th),Not applicable,,"-1. Inap
-2. No further mentions
"
V167524,FTF ONL Y: DU8C. What security technology is present? (1st),Not applicable,"1. Gate that is not locked
2. Locked main entrance/gate
3. Locked main entrance/gate
4. Bars on windows
5. Extra security door
6. None
","-1. Inap
-8. Don’t know
"
V167525,FTF ONL Y: DU8C. What security technology is present? (2nd),Not applicable,"2. Locked main entrance/gate
4. Bars on windows
5. Extra security door
","-1. Inap
-2. No further mentions
"
V167526,FTF ONL Y: DU8C. What security technology is present? (3rd),Not applicable,"5. Extra security door
","-1. Inap
-2. No further mentions
"
V167527,FTF ONL Y: DU8C. What security technology is present? (4th),Not applicable,,"-1. Inap
-2. No further mentions
"
V167528,FTF ONL Y: DU8C. What security technology is present? (5th),Not applicable,,"-1. Inap
-2. No further mentions
"
V167529,FTF ONL Y: DU8C. What security technology is present? (6th),Not applicable,,"-1. Inap
-2. No further mentions
"
V167530,FTF ONL Y: DU9. What type of structure is this?,Not applicable,"1. Mobile home or trailer
2. Detached single family
3. Duplex
4. Apartment building,
5. Other (specify)
","-1. Inap
-8. Don’t know
"
V167531,FTF ONL Y: RESTRICTED: DU9_OS. Other SPECIFY,Not applicable,,"-3. Restricted
"
V167532,FTF ONL Y: DU10. What is the size of the structure?,Not applicable,"1. Structure with
2. Structure with
3. Structure with
4. Structure with
5. Structure with
6. Structure with
","-1. Inap
"
V167533,FTF ONL Y: DU11. Is this structure...,Not applicable,"1. Entirely residential
2. Primarily residential
","-1. Inap
"
V167534,FTF ONL Y: DU12. Is this block...,Not applicable,"1. Rural farm or undeveloped land
2. Rural town
3. Suburban
4. Urban
","-1. Inap
-8. Don’t know
"
V167535,FTF ONL Y: DU13. Is this block...,Not applicable,"1. Residential only
2. With commercial
3. With commercial
5. Other (specify)
","-1. Inap
-8. Don’t know
"
V167536,FTF ONL Y: RESTRICTED: DU13_OS. Other SPECIFY,Not applicable,,"-3. Restricted
"
V167537,FTF ONL Y: DU14. Any of the following conditions of the building present?,Not applicable,"1. Missing roofing material(s)
2. Boarded up window(s)
3. Missing/broken out
4. Missing bricks, siding, or
5. Punched/torn out screens
6. Door(s) off hinges
7. Peeling Paint
8. Broken siding
9. Unkept landscaping (e.g.
10. Litter, trash or other
11. None
12. Unknown, cannot see
","-1. Inap
-8. Don’t know
"
V167538,FTF ONL Y: DU14. Any of the following conditions of the building present?,Not applicable,"2. Boarded up window(s)
3. Missing/broken out
4. Missing bricks, siding, or
5. Punched/torn out screens
6. Door(s) off hinges
7. Peeling Paint
8. Broken siding
9. Unkept landscaping (e.g.
10. Litter, trash or other
","-1. Inap
-2. No further mentions
"
V167539,FTF ONL Y: DU14. Any of the following conditions of the building present?,Not applicable,"3. Missing/broken out
4. Missing bricks, siding, or
5. Punched/torn out screens
7. Peeling Paint
8. Broken siding
9. Unkept landscaping (e.g.
10. Litter, trash or other
","-1. Inap
-2. No further mentions
"
V167540,FTF ONL Y: DU14. Any of the following conditions of the building present?,Not applicable,"4. Missing bricks, siding, or
5. Punched/torn out screens
7. Peeling Paint
8. Broken siding
9. Unkept landscaping (e.g.
10. Litter, trash or other
","-1. Inap
-2. No further mentions
"
V167541,FTF ONL Y: DU14. Any of the following conditions of the building present?,Not applicable,"5. Punched/torn out screens
7. Peeling Paint
8. Broken siding
9. Unkept landscaping (e.g.
10. Litter, trash or other
","-1. Inap
-2. No further mentions
"
V167542,FTF ONL Y: DU14. Any of the following conditions of the building present?,Not applicable,"6. Door(s) off hinges
8. Broken siding
9. Unkept landscaping (e.g.
10. Litter, trash or other
","-1. Inap
-2. No further mentions
"
V167543,FTF ONL Y: DU14. Any of the following conditions of the building present?,Not applicable,"9. Unkept landscaping (e.g.
10. Litter, trash or other
","-1. Inap
-2. No further mentions
"
V167544,FTF ONL Y: DU14. Any of the following conditions of the building present?,Not applicable,"9. Unkept landscaping (e.g.
10. Litter, trash or other
","-1. Inap
-2. No further mentions
"
V167545,FTF ONL Y: DU14. Any of the following conditions of the building present?,Not applicable,,"-1. Inap
-2. No further mentions
"
V167546,FTF ONL Y: DU14. Any of the following conditions of the building present?,Not applicable,,"-1. Inap
-2. No further mentions
"
V167547,FTF ONL Y: DU14. Any of the following conditions of the building present?,Not applicable,,"-1. Inap
-2. No further mentions
"
V167548,FTF ONL Y: DU14. Any of the following conditions of the building present?,Not applicable,,"-1. Inap
-2. No further mentions
"
V167549,FTF ONL Y: DU15. Which are present within sight of housing unit? (1st),Not applicable,"1. Boarded houses or
2. Graffiti
3. Abandoned cars
4. Demolished houses
5. T rash, litter, or junk in
6. Loose garbage or litter not
7. F actories or warehouses
8. Stores or other retail
9. None of the above
","-1. Inap
-8. Don’t know
"
V167550,FTF ONL Y: DU15. Which are present within sight of housing unit? (2nd),Not applicable,"1. Boarded houses or
2. Graffiti
3. Abandoned cars
4. Demolished houses
5. T rash, litter, or junk in
6. Loose garbage or litter not
7. F actories or warehouses
8. Stores or other retail
","-1. Inap
-2. No further mentions
"
V167551,FTF ONL Y: DU15. Which are present within sight of housing unit? (3rd),Not applicable,"4. Demolished houses
5. T rash, litter, or junk in
6. Loose garbage or litter not
7. F actories or warehouses
8. Stores or other retail
","-1. Inap
-2. No further mentions
"
V167552,FTF ONL Y: DU15. Which are present within sight of housing unit? (4th),Not applicable,"5. T rash, litter, or junk in
6. Loose garbage or litter not
","-1. Inap
-2. No further mentions
"
V167553,FTF ONL Y: DU15. Which are present within sight of housing unit? (5th),Not applicable,,"-1. Inap
-2. No further mentions
"
V167554,FTF ONL Y: DU15. Which are present within sight of housing unit? (6th),Not applicable,,"-1. Inap
-2. No further mentions
"
V167555,FTF ONL Y: DU15. Which are present within sight of housing unit? (7th),Not applicable,,"-1. Inap
-2. No further mentions
"
V167556,FTF ONL Y: DU15. Which are present within sight of housing unit? (8th),Not applicable,,"-1. Inap
-2. No further mentions
"
V167557,FTF ONL Y: DU15. Which are present within sight of housing unit? (9th),Not applicable,,"-1. Inap
-2. No further mentions
"
V167558,"FTF ONL Y: DU16. Relative to the other buildings on the road, is the",Not applicable,"1. Better
2. W orse
3. The same
4. No other buildings
5. Unknown, outside gated
","-1. Inap
"
V168000,FTF ONL Y: Pre IWR Obs- IWR obs module completed (after Pre-election,Not applicable,"1. Y es
2. No
","-1. Inap
"
V168001,FTF ONL Y: Pre IWR OBS- Skin tone category of respondent,Not applicable,"1. Skin tone
2. Skin tone
3. Skin tone
4. Skin tone
5. Skin tone
6. Skin tone
7. Skin tone
8. Skin tone
9. Skin tone
10. Skin tone
","-1. Inap
-8. Don’t know
"
V168002,FTF ONL Y: Pre IWR Obs- No. signs in window,Not applicable,"99. Unknown
","-1. Inap
-8. Don’t know
"
V168003,FTF ONL Y: RESTRICTED: Pre IWR Obs- Describe signs in window,Not applicable,,"-1. Inap
-3. Restricted
"
V168004,FTF ONL Y: Pre IWR Obs- No. signs outside/in front,Not applicable,"99. Unknown
","-1. Inap
-8. Don’t know
"
V168005,FTF ONL Y: RESTRICTED: Pre IWR Obs- Describe signs in front,Not applicable,,"-1. Inap
-3. Restricted
"
V168006,FTF ONL Y: Pre IWR Obs- Any sign for Dem Pres cand,Not applicable,"1. Y es
2. No
","-1. Inap
"
V168007,FTF ONL Y: Pre IWR Obs- Any sign for Rep Pres cand,Not applicable,"1. Y es
2. No
","-1. Inap
"
V168008,FTF ONL Y: Pre IWR Obs- Others present during IW 1,Not applicable,,"-2. F uture data release
"
V168009,FTF ONL Y: Pre IWR Obs- Others present during IW 2,Not applicable,,"-2. F uture data release
"
V168010,FTF ONL Y: Pre IWR Obs- Others present during IW 3,Not applicable,,"-2. F uture data release
"
V168011,FTF ONL Y: Pre IWR Obs- Others present during IW 4,Not applicable,,"-2. F uture data release
"
V168012,FTF ONL Y: Pre IWR Obs- Others present during IW 5,Not applicable,,"-2. F uture data release
"
V168013,FTF ONL Y: Pre IWR Obs- Others present during IW 6,Not applicable,,"-2. F uture data release
"
V168014,FTF ONL Y: Pre IWR Obs- Others present during IW 7,Not applicable,,"-2. F uture data release
"
V168015,FTF ONL Y: Pre IWR Obs- R cooperation,Not applicable,"1. V ery good
2. Good
3. F air
4. Poor
5. V ery poor
","-1. Inap
-8. Don’t know
"
V168016,FTF ONL Y: Pre IWR Obs- R level of information,Not applicable,"1. V ery high
2. F airly high
3. A verage
4. F airly low
5. V ery low
","-1. Inap
-8. Don’t know
"
V168017,FTF ONL Y: Pre IWR Obs- R apparent intelligence,Not applicable,"1. V ery high
2. F airly high
3. A verage
4. F airly low
5. V ery low
","-1. Inap
-8. Don’t know
"
V168018,FTF ONL Y: Pre IWR Obs- R suspicious,Not applicable,"1. Not at all suspicious
2. Somewhat suspicious
3. V ery suspicious
","-1. Inap
-8. Don’t know
"
V168019,FTF ONL Y: Pre IWR Obs- R interest in IW,Not applicable,"1. V ery high
2. F airly high
3. A verage
4. F airly low
5. V ery low
","-1. Inap
-8. Don’t know
"
V168020,FTF ONL Y: Pre IWR Obs- R sincerity,Not applicable,"1. Completely sincere
2. Usually sincere
3. Often seemed to be insincere
","-1. Inap
-8. Don’t know
"
V168021,FTF ONL Y: Pre IWR Obs- Places where sincerity doubted,Not applicable,"1. Y es
2. No
","-1. Inap
"
V168022,FTF ONL Y: RESTRICTED: Pre IWR Obs- Where sincerity doubted,Not applicable,,"-1. Inap
-3. Restricted
"
V168023,FTF ONL Y: Pre IWR Obs- Estimate family income,Not applicable,,"-9. Refused
-8. Don’t know
-1. Inap
"
V168024,FTF ONL Y: Pre IWR Obs- Estimate R education level,Not applicable,"1. Low - probably less than
2. Probably has a high school
3. Probably a little college
4. Probably a college degree
","-1. Inap
-8. Don’t know
"
V168025,FTF ONL Y: RESTRICTED: Pre IWR Obs- Specify other: R education level,Not applicable,,"-1. Inap
-3. Restricted
"
V168026,FTF ONL Y: Pre IWR Obs- R reaction to IW 1,Not applicable,"1. Negative - general
2. Negative - too long
3. Negative - too complicated
4. Negative -
5. R wanted to stop before
6. R was ill/deaf/tired/had
7. R expressed lack of
8. R stressed/agitated by
9. R became angry at
10. R concerned with
11. R could not read
12. R appeared to enjoy
13. Neutral or no feedback
14. R had difficulty with
","-1. Inap
-8. Don’t know
"
V168027,FTF ONL Y: Pre IWR Obs- R reaction to IW 2,Not applicable,"1. Negative - general
2. Negative - too long
3. Negative - too complicated
4. Negative -
5. R wanted to stop before
6. R was ill/deaf/tired/had
7. R expressed lack of
8. R stressed/agitated by
9. R became angry at
10. R concerned with
11. R could not read
12. R appeared to enjoy
13. Neutral or no feedback
14. R had difficulty with
","-1. Inap
"
V168028,FTF ONL Y: Pre IWR Obs- R reaction to IW 3,Not applicable,"4. Negative -
5. R wanted to stop before
6. R was ill/deaf/tired/had
7. R expressed lack of
8. R stressed/agitated by
9. R became angry at
10. R concerned with
11. R could not read
12. R appeared to enjoy
13. Neutral or no feedback
","-1. Inap
"
V168029,FTF ONL Y: Pre IWR Obs- R reaction to IW 4,Not applicable,"5. R wanted to stop before
7. R expressed lack of
8. R stressed/agitated by
9. R became angry at
11. R could not read
12. R appeared to enjoy
13. Neutral or no feedback
14. R had difficulty with
","-1. Inap
"
V168030,FTF ONL Y: Pre IWR Obs- R reaction to IW 5,Not applicable,"6. R was ill/deaf/tired/had
7. R expressed lack of
","-1. Inap
"
V168031,FTF ONL Y: Pre IWR Obs- R reaction to IW 6,Not applicable,"8. R stressed/agitated by
14. R had difficulty with
","-1. Inap
"
V168032,FTF ONL Y: Pre IWR Obs- R reaction to IW 7,Not applicable,,"-1. Inap
"
V168033,FTF ONL Y: Pre IWR Obs- R reaction to IW 8,Not applicable,,"-1. Inap
"
V168034,FTF ONL Y: Pre IWR Obs- R reaction to IW 9,Not applicable,,"-1. Inap
"
V168035,FTF ONL Y: Pre IWR Obs- R reaction to IW 10,Not applicable,,"-1. Inap
"
V168036,FTF ONL Y: Pre IWR Obs- R reaction to IW 11,Not applicable,,"-1. Inap
"
V168037,FTF ONL Y: Pre IWR Obs- R reaction to IW 12,Not applicable,,"-1. Inap
"
V168038,FTF ONL Y: Pre IWR Obs- R reaction to IW 13,Not applicable,,"-1. Inap
"
V168039,FTF ONL Y: Pre IWR Obs- R reaction to IW 14,Not applicable,,"-1. Inap
"
V168040,FTF ONL Y: Pre IWR Obs- Did IWR enter any CASI answers,Not applicable,"1. Respondent entered all
2. Interviewer entered at least
","-1. Inap
-8. Don’t know
-9. Refused
"
V168100,FTF ONL Y: Post IWR Obs- IWR obs module completed (after Post-election,Not applicable,"1. Y es
2. No
","-1. Inap
-6. No post-election interview
"
V168101,FTF ONL Y: Post IWR Obs- Skin tone category of respondent,Not applicable,"1. Skin tone
2. Skin tone
3. Skin tone
4. Skin tone
5. Skin tone
6. Skin tone
7. Skin tone
8. Skin tone
9. Skin tone
10. Skin tone
","-1. Inap
-6. No post-election interview
"
V168102,FTF ONL Y: Post IWR Obs- Others present during IW 1,Not applicable,,"-2. Data will be available in
"
V168103,FTF ONL Y: Post IWR Obs- Others present during IW 2,Not applicable,,"-2. Data will be available in
"
V168104,FTF ONL Y: Post IWR Obs- Others present during IW 3,Not applicable,,"-2. Data will be available in
"
V168105,FTF ONL Y: Post IWR Obs- Others present during IW 4,Not applicable,,"-2. Data will be available in
"
V168106,FTF ONL Y: Post IWR Obs- Others present during IW 5,Not applicable,,"-2. Data will be available in
"
V168107,FTF ONL Y: Post IWR Obs- Others present during IW 6,Not applicable,,"-2. Data will be available in
"
V168108,FTF ONL Y: Post IWR Obs- Others present during IW 7,Not applicable,,"-2. Data will be available in
"
V168109,FTF ONL Y: Pre IWR Obs- R gender,Not applicable,,"-2. Data will be available in
"
V168110,FTF ONL Y: Pre IWR Obs- Estimate R age,Not applicable,,"-2. Data will be available in
"
V168111,FTF ONL Y: Post IWR Obs- R cooperation,Not applicable,"1. V ery good
2. Good
3. F air
4. Poor
5. V ery poor
","-1. Inap
-6. No post-election interview
"
V168112,FTF ONL Y: Post IWR Obs- R level of information,Not applicable,"1. V ery high
2. F airly high
3. A verage
4. F airly low
5. V ery low
","-1. Inap
-6. No post-election interview
"
V168113,FTF ONL Y: Post IWR Obs- R apparent intelligence,Not applicable,"1. V ery high
2. F airly high
3. A verage
4. F airly low
5. V ery low
","-1. Inap
-6. No post-election interview
"
V168114,FTF ONL Y: Post IWR Obs- R suspicious,Not applicable,"1. Not at all suspicious
2. Somewhat suspicious
3. V ery suspicious
","-1. Inap
-6. No post-election interview
"
V168115,FTF ONL Y: Post IWR Obs- R interest in IW,Not applicable,"1. V ery high
2. F airly high
3. A verage
4. F airly low
5. V ery low
","-1. Inap
-6. No post-election interview
"
V168116,FTF ONL Y: Post IWR Obs- R sincerity,Not applicable,"1. Completely sincere
2. Usually sincere
3. Often seemed to be insincere
","-1. Inap
-6. No post-election interview
"
V168117,FTF ONL Y: Post IWR Obs- Places where sincerity doubted,Not applicable,"1. Y es
2. No
","-1. Inap
-6. No post-election interview
"
V168118,FTF ONL Y: RESTRICTED: POST IWR Obs- Where sincerity doubted,Not applicable,,"-1. Inap
-3. Restricted
-6. No post-election interview
"
V168119,FTF ONL Y: Post IWR Obs- R reaction to IW 1,Not applicable,"1. Negative - general
2. Negative - too long
3. Negative - too complicated
4. Negative -
5. R wanted to stop before
6. R was ill/deaf/tired/had
7. R expressed lack of
8. R stressed/agitated by
9. R became angry at
10. R concerned with
11. R could not read
12. R appeared to enjoy
13. Neutral or no feedback
","-1. Inap
-6. No post-election interview
"
V168120,FTF ONL Y: Post IWR Obs- R reaction to IW 2,Not applicable,"1. Negative - general
2. Negative - too long
3. Negative - too complicated
4. Negative -
5. R wanted to stop before
6. R was ill/deaf/tired/had
7. R expressed lack of
8. R stressed/agitated by
9. R became angry at
10. R concerned with
11. R could not read
12. R appeared to enjoy
","-1. Inap
-6. No post-election interview
"
V168121,FTF ONL Y: Post IWR Obs- R reaction to IW 3,Not applicable,"1. Negative - general
2. Negative - too long
3. Negative - too complicated
4. Negative -
6. R was ill/deaf/tired/had
7. R expressed lack of
8. R stressed/agitated by
9. R became angry at
10. R concerned with
11. R could not read
12. R appeared to enjoy
","-1. Inap
-6. No post-election interview
"
V168122,FTF ONL Y: Post IWR Obs- R reaction to IW 4,Not applicable,"2. Negative - too long
5. R wanted to stop before
7. R expressed lack of
9. R became angry at
12. R appeared to enjoy
","-1. Inap
-6. No post-election interview
"
V168123,FTF ONL Y: Post IWR Obs- R reaction to IW 5,Not applicable,"7. R expressed lack of
8. R stressed/agitated by
10. R concerned with
","-1. Inap
-6. No post-election interview
"
V168124,FTF ONL Y: Post IWR Obs- R reaction to IW 6,Not applicable,"8. R stressed/agitated by
11. R could not read
","-1. Inap
-6. No post-election interview
"
V168125,FTF ONL Y: Post IWR Obs- R reaction to IW 7,Not applicable,,"-1. Inap
-6. No post-election interview
"
V168126,FTF ONL Y: Post IWR Obs- R reaction to IW 8,Not applicable,,"-1. Inap
-6. No post-election interview
"
V168127,FTF ONL Y: Post IWR Obs- R reaction to IW 9,Not applicable,,"-1. Inap
-6. No post-election interview
"
V168128,FTF ONL Y: Post IWR Obs- R reaction to IW 10,Not applicable,,"-1. Inap
-6. No post-election interview
"
V168129,FTF ONL Y: Post IWR Obs- R reaction to IW 11,Not applicable,,"-1. Inap
-6. No post-election interview
"
V168130,FTF ONL Y: Post IWR Obs- R reaction to IW 12,Not applicable,,"-1. Inap
-6. No post-election interview
"
V168131,FTF ONL Y: Post IWR Obs- R reaction to IW 13,Not applicable,,"-1. Inap
-6. No post-election interview
"
V168132,FTF ONL Y: Post IWR Obs- Did IWR enter any CASI responses,Not applicable,"1. Respondent entered all
2. Interviewer entered at least
","-1. Inap
-6. No post-election interview
"
V168250,PRE IWR DESCR: FTF ONL Y: IWR agree to description module,Not applicable,"1. Y es
","-1. Inap
"
V168251,PRE IWR DESCR: FTF ONL Y: pre-election survey IWR id,Not applicable 108 unique outcomes. 20 most frequently appearing outcomes:,,
V168252,PRE IWR DESCR: FTF ONL Y: skintone,Not applicable,,"-1. Inap
-9. Refused
"
V168253,PRE IWR DESCR: FTF ONL Y: RESTRICTED: age,Not applicable,,"-1. Inap
-3. Restricted access
"
V168254,PRE IWR DESCR: FTF ONL Y: age group,Not applicable,"1. Age
2. Age
3. Age
4. Age
","-1. Inap
"
V168255,PRE IWR DESCR: FTF ONL Y: RESTRICTED: education,Not applicable,,"-1. Inap
-3. Restricted access
"
V168256,PRE IWR DESCR: FTF ONL Y: education group,Not applicable,"1. High school level
2. College level
3. Other
","-1. Inap
-9. Refused
"
V168257,PRE IWR DESCR: FTF ONL Y: gender,Not applicable,"1. Male
2. F emale
","-1. Inap
"
V168258,PRE IWR DESCR: FTF ONL Y: Spanish spoken,Not applicable,"1. Y es
2. No
","-1. Inap
"
V168259,PRE IWR DESCR: FTF ONL Y: RESTRICTED: experience with current,Not applicable,,"-1. Inap
-3. Restricted
"
V168260,PRE IWR DESCR: FTF ONL Y: experience with current firm (grouped),Not applicable,"0. Zero experience
","-1. Inap
-9. Refused
"
V168261,PRE IWR DESCR: FTF ONL Y: Hispanic,Not applicable,"1. Y es
2. No
","-1. Inap
"
V168262,PRE IWR DESCR: FTF ONL Y: White,Not applicable,"1. Y es
2. No
","-1. Inap
"
V168263,PRE IWR DESCR: FTF ONL Y: Black,Not applicable,"1. Y es
2. No
","-1. Inap
"
V168264,PRE IWR DESCR: FTF ONL Y: RESTRICTED: Native American,Not applicable,,"-1. Inap
-3. Restricted access
"
V168265,PRE IWR DESCR: FTF ONL Y: RESTRICTED: Asian,Not applicable,,"-1. Inap
-3. Restricted access
"
V168266,PRE IWR DESCR: FTF ONL Y: RESTRICTED: two or more racial groups,Not applicable,,"-3. Restricted
"
V168300,POST IWR DESCR: FTF ONL Y: IWR agree to description module,Not applicable,"1. Y es
","-1. Inap
-6. No post-election interview
"
V168301,POST IWR DESCR: FTF ONL Y: post-election survey IWR id,Not applicable 88 unique outcomes. 20 most frequently appearing outcomes:,,
V168302,POST IWR DESCR: FTF ONL Y: skintone,Not applicable,,"-1. Inap
-6. No post-election interview
-9. Refused
"
V168303,POST IWR DESCR: FTF ONL Y: RESTRICTED: age,Not applicable,,"-1. Inap
-3. Restricted access
-6. No post-election interview
"
V168304,POST IWR DESCR: FTF ONL Y: age group,Not applicable,"1. Age
2. Age
3. Age
4. Age
","-1. Inap
-6. No post-election interview
"
V168305,POST IWR DESCR: FTF ONL Y: RESTRICTED: education,Not applicable,,"-1. Inap
-3. Restricted access
-6. No post-election interview
"
V168306,POST IWR DESCR: FTF ONL Y: education group,Not applicable,"1. High school level
2. College level
3. Other
","-1. Inap
-6. No post-election interview
-9. Refused
"
V168307,POST IWR DESCR: FTF ONL Y: gender,Not applicable,"1. Male
2. F emale
","-1. Inap
-6. No post-election interview
"
V168308,POST IWR DESCR: FTF ONL Y: Spanish spoken,Not applicable,"1. Y es
2. No
","-1. Inap
-6. No post-election interview
"
V168309,POST IWR DESCR: FTF ONL Y: RESTRICTED: experience with current,Not applicable,,"-1. Inap
-3. Restricted
-6. No post-election interview
"
V168310,POST IWR DESCR: FTF ONL Y: experience with current firm (grouped),Not applicable,"0. Zero experience
","-1. Inap
-6. No post-election interview
-9. Refused
"
V168311,POST IWR DESCR: FTF ONL Y: Hispanic,Not applicable,"1. Y es
2. No
","-1. Inap
-6. No post-election interview
"
V168312,POST IWR DESCR: FTF ONL Y: White,Not applicable,"1. Y es
2. No
","-1. Inap
-6. No post-election interview
"
V168313,POST IWR DESCR: FTF ONL Y: Black,Not applicable,"1. Y es
2. No
","-1. Inap
-6. No post-election interview
"
V168314,POST IWR DESCR: FTF ONL Y: RESTRICTED: Native American,Not applicable,,"-1. Inap
-3. Restricted access
-6. No post-election interview
"
V168315,POST IWR DESCR: FTF ONL Y: RESTRICTED: Asian,Not applicable,,"-1. Inap
-3. Restricted access
-6. No post-election interview
"
V168316,POST IWR DESCR: FTF ONL Y: RESTRICTED: two or more racial groups,Not applicable,,"-3. Restricted
"
V168500,CAND. Type of Senate race,Not applicable,,
V168501,CAND. Name of Senior Senator (state without Senate race),Not applicable,,
V168502,CAND. Gender of Senior Senator (state without Senate race),Not applicable,,
V168503,CAND. Party of Senior Senator (state without Senate race),Not applicable,,
V168504,CAND. Name of Junior Senator (state without Senate race),Not applicable,,
V168505,CAND. Gender of Junior Senator (state without Senate race),Not applicable,,
V168506,CAND. Party of Junior Senator (state without Senate race),Not applicable,,
V168507,CAND. Other party name of Junior Senator (state without Senate race),Not applicable,,
V168508,CAND. Name of Democratic Senate candidate (state with Senate race),Not applicable 35 unique outcomes. 20 most frequently appearing outcomes:,,
V168509,CAND. Gender of Democratic Senate candidate (state with Senate race),Not applicable,,
V168510,CAND. Name of Republican Senate candidate (state with Senate race),Not applicable 35 unique outcomes. 20 most frequently appearing outcomes:,,
V168511,CAND. Gender of Republican Senate candidate (state with Senate race),Not applicable,,
V168512,CAND. Name of Senator not running in state with Senate race,Not applicable 35 unique outcomes. 20 most frequently appearing outcomes:,,
V168513,CAND. Gender of Senator not running in state with Senate race,Not applicable,,
V168514,CAND. Party of Senator not running in state with Senate race,Not applicable,,
V168515,CAND. Other party name of Senator not running in state with Senate race,Not applicable,,
V168516,CAND. Type of House race,Not applicable,,
V168517,CAND. Name of Democratic House candidate,Not applicable 399 unique outcomes. 20 most frequently appearing outcomes:,,
V168518,CAND. Gender of Democratic House candidate,Not applicable,,
V168519,CAND. Name of Republican House candidate,Not applicable 399 unique outcomes. 20 most frequently appearing outcomes:,,
V168520,CAND. Gender of Republican House candidate,Not applicable,,
V168521,CAND. Name of other (3rd) House candidate,Not applicable,,
V168522,CAND. Gender of other (3rd) House candidate,Not applicable,,
V168523,CAND. Party of other (3rd) House candidate,Not applicable,,
V168524,CAND. Type of Gubernatorial race,Not applicable,,
V168525,CAND. Name of Democratic gubernatorial candidate,Not applicable,,
V168526,CAND. Gender of Democratic gubernatorial candidate,Not applicable,,
V168527,CAND. Name of Republican gubernatorial candidate,Not applicable,,
V168528,CAND. Gender of Republican gubernatorial candidate,Not applicable,,
