var_name,summary,question,missing_labels,valid_labels
V200001,2020 CASE ID,,,
V160001_orig,2016 CASE ID,,"-1. Inapplicable, not a re-interview case",
V200002,MODE OF INTERVIEW: PRE-ELECTION INTERVIEW,,,"1. Video
2. Telephone
3. Web"
V200003,SAMPLE TYPE,,,"2. ANES 2016-2020 Panel
3. 3Ar1 Fresh sample: web only, replicate 1
4. 3Ar2 Fresh sample: web only, replicate 2
5. 3B Fresh sample: web or phone
6. 3C Fresh sample: video, web, or phone"
V200004,"COMPLETED PRE ONLY, POST ONLY, OR COMPLETED PRE AND POST INTERVIEWS",,,"1. pre-election interview (only) complete
2. post-election interview (only) complete
3. pre and post-election interviews (both) complete"
V200005,CASE VALIDATION: ELIGIBILITY CONCERNS,,,"0. No special concern
1. Some concern (possible substitution)
2. High concern (likely substitution)
3. Highest concern (evident substitution)"
V200006,CASE VALIDATION: ELIGIBILITY OUTCOME,,-2. Not included in validation study,"1. Respondent definitely was selected person
2. Respondent definitely was not selected person
3. Uncertain
4. Not determined due to validation non-response"
V200007,CASE VALIDATION: PRE- AND POST-ELECTION SELECTION STATUS WEIGHTING VARIABLES 17,,,
V200008,CASE VALIDATION: VALIDATION STUDY OUTCOME,,-2. Not included in validation study,"1. Right person interviewed no corrections needed
2. Refusal
3. Non-response to validation
4. Contact with inconclusive result
5. Right person interviewed, data correction needed
6. Wrong person interviewed"
V200009,CORRECTIONS MADE TO PRELIMINARY DATA,,,"0. No changes to data
1. Change to age variable
2. Change to gender variable
3. Change to other variable
4. Change to age and gender variables
5. Change to age, gender and other variables"
V200010a,FULL SAMPLE PRE-ELECTION WEIGHT Variable Note Draft weights from the preliminary release have been updated and replaced.,,,
V200010b,FULL SAMPLE POST-ELECTION WEIGHT Variable Note Draft weights from the preliminary release have been updated and replaced.,,,
V200010c,FULL SAMPLE VARIANCE UNIT,,,
V200010d,FULL SAMPLE VARIANCE STRATUM,,,
V200011a,2016-2020 PANEL PRE-ELECTION WEIGHT Variable Note Draft weights from the preliminary release have been updated and replaced.,,,
V200011b,2016-2020 PANEL POST-ELECTION WEIGHT Variable Note Draft weights from the preliminary release have been updated and replaced.,,,
V200011c,2016-2020 PANEL VARIANCE UNIT,,,
V200011d,2016-2020 PANEL VARIANCE STRATUM WEIGHTING VARIABLES 19,,,
V200012a,WEB-ONLY SAMPLE PRE-ELECTION WEIGHT Variable Note Draft weights from the preliminary release have been updated and replaced.,,,
V200012b,WEB-ONLY SAMPLE POST-ELECTION WEIGHT Variable Note Draft weights from the preliminary release have been updated and replaced.,,,
V200012c,WEB-ONLY SAMPLE VARIANCE UNIT,,,
V200012d,WEB-ONLY SAMPLE VARIANCE STRATUM,,,
V200013a,MIXED-WEB SAMPLE PRE-ELECTION WEIGHT Variable Note Draft weights from the preliminary release have been updated and replaced.,,,
V200013b,MIXED-WEB SAMPLE POST-ELECTION WEIGHT Variable Note Draft weights from the preliminary release have been updated and replaced.,,,
V200013c,MIXED-WEB SAMPLE VARIANCE UNIT,,,
V200013d,MIXED-WEB SAMPLE VARIANCE STRATUM,,,
V200014a,MIXED-VIDEO SAMPLE PRE-ELECTION WEIGHT Variable Note Draft weights from the preliminary release have been updated and replaced.,,,
V200014b,MIXED-VIDEO SAMPLE POST-ELECTION WEIGHT Variable Note Draft weights from the preliminary release have been updated and replaced.,,,
V200014c,MIXED-VIDEO SAMPLE VARIANCE UNIT,,,
V200014d,MIXED-VIDEO SAMPLE VARIANCE STRATUM,,,
V200015a,ALL FRESH SAMPLE (EXCLUDES 2016) PRE- ELECTION WEIGHT Variable Note Draft weights from the preliminary release have been updated and replaced. WEIGHTING VARIABLES 21,,,
V200015b,ALL FRESH SAMPLE (EXCLUDES 2016) POST- ELECTION WEIGHT Variable Note Draft weights from the preliminary release have been updated and replaced.,,,
V200015c,ALL FRESH SAMPLE (EXCLUDES 2016) VARIANCE UNIT,,,
V200015d,ALL FRESH SAMPLE (EXCLUDES 2016) VARIANCE STRATUM,,,
V200016a,ALL SAMPLE EXCLUDING MIXED VIDEO PRE- ELECTION WEIGHT Variable Note Draft weights from the preliminary release have been updated and replaced.,,,
V200016b,ALL SAMPLE EXCLUDING MIXED VIDEO POST- ELECTION WEIGHT Variable Note Draft weights from the preliminary release have been updated and replaced.,,,
V200016c,ALL SAMPLE EXCLUDING MIXED-VIDEO VARIANCE UNIT,,,
V200016d,ALL SAMPLE EXCLUDING MIXED-VIDEO VARIANCE STRATUM PRE- ELECTION SURVEY VARIABLES,,,
V201001,PRE: SELECT LANGUAGE,Would you like to complete this survey in English or Spanish? ¿Quisiera completar esta encuesta en inglés o español?,,"1. English / Ingles
2. Spanish / Espanol"
V201002a,PRE: DOES R HAVE PARTICIPANT BOOKLET FOR PHONE INTERVIEW,We mailed you a booklet. It was enclosed with the letter inviting you to participate. It says “ANES Participant Booklet” on the cover. We need to use that booklet during the interview. Do you have it now?,-1. Inapplicable,"1. R has booklet (paper or emailed)
2. R does not have paper or email booklet"
V201002b,PRE: CAN R SEE PARTICIPANT BOOKLET FOR VIDEO INTERVIEW,"For some of the questions, I’ll share my screen and show you a card with all the answer categories listed. This will help you choose the best answer because you won’t have to try to remember all the choices as I read them. Can you see the “ANES Participant Booklet” now?","-4. Technical error
-1. Inapplicable","1. R sees booklet on screen or PDF
2. R does not see booklet on screen or PDF"
V201003,PRE: PRE-ELECTION INTERVIEW AUDIO CONSENT,This interview may be monitored for training and data quality purposes.,"-4. Technical error
-1. Inapplicable",1. Continue
V201004,PRE: INTERVIEWER: IS R MALE OR FEMALE (OBSERVATION),"IS THE RESPONDENT MALE OR FEMALE? IF UNSURE, CODE DK.","-4. Technical error
-1. Inapplicable","1. Male
2. Female"
V201005,PRE: HOW OFTEN DOES R PAY ATTENTION TO POLITICS AND ELECTIONS,How often do you pay attention to what’s going on in government and politics?,-9. Refused,"1. Always
2. Most of the time
3. About half the time
4. Some of the time
5. Never"
V201006,PRE: HOW INTERESTED IN FOLLOWING CAMPAIGNS,"Some people don’t pay much attention to political campaigns. How about you? Would you say that you have been very much interested, somewhat interested or not much interested in the political campaigns so far this year?",-9. Refused,"1. Very much interested
2. Somewhat interested
3. Not much interested"
V201007a,PRE: VOTE SECTION - ORDER OF MAJOR PARTY CANDIDATE NAMES,,,"1. Democrat first / Republican second
2. Republican first / Democrat second"
V201007b,PRE: VOTE SECTION - HOUSEHOLD ADDRESS PRELOADED (SAMPLE ADDRESS),,,1. Sample address preloaded
V201007c,PRE: VOTE SECTION - CANDIDATE NAMES PRELOADED FOR SAMPLE ADDRESS,,,0. No candidate names preloaded for location of sample
V201008,PRE: WHERE IS R REGISTERED TO VOTE (PRE- ELECTION),"Now on a different topic. Are you registered to vote at [Respondent’s preloaded address], registered at a different address, or not currently registered?","-9. Refused
-8. Don’t know
-1. Inapplicable","1. Registered at this address
2. Registered at a different address
3. Not currently registered"
V201009,PRE: WEB ONLY: IS R WITHOUT ADDRESS REGISTERED TO VOTE (PRE-ELECTION),Are you registered to vote?,-1. Inapplicable,"1. Yes
2. No"
V201010,PRE: ADDRESS OF REGISTRATION GIVEN (NOT REGISTERED AT SAMPLE ADDRESS),What is the address where you are registered to vote now?,-1. Inapplicable,"0. Registration address not given
1. Registration address given"
V201011,PRE: STATE INCLUDED IN ADDRESS OF REGISTRATION (NOT REGISTERED AT SAMP ADDR),What is the address where you are registered to vote now?,-1. Inapplicable,"0. State not included with registration address
1. State included with registration address
2. State included with registration address (wrong field)"
V201012,PRE: CITY INCLUDED IN ADDRESS OF REGISTRATION (NOT REGISTERED AT SAMP ADDR),What is the address where you are registered to vote now?,-1. Inapplicable,"0. City not included with registration address
1. City included with registration address
2. City included with registration address (wrong field)"
V201013a,PRE: STATE OF REGISTRATION (NOT REGISTERED AT SAMP ADDR; GIVEN AT REG),What is the address where you are registered to vote now?,-1. Inapplicable,"1. Alabama  2. Alaska  4. Arizona
5. Arkansas  6. California  8. Colorado
9. Connecticut  10. Delaware
11. Washington DC
12. Florida  13. Georgia   15. Hawaii
16. Idaho   17. Illinois   18. Indiana
19. Iowa   20. Kansas   21. Kentucky
22. Louisiana   23. Maine   24. Maryland
25. Massachusetts   26. Michigan   27. Minnesota
28. Mississippi   29. Missouri   30. Montana
31. Nebraska   32. Nevada   33. New Hampshire
34. New Jersey   35. New Mexico   36. New York
37. North Carolina   38. North Dakota   39. Ohio
40. Oklahoma   41. Oregon   42. Pennsylvania
44. Rhode Island   45. South Carolina   46. South Dakota
47. Tennessee   48. Texas   49. Utah
50. Vermont   51. Virginia   53. Washington
54. West Virginia   55. Wisconsin   56. Wyoming"
V201013b,PRE: STATE OF REGISTRATION (NOT REGISTERED AT SAMP ADDR; GIVEN AT REGWHST),In what state are you registered to vote now?,-1. Inapplicable,"1. Alabama  2. Alaska  4. Arizona
5. Arkansas  6. California  8. Colorado
9. Connecticut  10. Delaware
11. Washington DC
12. Florida  13. Georgia   15. Hawaii
16. Idaho   17. Illinois   18. Indiana
19. Iowa   20. Kansas   21. Kentucky
22. Louisiana   23. Maine   24. Maryland
25. Massachusetts   26. Michigan   27. Minnesota
28. Mississippi   29. Missouri   30. Montana
31. Nebraska   32. Nevada   33. New Hampshire
34. New Jersey   35. New Mexico   36. New York
37. North Carolina   38. North Dakota   39. Ohio
40. Oklahoma   41. Oregon   42. Pennsylvania
44. Rhode Island   45. South Carolina   46. South Dakota
47. Tennessee   48. Texas   49. Utah
50. Vermont   51. Virginia   53. Washington
54. West Virginia   55. Wisconsin   56. Wyoming"
V201014a,PRE: REGISTRATION STATE SAME AS SAMPLE ADDRESS STATE (ALL REGISTRATIONS),,-1. Inapplicable,"0. State of registration not the same as state of sample address
1. State of registration same as state of sample address"
V201014b,PRE: REGISTRATION STATE (ALL REGISTRATIONS),,-1. Inapplicable,"1. Alabama  2. Alaska  4. Arizona
5. Arkansas  6. California  8. Colorado
9. Connecticut  10. Delaware
11. Washington DC
12. Florida  13. Georgia   15. Hawaii
16. Idaho   17. Illinois   18. Indiana
19. Iowa   20. Kansas   21. Kentucky
22. Louisiana   23. Maine   24. Maryland
25. Massachusetts   26. Michigan   27. Minnesota
28. Mississippi   29. Missouri   30. Montana
31. Nebraska   32. Nevada   33. New Hampshire
34. New Jersey   35. New Mexico   36. New York
37. North Carolina   38. North Dakota   39. Ohio
40. Oklahoma   41. Oregon   42. Pennsylvania
44. Rhode Island   45. South Carolina   46. South Dakota
47. Tennessee   48. Texas   49. Utah
50. Vermont   51. Virginia   53. Washington
54. West Virginia   55. Wisconsin   56. Wyoming"
V201014c,PRE: SENATE RACE IN STATE OF REGISTRATION (ALL REGISTRATIONS),,-1. Inapplicable,"0. No Senate race in state of registration
1. Senate race in state of registration"
V201014d,PRE: GOVERNOR RACE IN STATE OF REGISTRATION (ALL REGISTRATIONS),,-1. Inapplicable,"0. No Governor race in state of registration
1. Governor race in state of registration"
V201014e,PRE: PARTY REGISTRATION IN STATE OF REGISTRATION (ALL REGISTRATIONS),,-1. Inapplicable,"0. No party registration in state of registration
1. Party registration in state of registration"
V201015,PRE: IS R REGISTERED TO VOTE IN PRELOAD COUNTY,Is your registration address in [Respondent’s preloaded county name]?,"-9. Refused
-8. Don’t know
-1. Inapplicable","1. Yes, registered in county of sample address
2. No, registered in other county
5. County of sample address is incorrect {VOL - video/phone"
V201015z,RESTRICTED: PRE: IS R REGISTERED TO VOTE PRELOAD COUNTY - OTHER {SPECIFY},Is your registration address in [Respondent’s preloaded county name]?,-3. Restricted,
V201016,PRE: HOW LONG HAS R BEEN REGISTERED AT LOCATION,How many years have you been registered to vote at [this/that] address?,"-9. Refused
-1. Inapplicable","1. 0-1 years
2. 2-5 years
3. 5 years or more"
V201017,RESTRICTED: PRE: NAME UNDER WHICH R REGISTERED TO VOTE,Some people register to vote under their full name and others use different versions of their name. Others might have changed their name since they registered. What about you? Under what name are you registered to vote?,-3. Restricted - STAFF ONLY,
V201018,PRE: PARTY OF REGISTRATION,"What political party are you registered with, if any? 32 CODEBOOK: VARIABLES","-9. Refused
-8. Don’t know
-1. Inapplicable","1. Democratic party
2. Republican party
4. None or ‘independent’
5. Other {SPECIFY}"
V201018z,RESTRICTED: PRE: PARTY OF REGISTRATION - OTHER {SPECIFY},"What political party are you registered with, if any?",-3. Restricted,
V201019,PRE: DOES R INTEND TO REGISTER TO VOTE,"Do you intend to register to vote before the November 3 elections, or do you not intend to register?","-9. Refused
-8. Don’t know
-1. Inapplicable","1. Yes, intend to register
2. No, do not intend to register"
V201020,PRE: DID R VOTE IN A PRESIDENTIAL PRIMARY OR CAUCUS,Did you vote in a Presidential primary election or caucus this year?,"-9. Refused
-8. Don’t know","1. Yes, voted in primary or caucus
2. No, didn’t vote in primary or caucus"
V201021,PRE: FOR WHICH CANDIDATE DID R VOTE IN PRESIDENTIAL PRIMARY,"In the Presidential primary or caucus, who did you vote for?","-9. Refused
-8. Don’t know
-1. Inapplicable","1. Joe Biden
2. Michael Bloomberg
3. Pete Buttigieg
4. Amy Klobuchar
5. Bernie Sanders
6. Elizabeth Warren
7. Another Democrat
8. Donald Trump
9. Another Republican
10. Someone else who is not a Republican or a Democrat"
V201022,PRE: ALREADY VOTED IN GENERAL ELECTION,"This question is not about the primary elections and caucuses that were held a few months ago. Instead, we’d like to ask you about the election for President to be held on November 3, in which [Donald Trump / Joe Biden] is running against [Joe Biden / Donald Trump]. Have you already voted in that election, or have you not voted?",-9. Refused,"1. Have voted
2. Have not voted"
V201023,PRE: CONFIRMATION VOTED (EARLY) IN NOVEMBER 3 ELECTION,"Just to be clear, I’m recording that you already voted in the election that is scheduled to take place on November 3. Is that right?","-9. Refused
-1. Inapplicable","1. Yes, voted
2. No, have not voted"
V201024,PRE: IN WHAT MANNER DID R VOTE,Which one of the following best describes how you voted? PRE- ELECTION SURVEY VARIABLES 35,"-9. Refused
-1. Inapplicable",1. Definitely voted in person at a polling place before election
V201025x,PRE: SUMMARY: REGISTRATION AND EARLY VOTE STATUS,,-4. Technical error,"1. Not registered (or DK/RF), does not intend to register (or"
V201026,PRE: IWR CHECKPOINT: HAVE CORRECT PRE BALLOT CARD - AUTOCODED,PLEASE INDICATE WHETHER YOU BROUGHT THE CORRECT BALLOT CARD FOR THIS RESPONDENT:,"-4. Technical error
-1. Inapplicable","1. Yes, have yellow/green ballot card for R’s district
2. Have ballot card for R’s district but the COLOR is wrong
3. Have ballot card for the WRONG district
4. Do not have ballot card"
V201028,PRE: DID R VOTE FOR PRESIDENT,How about the election for President? Did you vote for a candidate for President?,"-9. Refused
-1. Inapplicable","1. Yes, voted for President
2. No, didn’t vote for President"
V201029,PRE: FOR WHOM DID R VOTE FOR PRESIDENT,"Who did you vote for? [Joe Biden, Donald Trump/Donald Trump, Joe Biden], Jo Jorgensen, Howie Hawkins, or someone else? PRE- ELECTION SURVEY VARIABLES 37","-9. Refused
-1. Inapplicable","1. Joe Biden
2. Donald Trump
3. Jo Jorgensen
4. Howie Hawkins
5. Other candidate {SPECIFY}
12. Specified as refused"
V201029z,PRE: FOR WHOM DID R VOTE FOR PRESIDENT - OTHER {SPECIFY},"Who did you vote for? [Joe Biden, Donald Trump/Donald Trump, Joe Biden], Jo Jorgensen, Howie Hawkins, or someone else?",-2. Open-end responses available in separate file,
V201030,PRE: PREFERENCE STRONG FOR PRES CAND FOR WHOM R VOTED,Would you say your preference for this candidate was strong or not strong?,-1. Inapplicable,"1. Strong
2. Not strong"
V201031,PRE: HOW LONG BEFORE ELECTION R MADE DECISION PRES VOTE,How long before you voted did you decide that you were going to vote the way you did?,-2. Open-end responses available in separate file,
V201031,yPRE: HOW LONG BEFORE ELECTION R MADE DECISION PRES VOTE [CODED] PRE- ELECTION SURVEY VARIABLES 39,How long before you voted did you decide that you were going to vote the way you did?,"-9. Refused
-8. Don’t know
-1. Inapplicable","1. That day; when I walked into the booth
2. One day
3. More than one day/less than one week; a few days; a couple"
V201032,PRE: DOES R INTEND TO VOTE FOR PRESIDENT,Do you intend to vote in the November election for President? 40 CODEBOOK: VARIABLES,"-9. Refused
-8. Don’t know
-1. Inapplicable","1. Yes
2. No"
V201033,PRE: FOR WHOM DOES R INTEND TO VOTE FOR PRESIDENT,"Who do you think you will vote for? [Joe Biden, Donald Trump/Donald Trump, Joe Biden], Jo Jorgensen, Howie Hawkins, or someone else?","-9. Refused
-8. Don’t know
-1. Inapplicable","1. Joe Biden
2. Donald Trump
3. Jo Jorgensen
4. Howie Hawkins
5. Other candidate {SPECIFY}
11. Specified as don’t know
12. Specified as refused"
V201033z,PRE: FOR WHOM DOES R INTEND TO VOTE FOR PRESIDENT - OTHER {SPECIFY},"Who do you think you will vote for? [Joe Biden, Donald Trump/Donald Trump, Joe Biden], Jo Jorgensen, Howie Hawkins, or someone else? PRE- ELECTION SURVEY VARIABLES 41",-2. Open-end responses available in separate file,
V201034,PRE: PREFERENCE STRONG FOR PRESIDENTIAL CANDIDATE FOR WHOM R INTENDS TO VOTE,Would you say your preference for this candidate is strong or not strong?,"-9. Refused
-8. Don’t know
-1. Inapplicable","1. Strong
2. Not strong"
V201035,PRE: DOES R PREFER PRESIDENTIAL CANDIDATE,Do you prefer one of the candidates in the November election for President?,"-9. Refused
-8. Don’t know
-1. Inapplicable","1. Yes
2. No"
V201036,PRE: PREFERENCE FOR PRESIDENTIAL CANDIDATE,"Who do you prefer? [Joe Biden, Donald Trump/Donald Trump, Joe Biden], Jo Jorgensen, Howie Hawkins, or someone else?","-9. Refused
-1. Inapplicable","1. Joe Biden
2. Donald Trump
3. Jo Jorgensen
4. Howie Hawkins
5. Other candidate {SPECIFY}"
V201036z,PRE: PREFERENCE FOR PRESIDENTIAL CANDIDATE - OTHER {SPECIFY},"Who do you prefer? [Joe Biden, Donald Trump/Donald Trump, Joe Biden], Jo Jorgensen, Howie Hawkins, or someone else?",-2. Open-end responses available in separate file,
V201037,PRE: PREFERENCE STRONG FOR PRESIDENTIAL CANDIDATE PRE- ELECTION SURVEY VARIABLES 43,Would you say your preference for this candidate is strong or not strong?,-1. Inapplicable,"1. Strong
2. Not strong"
V201038,PRE: DID R VOTE FOR US HOUSE OF REPRESENTATIVES,How about the election for the House of Representatives inWashington? Did you vote for a candidate for the U.S. House ofRepresentatives?,"-9. Refused
-8. Don’t know
-1. Inapplicable","1. Yes, voted for House of Representatives
2. No, didn’t vote for House of Representatives"
V201039,PRE: FOR WHOM DID R VOTE FOR US HOUSE (BALLOT CARD),Who did you vote for? 44 CODEBOOK: VARIABLES,"-9. Refused
-8. Don’t know
-1. Inapplicable","1. Democratic House candidate
2. Republican House candidate
3. Other/independent House candidate (name on ballot card)
5. Other {SPECIFY} (name not on ballot card)
6. Specified as Democratic House candidate
7. Specified as Republican House candidate
11. Specified as don’t know
12. Specified as refused"
V201039z,PRE: FOR WHOM DID R VOTE FOR US HOUSE (BALLOT CARD) - OTHER {SPECIFY},Who did you vote for?,-2. Open-end responses available in separate file,
V201040,PRE: FOR WHOM DID R VOTE FOR US HOUSE (NO BALLOT CARD),Who did you vote for? Which party was that?,-2. Open-end responses available in separate file,
V201040,yPRE: FOR WHOM DID R VOTE FOR US HOUSE (NO BALLOT CARD) [CODED],,-1. Inapplicable,"6. Specified as Democratic House candidate
7. Specified as Repulican House candidate
12. Specified as refused"
V201041,PRE: DOES R INTEND TO VOTE FOR US HOUSE,How about the election for the House of Representatives in Washington? Do you intend to vote in the election for the U.S. House of Representatives? 46 CODEBOOK: VARIABLES,"-9. Refused
-8. Don’t know
-1. Inapplicable","1. Yes
2. No"
V201042,PRE: FOR WHOM DOES R INTEND TO VOTE FOR US HOUSE (BALLOT CARD),Who do you think you will vote for?,"-9. Refused
-8. Don’t know
-1. Inapplicable","1. Democratic House candidate
2. Republican House candidate
3. Other/independent House candidate (name on ballot card)
4. R VOL: names read are not correct
5. Other {SPECIFY} (name not on ballot card)
6. Specified as Democrat House candidate
7. Specified as Republican House candidate
10. Specified as other/independent House candidate
11. Specified as don’t know
12. Specified as refused"
V201042z,PRE: FOR WHOM DOES R INTEND TO VOTE FOR US HOUSE (BALLOT CARD) - OTHER {SPECIFY} PRE- ELECTION SURVEY VARIABLES 47,Who do you think you will vote for?,-2. Open-end responses available in separate file,
V201043,PRE: FOR WHOM DOES R INTEND TO VOTE FOR US HOUSE (NO BALLOT CARD),Who do you think you will vote for? Which party is that?,-2. Open-end responses available in separate file,
V201043,yPRE: FOR WHOM DOES R INTEND TO VOTE FOR US HOUSE (NO BALLOT CARD) [CODED],,-1. Inapplicable,"6. Specified as Democrat House candidate
7. Specified as Republican House candidate
10. Specified as other/independent House candidate
11. Specified as don’t know
12. Specified as refused"
V201044,PRE: DOES R PREFER US HOUSE CANDIDATE,Do you prefer one of the candidates for the U.S. House of Representatives?,"-9. Refused
-8. Don’t know
-1. Inapplicable","1. Yes
2. No"
V201045,PRE: WHOM DOES R PREFER FOR US HOUSE (BALLOT CARD),Who do you prefer?,"-9. Refused
-8. Don’t know
-1. Inapplicable","1. Democratic House candidate
2. Republican House candidate
3. Other/independent House candidate (name on ballot card)
5. Other {SPECIFY} (name not on ballot card)
11. Specified as don’t know"
V201045z,PRE: WHOM DOES R PREFER FOR US HOUSE (BALLOT CARD) - OTHER {SPECIFY},Who do you prefer?,-2. Open-end responses available in separate file,
V201046,PRE: WHOM DOES R PREFER FOR US HOUSE (NO BALLOT CARD),Who do you prefer? Which party is that?,-2. Open-end responses available in separate file,
V201046,yPRE: WHOM DOES R PREFER FOR US HOUSE (NO BALLOT CARD) [CODED],,-1. Inapplicable,"6. Specified as Democratic House candidate
7. Specified as Republican House candidate
11. Specified as don’t know
12. Specified as refused"
V201047x,PRE SUMMARY: SENATE AND GOVERNOR RACES,,,0. No Senate/Governor racesamp address state (R not
V201048,PRE: DID R VOTE FOR US SENATE,How about the election for the United States Senate? Did you vote for a candidate for the U.S. Senate?,"-9. Refused
-8. Don’t know
-1. Inapplicable","1. Yes, voted for Senate
2. No, didn’t vote for Senate"
V201049,PRE: R’S VOTE FOR US SENATE (BALLOT CARD),Who did you vote for? PRE- ELECTION SURVEY VARIABLES 51,"-9. Refused
-8. Don’t know
-1. Inapplicable","1. Democratic Senate candidate
2. Republican Senate candidate
3. Other/independent Senate candidate (name on ballot card)
5. Other {SPECIFY} (name not on ballot card)
6. Specified as Democratic Senate candidate"
V201049z,PRE: R’S VOTE FOR US SENATE (BALLOT CARD) - OTHER {SPECIFY},Who did you vote for?,-2. Open-end responses available in separate file,
V201050,PRE: R’S VOTE FOR US SENATE (NO BALLOT CARD),Who did you vote for? Which party was that?,-2. Open-end responses available in separate file,
V201050,yPRE: R’S VOTE FOR US SENATE (NO BALLOT CARD) [CODED],,-1. Inapplicable,"6. Specified as Democratic Senate candidate
7. Specified as Republican Senate candidate
12. Specified as refused"
V201051,PRE: DOES R INTEND TO VOTE FOR US SENATE,How about the election for the U.S. Senate? Do you intend to vote in the election for the U.S. Senate?,"-9. Refused
-8. Don’t know
-1. Inapplicable","1. Yes
2. No"
V201052,PRE: FOR WHOM DOES R INTEND TO VOTE FOR US SENATE (BALLOT CARD),Who do you think you will vote for?,"-9. Refused
-8. Don’t know
-1. Inapplicable","1. Democratic Senate candidate
2. Republican Senate candidate
3. Other Senate candidate (name on ballot card)
5. Other {SPECIFY} (name not on ballot card)
6. Specified as Democratic Senate candidate
7. Specified as Republican Senate candidate
10. Specified as Other/independent Senate candidate
11. Specified as don’t know
12. Specified as refused"
V201052z,PRE: FOR WHOM DOES R INTEND TO VOTE FOR US SENATE (BALLOT CARD) - OTHER {SPECIFY},Who do you think you will vote for?,-2. Open-end responses available in separate file,
V201053,PRE: FOR WHOM DOES R INTEND TO VOTE FOR US SENATE (NO BALLOT CARD),Who do you think you will vote for? Which party is that?,-2. Open-end responses available in separate file,
V201053,yPRE: FOR WHOM DOES R INTEND TO VOTE FOR US SENATE (NO BALLOT CARD) [CODED],,-1. Inapplicable,"6. Specified as Democratic Senate candidate
7. Specified as Republican Senate candidate
10. Specified as Other/independent Senate candidate
11. Specified as don’t know
12. Specified as refused"
V201054,PRE: DOES R PREFER US SENATE CANDIDATE PRE- ELECTION SURVEY VARIABLES 55,Do you prefer one of the candidates for the U.S. Senate?,"-9. Refused
-8. Don’t know
-1. Inapplicable","1. Yes
2. No"
V201055,PRE: DOES R PREFER US SENATE CANDIDATE,Who do you prefer?,"-9. Refused
-8. Don’t know
-1. Inapplicable","1. Democratic Senate candidate
2. Republican Senate candidate
3. Other Senate candidate (name on ballot card)
5. Other {SPECIFY} (name not on ballot card)
7. Specified as Republican Senate candidate
11. Specified as don’t know"
V201055z,PRE: DOES R PREFER US SENATE CANDIDATE - OTHER {SPECIFY},Who do you prefer?,-2. Open-end responses available in separate file,
V201056,PRE: WHOM DOES R PREFER FOR US SENATE (NO BALLOT CARD),Who do you prefer? Which party is that?,-2. Open-end responses available in separate file,
V201056,yPRE: WHOM DOES R PREFER FOR US SENATE (NO BALLOT CARD) [CODED],,-1. Inapplicable,"6. Specified as Democratic Senate candidate
7. Specified as Republican Senate candidate"
V201057,PRE: DID R VOTE FOR US SENATE [SPECIAL ELECTION],How about the election for the United States Senate? Did you vote for a candidate for the U.S. Senate?,-1. Inapplicable,"1. Yes, voted for Senate
2. No, didn’t vote for Senate"
V201058,PRE: R’S VOTE FOR US SENATE (BALLOT CARD) [SPECIAL ELECTION],Who did you vote for?,"-9. Refused
-8. Don’t know
-1. Inapplicable","1. Democratic Senate candidate
2. Republican Senate candidate
3. Other Senate candidate (name on ballot card)
5. Other {SPECIFY} (name not on ballot card)
6. Specified as Democratic Senate candidate
11. Specified as don’t know"
V201058z,PRE: R’S VOTE FOR US SENATE (BALLOT CARD) [SPECIAL ELECTION] - OTHER {SPECIFY},Who did you vote for?,-2. Open-end responses available in separate file,
V201059,PRE: R’S VOTE FOR US SENATE (NO BALLOT CARD) [SPECIAL ELECTION],Who did you vote for? Which party was that?,-2. Open-end responses available in separate file,
V201059,yPRE: R’S VOTE FOR US SENATE (NO BALLOT CARD) [SPECIAL ELECTION] [CODED],,-1. Inapplicable,"6. Specified as Democratic Senate candidate
7. Specified as Republican Senate candidate
12. Specified as refused"
V201060,PRE: DOES R INTEND TO VOTE FOR US SENATE [SPECIAL ELECTION],How about the election for the U.S. Senate? Do you intend to vote in the election for the U.S. Senate?,"-9. Refused
-1. Inapplicable","1. Yes
2. No"
V201061,PRE: FOR WHOM DOES R INTEND TO VOTE FOR US SEN (BALLOT CARD) [SPECIAL ELECTION],Who do you think you will vote for?,"-9. Refused
-8. Don’t know
-1. Inapplicable","1. Democratic Senate candidate
2. Republican Senate candidate
3. Other Senate candidate (name on ballot card)
5. Other {SPECIFY} (name not on ballot card)
6. Specified as Democratic Senate candidate
9. Specified as 2nd Republican Senate candidate
11. Specified as don’t know"
V201061z,PRE: FOR WHOM DOES R INTEND TO VOTE US SEN (BC) [SPECIAL ELECTION] OTH {SPECIFY},Who do you think you will vote for?,-2. Open-end responses available in separate file,
V201062,PRE: FOR WHOM DOES R INTEND TO VOTE FOR US SENATE (NO BC) [SPECIAL ELECTION],Who do you think you will vote for? Which party is that?,-2. Open-end responses available in separate file,
V201062,yPRE: FOR WHOM DOES R INTEND TO VOTE US SENATE (NO BC) [SPEC ELECTION] [CODED],,-1. Inapplicable,"6. Specified as Democratic Senate candidate
7. Specified as Republican Senate candidate
10. Specified as other/independent Senate candidate
11. Specified as don’t know
12. Specified as refused"
V201063,PRE: DOES R PREFER US SENATE CANDIDATE [SPECIAL ELECTION],Do you prefer one of the candidates for the U.S. Senate?,"-8. Don’t know
-1. Inapplicable","1. Yes
2. No"
V201064,PRE: DOES R PREFER US SENATE CANDIDATE [SPECIAL ELECTION],Who do you prefer?,-1. Inapplicable,"1. Democratic Senate candidate
2. Republican Senate candidate
3. Other Senate candidate (name on ballot card)
5. Other {SPECIFY} (name not on ballot card)"
V201064z,PRE: DOES R PREFER US SENATE CANDIDATE [SPECIAL ELECTION] - OTHER {SPECIFY},Who do you prefer?,-2. Open-end responses available in separate file,
V201065,PRE: WHOM DOES R PREFER FOR US SENATE (NO BALLOT CARD) [SPECIAL ELECTION],Who do you prefer? Which party is that?,-2. Open-end responses available in separate file,
V201065,y PRE: WHOM DOES R PREFER FOR US SENATE (NO BALLOT CARD) [SPECIAL ELECTION] [CODED],,-1. Inapplicable,"6. Specified as Democratic Senate candidate
7. Specified as Republican Senate candidate
12. Specified as refused"
V201066,PRE: DID R VOTE FOR GOVERNOR,How about the election for Governor? Did you vote for a candidate for Governor?,-1. Inapplicable,"1. Yes, voted for governor
2. No, didn’t vote for governor"
V201067,PRE: R’S VOTE FOR GOVERNOR (BALLOT CARD),Who did you vote for? 64 CODEBOOK: VARIABLES,"-9. Refused
-8. Don’t know
-1. Inapplicable","1. Democratic Governor candidate
2. Republican Governor candidate
5. Other {SPECIFY} (name not on ballot card)
12. Specified as refused"
V201067z,PRE: R’S VOTE FOR GOVERNOR (BALLOT CARD) - OTHER {SPECIFY},Who did you vote for?,-2. Open-end responses available in separate file,
V201068,PRE: R’S VOTE FOR GOVERNOR (NO BALLOT CARD),Who did you vote for? Which party was that?,-2. Open-end responses available in separate file,
V201069,PRE: DOES R INTEND TO VOTE FOR GOVERNOR,How about the election for Governor? Do you intend to vote for a candidate for Governor?,"-8. Don’t know
-1. Inapplicable","1. Yes
2. No"
V201070,PRE: FOR WHOM DOES R INTEND TO VOTE FOR GOVERNOR (BALLOT CARD),Who do you think you will vote for? 66 CODEBOOK: VARIABLES,"-9. Refused
-8. Don’t know
-1. Inapplicable","1. Democratic Governor candidate
2. Republican Governor candidate
5. Other {SPECIFY} (name not on ballot card)
11. Specified as don’t know"
V201070z,PRE: FOR WHOM DOES R INTEND TO VOTE FOR GOVERNOR (BALLOT CARD) - OTHER {SPECIFY},Who do you think you will vote for?,-2. Open-end responses available in separate file,
V201071,PRE: FOR WHOM DOES R INTEND TO VOTE FOR GOVERNOR (NO BALLOT CARD),Who do you think you will vote for? Which party is that?,-2. Open-end responses available in separate file,
V201071,yPRE: FOR WHOM DOES R INTEND TO VOTE FOR GOVERNOR (NO BALLOT CARD) [CODED],,-1. Inapplicable,"6. Specified as Democratic Senate candidate
7. Specified as Republican Senate candidate
10. Specified as other/independent Senate candidate
11. Specified as don’t know
12. Specified as refused"
V201072,PRE: DOES R PREFER GUBERNATORIAL CANDIDATE,Do you prefer one of the candidates for Governor?,"-9. Refused
-8. Don’t know
-1. Inapplicable","1. Yes
2. No"
V201073,PRE: WHOM DOES R PREFER FOR GOVERNOR (BALLOT CARD),Who do you prefer?,"-9. Refused
-1. Inapplicable","1. Democratic Governor candidate
2. Republican Governor candidate"
V201073z,PRE: WHOM DOES R PREFER FOR GOVERNOR (BALLOT CARD) - OTHER {SPECIFY},Who do you prefer?,-2. Open-end responses available in separate file,
V201074,PRE: WHOM DOES R PREFER FOR GOVERNOR (NO BALLOT CARD) PRE- ELECTION SURVEY VARIABLES 69,Who do you prefer? Which party is that?,-2. Open-end responses available in separate file,
V201074,yPRE: WHOM DOES R PREFER FOR GOVERNOR (NO BALLOT CARD),,-1. Inapplicable,7. Specified as Republican Senate candidate
V201075x,PRE: SUMMARY: PARTY OF PRE-ELECTION PRESIDENTIAL VOTE/INTENT/PREFERENCE,,-1. Inapplicable,"10. Democratic candidate selected (vote)
11. Republican candidate selected (vote)
12. Other candidate selected (vote)
20. Democratic candidate selected (intent to vote)
21. Republican candidate selected (intent to vote)
22. Other candidate selected (intent to vote)
30. Democratic candidate selected (preference)
31. Republican candidate selected (preference)
32. Other candidate selected (preference)"
V201076x,PRE: SUMMARY: PARTY OF PRE-ELECTION U.S. HOUSE VOTE/INTENT/PREFERENCE,,-1. Inapplicable,"10. Democratic candidate selected (vote)
11. Republican candidate selected (vote)
12. Other candidate selected (vote)
20. Democratic candidate selected (intent to vote)
21. Republican candidate selected (intent to vote)
22. Other candidate selected (intent to vote)
30. Democratic candidate selected (preference)
31. Republican candidate selected (preference)
32. Other candidate selected (preference)"
V201077x,PRE: SUMMARY: PARTY OF PRE-ELECTION U.S. SENATE VOTE/INTENT/PREFERENCE,,-1. Inapplicable,"10. Democratic candidate selected (vote)
11. Republican candidate selected (vote)
12. Other candidate selected (vote)
20. Democratic candidate selected (intent to vote)
21. Republican candidate selected (intent to vote)
22. Other candidate selected (intent to vote)
30. Democratic candidate selected (preference)
31. Republican candidate selected (preference)
32. Other candidate selected (preference)"
V201078x,PRE: SUMMARY: PARTY OF PRE-ELECTION GUBERNATORIAL VOTE/INTENT/PREFERENCE PRE- ELECTION SURVEY VARIABLES 71,,-1. Inapplicable,"10. Democratic candidate selected (vote)
11. Republican candidate selected (vote)
12. Other candidate selected (vote)
20. Democratic candidate selected (intent to vote)
21. Republican candidate selected (intent to vote)
22. Other candidate selected (intent to vote)
30. Democratic candidate selected (preference)
31. Republican candidate selected (preference)
32. Other candidate selected (preference)"
V201100,PRE: HOW LIKELY IS IT THAT R WILL VOTE IN NOVEMBER,How likely is it that you will vote in the general election this November?,"-9. Refused
-8. Don’t know
-1. Inapplicable","1. Extremely likely
2. Very likely
3. Moderately likely
4. Slightly likely
5. Not likely at all"
V201101,PRE: DID R VOTE FOR PRESIDENT IN 2016 [REVISED],"Four years ago, in 2016, Hillary Clinton ran on the Democratic ticket against Donald Trump for the Republicans. We talk to many people who tell us they did not vote. And we talk to a few people who tell us they did vote, who really did not. We can tell they did not vote by checking with official government records. What about you? If we check the official government voter records, will they show that you voted in the 2016 presidential election, or that you did not vote in that election?","-9. Refused
-8. Don’t know
-1. Inapplicable","1. Yes, voted
2. No, didn’t vote"
V201102,PRE: DID R VOTE FOR PRESIDENT IN 2016,"Four years ago, in 2016, Hillary Clinton ran on the Democratic ticket against Donald Trump for the Republicans. Do you remember for sure whether or not you voted in that election?","-9. Refused
-8. Don’t know
-1. Inapplicable","1. Yes, voted
2. No, didn’t vote"
V201103,PRE: RECALL OF LAST (2016) PRESIDENTIAL VOTE CHOICE,Which one did you vote for?,"-9. Refused
-8. Don’t know
-1. Inapplicable","1. Hillary Clinton
2. Donald Trump
5. Other {SPECIFY}"
V201103z,PRE: RECALL OF LAST (2016) PRESIDENTIAL VOTE CHOICE - OTHER {SPECIFY},Which one did you vote for?,-2. Open-end responses available in separate file,
V201104,PRE: DID R VOTE FOR PRESIDENT IN 2012 ELECTION,"Eight years ago, in 2012, Barack Obama ran on the Democratic ticket against Mitt Romney for the Republicans. Do you remember for sure whether or not you voted in that election?","-9. Refused
-8. Don’t know","1. Yes, voted
2. No, didn’t vote"
V201105,PRE: RECALL OF 2012 PRESIDENTIAL VOTE CHOICE,Which one did you vote for?,"-9. Refused
-8. Don’t know
-1. Inapplicable","1. Barack Obama
2. Mitt Romney
5. Other {SPECIFY}"
V201105z,PRE: RECALL OF 2012 PRESIDENTIAL VOTE CHOICE - OTHER {SPECIFY},Which one did you vote for?,-2. Open-end responses available in separate file,
V201106,PRE: IS THERE ANYTHING R LIKES ABOUT DEMOCRATIC PRESIDENTIAL CANDIDATE,Is there anything in particular about Joe Biden that might make you want to vote for him?,"-9. Refused
-8. Don’t know","1. Yes
2. No"
V201107,PRE: WHAT IS IT THAT R LIKES ABOUT DEMOCRATIC PRESIDENTIAL CANDIDATE [TEXT],What is that?,-2. Open-end responses available in separate file,
V201108,PRE: IS THERE ANYTHING R DISLIKES ABOUT DEMOCRATIC PRESIDENTIAL CANDIDATE,Is there anything in particular about Joe Biden that might make you want to vote against him? 76 CODEBOOK: VARIABLES,"-9. Refused
-8. Don’t know","1. Yes
2. No"
V201109,PRE: WHAT IS IT THAT R DISLIKES ABOUT DEMOCRATIC PRESIDENTIAL CANDIDATE [TEXT],What is that?,-2. Open-end responses available in separate file,
V201110,PRE: IS THERE ANYTHING R LIKES ABOUT REPUBLICAN PRESIDENTIAL CANDIDATE,Is there anything in particular about Donald Trump that might make you want to vote for him?,"-9. Refused
-8. Don’t know","1. Yes
2. No"
V201111,PRE: WHAT IS IT THAT R LIKES ABOUT REPUBLICAN PRESIDENTIAL CANDIDATE [TEXT],What is that?,-2. Open-end responses available in separate file,
V201112,PRE: IS THERE ANYTHING R DISLIKES ABOUT REPUBLICAN PRESIDENTIAL CANDIDATE,Is there anything in particular about Donald Trump that might make you want to vote against him?,-9. Refused,"1. Yes
2. No"
V201113,PRE: WHAT IS IT THAT R DISLIKES ABOUT REPUBLICAN PRESIDENTIAL CANDIDATE [TEXT],What is that?,-2. Open-end responses available in separate file,
V201114,PRE: ARE THINGS IN THE COUNTRY ON RIGHT TRACK,"Do you feel things in this country are generally going in the right direction, or do you feel things have pretty seriously gotten off on the wrong track?","-9. Refused
-8. Don’t know","1. Right direction
2. Wrong track"
V201115,PRE: HOW HOPEFUL R FEELS ABOUT HOW THINGS ARE GOING IN THE COUNTRY,The next few questions are about how you feel about how things are going in the country these days.How hopeful do you feel about how things are going in the country these days?,"-9. Refused
-8. Don’t know","1. Not at all
2. A little
3. Somewhat
4. Very
5. Extremely"
V201116,PRE: HOW AFRAID R FEELS ABOUT HOW THINGS ARE GOING IN THE COUNTRY,How afraid do you feel about how things are going in the country? PRE- ELECTION SURVEY VARIABLES 79,"-9. Refused
-8. Don’t know","1. Not at all
2. A little
3. Somewhat
4. Very
5. Extremely"
V201117,PRE: HOW OUTRAGED R FEELS ABOUT HOW THINGS ARE GOING IN THE COUNTRY,How outraged do you feel about how things are going in the country?,"-9. Refused
-8. Don’t know","1. Not at all
2. A little
3. Somewhat
4. Very
5. Extremely"
V201118,PRE: HOW ANGRY R FEELS ABOUT HOW THINGS ARE GOING IN THE COUNTRY,How angry do you feel about how things are going in the country? 80 CODEBOOK: VARIABLES,"-9. Refused
-8. Don’t know","1. Not at all
2. A little
3. Somewhat
4. Very
5. Extremely"
V201119,PRE: HOW HAPPY R FEELS ABOUT HOW THINGS ARE GOING IN THE COUNTRY,How happy do you feel about how things are going in the country?,"-9. Refused
-8. Don’t know","1. Not at all
2. A little
3. Somewhat
4. Very
5. Extremely"
V201120,PRE: HOW WORRIED R FEELS ABOUT HOW THINGS ARE GOING IN THE COUNTRY,How worried do you feel about how things are going in the country? PRE- ELECTION SURVEY VARIABLES 81,-9. Refused,"1. Not at all
2. A little
3. Somewhat
4. Very
5. Extremely"
V201121,PRE: HOW PROUD R FEELS ABOUT HOW THINGS ARE GOING IN THE COUNTRY,How proud do you feel about how things are going in the country?,"-9. Refused
-8. Don’t know","1. Not at all
2. A little
3. Somewhat
4. Very
5. Extremely"
V201122,PRE: HOW IRRITATED R FEELS ABOUT HOW THINGS ARE GOING IN THE COUNTRY,How irritated do you feel about how things are going in the country? 82 CODEBOOK: VARIABLES,-9. Refused,"1. Not at all
2. A little
3. Somewhat
4. Very
5. Extremely"
V201123,PRE: HOW NERVOUS R FEELS ABOUT HOW THINGS ARE GOING IN THE COUNTRY,How nervous do you feel about how things are going in the country?,-9. Refused,"1. Not at all
2. A little
3. Somewhat
4. Very
5. Extremely"
V201124,PRE: APPROVAL OF CONGRESS HANDLING ITS JOB,Do you approve or disapprove of the way the U.S. Congress has been handling its job?,"-9. Refused
-8. Don’t know","1. Approve
2. Disapprove"
V201125,PRE: HOW MUCH APPROVE/DISAPPROVE CONGRESS HANDLING ITS JOB,Do you [approve/disapprove] strongly or not strongly?,"-9. Refused
-8. Don’t know
-1. Inapplicable","1. Strongly
2. Not strongly"
V201126x,PRE: SUMMARY: APPROVAL OF CONGRESS HANDLING ITS JOB,,-2. DK/RF in V201124 or V201125,"1. Approve strongly
2. Approve not strongly
3. Disapprove not strongly
4. Disapprove strongly"
V201127,PRE: APPROVE OR DISAPPROVE PRESIDENT HANDLING JOB,Do you approve or disapprove of the way Donald Trump is handlinghis job as President?,"-9. Refused
-8. Don’t know","1. Approve
2. Disapprove"
V201128,PRE: HOW MUCH APPROVE/DISAPPROVE PRESIDENT HANDLING JOB,Do you [approve/disapprove] strongly or not strongly?,"-9. Refused
-8. Don’t know
-1. Inapplicable","1. Strongly
2. Not strongly"
V201129x,PRE: SUMMARY: APPROVE OR DISAPPROVE PRESIDENT HANDLING JOB,,-2. DK/RF in V201127 or V201128,"1. Approve strongly
2. Approve not strongly
3. Disapprove not strongly
4. Disapprove strongly"
V201130,PRE: APPROVE OR DISAPPROVE PRESIDENT HANDLING ECONOMY,Do you approve or disapprove of the way Donald Trump is handling the economy?,"-9. Refused
-8. Don’t know","1. Approve
2. Disapprove"
V201131,PRE: HOW MUCH APPROVE/DISAPPROVE PRESIDENT HANDLING ECONOMY,Do you [approve/disapprove] strongly or not strongly?,"-9. Refused
-8. Don’t know
-1. Inapplicable","1. Strongly
2. Not strongly"
V201132x,PRE: SUMMARY: APPROVE OR DISAPPROVE PRESIDENT HANDLING ECONOMY,,-2. DK/RF in V201130 or V201131,"1. Approve strongly
2. Approve not strongly
3. Disapprove not strongly
4. Disapprove strongly"
V201133,PRE: APPROVE OR DISAPPROVE PRESIDENT HANDLING FOREIGN RELATIONS,Do you approve or disapprove of the way Donald Trump is handlingrelations with foreign countries?,"-9. Refused
-8. Don’t know","1. Approve
2. Disapprove"
V201134,PRE: HOW MUCH APPROVE/DISAPPROVE PRESIDENT HANDLING FOREIGN RELATIONS,Do you [approve/disapprove] strongly or not strongly?,"-9. Refused
-8. Don’t know
-1. Inapplicable","1. Strongly
2. Not strongly"
V201135x,PRE: SUMMARY: APPROVE OR DISAPPROVE PRESIDENT HANDLING FOREIGN RELATIONS,,-2. DK/RF in V201133 or V201134,"1. Approve strongly
2. Approve not strongly
3. Disapprove not strongly
4. Disapprove strongly"
V201136,PRE: APPROVE OR DISAPPROVE PRESIDENT HANDLING HEALTH CARE,Do you approve or disapprove of the way Donald Trump is handling health care?,"-9. Refused
-8. Don’t know","1. Approve
2. Disapprove"
V201137,PRE: HOW MUCH APPROVE/DISAPPROVE PRESIDENT HANDLING HEALTH CARE,Do you [approve/disapprove] strongly or not strongly?,"-9. Refused
-8. Don’t know
-1. Inapplicable","1. Strongly
2. Not strongly"
V201138x,PRE: SUMMARY: APPROVE OR DISAPPROVE PRESIDENT HANDLING HEALTH CARE,,-2. DK/RF in V201136 or V201137,"1. Approve strongly
2. Approve not strongly
3. Disapprove not strongly
4. Disapprove strongly"
V201139,PRE: APPROVE OR DISSAPROVE PRESIDENT HANDLING IMMIGRATION,Do you approve or disapprove of the way Donald Trump is handling immigration?,"-9. Refused
-8. Don’t know","1. Approve
2. Disapprove"
V201140,PRE: HOW MUCH APPROVE/DISAPPROVE PRESIDENT HANDLING IMMIGRATION,Do you [approve/disapprove] strongly or not strongly?,"-9. Refused
-8. Don’t know
-1. Inapplicable","1. Strongly
2. Not strongly"
V201141x,PRE: SUMMARY: APPROVE OR DISSAPROVE PRESIDENT HANDLING IMMIGRATION,,-2. DK/RF in V201139 or V201140,"1. Approve strongly
2. Approve not strongly
3. Disapprove not strongly
4. Disapprove strongly"
V201142,PRE: APPROVE OR DISAPPROVE PRESIDENT HANDLING COVID-19,"Do you approve or disapprove of the way Donald Trump has handled the coronavirus, or COVID-19, pandemic?","-9. Refused
-8. Don’t know","1. Approve
2. Disapprove"
V201143,PRE: HOW MUCH APPROVE/DISAPPROVE PRESIDENT HANDLING COVID-19,Do you [approve/disapprove] strongly or not strongly?,"-9. Refused
-8. Don’t know
-1. Inapplicable","1. Strongly
2. Not strongly"
V201144x,PRE: SUMMARY: APPROVE OR DISAPPROVE PRESIDENT HANDLING COVID-19,,-2. DK/RF in V201142 or V201143,"1. Approve strongly
2. Approve not strongly
3. Disapprove not strongly
4. Disapprove strongly"
V201145,PRE: APPROVE OR DISAPPROVE R’S GOVERNOR HANDLING COVID-19,Do you approve or disapprove of the way [Governor of respondent’s preloaded state] has handled the COVID-19 pandemic?,"-9. Refused
-8. Don’t know","1. Approve
2. Disapprove"
V201146,PRE: HOW MUCH APPROVE/DISAPPROVE R’S GOVERNOR HANDLING COVID-19,Do you [approve/disapprove] strongly or not strongly?,"-9. Refused
-8. Don’t know
-1. Inapplicable","1. Strongly
2. Not strongly"
V201147x,PRE: SUMMARY: APPROVE OR DISAPPROVE R’S GOVERNOR HANDLING COVID-19,,-2. DK/RF in V201145 or V201146,"1. Approve strongly
2. Approve not strongly
3. Disapprove not strongly
4. Disapprove strongly"
V201148,PRE: APPROVE OR DISAPPROVE LOCAL GOVERNMENT HANDLING COVID-19,"Do you approve or disapprove of the way your local government, for example, municipal and county government, has handled the COVID-19 pandemic?","-9. Refused
-8. Don’t know","1. Approve
2. Disapprove"
V201149,PRE: HOW MUCH APPROVE/DISAPPROVE LOCAL GOVERNMENT HANDLING COVID-19,Do you [approve/disapprove] strongly or not strongly?,"-9. Refused
-8. Don’t know
-1. Inapplicable","1. Strongly
2. Not strongly"
V201150x,PRE: SUMMARY: APPROVE OR DISAPPROVE LOCAL GOVERNMENT HANDLING COVID-19,,-2. DK/RF in V201148 or V201149,"1. Approve strongly
2. Approve not strongly
3. Disapprove not strongly
4. Disapprove strongly"
V201151,"PRE: FEELING THERMOMETER: JOE BIDEN, DEMOCRATIC PRESIDENTIAL CANDIDATE",How would you rate: Joe Biden,"-9. Refused
-4. Technical error",998. Don’t know (don’t know where to rate)
V201152,"PRE: FEELING THERMOMETER: DONALD TRUMP, REPUBLICAN PRESIDENTIAL CANDIDATE",How would you rate: Donald Trump,-9. Refused,
V201153,"PRE: FEELING THERMOMETER: KAMALA HARRIS, DEMOCRATIC VICE-PRESIDENTIAL CANDIDATE PRE- ELECTION SURVEY VARIABLES 93",How would you rate: Kamala Harris,"-9. Refused
-4. Technical error","998. Don’t know (don’t know where to rate
999. Don’t recognize (don’t know who this is)"
V201154,"PRE: FEELING THERMOMETER: MIKE PENCE, REPUBLICAN VICE-PRESIDENTIAL CANDIDATE",How would you rate: Mike Pence,"-9. Refused
-4. Technical error","998. Don’t know (don’t know where to rate
999. Don’t recognize (don’t know who this is)"
V201155,PRE: FEELING THERMOMETER: BARACK OBAMA,How would you rate: Barack Obama 94 CODEBOOK: VARIABLES,-9. Refused,
V201156,PRE: FEELING THERMOMETER: DEMOCRATIC PARTY,How would you rate: the Democratic Party,-9. Refused,998. Don’t know (don’t know where to rate)
V201157,PRE: FEELING THERMOMETER: REPUBLICAN PARTY,How would you rate: the Republican Party,-9. Refused,998. Don’t know (don’t know where to rate)
V201158,PRE: IS THERE ANYTHING R LIKES ABOUT DEMOCRATIC PARTY,Is there anything in particular that you like about the Democratic party?,"-9. Refused
-8. Don’t know","1. Yes
2. No"
V201159,PRE: WHAT DOES R LIKE ABOUT DEMOCRATIC PARTY [TEXT],What is that?,-2. Open-end responses available in separate file,
V201160,PRE: IS THERE ANYTHING R DISLIKES ABOUT DEMOCRATIC PARTY,Is there anything in particular that you don’t like about the Democratic party?,"-9. Refused
-8. Don’t know","1. Yes
2. No"
V201161,PRE: WHAT DOES R DISLIKE ABOUT THE DEMOCRATIC PARTY [TEXT],What is that?,-2. Open-end responses available in separate file,
V201162,PRE: IS THERE ANYTHING R LIKES ABOUT REPUBLICAN PARTY,Is there anything in particular that you like about the Republican party? PRE- ELECTION SURVEY VARIABLES 97,"-9. Refused
-8. Don’t know","1. Yes
2. No"
V201163,PRE: WHAT DOES R LIKE ABOUT REPUBLICAN PARTY [TEXT],What is that?,-2. Open-end responses available in separate file,
V201164,PRE: IS THERE ANYTHING R DISLIKES ABOUT REPUBLICAN PARTY,Is there anything in particular that you don’t like about the Republican party?,"-9. Refused
-8. Don’t know","1. Yes
2. No"
V201165,PRE: WHAT DOES R DISLIKE ABOUT THE REPUBLICAN PARTY [TEXT],What is that?,-2. Open-end responses available in separate file,
V201200,PRE: 7PT SCALE LIBERAL-CONSERVATIVE SELF- PLACEMENT,"Where would you place yourself on this scale, or haven’t you thought much about this?","-9. Refused
-8. Don’t know","1. Extremely liberal
2. Liberal
3. Slightly liberal
4. Moderate; middle of the road
5. Slightly conservative
6. Conservative
7. Extremely conservative
99. Haven’t thought much about this"
V201201,PRE: IF R HAD TO CHOOSE LIBERAL OR CONSERVATIVE SELF-PLACEMT,"If you had to choose, would you consider yourself a liberal or a conservative?","-9. Refused
-8. Don’t know
-4. Technical error
-1. Inapplicable","1. Liberal
2. Conservative
3. Moderate {VOL, video/phone only}"
V201202,PRE: 7PT SCALE LIBERAL-CONSERVATIVE: DEMOCRATIC PRESIDENTIAL CANDIDATE,Where would you place Joe Biden on this scale?,"-9. Refused
-8. Don’t know","1. Extremely liberal
2. Liberal
3. Slightly liberal
4. Moderate; middle of the road
5. Slightly conservative
6. Conservative
7. Extremely conservative"
V201203,PRE: 7PT SCALE LIBERAL-CONSERVATIVE: REPUBLICAN PRESIDENTIAL CANDIDATE,Where would you place Donald Trump on this scale?,"-9. Refused
-8. Don’t know
-4. Technical error","1. Extremely liberal
2. Liberal
3. Slightly liberal
4. Moderate; middle of the road
5. Slightly conservative
6. Conservative
7. Extremely conservative"
V201204,PRE: 7PT SCALE LIBERAL-CONSERVATIVE: DEMOCRATIC HOUSE CANDIDATE,Where would you place [Democratic candidate for respondent’s preloaded U.S. House district] on this scale?,"-9. Refused
-8. Don’t know
-4. Technical error
-1. Inapplicable","1. Extremely liberal
2. Liberal
3. Slightly liberal
4. Moderate; middle of the road
5. Slightly conservative
6. Conservative
7. Extremely conservative"
V201205,PRE: 7PT SCALE LIBERAL-CONSERVATIVE: REPUBLICAN HOUSE CANDIDATE,Where would you place [Republican candidate for respondent’s preloaded U.S. House district] on this scale?,"-9. Refused
-8. Don’t know
-1. Inapplicable","1. Extremely liberal
2. Liberal
3. Slightly liberal
4. Moderate; middle of the road
5. Slightly conservative
6. Conservative
7. Extremely conservative"
V201206,PRE: 7PT SCALE LIBERAL-CONSERVATIVE: DEMOCRATIC PARTY,Where would you place the Democratic Party on this scale?,"-9. Refused
-8. Don’t know","1. Extremely liberal
2. Liberal
3. Slightly liberal
4. Moderate; middle of the road
5. Slightly conservative
6. Conservative
7. Extremely conservative"
V201207,PRE: 7PT SCALE LIBERAL-CONSERVATIVE: REPUBLICAN PARTY,Where would you place the Republican Party on this scale?,"-9. Refused
-8. Don’t know","1. Extremely liberal
2. Liberal
3. Slightly liberal
4. Moderate; middle of the road
5. Slightly conservative
6. Conservative
7. Extremely conservative"
V201208,PRE: DEMOCRATIC PRESIDENTIAL CANDIDATE TRAIT: STRONG LEADERSHIP PRE- ELECTION SURVEY VARIABLES 103,"Think about Joe Biden. In your opinion, does the phrase ‘he provides strong leadership’ describe Joe Biden extremely well, very well, moderately well, slightly well, or not well at all?","-9. Refused
-8. Don’t know","1. Extremely well
2. Very well
3. Moderately well
4. Slightly well
5. Not well at all"
V201209,PRE: DEMOCRATIC PRESIDENTIAL CANDIDATE TRAIT: REALLY CARES,"What about ‘really cares about people like you’? Does this phrase describe Joe Biden extremely well, very well, moderately well, slightly well, or not well at all?","-9. Refused
-8. Don’t know","1. Extremely well
2. Very well
3. Moderately well
4. Slightly well
5. Not well at all"
V201210,PRE: DEMOCRATIC PRESIDENTIAL CANDIDATE TRAIT: KNOWLEDGEABLE,"What about ‘is knowledgeable’? Does this phrase describe Joe Biden extremelywell, very well, moderately well, slightly well, or not well at all?","-9. Refused
-8. Don’t know","1. Extremely well
2. Very well
3. Moderately well
4. Slightly well
5. Not well at all"
V201211,PRE: DEMOCRATIC PRESIDENTIAL CANDIDATE TRAIT: HONEST,"What about ‘is honest’? Does this phrase describe Joe Biden extremelywell, very well, moderately well, slightly well, or not well at all? PRE- ELECTION SURVEY VARIABLES 105","-9. Refused
-8. Don’t know","1. Extremely well
2. Very well
3. Moderately well
4. Slightly well
5. Not well at all"
V201212,PRE: REPUBLICAN PRESIDENTIAL CANDIDATE TRAIT: STRONG LEADERSHIP,"Think about Donald Trump. In your opinion, does the phrase ‘he provides strong leadership’ describe Donald Trump extremely well, very well, moderately well, slightly well, or not well at all?",-9. Refused,"1. Extremely well
2. Very well
3. Moderately well
4. Slightly well
5. Not well at all"
V201213,PRE: REPUBLICAN PRESIDENTIAL CANDIDATE TRAIT: REALLY CARES,"What about ‘really cares about people like you’? Does this phrase describe Donald Trump extremelywell, very well, moderately well, slightly well, or not well at all?",-9. Refused,"1. Extremely well
2. Very well
3. Moderately well
4. Slightly well
5. Not well at all"
V201214,PRE: REPUBLICAN PRESIDENTIAL CANDIDATE TRAIT: KNOWLEDGEABLE,"What about ‘is knowledgeable’? Does this phrase describe Donald Trump extremely well, very well, moderately well, slightly well, or not well at all?","-9. Refused
-8. Don’t know","1. Extremely well
2. Very well
3. Moderately well
4. Slightly well
5. Not well at all"
V201215,PRE: REPUBLICAN PRESIDENTIAL CANDIDATE TRAIT: HONEST,"What about ‘is honest’? Does this phrase describe Donald Trump extremely well, very well, moderately well, slightly well, or not well at all?","-9. Refused
-8. Don’t know","1. Extremely well
2. Very well
3. Moderately well
4. Slightly well
5. Not well at all"
V201216,PRE: HOW MUCH R CARES WHO WINS PRESIDENTIAL ELECTION [REVISED],How much do you care who wins the presidential election this fall? 108 CODEBOOK: VARIABLES,"-9. Refused
-8. Don’t know","1. A great deal
2. A lot
3. A moderate amount
4. A little
5. Not at all"
V201217,PRE: WHO DOES R THINK WILL BE ELECTED PRESIDENT,Who do you think will be elected President in November?,"-9. Refused
-8. Don’t know","1. Joe Biden
2. Donald Trump
5. Other {SPECIFY}"
V201217z,PRE: WHO DOES R THINK WILL BE ELECTED PRESIDENT - OTHER {SPECIFY},Who do you think will be elected President in November?,-2. Open-end responses available in separate file,
V201218,PRE: WILL PRESIDENTIAL RACE BE CLOSE OR WILL (WINNER) WIN BY A LOT,Do you think the Presidential race will be close or will [Joe Biden / Donald Trump / one candidate] win by quite a bit? PRE- ELECTION SURVEY VARIABLES 109,"-9. Refused
-8. Don’t know
-1. Inapplicable","1. Will be close
2. Win by quite a bit"
V201219,PRE: WHICH PRESIDENTIAL CANDIDATE WILL CARRY STATE,What about here in [Respondent’s preloaded state]? Which candidate for President do you think will carry this state?,"-9. Refused
-8. Don’t know","1. Joe Biden
2. Donald Trump
5. Other {SPECIFY}"
V201219z,PRE: WHICH PRESIDENTIAL CANDIDATE WILL CARRY STATE - OTHER {SPECIFY},What about here in [Respondent’s preloaded state]? Which candidate for President do you think will carry this state?,-2. Open-end responses available in separate file,
V201220,PRE: WILL PRESIDENTIAL RACE BE CLOSE IN STATE,Do you think the Presidential race will be close here in [Respondent’s preloaded state]or will [Joe Biden / Donald Trump / one candidate] win by quite a bit?,"-9. Refused
-8. Don’t know
-1. Inapplicable","1. Will be close
2. Win by quite a bit"
V201221,PRE: VERSION 1A DOES R CONSIDER VOTING A DUTY OR CHOICE,"Different people feel differently about voting. For some, voting is a duty - they feel they should vote in every election no matter how they feel about the candidates and parties. For others voting is a choice - they feel free to vote or not to vote, depending on how they feel about the candidates and parties. For you personally, is voting mainly a duty, mainly a choice, or neither a duty nor a choice?","-9. Refused
-1. Inapplicable","1. Mainly a duty
2. Mainly a choice
3. Neither a duty nor a choice"
V201222,PRE: VERSION 1B DOES R CONSIDER VOTING A CHOICE OR DUTY,"Different people feel differently about voting. For some, voting is a choice - they feel free to vote or not to vote, depending on how they feel about the candidates and parties. For others voting is a duty - they feel they should vote in every election no matter how they feel about the candidates and parties. For you personally, is voting mainly a choice, mainly a duty, or neither a choice nor a duty?","-9. Refused
-1. Inapplicable","1. Mainly a choice
2. Mainly a duty
3. Neither a duty nor a choice"
V201223,PRE: HOW STRONGLY DOES R FEEL THAT VOTING IS A DUTY,How strongly do you feel that voting is a duty?,"-9. Refused
-1. Inapplicable","1. Very strongly
2. Moderately strongly
3. A little strongly"
V201224,PRE: HOW STRONGLY DOES R FEEL THAT VOTING IS A CHOICE,How strongly do you feel that voting is a choice?,"-9. Refused
-1. Inapplicable","1. Very strongly
2. Moderately strongly
3. A little strongly"
V201225x,PRE: SUMMARY: VOTING AS DUTY OR CHOICE,,"-2. DK/RF in V201221, V201222, V201223, or V201224","1. Very strongly a duty
2. Moderately strongly a duty
3. A little strongly a duty
4. Neither a duty nor a choice
5. A little strongly a choice
6. Moderately strongly a choice
7. Very strongly a choice"
V201226,PRE: SPLIT-TICKET VOTING,"Thinking about the 2020 general election, if your ballot has an option to vote for a straight-party ticket, that is, a single mark would allow you to vote for all of the candidates from a single party, would you most likely vote straight [Democrat / Republican], vote straight [Republican / Democrat], split your ballot between Democrats and Republicans depending on the office and the candidates, or something else?","-9. Refused
-8. Don’t know","1. Vote straight Democrat
2. Vote straight Republican
3. Split my ballot between Democrats and Republicans,"
V201227,PRE: PARTY CONTROL OR SPLIT GOVERNMENT,"Do you think it is better when one party controls both the presidency and Congress, better when control is split between the Democrats and Republicans, or doesn’t it matter?","-9. Refused
-8. Don’t know","1. Better when one party controls both
2. Better when control is split
3. It doesn’t matter"
V201228,"PRE: PARTY ID: DOES R THINK OF SELF AS DEMOCRAT, REPUBLICAN, OR INDEPENDENT","Generally speaking, do you usually think of yourself as [a Democrat, a Republican / a Republican, a Democrat], an independent, or what?","-9. Refused
-8. Don’t know
-4. Technical error","0. No preference {VOL - video/phone only}
1. Democrat
2. Republican
3. Independent
5. Other party {SPECIFY}"
V201228z,"PRE: PARTY ID: DOES R THINK OF SELF AS DEM, REP, OR IND - OTHER {SPECIFY} [TEXT]","Generally speaking, do you usually think of yourself as [a Democrat, a Republican / a Republican, a Democrat], an independent, or what?",-2. Open-end responses available in separate file,
V201229,PRE: PARTY IDENTIFICATION STRONG - DEMOCRAT REPUBLICAN,Would you call yourself a strong [Democrat / Republican] or a not very strong [Democrat / Republican]?,"-9. Refused
-1. Inapplicable","1. Strong
2. Not very strong"
V201230,PRE: NO PARTY IDENTIFICATION - CLOSER TO DEMOCRATIC PARTY OR REPUBLICAN PARTY,Do you think of yourself as closer to the Republican Party or to the Democratic Party?,"-9. Refused
-8. Don’t know
-1. Inapplicable","1. Closer to Republican
2. Neither {VOL in video and phone}
3. Closer to Democratic"
V201231x,PRE: SUMMARY: PARTY ID,,"-9. Refused
-8. Don’t know","1. Strong Democrat
2. Not very strong Democrat
3. Independent-Democrat
4. Independent
5. Independent-Republican
6. Not very strong Republican
7. Strong Republican"
V201232,PRE: PARTY IDENTITY IMPORTANCE,How important is being [a Democrat/a Republican/an Independent] to your identity?,"-9. Refused
-8. Don’t know
-1. Inapplicable","1. Extremely important
2. Very important
3. Moderately important
4. A little important
5. Not at all important"
V201233,PRE: HOW OFTEN TRUST GOVERNMENT IN WASHINGTON TO DO WHAT IS RIGHT [REVISED],How often can you trust the federal government in Washington to do what is right?,"-9. Refused
-8. Don’t know","1. Always
2. Most of the time
3. About half the time
4. Some of the time
5. Never"
V201234,PRE: GOVERNMENT RUN BY A FEW BIG INTERESTS OR FOR BENEFIT OF ALL,Would you say the government is pretty much run by a few big interests looking out for themselves or that it is run for the benefit of all the people?,"-9. Refused
-8. Don’t know","1. Run by a few big interests
2. For the benefit of all the people"
V201235,PRE: DOES GOVERNMENT WASTE MUCH TAX MONEY,"Do you think that people in government waste a lot of the money we pay in taxes, waste some of it, or don’t waste very much of it? PRE- ELECTION SURVEY VARIABLES 117","-9. Refused
-8. Don’t know","1. Waste a lot
2. Waste some
3. Don’t waste very much"
V201236,PRE: HOW MANY IN GOVERNMENT ARE CORRUPT,How many of the people running the government are corrupt?,"-9. Refused
-8. Don’t know","1. All
2. Most
3. About half
4. A few
5. None"
V201237,PRE: HOW OFTEN CAN PEOPLE BE TRUSTED,"Generally speaking, how often can you trust other people?","-9. Refused
-8. Don’t know","1. Always
2. Most of the time
3. About half the time
4. Some of the time
5. Never"
V201238,PRE: ELECTIONS MAKE GOVERNMENT PAY ATTENTION,How much do you feel that having elections makes the government pay attention to what the people think?,"-9. Refused
-8. Don’t know","1. A good deal
2. Some
3. Not much"
V201239,PRE: WHICH PARTY BETTER: HANDLING NATIONS ECONOMY,Which party do you think would do a better job of handling the nation’s economy?,"-9. Refused
-8. Don’t know","1. Democrats would do a much better job
2. Democrats would do a somewhat better job
3. Not much difference between them
4. Republicans would do a somewhat better job
5. Republicans would do a much better job"
V201240,PRE: WHICH PARTY BETTER: HANDLING HEALTH CARE,Which party do you think would do a better job of handling health care? PRE- ELECTION SURVEY VARIABLES 119,"-9. Refused
-8. Don’t know","1. Democrats would do a much better job
2. Democrats would do a somewhat better job
3. Not much difference between them
4. Republicans would do a somewhat better job
5. Republicans would do a much better job"
V201241,PRE: WHICH PARTY BETTER: HANDLING IMMIGRATION,Which party do you think would do a better job of handling immigration?,"-9. Refused
-8. Don’t know","1. Democrats would do a much better job
2. Democrats would do a somewhat better job
3. Not much difference between them
4. Republicans would do a somewhat better job
5. Republicans would do a much better job"
V201242,PRE: WHICH PARTY BETTER: HANDLING TAXES,Which party do you think would do a better job of handling taxes? 120 CODEBOOK: VARIABLES,"-9. Refused
-8. Don’t know","1. Democrats would do a much better job
2. Democrats would do a somewhat better job
3. Not much difference between them
4. Republicans would do a somewhat better job
5. Republicans would do a much better job"
V201243,PRE: WHICH PARTY BETTER: HANDLING ENVIRONMENT,Which party do you think would do a better job of handling the environment?,"-9. Refused
-8. Don’t know","1. Democrats would do a much better job
2. Democrats would do a somewhat better job
3. Not much difference between them
4. Republicans would do a somewhat better job
5. Republicans would do a much better job"
V201244,PRE: WHICH PARTY BETTER: HANDLING COVID-19,Which party do you think would do a better job of handling the COVID-19 pandemic? PRE- ELECTION SURVEY VARIABLES 121,"-9. Refused
-8. Don’t know","1. Democrats would do a much better job
2. Democrats would do a somewhat better job
3. Not much difference between them
4. Republicans would do a somewhat better job
5. Republicans would do a much better job"
V201246,PRE: 7PT SCALE SPENDING & SERVICES: SELF- PLACEMENT,"Where would you place yourself on this scale, or haven’t you thought much about this? 122 CODEBOOK: VARIABLES",-9. Refused,"1. Government should provide many fewer services
2.
3.
4.
5.
6.
7. Government should provide many more services
99. Haven’t thought much about this"
V201247,PRE: 7PT SCALE SPENDING & SERVICES: DEMOCRATIC PRESIDENTIAL CANDIDATE,Where would you place Joe Biden on this issue?,"-9. Refused
-8. Don’t know","1. Government should provide many fewer services
2.
3.
4.
5.
6.
7. Government should provide many more services"
V201248,PRE: 7PT SCALE SPENDING & SERVICES: REPUBLICAN PRESIDENTIAL CANDIDATE,Where would you place Donald Trump on this issue? PRE- ELECTION SURVEY VARIABLES 123,"-9. Refused
-8. Don’t know","1. Government should provide many fewer services
2.
3.
4.
5.
6.
7. Government should provide many more services"
V201249,PRE: 7PT SCALE DEFENSE SPENDING: SELF- PLACEMENT,"Where would you place yourself on this scale, or haven’t you thought much about this? 124 CODEBOOK: VARIABLES","-9. Refused
-8. Don’t know","1. Greatly decrease defense spending
2.
3.
4.
5.
6.
7. Greatly increase defense spending
99. Haven’t thought much about this"
V201250,PRE: 7PT SCALE DEFENSE SPENDING: DEMOCRATIC PRESIDENTIAL CANDIDATE,Where would you place Joe Biden on this issue?,"-9. Refused
-8. Don’t know","1. Greatly decrease defense spending
2.
3.
4.
5.
6.
7. Greatly increase defense spending"
V201251,PRE: 7PT SCALE DEFENSE SPENDING: REPUBLICAN PRESIDENTIAL CANDIDATE,Where would you place Donald Trump on this issue? PRE- ELECTION SURVEY VARIABLES 125,"-9. Refused
-8. Don’t know","1. Greatly decrease defense spending
2.
3.
4.
5.
6.
7. Greatly increase defense spending"
V201252,PRE: 7PT SCALE GOV-PRIVATE MEDICAL INSURANCE SCALE: SELF-PLACEMENT,"Where would you place yourself on this scale, or haven’t you thought much about this? 126 CODEBOOK: VARIABLES","-9. Refused
-8. Don’t know","1. Government insurance plan
2.
3.
4.
5.
6.
7. Private insurance plan
99. Haven’t thought much about this"
V201253,PRE: 7PT SCALE GOV-PRIVATE MEDICAL INSURANCE SCALE: DEM PRESIDENTIAL CANDIDATE,Where would you place Joe Biden on this issue?,"-9. Refused
-8. Don’t know","1. Government insurance plan
2.
3.
4.
5.
6.
7. Private insurance plan"
V201254,PRE: 7PT SCALE GOV-PRIVATE MEDICAL INSURANCE SCALE: REP PRESIDENTIAL CANDIDATE,Where would you place Donald Trump on this issue? PRE- ELECTION SURVEY VARIABLES 127,"-9. Refused
-8. Don’t know","1. Government insurance plan
2.
3.
4.
5.
6.
7. Private insurance plan"
V201255,PRE: 7PT SCALE GUARANTEED JOB-INCOME SCALE: SELF-PLACEMENT,"Where would you place yourself on this scale, or haven’t you thought much about this? 128 CODEBOOK: VARIABLES","-9. Refused
-8. Don’t know","1. Government should see to jobs and standard of living
2.
3.
4.
5.
6.
7. Government should let each person get ahead on own
99. Haven’t thought much about this"
V201256,PRE: 7PT SCALE GUARANTEED JOB-INCOME SCALE: DEM PRESIDENTIAL CANDIDATE,Where would you place Joe Biden on this issue?,"-9. Refused
-8. Don’t know","1. Government should see to jobs and standard of living
2.
3.
4.
5.
6.
7. Government should let each person get ahead on own"
V201257,PRE: 7PT SCALE GUARANTEED JOB-INCOME SCALE: REP PRESIDENTIAL CANDIDATE,Where would you place Donald Trump on this issue? PRE- ELECTION SURVEY VARIABLES 129,"-9. Refused
-8. Don’t know","1. Government should see to jobs and standard of living
2.
3.
4.
5.
6.
7. Government should let each person get ahead on own"
V201258,PRE: 7PT SCALE GOV ASSISTANCE TO BLACKS SCALE: SELF-PLACEMENT,"Where would you place yourself on this scale, or haven’t you thought much about this? 130 CODEBOOK: VARIABLES","-9. Refused
-8. Don’t know","1. Government should help blacks
2.
3.
4.
5.
6.
7. Blacks should help themselves
99. Haven’t thought much about this"
V201259,PRE: 7PT SCALE GOV ASSISTANCE TO BLACKS SCALE: DEM PRESIDENTIAL CANDIDATE,Where would you place Joe Biden on this issue?,"-9. Refused
-8. Don’t know","1. Government should help blacks
2.
3.
4.
5.
6.
7. Blacks should help themselves"
V201260,PRE: 7PT SCALE GOV ASSISTANCE TO BLACKS SCALE: REP PRESIDENTIAL CANDIDATE,Where would you place Donald Trump on this issue? PRE- ELECTION SURVEY VARIABLES 131,"-9. Refused
-8. Don’t know","1. Government should help blacks
2.
3.
4.
5.
6.
7. Blacks should help themselves"
V201262,PRE: 7PT SCALE ENVIRONMENT-BUSINESS TRADEOFF: SELF-PLACEMENT,"Where would you place yourself on this scale, or haven’t you thought much about this? 132 CODEBOOK: VARIABLES","-9. Refused
-8. Don’t know",1. Tougher regulations on business needed to protect
V201263,PRE: 7PT SCALE ENVIRONMENT-BUSINESS TRADEOFF: DEM PRESIDENTIAL CANDIDATE,Where would you place Joe Biden on this scale?,"-9. Refused
-8. Don’t know",1. Tougher regulations on business needed to protect
V201264,PRE: 7PT SCALE ENVIRONMENT-BUSINESS TRADEOFF: REP PRESIDENTIAL CANDIDATE PRE- ELECTION SURVEY VARIABLES 133,Where would you place Donald Trump on this scale?,"-9. Refused
-8. Don’t know",1. Tougher regulations on business needed to protect
V201300,PRE: FEDERAL BUDGET SPENDING: SOCIAL SECURITY,"What about Social Security? Should federal spending on Social Security be increased, decreased, or kept the same?","-9. Refused
-8. Don’t know","1. Increased
2. Decreased
3. Kept the same"
V201301,PRE: FEDERAL BUDGET SPENDING: SOCIAL SECURITY (STRENGTH),Should it be [increased / decreased] a lot or a little?,"-9. Refused
-8. Don’t know
-1. Inapplicable","1. A lot
2. A little"
V201302x,PRE: SUMMARY: FEDERAL BUDGET SPENDING: SOCIAL SECURITY,,-2. DK/RF in V201300 or V201301,"1. Increased a lot
2. Increased a little
3. Kept the same
4. Decreased a little
5. Decreasaed a lot"
V201303,PRE: FEDERAL BUDGET SPENDING: PUBLIC SCHOOLS,"What about public schools? Should federal spending on public schools be increased, decreased, or kept the same? PRE- ELECTION SURVEY VARIABLES 135","-9. Refused
-8. Don’t know","1. Increased
2. Decreased
3. Kept the same"
V201304,PRE: FEDERAL BUDGET SPENDING: PUBLIC SCHOOLS (STRENGTH),Should it be [increased / decreased] a lot or a little?,"-9. Refused
-8. Don’t know
-1. Inapplicable","1. A lot
2. A little"
V201305x,PRE: SUMMARY: FEDERAL BUDGET SPENDING: PUBLIC SCHOOLS,,-2. DK/RF in V201303 or V201304,"1. Increased a lot
2. Increased a little
3. Kept the same
4. Decreased a little
5. Decreasaed a lot"
V201306,PRE: FEDERAL BUDGET SPENDING: TIGHTENING BORDER SECURITY,"What about tightening border security to prevent illegal immigration?Should federal spending on tightening border security to prevent illegal immigration be increased, decreased, or kept the same?","-9. Refused
-8. Don’t know","1. Increased
2. Decreased
3. Kept the same"
V201307,PRE: FEDERAL BUDGET SPENDING: TIGHTENING BORDER SECURITY (STRENGTH),Should it be [increased / decreased] a lot or a little?,"-9. Refused
-8. Don’t know
-1. Inapplicable","1. A lot
2. A little"
V201308x,PRE: SUMMARY: FEDERAL BUDGET SPENDING: TIGHTENING BORDER SECURITY,,-2. DK/RF in V201306 or V201307,"1. Increased a lot
2. Increased a little
3. Kept the same
4. Decreased a little
5. Decreasaed a lot"
V201309,PRE: FEDERAL BUDGET SPENDING: DEALING WITH CRIME,"What about dealing with crime? Should federal spending on dealing with crime be increased, decreased, or kept the same?","-9. Refused
-8. Don’t know","1. Increased
2. Decreased
3. Kept the same"
V201310,PRE: FEDERAL BUDGET SPENDING: DEALING WITH CRIME (STRENGTH),Should it be [increased / decreased] a lot or a little?,"-9. Refused
-1. Inapplicable","1. A lot
2. A little"
V201311x,PRE: SUMMARY: FEDERAL BUDGET SPENDING: DEALING WITH CRIME,,-2. DK/RF in V201309 or V201310,"1. Increased a lot
2. Increased a little
3. Kept the same
4. Decreased a little
5. Decreasaed a lot"
V201312,PRE: FEDERAL BUDGET SPENDING: WELFARE PROGRAMS,"What about welfare programs? Should federal spending on welfare programs be increased, decreased, or kept the same?","-9. Refused
-8. Don’t know","1. Increased
2. Decreased
3. Kept the same"
V201313,PRE: FEDERAL BUDGET SPENDING: WELFARE PROGRAMS (STRENGTH),Should it be [increased / decreased] a lot or a little?,"-9. Refused
-1. Inapplicable","1. A lot
2. A little"
V201314x,PRE: SUMMARY: FEDERAL BUDGET SPENDING: WELFARE PROGRAMS,,-2. DK/RF in V201312 or V201313,"1. Increased a lot
2. Increased a little
3. Kept the same
4. Decreased a little
5. Decreasaed a lot"
V201315,PRE: FEDERAL BUDGET SPENDING: BUILDING AND REPAIRING HIGHWAYS,"What about building and repairing highways? Should federal spending on building and repairing highways be increased, decreased, or kept the same?","-9. Refused
-8. Don’t know","1. Increased
2. Decreased
3. Kept the same"
V201316,PRE: FEDERAL BUDGET SPENDING: BUILDING AND REPAIRING HIGHWAYS (STRENGTH),Should it be [increased / decreased] a lot or a little?,"-9. Refused
-1. Inapplicable","1. A lot
2. A little"
V201317x,PRE: SUMMARY: FEDERAL BUDGET SPENDING: BUILDING AND REPAIRING HIGHWAYS,,-2. DK/RF in V201315 or V201316,"1. Increased a lot
2. Increased a little
3. Kept the same
4. Decreased a little
5. Decreasaed a lot"
V201318,PRE: FEDERAL BUDGET SPENDING: AID TO THE POOR,"What about aid to the poor? Should federal spending on aid to the poor be increased, decreased, or kept the same?","-9. Refused
-8. Don’t know","1. Increased
2. Decreased
3. Kept the same"
V201319,PRE: FEDERAL BUDGET SPENDING: AID TO THE POOR (STRENGTH),Should it be [increased / decreased] a lot or a little?,"-9. Refused
-8. Don’t know
-1. Inapplicable","1. A lot
2. A little"
V201320x,PRE: SUMMARY: FEDERAL BUDGET SPENDING: AID TO THE POOR,,-2. DK/RF in V201318 or V201319,"1. Increased a lot
2. Increased a little
3. Kept the same
4. Decreased a little
5. Decreasaed a lot"
V201321,PRE: FEDERAL BUDGET SPENDING: PROTECTING THE ENVIRONMENT,"What about protecting the environment? Should federal spending on protecting the environment be increased, decreased, or kept the same?","-9. Refused
-8. Don’t know","1. Increased
2. Decreased
3. Kept the same"
V201322,PRE: FEDERAL BUDGET SPENDING: PROTECTING THE ENVIRONMENT (STRENGTH),Should it be [increased / decreased] a lot or a little?,"-9. Refused
-8. Don’t know
-1. Inapplicable","1. A lot
2. A little"
V201323x,PRE: SUMMARY: FEDERAL BUDGET SPENDING: PROTECTING THE ENVIRONMENT,,-2. DK/RF in V201321 or V201322,"1. Increased a lot
2. Increased a little
3. Kept the same
4. Decreased a little
5. Decreasaed a lot"
V201324,PRE: CURRENT ECONOMY GOOD OR BAD,"What do you think about the state of the economy these days in the United States? Would you say the state of the economy is very good,good, neither good nor bad, bad, or very bad?","-9. Refused
-8. Don’t know","1. Very good
2. Good
3. Neither good nor bad
4. Bad
5. Very bad"
V201325,PRE: NATIONAL ECONOMY BETTER OR WORSE IN LAST YEAR,"Now thinking about the economy in the country as a whole, would you say that over the past year the nation’s economy has gotten better, stayed about the same, or gotten worse?","-9. Refused
-8. Don’t know","1. Gotten better
2. Stayed about the same
3. Gotten worse"
V201326,PRE: HOW MUCH NATIONAL ECONOMY BETTER OR WORSE IN LAST YEAR,Much [better / worse] or somewhat [better / worse]?,"-9. Refused
-1. Inapplicable","1. Much
2. Somewhat"
V201327x,PRE: SUMMARY: NATIONAL ECONOMY BETTER OR WORSE IN LAST YEAR,,-2. DK/RF in V201325 or V201326,"1. Gotten much better
2. Gotten somewhat better
3. Stayed about the same
4. Gotten somewhat worse
5. Gotten much worse"
V201328,PRE: ECONOMY BETTER OR WORSE IN NEXT 12 MONTHS,"What about the next 12 months? Do you expect the economy, in the country as a whole, to get better, stay about the same, or get worse?","-9. Refused
-8. Don’t know","1. Get better
2. Stay about the same
3. Get worse"
V201329,PRE: ECONOMY HOW MUCH BETTER OR WORSE NEXT 12 MONTHS,Much [better / worse] or somewhat [better / worse]?,"-9. Refused
-8. Don’t know
-1. Inapplicable","1. Much
2. Somewhat"
V201330x,PRE: SUMMARY: ECONOMY BETTER OR WORSE IN NEXT 12 MONTHS,,-2. DK/RF in V201328 or V201329,"1. Get much better
2. Get somewhat better
3. Stayed about the same
4. Get somewhat worse
5. Get much worse"
V201331,PRE: UNEMPLOYMENT BETTER OR WORSE IN LAST YEAR,"Would you say that over the past year, the level of unemployment in the country has gotten better, stayed about the same, or gotten worse?","-9. Refused
-8. Don’t know","1. Better
2. About the same
3. Worse"
V201332,PRE: UNEMPLOYMENT HOW MUCH BETTER OR WORSE IN LAST YEAR,Would you say much [better / worse] or somewhat [better / worse]?,"-9. Refused
-1. Inapplicable","1. Much
2. Somewhat"
V201333x,PRE: SUMMARY: UNEMPLOYMENT BETTER OR WORSE IN LAST YEAR,,-2. DK/RF in V201331 or V201332,"1. Much better
2. Somewhat better
3. About the same
4. Somewhat worse
5. Much worse"
V201334,PRE: MORE OR LESS UNEMPLOYMENT IN NEXT YEAR,"How about people out of work during the coming 12 months - do you think that there will be more unemployment than now, about the same, or less?","-9. Refused
-8. Don’t know","1. More
2. About the same
3. Less"
V201335,PRE: HOW WORRIED ABOUT NATIONAL ECONOMY,"Overall, how worried are you about the national economy?","-9. Refused
-8. Don’t know","1. Not at all worried
2. A little worried
3. Moderately worried
4. Very worried
5. Extremely worried"
V201336,PRE: STD ABORTION: SELF-PLACEMENT,There has been some discussion about abortion during recent years. Which one of the opinions on this page best agrees with your view? You can just tell me the number of the opinion you choose.,"-9. Refused
-8. Don’t know","1. By law, abortion should never be permitted
2. The law should permit abortion only in case of rape, incest, or"
V201336z,PRE: STD ABORTION: SELF-PLACEMENT - OTHER {SPECIFY} PRE- ELECTION SURVEY VARIABLES 147,There has been some discussion about abortion during recent years. Which one of the opinions on this page best agrees with your view? You can just tell me the number of the opinion you choose.,-2. Open-end responses available in separate file,
V201337,PRE: IMPORTANCE OF ABORTION ISSUE TO R,How important is this issue to you personally?,"-9. Refused
-8. Don’t know","1. Not at all important
2. Not too important
3. Somewhat important
4. Very important
5. Extremely important"
V201338,PRE: STD ABORTION: DEMOCRATIC PRESIDENTIAL CANDIDATE PLACEMENT,Where would you place Joe Biden on abortion?,"-9. Refused
-8. Don’t know","1. By law, abortion should never be permitted
2. The law should permit abortion only in case of rape, incest, or"
V201339,PRE: STD ABORTION: REPUBLICAN PRESIDENTIAL CANDIDATE PLACEMENT,Where would you place Donald Trump on abortion?,"-9. Refused
-8. Don’t know","1. By law, abortion should never be permitted
2. The law should permit abortion only in case of rape, incest, or"
V201340,PRE: ABORTION RIGHTS SUPREME COURT,"Would you be pleased, upset, or neither pleased nor upset if the Supreme Court reduced abortion rights?","-9. Refused
-8. Don’t know","1. Pleased
2. Upset
3. Neither pleased nor upset"
V201341,PRE: ABORTION RIGHTS SUPREME COURT (STRENGTH),How [pleased / upset]?,"-9. Refused
-1. Inapplicable","1. Extremely
2. Moderately
3. A little"
V201342x,PRE: SUMMARY: ABORTION RIGHTS SUPREME COURT,,-2. DK/RF in V201340 or V201341,"1. Extremely pleased
2. Moderately pleased
3. A little pleased
4. Neither pleased nor upset
5. A little upset
6. Moderately upset
7. Extremely upset"
V201343,PRE: R FAVOR OR OPPOSE DEATH PENALTY,Do you favor or oppose the death penalty for persons convicted of murder?,"-9. Refused
-8. Don’t know","1. Favor
2. Oppose"
V201344,PRE: R FAVOR OR OPPOSE DEATH PENALTY (STRENGTH),Do you [favor / oppose] the death penalty for persons convicted of murderstrongly or not strongly?,"-9. Refused
-8. Don’t know
-1. Inapplicable","1. Strongly
2. Not strongly"
V201345x,PRE: SUMMARY: R FAVOR/OPPOSE DEATH PENALTY,,-2. DK/RF in V201343 or V201344,"1. Favor strongly
2. Favor not strongly
3. Oppose not strongly
4. Oppose strongly"
V201346,"PRE: DURING LAST YEAR, US POSITION IN WORLD WEAKER OR STRONGER","Turning to some questions about America’s role in the world: During the past year, would you say that the United States’ position in the world has grown weaker, stayed about the same, or has it grown stronger?","-9. Refused
-8. Don’t know","1. Weaker
2. Stayed about the same
3. Stronger"
V201347,PRE: COUNTRY WOULD BE BETTER OFF IF WE JUST STAYED HOME,Do you agree or disagree with this statement: ‘This country would be better off if we just stayed home and did not concern ourselves with problems in other parts of the world.’,"-9. Refused
-8. Don’t know","1. Agree
2. Disagree"
V201348,PRE: COUNTRY WOULD BE BETTER OFF IF WE JUST STAYED HOME (STRENGTH),Do you [agree / disagree] strongly or [agree / disagree] somewhat with this statement?,"-9. Refused
-8. Don’t know
-1. Inapplicable","1. Strongly
2. Somewhat"
V201349x,PRE: SUMMARY: COUNTRY WOULD BE BETTER OFF IF WE JUST STAYED HOME,,-2. DK/RF in V201347 or V201348,"1. Agree strongly
2. Agree somewhat
3. Disagree somewhat
4. Disagree strongly"
V201350,PRE: FORCE TO SOLVE INTERNATIONAL PROBLEMS,How willing should the United States be to use military force to solve international problems?,"-9. Refused
-8. Don’t know","1. Extremely willing
2. Very willing
3. Moderately willing
4. A little willing
5. Not at all willing"
V201351,PRE: VOTES COUNTED ACCURATELY,"In the November 2020 general election, how accurately do you think the votes will be counted?","-9. Refused
-8. Don’t know","1. Not at all accurately
2. A little accurately
3. Moderately accurately
4. Very accurately
5. Completely accurately"
V201352,PRE: TRUST ELECTION OFFICIALS,How much do you trust the officials who oversee elections where you live? PRE- ELECTION SURVEY VARIABLES 153,"-9. Refused
-8. Don’t know","1. Not at all
2. A little
3. A moderate amount
4. A lot
5. A great deal"
V201353,PRE: HOW OFTEN PEOPLE DENIED RIGHT TO VOTE,How often are people who are eligible to vote denied the right to vote?,"-9. Refused
-8. Don’t know","1. Never
2. Rarely
3. Occasionally
4. Fairly often
5. Very often"
V201354,PRE: FAVOR OR OPPOSE VOTE BY MAIL,"Do you favor, oppose, or neither favor nor oppose conducting all elections by mail, instead of people voting in-person?","-9. Refused
-8. Don’t know","1. Favor
2. Oppose
3. Neither favor nor oppose"
V201355,PRE: FAVOR OR OPPOSE VOTE BY MAIL (STRENGTH),"Do you [favor / oppose] that a great deal, moderately, or a little?","-9. Refused
-1. Inapplicable","1. A great deal
2. Moderately
3. A little"
V201356x,PRE: SUMMARY: FAVOR/OPPOSE VOTE BY MAIL,,-2. DK/RF in V201354 or V201355,"1. Favor a great deal
2. Favor moderately
3. Favor a little
4. Neither favor nor oppose
5. Oppose a little
6. Oppose moderately
7. Oppose a great deal"
V201357,PRE: FAVOR OR OPPOSE REQUIRING ID WHEN VOTING,"Do you favor, oppose, or neither favor nor oppose requiring all people to show a government issued photo ID when they vote?","-9. Refused
-8. Don’t know","1. Favor
2. Oppose
3. Neither favor nor oppose"
V201358,PRE: FAVOR OR OPPOSE REQUIRING ID WHEN VOTING (STRENGTH),"Do you [favor / oppose] that a great deal, moderately, or a little?","-9. Refused
-8. Don’t know
-1. Inapplicable","1. A great deal
2. Moderately
3. A little"
V201359x,PRE: SUMMARY: FAVOR/OPPOSE REQUIRING ID WHEN VOTING,,-2. DK/RF in V201357 or V201358,"1. Favor a great deal
2. Favor moderately
3. Favor a little
4. Neither favor nor oppose
5. Oppose a little
6. Oppose moderately
7. Oppose a great deal"
V201360,PRE: FAVOR OR OPPOSE ALLOWING FELONS TO VOTE,"Do you favor, oppose, or neither favor nor oppose allowing convicted felons to vote once they complete their sentence?","-9. Refused
-8. Don’t know","1. Favor
2. Oppose
3. Neither favor nor oppose"
V201361,PRE: FAVOR OR OPPOSE ALLOWING FELONS TO VOTE (STRENGTH),"Do you [favor / oppose] that a great deal, moderately, or a little?","-9. Refused
-1. Inapplicable","1. A great deal
2. Moderately
3. A little"
V201362x,PRE: SUMMARY: FAVOR/OPPOSE ALLOWING FELONS TO VOTE,,-2. DK/RF in V201360 or V201361,"1. Favor a great deal
2. Favor moderately
3. Favor a little
4. Neither favor nor oppose
5. Oppose a little
6. Oppose moderately
7. Oppose a great deal"
V201363,PRE: DOES R’S STATE ASK FOR ID TO VOTE,"In your state, are people required to show identification when voting? PRE- ELECTION SURVEY VARIABLES 157","-9. Refused
-8. Don’t know","1. Yes
2. No
3. Unsure"
V201364,PRE: IS R REQUIRED TO SHOW PHOTO ID TO VOTE,"Is that required to be a photo ID, or are forms of ID without photos such as, bank statements or utility bills accepted?","-9. Refused
-8. Don’t know
-1. Inapplicable","1. Must be photo ID
2. Other forms of ID are acceptable
3. Unsure"
V201365,PRE: OPTIONS FOR ELECTION IF COVID-19 CONTINUES,"If the COVID-19 pandemic continues through Election Day in November, what do you think should be done?","-9. Refused
-8. Don’t know","1. Delay the election
2. Have all voters mail in their ballots
3. Proceed with in-person voting, but require social distancing at"
V201366,PRE: HOW IMPORTANT THAT NEWS ORGANIZATIONS FREE TO CRITICIZE,"For the next few items, we would like to know how important you think each one is to the United States maintaining a strong democracy. First, how important is it that news organizations are free to criticize political leaders?","-9. Refused
-8. Don’t know","1. Not important at all
2. A little important
3. Moderately important
4. Very important
5. Extremely important"
V201367,PRE: HOW IMPORTANT BRANCHES OF GOVERNMENT KEEP ONE ANOTHER FROM TOO MUCH POWER,"How important is it that the executive, legislative, and judicial branches of government keep one another from having too much power?","-9. Refused
-8. Don’t know","1. Not important at all
2. A little important
3. Moderately important
4. Very important
5. Extremely important"
V201368,PRE: HOW IMPORTANT ELECTED OFFICIALS FACE SERIOUS CONSEQUENCES FOR MISCONDUCT,How important is it that elected officials face serious consequences if they engage in misconduct?,"-9. Refused
-8. Don’t know","1. Not important at all
2. A little important
3. Moderately important
4. Very important
5. Extremely important"
V201369,PRE: HOW IMPORTANT THAT PEOPLE AGREE ON BASIC FACTS,How important is it that people agree on basic facts even if they disagree politically?,"-9. Refused
-8. Don’t know","1. Not important at all
2. A little important
3. Moderately important
4. Very important
5. Extremely important"
V201370,PRE: HELPFUL OR HARMFUL IF PRES DIDN’T HAVE TO WORRY ABOUT CONGRESS/COURTS,"Would it be helpful, harmful, or neither helpful nor harmful if U.S. presidents could work on the country’s problems without paying attention to what Congress and the courts say? 160 CODEBOOK: VARIABLES","-9. Refused
-8. Don’t know","1. Helpful
2. Harmful
3. Neither helpful nor harmful"
V201371,PRE: HELPFUL OR HARMFUL IF PRES DIDN’T HAVE TO WORRY ABOUT CONG/COURTS (STRENGTH),How [helpful / harmful]?,"-9. Refused
-8. Don’t know
-1. Inapplicable","1. Extremely
2. Moderately
3. A little"
V201372x,PRE: SUMMARY: HELPFUL/HARMFUL IF PRES DIDN’T HAVE TO WORRY ABOUT CONGRESS/COURTS,,-2. DK/RF in V201370 or V201371,"1. Extremely helpful
2. Moderately helpful
3. A little helpful
4. Neither helpful nor harmful
5. A little harmful
6. Moderately harmful
7. Extremely harmful"
V201373,PRE: FAVOR OR OPPOSE RESTRICTING JOURNALIST ACCESS,"Do you favor, oppose, or neither favor nor oppose elected officials restricting journalists’ access to information about government decision-making?","-9. Refused
-8. Don’t know","1. Favor
2. Oppose
3. Neither favor nor oppose"
V201374,PRE: FAVOR OR OPPOSE RESTRICTING JOURNALIST ACCESS (STRENGTH),"Do you [favor / oppose] that a great deal, moderately, or a little?","-9. Refused
-8. Don’t know
-1. Inapplicable","1. A great deal
2. Moderately
3. A little"
V201375x,PRE: SUMMARY: FAVOR OR OPPOSE RESTRICTING JOURNALIST ACCESS,,-2. DK/RF in V201373 or V201374,"1. Favor a great deal
2. Favor moderately
3. Favor a little
4. Neither favor nor oppose
5. Oppose a little
6. Oppose moderately
7. Oppose a great deal"
V201376,PRE: HOW CONCERNED GOVERNMENT MIGHT UNDERMINE MEDIA,How concerned are you that some people in the government today might want to undermine the news media’s ability to serve as a check on governmental power?,"-9. Refused
-8. Don’t know","1. Not at all concerned
2. A little concerned
3. Moderately concerned
4. Very concerned
5. Extremely concerned"
V201377,PRE: HOW MUCH TRUST IN NEWS MEDIA,"In general, how much trust and confidence do you have in the news media when it comes to reporting the news fully, accurately, and fairly?","-9. Refused
-8. Don’t know","1. None
2. A little
3. A moderate amount
4. A lot
5. A great deal"
V201378,PRE: APPROPRIATE/INAPPROPRIATE PRES ASK FOREIGN COUNTRIES TO INVESTIGATE RIVALS,"In general, how appropriate or inappropriate is it for the president of the United States to ask leaders of foreign countries to investigate political rivals?","-9. Refused
-8. Don’t know","1. Very appropriate
2. Somewhat appropriate
3. Neither appropriate nor inappropriate
4. Somewhat inappropriate
5. Very inappropriate"
V201379,PRE: PREFER GOVERNMENT OFFICIAL WHO COMPROMISES OR STICKS TO PRINCIPLES,"Would you prefer a government official who compromises to get things done, or who sticks to their principles no matter what?","-9. Refused
-8. Don’t know","1. Compromises to get things done
2. Sticks to their principles no matter what"
V201380,PRE: CORRUPTION INCREASED OR DECREASED SINCE TRUMP,"Has corruption in government increased, decreased, or stayed the same since Donald Trump became president?","-9. Refused
-8. Don’t know","1. Increased
2. Decreased
3. Stayed the same"
V201381,PRE: CORRUPTION INCREASED OR DECREASED SINCE TRUMP (STRENGTH),"Has corruption [increased / decreased] a great deal, a moderate amount, or a little?","-9. Refused
-1. Inapplicable","1. A great deal
2. A moderate amount
3. A little"
V201382x,PRE: SUMMARY: CORRUPTION INCREASED OR DECREASED SINCE TRUMP,,-2. DK/RF in V201380 or V201381,"1. Increased a great deal
2. Increased a moderate amount
3. Increased a little
4. Stayed the same
5. Decreased a little
6. Decreased a moderate amount
7. Decreased a great deal"
V201383,PRE: DID TRUMP ASK UKRAINE TO INVESTIGATE RIVALS,"As far as you know, did President Trump ask the Ukrainian president to investigate President Trump’s political rivals, did he not ask for an investigation, or are you not sure?","-9. Refused
-8. Don’t know","1. Asked for an investigation
2. Did not ask for an investigation
3. I’m not sure"
V201384,PRE: FAVOR OR OPPOSE HOUSE IMPEACHMENT DECISION,"Do you favor, oppose, or neither favor nor oppose the U.S. House of Representatives’ decision in December of last year to impeach President Trump?","-9. Refused
-8. Don’t know","1. Favor
2. Oppose
3. Neither favor nor oppose"
V201385,PRE: FAVOR OR OPPOSE HOUSE IMPEACHMENT DECISION (STRENGTH),"Do you [favor / oppose] that a great deal, moderately, or a little?","-9. Refused
-8. Don’t know
-1. Inapplicable","1. A great deal
2. Moderately
3. A little"
V201386x,PRE: SUMMARY: FAVOR OR OPPOSE HOUSE IMPEACHMENT DECISION,,-2. DK/RF in V201384 or V201385,"1. Favor a great deal
2. Favor moderately
3. Favor a little
4. Neither favor nor oppose
5. Oppose a little
6. Oppose moderately
7. Oppose a great deal"
V201387,PRE: FAVOR OR OPPOSE SENATE ACQUITTAL DECISION,"Do you favor, oppose, or neither favor nor oppose the U.S. Senate’s decision in February to acquit President Trump of the impeachment charges and thus let him remain in office?","-9. Refused
-8. Don’t know","1. Favor
2. Oppose
3. Neither favor nor oppose"
V201388,PRE: FAVOR OR OPPOSE SENATE ACQUITTAL DECISION (STRENGTH) PRE- ELECTION SURVEY VARIABLES 167,,"-9. Refused
-8. Don’t know
-1. Inapplicable","1. A great deal
2. Moderately
3. A little"
V201389x,PRE: SUMMARY: FAVOR OR OPPOSE SENATE ACQUITTAL DECISION,,-2. DK/RF in V201387 or V201388,"1. Favor a great deal
2. Favor moderately
3. Favor a little
4. Neither favor nor oppose
5. Oppose a little
6. Oppose moderately
7. Oppose a great deal"
V201390,PRE: FEDERAL GOVERNMENT RESPONSE TO COVID-19,"Do you think the federal government’s response to the COVID- 19 outbreak earlier this year was too quick, too slow, or about right?","-9. Refused
-8. Don’t know","1. Too quick
2. Too slow
3. About right"
V201391,PRE: FEDERAL GOVERNMENT RESPONSE TO COVID-19 (STRENGTH),Do you think it was much too [quick / slow] or somewhat too [quick / slow]?,"-9. Refused
-8. Don’t know
-1. Inapplicable","1. Much too quick / Much too slow
2. Somewhat too quick / Somewhat too slow"
V201392x,PRE: SUMMARY: FEDERAL GOVERNMENT RESPONSE TO COVID-19,,-2. DK/RF in V201390 or V201391,"1. Much too quick
2. Somewhat too quick
3. About right
4. Somewhat too slow
5. Much too slow"
V201393,PRE: LIMITS PLACED ON PUBLIC ACTIVITY DUE TO COVID-19 TOO STRICT OR NOT,"Do you think the limits your state placed on public activity because of the COVID-19 pandemic were far too strict, somewhat too strict, about right, not quite strict enough, or not nearly strict enough?","-9. Refused
-8. Don’t know","1. Far too strict
2. Somewhat too strict
3. About right
4. Not quite strict enough
5. Not nearly strict enough"
V201394,PRE: RE-OPENING TOO QUICKLY OR TOO SLOWLY,"Do you think your state has moved too quickly, too slowly, or the right speed in relaxing ï¿½stay at homeï¿½ orders and re- opening businesses?","-9. Refused
-8. Don’t know","1. Too quickly
2. Too slowly
3. The right speed"
V201395,PRE: RE-OPENING TOO QUICKLY OR TOO SLOWLY (STRENGTH),Do you think it was much too [quickly / slowly] or somewhat too [quickly / slowly]?,"-9. Refused
-1. Inapplicable","1. Much too quickly / Much too slowly
2. Somewhat too quickly / Somewhat too slowly"
V201396x,PRE: SUMMARY: RE-OPENING TOO QUICKLY OR TOO SLOWLY,,-2. DK/RF in V201394 or V201395,"1. Much too quickly
2. Somewhat too quickly
3. About right
4. Somewhat too slowly
5. Much too slowly"
V201397,PRE: INCOME GAP TODAY MORE OR LESS THAN 20 YEARS AGO,"Do you think the difference in incomes between rich people and poor people in the United States today is larger, smaller, or about the same as it was 20 years ago?","-9. Refused
-8. Don’t know","1. Larger
2. Smaller
3. About the same"
V201398,PRE: HOW MUCH LARGER IS INCOME GAP TODAY,Would you say the difference in incomes is much larger or somewhat larger?,"-9. Refused
-1. Inapplicable","1. Much
2. Somewhat"
V201399,PRE: HOW MUCH SMALLER IS INCOME GAP TODAY PRE- ELECTION SURVEY VARIABLES 171,Would you say the difference in incomes is much smaller or somewhat smaller?,"-9. Refused
-1. Inapplicable","1. Much
2. Somewhat"
V201400x,PRE: SUMMARY: HOW MUCH LARGER IS INCOME GAP TODAY,,"-2. DK/RF in V201397, V201398 or V201399","1. Much larger
2. Somewhat larger
3. About the same
4. Somewhat smaller
5. Much smaller"
V201401,PRE: GOVERNMENT ACTION ABOUT RISING TEMPERATURES,"Do you think the federal government should be doing more about rising temperatures, should be doing less, or is it currently doing the right amount?","-9. Refused
-8. Don’t know","1. Should be doing more
2. Should be doing less
3. Is currently doing the right amount"
V201402,PRE: GOVERNMENT ACTION ABOUT RISING TEMPERATURES (STRENGTH),"Should it be doing a great deal [more/less], a moderate amount [more/less], or a little [more/less]?","-9. Refused
-1. Inapplicable","1. A great deal
2. A moderate amount
3. A little"
V201403,PRE: REQUIRE EMPLOYERS TO OFFER PAID LEAVE TO PARENTS OF NEW CHILDREN,"Do you favor, oppose, or neither favor nor oppose requiring employers tooffer paid leave to parents of new children?","-9. Refused
-8. Don’t know","1. Favor
2. Oppose
3. Neither favor nor oppose"
V201404,PRE: REQUIRE EMPLOYERS TO OFFER PAID LEAVE TO PARENTS OF NEW CHILDREN (STRENGTH),"Do you [favor / oppose] that a great deal, a moderate amount, or a little? PRE- ELECTION SURVEY VARIABLES 173","-9. Refused
-1. Inapplicable","1. A great deal
2. A moderate amount
3. A little"
V201405x,PRE: SUMMARY: REQUIRE EMPLOYERS TO OFFER PAID LEAVE TO PARENTS OF NEW CHILDREN,,-2. DK/RF in V201403 or V201404,"1. Favor a great deal
2. Favor a moderate amount
3. Favor a little
4. Neither favor nor oppose
5. Oppose a little
6. Oppose a moderate amount
7. Oppose a great deal"
V201406,PRE: SERVICES TO SAME SEX COUPLES,"Do you think business owners who provide wedding-related services should be allowed to refuse services to same-sex couples if same-sex marriage violates their religious beliefs, or do you think business owners should be required to provide services regardless of a couple’s sexual orientation?","-9. Refused
-8. Don’t know","1. Should be allowed to refuse
2. Should be required to provide services"
V201407,PRE: SERVICES TO SAME SEX COUPLES (STRENGTH),How strongly do you feel that way?,"-9. Refused
-1. Inapplicable","1. Very strongly
2. Moderately
3. A little"
V201408x,PRE: SUMMARY: SERVICES TO SAME SEX COUPLES,,-2. DK/RF in V201406 or V201408,"1. Feels very strongly should be allowed to refuse services
2. Feels moderately strongly should be allowed to refuse"
V201409,PRE: TRANSGENDER POLICY,"Should transgender people - that is, people who identify themselves as the sex or gender different from the one they were born as - have to use the bathrooms of the gender they were born as, or should they be allowed to use the bathrooms of their identified gender? PRE- ELECTION SURVEY VARIABLES 175","-9. Refused
-8. Don’t know","1. Have to use the bathrooms of the gender they were born as
2. Be allowed to use the bathrooms of their identified gender"
V201410,PRE: TRANSGENDER POLICY (STRENGTH),How strongly do you feel that way?,"-9. Refused
-8. Don’t know
-1. Inapplicable","1. Very strongly
2. Moderately
3. A little"
V201411x,PRE: SUMMARY: TRANSGENDER POLICY,,-2. DK/RF in V201409 or V201410,1. Feels very strongly transgender people should use bathroom
V201412,PRE: DOES R FAVOR/OPPOSE LAWS PROTECT GAYS/LESBIANS AGAINST JOB DISCRIMINATION,Do you favor or oppose laws to protect gays and lesbians against job discrimination?,"-9. Refused
-8. Don’t know","1. Favor
2. Oppose"
V201413,PRE: HOW MUCH R FAV/OPP LAWS PROTECT GAYS/LESBIANS AGAINST JOB DISCRIMINATION,Do you [favor / oppose] such laws strongly or not strongly?,"-9. Refused
-8. Don’t know
-1. Inapplicable","1. Strongly
2. Not strongly"
V201414x,PRE: SUMMARY: FAVOR/OPPOSE LAWS PROTECT GAYS LESBIANS AGAINST JOB DISCRIMINATION,,-2. DK/RF in V201412 or V201413,"1. Favor strongly
2. Favor not strongly
3. Oppose not strongly
4. Oppose strongly"
V201415,PRE: SHOULD GAY AND LESBIAN COUPLES BE ALLOWED TO ADOPT,Do you think gay or lesbian couples should be legally permitted to adopt children?,"-9. Refused
-8. Don’t know","1. Yes
2. No"
V201416,PRE: R POSITION ON GAY MARRIAGE,Which comes closest to your view? You can just tell me the number of your choice.,"-9. Refused
-8. Don’t know","1. Gay and lesbian couples should be allowed to legally marry
2. Gay and lesbian couples should be allowed to form civil"
V201417,PRE: US GOVERNMENT POLICY TOWARD UNAUTHORIZED IMMIGRANTS,Which comes closest to your view about what government policy should be toward unauthorized immigrants now living in the United States? You can just tell me the number of your choice. 178 CODEBOOK: VARIABLES,"-9. Refused
-8. Don’t know",1. Make all unauthorized immigrants felons and send them back
V201418,PRE: FAVOR OR OPPOSE ENDING BIRTHRIGHT CITIZENSHIP,"Some people have proposed that the U.S. Constitution should be changed so that the children of unauthorized immigrants do not automatically get citizenship if they are born in this country. Do you favor, oppose, or neither favor nor oppose this proposal?","-9. Refused
-8. Don’t know","1. Favor
2. Oppose
3. Neither favor nor oppose"
V201419,PRE: FAVOR OR OPPOSE ENDING BIRTHRIGHT CITIZENSHIP (STRENGTH),"Do you [favor / oppose] that a great deal, a moderate amount, or a little?","-9. Refused
-1. Inapplicable","1. A great deal
2. A moderate amount
3. A little"
V201420x,PRE: SUMMARY: FAVOR OR OPPOSE ENDING BIRTHRIGHT CITIZENSHIP,,-2. DK/RF in V201418 or V201419,"1. Favor a great deal
2. Favor a moderate amount
3. Favor a little
4. Neither favor nor oppose
5. Oppose a little
6. Oppose a moderate amount
7. Oppose a great deal"
V201421,PRE: SHOULD CHILDREN BROUGHT ILLEGALLY BE SENT BACK OR ALLOWED TO STAY,"What should happen to immigrants who were brought to the U.S. illegally as children and have lived here for at least 10 years and graduated high school here? Should they be sent back where they came from, or should they be allowed to live and work in the United States?","-9. Refused
-8. Don’t know","1. Should be sent back where they came from
2. Should be allowed to live and work in the US"
V201422,PRE: SHOULD CHILDREN BROUGHT ILLEGALLY BE SENT BACK/ALLOWED TO STAY (STRENGTH),"Do you favor that a great deal, a moderate amount, or a little?","-9. Refused
-8. Don’t know
-1. Inapplicable","1. A great deal
2. A moderate amount
3. A little"
V201423x,PRE: SUMMARY: SHOULD CHILDREN BROUGHT ILLEGALLY BE SENT BACK OR ALLOWED TO STAY,,-2. DK/RF in V201421 or V201422,"1. Favors a great deal they should be sent back
2. Favors a moderate amount they should be sent back
3. Favors a little they should be sent back
4. Favors a little they should be allowed to live and work in US
5. Favors a moderate amount they should be allowed to live and"
V201424,PRE: FAVOR OR OPPOSE BUILDING A WALL ON BORDER WITH MEXICO,"Do you favor, oppose, or neither favor nor oppose building a wall on the U.S. border with Mexico? PRE- ELECTION SURVEY VARIABLES 181","-9. Refused
-8. Don’t know","1. Favor
2. Oppose
3. Neither favor nor oppose"
V201425,PRE: FAVOR OR OPPOSE BUILDING A WALL ON BORDER WITH MEXICO (STRENGTH),"Do you [favor / oppose] that a great deal, a moderate amount, or a little?","-9. Refused
-1. Inapplicable","1. A great deal
2. A moderate amount
3. A little"
V201426x,PRE: SUMMARY: FAVOR OR OPPOSE BUILDING A WALL ON BORDER WITH MEXICO,,-2. DK/RF in V201424 or V201425,"1. Favor a great deal
2. Favor a moderate amount
3. Favor a little
4. Neither favor nor oppose
5. Oppose a little
6. Oppose a moderate amount
7. Oppose a great deal"
V201427,PRE: HOW IMPORTANT TO SPEAK ENGLISH IN US,How important do you think it is that everyone in the United States learn to speak English?,"-9. Refused
-8. Don’t know","1. Very important
2. Somewhat important
3. Not very important
4. Not at all important"
V201428,PRE: LIKELIHOOD OF RUSSIAN INTERFERENCE IN UPCOMING ELECTION,How likely do you think it is that the Russian government will interfere in the 2020 presidential election to try to help Donald Trump win?,"-9. Refused
-8. Don’t know","1. Extremely likely
2. Very likely
3. Moderately likely
4. Slightly likely
5. Not likely at all"
V201429,PRE: BEST WAY TO DEAL WITH URBAN UNREST PRE- ELECTION SURVEY VARIABLES 183,"What is the best way to deal with the problem of urban unrest and rioting? Some say it is more important to use all available force to maintain law and order, no matter what results. Others say it is more important to correct the problems of racism and police violence that give rise to the disturbances. And, of course, other people have opinions in between. On this scale from 1 to 7, where 1 means solve problems of racism and police violence, and 7 means use all available force to maintain law and order, where would you place yourself on this scale, or haven’t you thought much about this?","-9. Refused
-8. Don’t know","1. Solve problems of racism and police violence
2.
3.
4.
5.
6.
7. Use all available force to maintain law and order
99. Haven’t thought much about this"
V201430,PRE: PROTESTORS ACTIONS BEEN MOSTLY VIOLENT OR PEACEFUL,"During the past few months, would you say that most of the actions taken by protestors to get the things they want have been violent, or have most of these actions by protesters been peaceful, or have these actions been equally violent and peaceful?","-9. Refused
-8. Don’t know","1. Mostly violent
2. Mostly peaceful
3. Equally violent and peaceful"
V201431,PRE: PROTESTORS ACTIONS HAVE BEEN MOSTLY VIOLENT OR PEACEFUL (STRENGTH),Have the actions of protestors been a lot more or only a little more [violent / peaceful]?,"-9. Refused
-8. Don’t know
-1. Inapplicable","1. A lot
2. A little"
V201432x,PRE: SUMMARY: PROTESTORS ACTIONS BEEN MOSTLY VIOLENT OR PEACEFUL,,-2. DK/RF in V201430 or V201431,"1. A lot more violent
2. A ittle more violent
3. Equally violent and peaceful
4. A little more peaceful
5. A lot more peaceful"
V201433,PRE: IS RELIGION IMPORTANT PART OF R LIFE [REVISED],Now on another topic: How important is religion in your life?,"-9. Refused
-8. Don’t know","1. Extremely important
2. Very important
3. Moderately important
4. A little important
5. Not important at all"
V201434,PRE: IS BIBLE WORD OF GOD OR MEN,Which of these statements comes closest to describing your feelings about the Bible? You can just give me the number of your choice.,"-9. Refused
-8. Don’t know","1. The Bible is the actual word of God and is to be taken literally,"
V201434z,PRE: IS BIBLE WORD OF GOD OR MEN - OTHER {SPECIFY},Which of these statements comes closest to describing your feelings about the Bible? You can just give me the number of your choice.,-2. Open-end responses available in separate file,
V201435,PRE: WHAT IS PRESENT RELIGION OF R,"What is your present religion, if any? 186 CODEBOOK: VARIABLES","-9. Refused
-8. Don’t know","1. Protestant
2. Roman Catholic
3. Orthodox Christian (such as Greek or Russian Orthodox)
4. Latter-Day Saints (LDS)
5. Jewish
6. Muslim
7. Buddhist
8. Hindu
9. Atheist
10. Agnostic
11. Something else
12. Nothing in particular"
V201436,PRE: IF R HAS NO PARTICULAR RELIGION DOES R MEAN ATHEIST OR AGNOSTIC,"Would you say that is atheist, agnostic, Christian, or nothing in particular?","-9. Refused
-1. Inapplicable","1. Atheist
2. Agnostic
3. Christian
4. Nothing in particular"
V201437,RESTRICTED: PRE: MAJOR RELIG DENOM IF R RELIG GROUP PROTESTANT OR SOMETHING ELSE,"What specific religion, church or denomination is that?",-3. Restricted,
V201437z,RESTRICTED: PRE: MAJOR RELIG DENOM IF PROTESTANT OR SOMETHING ELSE-OTH {SPECIFY},"What specific religion, church or denomination is that?",-3. Restricted,
V201438,RESTRICTED: PRE: SPECIFIC BAPTIST DENOMINATION,"With which Baptist group is your church associated? Is it the Southern Baptist Convention, the American Baptist Churches in the U.S.A., the American Baptist Association, the National Baptist Convention, an independent Baptist church, or some other Baptist group?",-3. Restricted,
V201438z,RESTRICTED: PRE: SPECIFIC BAPTIST DENOMINATION - OTHER {SPECIFY},"With which Baptist group is your church associated? Is it the Southern Baptist Convention, the American Baptist Churches in the U.S.A., the American Baptist Association, the National Baptist Convention, an independent Baptist church, or some other Baptist group?",-3. Restricted,
V201439,RESTRICTED: PRE: SPECIFIC INDEP. BAPTIST DENOMINATION,Are you affiliated with any larger Baptist group or is this strictly a local church?,-3. Restricted,
V201439z,RESTRICTED: PRE: SPECIFIC INDEP. BAPTIST DENOMINATION - OTHER {SPECIFY},Are you affiliated with any larger Baptist group or is this strictly a local church?,-3. Restricted,
V201440,RESTRICTED: PRE: SPECIFIC LUTHERAN DENOMINATION,"Is this church part of the Evangelical Lutheran Church in America, the Missouri Synod, or some other Lutheran group?",-3. Restricted,
V201440z,RESTRICTED: PRE: SPECIFIC LUTHERAN DENOMINATION - OTHER {SPECIFY},"Is this church part of the Evangelical Lutheran Church in America, the Missouri Synod, or some other Lutheran group?",-3. Restricted,
V201441,RESTRICTED: PRE: SPECIFIC METHODIST DENOMINATION,"Is your church part of the United Methodist Church, African Methodist Episcopal Church, African Methodist Episcopal Zion Church, or some other Methodist group?",-3. Restricted,
V201441z,RESTRICTED: PRE: SPECIFIC METHODIST DENOMINATION - OTHER {SPECIFY},"Is your church part of the United Methodist Church, African Methodist Episcopal Church, African Methodist Episcopal Zion Church, or some other Methodist group?",-3. Restricted,
V201442,RESTRICTED: PRE: SPECIFIC PRESBYTERIAN DENOMINATION,Is this the Presbyterian Church in the U.S.A. or some other Presbyterian group?,-3. Restricted,
V201442z,RESTRICTED: PRE: SPECIFIC PRESBYTERIAN DENOMINATION - OTHER {SPECIFY},Is this the Presbyterian Church in the U.S.A. or some other Presbyterian group?,-3. Restricted,
V201443,RESTRICTED: PRE: SPECIFIC REFORMED DENOMINATION,"Is this the Christian Reformed Church, the Reformed Church in America or some other Reformed group?",-3. Restricted,
V201443z,RESTRICTED: PRE: SPECIFIC REFORMED DENOMINATION - OTHER {SPECIFY},"Is this the Christian Reformed Church, the Reformed Church in America or some other Reformed group?",-3. Restricted,
V201444,RESTRICTED: PRE: SPECIFIC BRETHREN DENOMINATION,"Is this the Church of the Brethren, the Plymouth Brethren, or what?",-3. Restricted,
V201444z,RESTRICTED: PRE: SPECIFIC BRETHREN DENOMINATION - OTHER {SPECIFY},"Is this the Church of the Brethren, the Plymouth Brethren, or what?",-3. Restricted,
V201445,RESTRICTED: PRE: SPECIFIC DISCIPLES DENOMINATION,"When you say ‘Christian’ does that mean the denomination called the ‘Christian Church Disciples of Christ,’ or some other Christian denomination, or do you mean to say ‘I am just a Christian’?",-3. Restricted,
V201445z,RESTRICTED: PRE: SPECIFIC DISCIPLES DENOMINATION - OTHER {SPECIFY},"When you say ‘Christian’ does that mean the denomination called the ‘Christian Church Disciples of Christ,’ or some other Christian denomination, or do you mean to say ‘I am just a Christian’?",-3. Restricted,
V201446,RESTRICTED: PRE: SPECIFIC CHURCH OF CHRIST DENOMINATION,Is this the Church of Christ or the United Church of Christ?,-3. Restricted,
V201447,RESTRICTED: PRE: SPECIFIC CHURCH OF GOD DENOMINATION,"Is this the Church of God of Anderson, Indiana; the Church of God of Cleveland, Tennessee; the Church of God in Christ; or some other Church of God?",-3. Restricted,
V201447z,RESTRICTED: PRE: SPECIFIC CHURCH OF GOD DENOMINATION - OTHER {SPECIFY},"Is this the Church of God of Anderson, Indiana; the Church of God of Cleveland, Tennessee; the Church of God in Christ; or some other Church of God?",-3. Restricted,
V201448,RESTRICTED: PRE: SPECIFIC HOLINESS PENTECOSTAL DENOMINATION,What kind of church is that? What is it called exactly? Is that part of a larger church or denomination? What is the church called?,-3. Restricted,
V201449,RESTRICTED: PRE: SPECIFIC OTHER DENOMINATION,What is it called exactly? Is that church part of a denomination?,-3. Restricted,
V201450,RESTRICTED: PRE: SPECIFIC OTHER DENOMINATION CHRISTIAN,Is that group Christian?,-3. Restricted,
V201451,RESTRICTED: PRE: SPECIFIC JEWISH DENOMINATION,"Do you consider yourself Orthodox, Conservative, Reform or what?",-3. Restricted,
V201451z,RESTRICTED: PRE: SPECIFIC JEWISH DENOMINATION - OTHER {SPECIFY},"Do you consider yourself Orthodox, Conservative, Reform or what?",-3. Restricted,
V201452,PRE: EVER ATTEND CHURCH OR RELIGIOUS SERVICES,"Lots of things come up that keep people from attending religious services even if they want to. Thinking about your life these days, do you ever attend religious services, apart from occasional weddings, baptisms or funerals?","-9. Refused
-8. Don’t know","1. Yes
2. No"
V201453,PRE: ATTEND RELIGIOUS SERVICES HOW OFTEN,"Do you go to religious services every week, almost every week, once or twice a month, a few times a year, or never?","-9. Refused
-8. Don’t know
-1. Inapplicable","1. Every week
2. Almost every week
3. Once or twice a month
4. A few times a year
5. Never"
V201454,PRE: ATTEND CHURCH MORE OFTEN THAN ONCE A WEEK,Would you say you go to religious services once a week or more often than once a week? PRE- ELECTION SURVEY VARIABLES 197,"-9. Refused
-1. Inapplicable","1. Once a week
2. More often than once a week"
V201456,PRE: DOES CHRISTIAN R CONSIDER SELF BORN AGAIN,"Would you call yourself a born-again Christian, that is, have you personally had a conversion experience related to Jesus Christ?","-9. Refused
-1. Inapplicable","1. Yes
2. No"
V201457x,PRE: SUMMARY: FULL RELIGION SUMMARY,,,
V201458x,PRE: SUMMARY: MAJOR GROUP RELIGION SUMMARY,,"-1. Missing, item nonresponse","1. Mainline Protestant
2. Evangelical Protestant
3. Black Protestant
4. Undifferentiated Protestant
5. Roman Catholic
6. Other Christian
7. Jewish
8. Other religion
9. Not religious"
V201459,PRE: DOES R CONSIDER SELF A RELIGIOUS FUNDAMENTALIST OR EVANGELICAL,"Do you consider yourself a fundamentalist, an evangelical, both, or neither?","-9. Refused
-8. Don’t know
-1. Inapplicable","1. Fundamentalist
2. Evangelical
3. Both
4. Neither"
V201460,PRE: HOW IMPORTANT TO R IS BEING A RELIGIOUS FUNDAMENTALIST,How important is being a fundamentalist to your identity? PRE- ELECTION SURVEY VARIABLES 199,"-9. Refused
-1. Inapplicable","1. Extremely important
2. Very important
3. Moderately important
4. A little important
5. Not important at all"
V201461,PRE: HOW IMPORTANT TO R IS BEING A RELIGIOUS EVANGELICAL,How important is being an evangelical to your identity?,"-9. Refused
-8. Don’t know
-1. Inapplicable","1. Extremely important
2. Very important
3. Moderately important
4. A little important
5. Not important at all"
V201462,PRE: RELIGIOUS IDENTIFICATION,Which of the following terms describe your religious beliefs? 200 CODEBOOK: VARIABLES,"-9. Refused
-8. Don’t know","2. Charismatic/Pentecostal
5. Traditional
6. Mainline
7. Progressive
8. Non-traditional believer
9. Secular
12. Spiritual but not religious
13. None of the above"
V201501,PRE: R LIVING WITH HOW MANY FAMILY MEMBERS,Now on another topic. How many family members are living with you?,-9. Refused,5. Five or more
V201502,PRE: R HOW MUCH BETTER OR WORSE OFF FINANCIALLY THAN 1 YEAR AGO,"We are interested in how people are getting along financially thesedays. Would you say that [you / you and your family living here] are much better off financially, somewhat better off, about the same, somewhat worse off, or much worse off than you were a year ago? PRE- ELECTION SURVEY VARIABLES 201","-9. Refused
-8. Don’t know","1. Much better off
2. Somewhat better off
3. About the same
4. Somewhat worse off
5. Much worse off"
V201503,PRE: R HOW MUCH BETTER OR WORSE OFF FINANCIALLY NEXT YEAR,"Now looking ahead, do you think that a year from now [you / you and your family living here] will be much better off financially, somewhat better off, about the same, somewhat worse off, or much worse off than now?","-9. Refused
-8. Don’t know","1. Much better off
2. Somewhat better off
3. About the same,
4. Somewhat worse off
5. Much worse off"
V201504,RESTRICTED: PRE: BIRTHDATE: MONTH OF BIRTH,"What is the month, day and year of your birth? MONTH:",-3. Restricted,
V201505,RESTRICTED: PRE: BIRTHDATE: DAY OF BIRTH,DAY:,-3. Restricted,
V201506,RESTRICTED: PRE: BIRTHDATE: YEAR OF BIRTH,YEAR:,-3. Restricted,
V201507x,PRE: SUMMARY: RESPONDENT AGE,,-9. Refused,80. Age 80 or older
V201508,PRE: MARITAL STATUS,"Are you now married, widowed, divorced, separated or never married? PRE- ELECTION SURVEY VARIABLES 203","-9. Refused
-8. Don’t know","1. Married: spouse present
2. Married: spouse absent {VOL - video/phone only}
3. Widowed
4. Divorced
5. Separated
6. Never married"
V201509,PRE: DOMESTIC PARTNERSHIP STATUS,"Are you currently living with a partner, or not?","-9. Refused
-1. Inapplicable","1. Yes, living with a partner
2. No, not living with a partner"
V201510,PRE: HIGHEST LEVEL OF EDUCATION,What is the highest level of school you have completed or the highest degree you have received? 204 CODEBOOK: VARIABLES,"-9. Refused
-8. Don’t know","1. Less than high school credential
2. High school graduate - High school diploma or equivalent"
V201510z,PRE: HIGHEST LEVEL OF EDUCATION - OTHER {SPECIFY},What is the highest level of school you have completed or the highest degree you have received?,-2. Open-end responses available in separate file,
V201511x,PRE: SUMMARY: RESPONDENT 5 CATEGORY LEVEL OF EDUCATION,,"-9. Refused
-8. Don’t know
-2. Missing, other specify not coded for preliminary release","1. Less than high school credential
2. High school credential
3. Some post-high school, no bachelor’s degree
4. Bachelor’s degree
5. Graduate degree"
V201512,PRE: R: DIPLOMA OR GED,"People can get a high school diploma in a variety of ways, such as graduating from high school or by getting a GED or other equivalent. How did you get your high school diploma?","-9. Refused
-1. Inapplicable","1. Graduation from High School
2. GED or other equivalent"
V201513,PRE: SPOUSE PARTNER: HIGHEST LEVEL OF EDUCATION,What is the highest level of school your [husband or wife / partner] has completed or the highest degree your [husband or wife / partner] has received?,"-9. Refused
-8. Don’t know
-1. Inapplicable","1. Less than high school credential
2. High school graduate - High school diploma or equivalent"
V201513z,RESTRICTED: PRE: SPOUSE PARTNER: HIGHEST LEVEL OF EDUCATION - OTHER {SPECIFY},What is the highest level of school your [husband or wife / partner] has completed or the highest degree your [husband or wife / partner] has received?,-3. Restricted,
V201514x,PRE: SUMMARY: RESPONDENT SPOUSE/PARTNER 5 CATEGORY LEVEL OF EDUCATION,,"-9. Refused
-8. Don’t know
-2. Missing, other specify not coded for preliminary release
-1. Inapplicable","1. Less than high school credential
2. High school credential
3. Some post-high school, no bachelor’s degree
4. Bachelor’s degree
5. Graduate degree"
V201515,PRE: SPOUSE: DIPLOMA OR GED,How did your [husband or wife / partner] get their high school diploma?,"-9. Refused
-1. Inapplicable","1. Graduation from High School
2. GED or other equivalent"
V201516,PRE: ARMED FORCES ACTIVE DUTY,"Are you now serving on active duty in the U.S. armed forces - the U.S. Air Force, Army, Coast Guard, Marine Corps, or Nav - or have you previously served on active duty in the U.S. armed forces, or have you never served on active duty in the U.S. armed forces?",-9. Refused,"1. Now serving on active duty
2. Previously served on active duty but not now on active duty
3. Have never served on active duty"
V201517,PRE: R WORKED FOR PAY LAST WEEK,"Last week, did you work for pay at a job or business?",-9. Refused,"1. Yes
2. No, did not work (or retired)"
V201518,PRE: ANY WORK FOR PAY LAST WEEK,"Last week, did you do any work for pay, even for as little as one hour?","-9. Refused
-8. Don’t know
-1. Inapplicable","1. Yes
2. No"
V201519,PRE: R ON LAYOFF FROM A JOB LAST WEEK,"Last week, were you on layoff from a job?","-9. Refused
-8. Don’t know
-1. Inapplicable","1. Yes
2. No"
V201520,PRE: R TEMPORARILY ABSENT FROM JOB LAST WEEK,"Last week, were you temporarily absent from a job or business? Reasons for temporary absence could include vacation, temporary illness, maternity leave or other family or personal reasons, bad weather, etc.","-9. Refused
-1. Inapplicable","1. Yes, temporarily absent
2. No"
V201521,PRE: R HAS BEEN INFORMED ABOUT RETURNING TO WORK PRE- ELECTION SURVEY VARIABLES 209,Have you been informed that you will be recalled to work within the next 6 months or been given a date to return to work?,-1. Inapplicable,"1. Yes
2. No"
V201522,PRE: R ACTIVELY LOOKING FOR WORK,"During the last 4 weeks, have you been actively looking for work?","-9. Refused
-1. Inapplicable","1. Yes
2. No"
V201523,PRE: R COULD HAVE STARTED JOB OR RETURNED TO WORK LAST WEEK,"Last week, could you have started a job if offered one, or returned to work if recalled?",-1. Inapplicable,"1. Yes, could have gone to work
2. No, could not have gone to work"
V201524,PRE: WHEN DID R LAST WORK,"When did you last work, even for a few days?","-9. Refused
-8. Don’t know
-1. Inapplicable","1. Within the past 12 months
2. 1 to 5 years ago
3. Over 5 years ago
4. Never worked"
V201525,PRE: DID R WORK EVERY WEEK PAST 12 MONTHS,"During the past 12 months, 52 weeks, did you work every week? Count paid vacation, paid sick leave, and military service as work. PRE- ELECTION SURVEY VARIABLES 211","-9. Refused
-1. Inapplicable","1. Yes
2. No"
V201526,PRE: HOW MANY WEEKS R WORKED PAST 12 MONTHS,"During the past 12 months, 52 weeks, how many weeks did you work? Include paid time off and include weeks when you only worked for a few hours.","-9. Refused
-8. Don’t know
-1. Inapplicable",
V201527,PRE: HOW MANY HOURS R WORKED PER WEEK,"During the past 12 months, in the weeks worked, how many hours did you usually work each week?","-9. Refused
-8. Don’t know
-1. Inapplicable",
V201528,PRE: HOURS WORKED PER WEEK PAST 12 MONTHS OK,"Is that more hours than you want to work, fewer hours than you want to work, or generally about right?","-9. Refused
-8. Don’t know
-1. Inapplicable","1. More
2. Fewer
3. About right"
V201529,PRE: DESCRIBE R’S EMPLOYMENT,"[The next series of questions is about the type of employment you have had last week. If you had more than one job, describe the one at which the most hours were worked./ Please describe your most recent employment.] Which one of the following best describes your employment? PRE- ELECTION SURVEY VARIABLES 213","-9. Refused
-1. Inapplicable","1. For-profit company or organization
2. Non-profit organization (including tax-exempt and charitable"
V201530,RESTRICTED: PRE: WHAT KIND OF BUSINESS/INDUSTRY,"What kind of business or industry was this? Include the main activity, product, or service provided at the location where employed. For example: elementary school, or residential construction.",-3. Restricted,
V201530,yRESTRICTED: PRE: WHAT KIND OF BUSINESS/INDUSTRY [CODED],"What kind of business or industry was this? Include the main activity, product, or service provided at the location where employed. For example: elementary school, or residential construction.",-3. Restricted,
V201531,RESTRICTED: PRE: WHAT WAS R’S MAIN OCCUPATION,"What was your main occupation? For example, 4th grade teacher, entry-level plumber.",-3. Restricted,
V201531,yRESTRICTED: PRE: WHAT WAS R’S MAIN OCCUPATION [CODED],"What was your main occupation? For example, 4th grade teacher, entry-level plumber.",-3. Restricted,
V201532,RESTRICTED: PRE: R’S MOST IMPORTANT ACTIVITIES OR DUTIES,What were your most important activities or duties?,-3. Restricted,
V201533x,PRE: SUMMARY: R OCCUPATION STATUS 2 DIGIT,,-2. Refused/Don’t know/Inapplicable,"10. Working now only
15. Working now and retired, working >=20 hours per wk
16. Working now and perm. Disabled, working >=20 hours per"
V201534x,PRE: SUMMARY: R OCCUPATION STATUS 1 DIGIT,,-2. Refused/Don’t know/Inapplicable,"1. R working now (if also retired, disabled, homemaker or"
V201537a,PRE: R NON-WORKING STATUS - HOMEMAKER [MENTION],"We’d like to know if you now consider yourself a homemaker, retired, permanently disabled, or a full time student. You may choose more than one, or none.","-9. Refused
-8. Don’t know","0. Not mentioned
1. Mentioned"
V201537b,PRE: R NON-WORKING STATUS - RETIRED [MENTION],"We’d like to know if you now consider yourself a homemaker, retired, permanently disabled, or a full time student. You may choose more than one, or none. PRE- ELECTION SURVEY VARIABLES 217","-9. Refused
-8. Don’t know","0. Not mentioned
1. Mentioned"
V201537c,PRE: R NON-WORKING STATUS - PERMANENTLY DISABLED [MENTION],"We’d like to know if you now consider yourself a homemaker, retired, permanently disabled, or a full time student. You may choose more than one, or none.","-9. Refused
-8. Don’t know","0. Not mentioned
1. Mentioned"
V201537d,PRE: R NON-WORKING STATUS - FULL TIME STUDENT [MENTION],"We’d like to know if you now consider yourself a homemaker, retired, permanently disabled, or a full time student. You may choose more than one, or none. 218 CODEBOOK: VARIABLES","-9. Refused
-8. Don’t know","0. Not mentioned
1. Mentioned"
V201537e,PRE: R NON-WORKING STATUS - NONE OF THESE [MENTION],"We’d like to know if you now consider yourself a homemaker, retired, permanently disabled, or a full time student. You may choose more than one, or none.","-9. Refused
-8. Don’t know","0. Not mentioned
1. Mentioned"
V201538,PRE: INITIAL STATUS RETIREE - YEAR RETIRED,What year did you retire? YEAR: PRE- ELECTION SURVEY VARIABLES 219,"-9. Refused
-8. Don’t know
-1. Inapplicable","1. 1950-1999
2. 2000-2004
3. 2005-2009
4. 2010-2014
5. 2015-2020"
V201539,PRE: WORKING NOW: OUT OF WORK OR LAID OFF IN LAST 6 MONTHS,Were you out of work or laid off at any time during the last six months?,"-9. Refused
-1. Inapplicable","1. Yes
2. No"
V201540,PRE: WORKING NOW: WORRY ABOUT LOSING JOB IN NEAR FUTURE,How worried are you about losing your job in the near future? 220 CODEBOOK: VARIABLES,"-9. Refused
-8. Don’t know
-1. Inapplicable","1. Not at all
2. A little
3. Moderately
4. Very
5. Extremely"
V201541,PRE: WORKING NOW: HAD REDUCTION IN WORK HRS OR PAY CUT,"During the last six months, have you had a reduction in your work hours or had to take a cut in pay at any time for reasons other than illness or personal choice?","-9. Refused
-8. Don’t know
-1. Inapplicable","1. Reduced hours or pay in the last 6 months
2. Neither reduced hours nor reduced pay in last 6 months"
V201542,PRE: SPOUSE/PARTNER WORKING STATUS,"We’d like to know about your [husband or wife / partner]. Is your [husband or wife / partner] working now, temporarily laid off, or is your [husband or wife /partner] unemployed, retired, permanently disabled, a homemaker, a student, or what?","-9. Refused
-1. Inapplicable","1. Working now
2. Temporarily laid off
4. Unemployed
5. Retired
6. Permanently disabled
7. Homemaker
8. Student"
V201543,RESTRICTED: PRE: SPOUSE/PARTNER JOB,What is your [spouse’s/partner’s] main occupation? What kind of work does your [spouse/partner] do? What are the most important activities or duties?,-3. Restricted,
V201544,PRE: ANYONE IN HH BELONG TO LABOR UNION,Do you or anyone else in this household belong to a labor union or toan employee association similar to a union? 222 CODEBOOK: VARIABLES,"-9. Refused
-8. Don’t know","1. Yes
2. No"
V201545,PRE: WHO IN HH BELONGS TO UNION,Who is it that belongs?,"-9. Refused
-8. Don’t know
-1. Inapplicable","1. Respondent
2. Spouse/partner
4. Someone else"
V201546,"PRE: R: ARE YOU SPANISH, HISPANIC, OR LATINO","Are you of Hispanic, Latino, or Spanish origin?","-9. Refused
-8. Don’t know","1. Yes
2. No"
V201547a,RESTRICTED: PRE: RACE OF R: WHITE [MENTION] PRE- ELECTION SURVEY VARIABLES 223,"I am going to read you a list of five race categories. You may choose one or more races. For this survey, Hispanic origin is not a race. Are you White; Black or African American; American Indian or Alaska Native; Asian; or Native Hawaiian or Other Pacific Islander?",-3. Restricted,
V201547b,RESTRICTED: PRE: RACE OF R: BLACK OR AFRICAN-AMERICAN [MENTION],"I am going to read you a list of five race categories. You may choose one or more races. For this survey, Hispanic origin is not a race. Are you White; Black or African American; American Indian or Alaska Native; Asian; or Native Hawaiian or Other Pacific Islander?",-3. Restricted,
V201547c,RESTRICTED: PRE: RACE OF R: ASIAN [MENTION],"I am going to read you a list of five race categories. You may choose one or more races. For this survey, Hispanic origin is not a race. Are you White; Black or African American; American Indian or Alaska Native; Asian; or Native Hawaiian or Other Pacific Islander?",-3. Restricted,
V201547d,RESTRICTED: PRE: RACE OF R: NATIVE HAWAIIAN OR PACIFIC ISLANDER [MENTION],"I am going to read you a list of five race categories. You may choose one or more races. For this survey, Hispanic origin is not a race. Are you White; Black or African American; American Indian or Alaska Native; Asian; or Native Hawaiian or Other Pacific Islander?",-3. Restricted,
V201547e,RESTRICTED: PRE: RACE OF R: NATIVE AMERICAN OR ALASKA NATIVE [MENTION],"I am going to read you a list of five race categories. You may choose one or more races. For this survey, Hispanic origin is not a race. Are you White; Black or African American; American Indian or Alaska Native; Asian; or Native Hawaiian or Other Pacific Islander?",-3. Restricted,
V201547z,RESTRICTED: PRE: RACE OF R: OTHER SPECIFY PRE- ELECTION SURVEY VARIABLES 225,"I am going to read you a list of five race categories. You may choose one or more races. For this survey, Hispanic origin is not a race. Are you White; Black or African American; American Indian or Alaska Native; Asian; or Native Hawaiian or Other Pacific Islander?",-3. Restricted,
V201549x,PRE: SUMMARY: R SELF-IDENTIFIED RACE/ETHNICITY,,"-9. Refused
-8. Don’t know","1. White, non-Hispanic
2. Black, non-Hispanic
3. Hispanic
4. Asian or Native Hawaiian/other Pacific Islander, non-Hispanic"
V201550,RESTRICTED: PRE: ETHNIC OR NATIONALITY GROUP,"What do you consider your main ethnic group or nationality group? For example: Italian, Jamaican, African American, Cambodian, Cape Verdean, Norwegian, Dominican, French Canadian, Haitian, Korean, Lebanese, Polish, Nigerian, Mexican, Taiwanese, Ukrainian, and so on.",-3. Restricted,
V201551,PRE: IWR CHECKPOINT: NUMBER OF ETHNIC MENTIONS,ENTER NUMBER OF ETHNIC GROUPS MENTIONED BY R:,-1. Inapplicable,
V201552,RESTRICTED: PRE: ETHNIC GROUP MOST CLOSE,With which of these groups do you most closely identify?,-3. Restricted,
V201553,PRE: NATIVE STATUS OF PARENTS,"Where were your parents born? Were they both born in the U.S., was only one born in the U.S., or were both born in another country?","-9. Refused
-8. Don’t know","1. Both parents born in the US
2. One parent born in the US
3. Both parents born in another country"
V201554,"PRE: RS: BORN US, PUERTO RICO, OR SOME OTHER COUNTRY PRE- ELECTION SURVEY VARIABLES 227","In what state, country, or territory were you born?",-9. Refused,"1. A US state or Washington D.C.
2. Puerto Rico
3. Another U.S. territory (Guam, Amer. Samoa, US Virgin"
V201554z,"RESTRICTED: PRE: RS: BORN US, PUERTO RICO, OR SOME OTHER COUNTRY - OTHER {SPECIFY}","In what state, country, or territory were you born?",-3. Restricted,
V201555,PRE: HOW MANY GRANDPARENTS BORN OUTSIDE THE US,"How many of your grandparents, if any, were born outside the U.S.?","-9. Refused
-8. Don’t know","0. None
1. One
2. Two
3. Three
4. All"
V201556,RESTRICTED: PRE: LATINO RS: COUNTRY OF LATINO HERITAGE REVISED,Families of Hispanic or Latino background in the United States come from many different places. Which Spanish-speaking or Latin American country or territory doesmost of your family come from?,-3. Restricted,
V201556z,RESTRICTED: PRE: LATINO RS: COUNTRY OF LATINO HERITAGE REVISED - OTHER {SPECIFY},Families of Hispanic or Latino background in the United States come from many different places. Which Spanish-speaking or Latin American country or territory doesmost of your family come from?,-3. Restricted,
V201557,RESTRICTED: PRE: LATINO RS: MOST FAMILY FROM WHICH COUNTRY,You said your family comes from [Response to DEM_HISPCNTRYREV]. Which one of these does most of your family come from?,-3. Restricted,
V201558x,PRE: SUMMARY: HISPANIC SUMMARY,,"-9. Refused
-8. Don’t know","1. Mexican
2. Puerto Rican
3. Other Hispanic or more than one mention
4. Hispanic, type not determined
7. Not Hispanic"
V201559,PRE: LATINO RS: ANY MEXICAN ANCESTRY,Do you or your family trace any of your ancestry to Mexico?,-1. Inapplicable,"1. Yes
2. No"
V201560,RESTRICTED: PRE: WHEN DID R (NON-US BORN) ARRIVE IN US,When did you first arrive to live in the U.S. mainland?,-3. Restricted,
V201561,RESTRICTED: PRE: IN WHAT YEAR DID R (NON-US BORN) BECOME A US CITIZEN,In what year did you become a naturalized U.S. citizen?,-3. Restricted,
V201562,PRE: LATINO RS: LANGUAGE AT HOME,"What language do you primarily speak at home with your family? Is it only English, mostly English, both languages equally, mostly Spanish, or only Spanish?","-9. Refused
-1. Inapplicable","1. Only English
2. Mostly English
3. Both languages equally
4. Mostly Spanish
5. Only Spanish"
V201563,PRE: R SPOUSE HISPANIC ORIGIN,"Is your [spouse / partner / most recent former spouse] of Hispanic, Latino, or Spanish origin?","-9. Refused
-8. Don’t know
-1. Inapplicable","1. Yes
2. No"
V201564a,RESTRICTED: PRE: R SPOUSE/PARTNER RACE: WHITE [MENTION],Is your [spouse / partner / most recent former spouse] White; Black or African American; American Indian or Alaska Native; Asian; or Native Hawaiian or Other Pacific Islander?,-3. Restricted,
V201564b,RESTRICTED: PRE: R SPOUSE/PARTNER RACE: BLACK OR AFRICAN-AMERICAN [MENTION],Is your [spouse / partner / most recent former spouse] White; Black or African American; American Indian or Alaska Native; Asian; or Native Hawaiian or Other Pacific Islander?,-3. Restricted,
V201564c,RESTRICTED: PRE: R SPOUSE/PARTNER RACE: ASIAN [MENTION],Is your [spouse / partner / most recent former spouse] White; Black or African American; American Indian or Alaska Native; Asian; or Native Hawaiian or Other Pacific Islander?,-3. Restricted,
V201564d,RESTRICTED: PRE: R SPOUSE/PARTNER RACE: NATIVE HAWIIAN OR PACIFIC ISLANDER [MENTION],Is your [spouse / partner / most recent former spouse] White; Black or African American; American Indian or Alaska Native; Asian; or Native Hawaiian or Other Pacific Islander?,-3. Restricted,
V201564e,RESTRICTED: PRE: R SPOUSE/PARTNER RACE: NATIVE AMERICAN OR ALASKA NATIVE [MENTION],Is your [spouse / partner / most recent former spouse] White; Black or African American; American Indian or Alaska Native; Asian; or Native Hawaiian or Other Pacific Islander?,-3. Restricted,
V201565x,PRE: SUMMARY: R SPOUSE OR PARTNER RACE/ETHNICITY,,"-9. Refused
-8. Don’t know
-1. Inapplicable","1. White, non-Hispanic
2. Black, non-Hispanic
3. Hispanic
4. Asian, Native Hawaiian/other Pacific Islander, Native"
V201566,PRE: R SPOUSE/PARTNER GENDER,What is the gender of your [spouse / partner / most recent former spouse]?,"-9. Refused
-1. Inapplicable","1. Male
2. Female
3. Something else"
V201567,PRE: HOW MANY CHILDREN IN HH AGE 0-17,How many children or teenagers age 0 to 17 live in this household?,-9. Refused,"0. No children
1. One child
2. Two children
3. Three children
4. Four or more children"
V201568a,PRE: CHILDREN’S SCHOOL ENROLLMENT: PUBLIC SCHOOL,"[Are the children / Is the child] in your householdenrolled in public school, private religious school, private non-religious school, or home school, or not in school?","-9. Refused
-1. Inapplicable","0. Not mentioned
1. Mentioned"
V201568b,PRE: CHILDREN’S SCHOOL ENROLLMENT: PRIVATE RELIGIOUS SCHOOL,"[Are the children / Is the child] in your householdenrolled in public school, private religious school, private non-religious school, or home school, or not in school?","-9. Refused
-1. Inapplicable","0. Not mentioned
1. Mentioned"
V201568c,PRE: CHILDREN’S SCHOOL ENROLLMENT: PRIVATE NON-RELIGIOUS SCHOOL PRE- ELECTION SURVEY VARIABLES 235,"[Are the children / Is the child] in your householdenrolled in public school, private religious school, private non-religious school, or home school, or not in school?","-9. Refused
-1. Inapplicable","0. Not mentioned
1. Mentioned"
V201568d,PRE: CHILDREN’S SCHOOL ENROLLMENT: HOME SCHOOL,"[Are the children / Is the child] in your householdenrolled in public school, private religious school, private non-religious school, or home school, or not in school?","-9. Refused
-1. Inapplicable","0. Not mentioned
1. Mentioned"
V201568e,PRE: CHILDREN’S SCHOOL ENROLLMENT: NOT ENROLLED IN SCHOOL,"[Are the children / Is the child] in your householdenrolled in public school, private religious school, private non-religious school, or home school, or not in school? 236 CODEBOOK: VARIABLES","-9. Refused
-1. Inapplicable","0. Not mentioned
1. Mentioned"
V201569,PRE: DOES R USE INTERNET AT HOME,"[Do you / Does anyone in this household, including you,] use the Internet at home? This includes accessing the Internet with a cell phone, computer, tablet, or other device.",-9. Refused,"1. Yes
2. No"
V201570,PRE: DOES R USE INTERNET AT ANY OTHER LOCATION,"[Do you / Does anyone in this household, including you,] use the Internet at any other location?","-8. Don’t know
-1. Inapplicable","1. Yes
2. No"
V201571,PRE: IS THERE A WORKING HH LANDLINE PHONE,Is there at least one telephone inside your home that is currently working and is not a cell phone?,-9. Refused,"1. Yes
2. No"
V201572,PRE: DOES R PERSONALLY HAVE A CELL PHONE [REVISED],Do you have a working cell phone?,-9. Refused,"1. Yes
2. No"
V201573,PRE: DOES R LIVE WITH ANYONE WHO HAS A CELL PHONE,Do you live with anyone at your home who has a working cell phone?,-1. Inapplicable,"1. Yes
2. No"
V201574,PRE: R OR ANYONE IN HH HAS CELL PHONE WITH INTERNET CONNECTION,"[Do you / Does anyone in this household, including you,] have a cell phone that will run apps and connect to the Internet, like an iPhone or Android?","-9. Refused
-8. Don’t know
-1. Inapplicable","1. Yes
2. No"
V201575,PRE: WHERE R GREW UP,"In what state, country, or territory did you mainly grow up?","-9. Refused
-8. Don’t know","1. Alabama  2. Alaska  4. Arizona
5. Arkansas  6. California  8. Colorado
9. Connecticut  10. Delaware
11. District of Columbia (Washington DC)
12. Florida  13. Georgia   15. Hawaii
16. Idaho   17. Illinois   18. Indiana
19. Iowa   20. Kansas   21. Kentucky
22. Louisiana   23. Maine   24. Maryland
25. Massachusetts   26. Michigan   27. Minnesota
28. Mississippi   29. Missouri   30. Montana
31. Nebraska   32. Nevada   33. New Hampshire
34. New Jersey   35. New Mexico   36. New York
37. North Carolina   38. North Dakota   39. Ohio
40. Oklahoma   41. Oregon   42. Pennsylvania
44. Rhode Island   45. South Carolina   46. South Dakota
47. Tennessee   48. Texas   49. Utah
50. Vermont   51. Virginia   53. Washington
54. West Virginia   55. Wisconsin   56. Wyoming
57. Puerto Rico   58. Another U.S. territory (Guam, Samoa, U.S."
V201575z,RESTRICTED: PRE: WHERE R GREW UP - OTHER {SPECIFY},"In what state, country, or territory did you mainly grow up?",-3. Restricted,
V201576,PRE: HOW LONG LIVED IN THIS COMMUNITY YRS,How long have you lived in your present community? YEARS:,"-9. Refused
-8. Don’t know",40. Forty or more years
V201577,RESTRICTED: PRE: HOW LONG LIVED IN THIS COMMUNITY MONTHS,MONTHS:,-3. Restricted,
V201579,RESTRICTED: PRE: ZIP CODE OF PREVIOUS RESIDENCE,What was the zip code where you previously lived? 240 CODEBOOK: VARIABLES,-3. Restricted,
V201580,RESTRICTED: PRE: CITY STATE OF PREVIOUS RESIDENCE,What was the city and state where you previously lived?,-3. Restricted,
V201581,PRE: VERSION 1A HOME TENURE,"Do you pay rent for your home, make monthly mortgage payments for your home, own your home outright with no payments due, or have some otherliving arrangement?","-9. Refused
-8. Don’t know
-1. Inapplicable","1. Pay rent
2. Pay mortgage
3. Own home with no payments due
4. Some other arrangement"
V201582,PRE: VERSION 1B HOME TENURE CPS PRE- ELECTION SURVEY VARIABLES 241,"Are your living quarters owned or being bought by a household member, rented for cash, or occupied without payment of cash rent?","-9. Refused
-8. Don’t know
-1. Inapplicable","1. Owned or being bought by a household member
2. Rented for cash
3. Occupied without payment of cash rent"
V201583,PRE: HOME TENURE CPS OWNERSHIP,"Does your household make monthly mortgage payments for your home, or is the home owned outright with no payments due?","-9. Refused
-8. Don’t know
-1. Inapplicable","1. Pay mortgage
2. Own home with no payments due"
V201584,PRE: R NAME EVER CHANGED,"Has your name ever changed [for example, because you got married] or have you never changed your first or last name?","-9. Refused
-8. Don’t know","1. Have changed name
2. Never changed name"
V201585,RESTRICTED: PRE: YEAR OF MOST RECENT CHANGE,What year did you most recently change your name?,-3. Restricted,
V201586,PRE: USE OF ALTERNATE NAMES,Have you ever gone by an alternative or different name?,"-9. Refused
-8. Don’t know","1. Yes
2. No"
V201587,PRE: YEARS R LIVED AT ADDRESS,How many years have you lived at this address?,-9. Refused,40. Forty or more years
V201588,RESTRICTED: PRE: WHERE DID R LIVE FIVE YEARS AGO,"Where did you live five years ago? Please tell me the city, state, and ZIP code if you remember it.",-3. Restricted,
V201589,PRE: DOES R HAVE NON-EXPIRED DRIVER’S LICENSE,"Do you have a non-expired Driver’s License, or do you not have one?","-9. Refused
-8. Don’t know","1. Have a non-expired driver’s license
2. Do not have one"
V201590,PRE: DOES R HAVE NON-EXPIRED U.S. PASSPORT,"Do you now have a non-expired U.S. passport, or do you not have one?","-9. Refused
-8. Don’t know","1. Have a valid US passport
2. Do not have one"
V201591,PRE: DOES R HAVE OTHER FORM OF NON- EXPIRED GOVERNMENT ID,"Do you have any form of non-expired, government issued photo ID, such as a state ID card or military ID?","-9. Refused
-1. Inapplicable","1. Have another form of ID
2. Do not have one"
V201592,PRE: PUT OFF CHECKUP AND VACCINES,"We are interested in finding out whether or not people are getting regular check ups and vaccinations as well as treatment for illness and injury. During the past 12 months, have you or anyone living here put off getting this kind of health care because of the cost, or has no one living here put off getting this kind of health care because of the cost?","-9. Refused
-8. Don’t know","1. Someone has put off health care
2. No one has put off health care"
V201593,PRE: HOW LIKELY R ABLE TO PAY ALL HEALTH CARE COSTS IN NEXT 12 MONTHS,"During the next 12 months, how likely is it that you will be able to pay for all of your health care costs?","-9. Refused
-8. Don’t know","1. Extremely likely
2. Very likely
3. Moderately likely
4. Slightly likely
5. Not likely at all"
V201594,PRE: HOW WORRIED IS R ABOUT CURRENT FINANCIAL SITUATION,"So far as you and your family are concerned, how worried are you about your current financial situation?","-9. Refused
-8. Don’t know","1. Extremely worried
2. Very worried
3. Moderately worried
4. A little worried
5. Not at all worried"
V201595,PRE: HOW LIKELY R ABLE TO MAKE ALL HOUSING PAYMENTS IN NEXT 12 MONTHS,"During the next 12 months, how likely is it that you will be able to make all of your [rent/mortgage] payments on time?","-9. Refused
-8. Don’t know
-1. Inapplicable","1. Extremely likely
2. Very likely
3. Moderately likely
4. Slightly likely
5. Not likely at all"
V201596,PRE: ANYONE LOST JOBS,"During the past 12 months, has anyone in your family or a close personal friend lost a job, or has no one in your family and no close personal friend lost a job in the past 12 months?","-9. Refused
-8. Don’t know","1. Someone lost a job
2. No one lost a job"
V201600,PRE: WHAT IS YOUR (R) SEX? [REVISED],What is your sex?,-9. Refused,"1. Male
2. Female"
V201601,PRE: SEXUAL ORIENTATION OF R [REVISED],"Do you consider yourself to be heterosexual or straight, homosexual or gay [or lesbian], or bisexual?","-9. Refused
-5. Interview breakoff (sufficient partial IW)","1. Heterosexual or straight
2. Homosexual or gay (or lesbian)
3. Bisexual
4. Something else {SPECIFY}"
V201601z,PRE: SEXUAL ORIENTATION OF R [REVISED] - OTHER {SPECIFY},"Do you consider yourself to be heterosexual or straight, homosexual or gay [or lesbian], or bisexual?",-2. Open-end responses available in separate file,
V201602,PRE: JUSTIFIED TO USE VIOLENCE,On another topic: How much do you feel it is justified for people to use violence to pursue their political goals in this country?,"-9. Refused
-5. Interview breakoff (sufficient partial IW)","1. Not at all
2. A little
3. A moderate amount
4. A lot
5. A great deal"
V201603,PRE: POLITICAL VIOLENCE COMPARED TO 4 YEARS AGO,"Compared to four years ago, do you think violence used to pursue political goals in the United States has:","-9. Refused
-5. Interview breakoff (sufficient partial IW)","1. Increased
2. Decreased
3. Stayed the same"
V201604,PRE: POLITICAL VIOLENCE COMPARED TO 4 YEARS AGO (STRENGTH),"Has it [increased/decreased] a great deal, a moderate amount, or a little?","-9. Refused
-5. Interview breakoff (sufficient partial IW)
-1. Inapplicable","1. A great deal
2. A moderate amount
3. A little"
V201605x,PRE: SUMMARY: POLITICAL VIOLENCE COMPARED TO 4 YRS AGO,,"-5. Interview breakoff (sufficient partial IW)
-2. DK/RF in V201603 or V201604","1. Increased a great deal
2. Increased a moderate amount
3. Increased a little
4. Stayed the same
5. Decreased a little
6. Decreased a moderate amount
7. Decreased a great deal"
V201606,PRE: MONEY INVESTED IN STOCK MARKET,"Do you personally, or jointly with a spouse, have any money invested in the stock market right now - either in an individual stock or in a mutual fund?","-9. Refused
-8. Don’t know
-5. Interview breakoff (sufficient partial IW)","1. Yes
2. No"
V201607,RESTRICTED: PRE: TOTAL INCOME AMOUNT - REVISED,"The next question is about [the total combined income of all members of your family / your total income] during the past 12 months. This includes money from jobs, net income from business, farm or rent, pensions, dividends, interest, Social Security payments, and any other money income received by members of your family who are 15 years of age or older. What was the total income of your family during the past 12 months? TYPE THE NUMBER. YOUR BEST GUESS IS FINE.",-3. Restricted,
V201608,RESTRICTED: PRE: INCOME AMT MISSING - GE OR LT 40K,"Was it $40,000 or more, or less than that?",-3. Restricted,
V201609,RESTRICTED: PRE: INCOME AMT MISSING - GE OR LT 20K,"Was it $20,000 or more, or less than that?",-3. Restricted,
V201610,RESTRICTED: PRE: INCOME AMT MISSING - CATEGORIES LT 20K,Please choose the answer that includes the income of all members of your family during the past 12 months before taxes.,-3. Restricted,
V201611,RESTRICTED: PRE: INCOME AMT MISSING - CATEGORIES 20-40K,Please choose the answer that includes the income of all members of your family during the past 12 months before taxes.,-3. Restricted,
V201612,RESTRICTED: PRE: INCOME AMT MISSING - GE OR LT 70K,"Was it $70,000 or more, or less than that?",-3. Restricted,
V201613,RESTRICTED: PRE: INCOME AMT MISSING - CATEGORIES 40-70K,Please choose the answer that includes the income of all members of your family during the past 12 months before taxes.,-3. Restricted,
V201614,RESTRICTED: PRE: INCOME AMT MISSING - GE OR LT 100K,"Was it $100,000 or more, or less than that?",-3. Restricted,
V201615,RESTRICTED: PRE: INCOME AMT MISSING - CATEGORIES 70-100K,Please choose the answer that includes the income of all members of your family during the past 12 months before taxes.,-3. Restricted,
V201616,RESTRICTED: PRE: INCOME AMT MISSING - CATEGORIES 100+K,Please choose the answer that includes the income of all members of your family during the past 12 months before taxes.,-3. Restricted,
V201617x,PRE: SUMMARY: TOTAL (FAMILY) INCOME PRE- ELECTION SURVEY VARIABLES 253,,"-9. Refused
-5. Interview breakoff (sufficient partial IW)","1. Under $9,999
2. $10,000-14,999
3. $15,000-19,999
4. $20,000-24,999
5. $25,000-29,999
6. $30,000-34,999
7. $35,000-39,999
8. $40,000-44,999
9. $45,000-49,999
10. $50,000-59,999
11. $60,000-64,999
12. $65,000-69,999
13. $70,000-74,999
14. $75,000-79,999
15. $80,000-89,999
16. $90,000-99,999
17. $100,000-109,999
18. $110,000-124,999
19. $125,000-149,999
20. $150,000-174,999
21. $175,000-249,999
22. $250,000 or more"
V201618,PRE: TROUBLE CONCENTRATING IN PAST WEEK,"On another topic: In the past week, how often have you had trouble keeping your mind on what you were doing?","-9. Refused
-5. Interview breakoff (sufficient partial IW)","1. All the time
2. Often
3. Sometimes
4. Rarely
5. Never"
V201619,PRE: RESTLESS SLEEP IN PAST WEEK,"In the past week, how often has your sleep been restless?","-9. Refused
-5. Interview breakoff (sufficient partial IW)","1. All the time
2. Often
3. Sometimes
4. Rarely
5. Never"
V201620,PRE: DOES R HAVE HEALTH INSURANCE,Do you presently have any kind of health insurance?,"-9. Refused
-5. Interview breakoff (sufficient partial IW)","1. Yes
2. No"
V201621,PRE: R CONCERNED ABOUT LOSING HEALTH INSURANCE,How concerned are you about losing your health insurance in the next year?,"-9. Refused
-5. Interview breakoff (sufficient partial IW)
-1. Inapplicable","1. Not at all concerned
2. A little concerned
3. Moderately concerned
4. Very concerned
5. Extremely concerned"
V201622,PRE: R CONCERNED ABOUT PAYING FOR HEALTH CARE,How concerned are you about being able to pay health care expenses for you and your family in the next year?,"-9. Refused
-5. Interview breakoff (sufficient partial IW)","1. Not at all concerned
2. A little concerned
3. Moderately concerned
4. Very concerned
5. Extremely concerned"
V201623,PRE: HEALTH OF R,"Would you say that in general your health is excellent, very good,good, fair, or poor?","-9. Refused
-5. Interview breakoff (sufficient partial IW)","1. Excellent
2. Very Good
3. Good
4. Fair
5. Poor"
V201624,PRE: ANYONE IN HOUSEHOLD TESTED POS FOR COVID-19,"Has anyone in your household tested positive for the coronavirus disease, COVID-19, or has no one tested positive?","-9. Refused
-5. Interview breakoff (sufficient partial IW)","1. Someone in my household tested positive
2. No one tested positive"
V201625,PRE: ANYONE IN HOUSEHOLD COVID-19 BASED ON SYMPTOMS,"Has anyone in your household been suspected of having COVID-19 based on their symptoms, or not?","-9. Refused
-5. Interview breakoff (sufficient partial IW)","1. Suspected of having COVID-19
2. No one has been suspected of having COVID-19"
V201626,PRE: NEED TO BE MORE SENSITIVE TALKING OR PEOPLE TOO EASILY OFFENDED,Some people think that the way people talk needs to change with the times to be more sensitive to people from different backgrounds. Others think that this has already gone too far and many people are just too easily offended. Which is closer to your opinion?,"-9. Refused
-5. Interview breakoff (sufficient partial IW)","1. The way people talk needs to change a lot
2. The way people talk needs to change a little
3. People are a little too easily offended
4. People are much too easily offended"
V201627,PRE: HOW OFTEN SELF CENSOR,"How often do you stop yourself from saying something because you think someone might call you a racist, a sexist, or otherwise a bad person?","-9. Refused
-5. Interview breakoff (sufficient partial IW)","1. Never
2. Rarely
3. Occasionally
4. Fairly often
5. Very often"
V201628,PRE: HOW MANY GUNS OWNED,How many guns do you or anyone else living here own? Type the number.,"-9. Refused
-5. Interview breakoff (sufficient partial IW)",
V201629a,PRE: MEDIA SOURCES R USED TO FOLLOW PRESIDENTIAL CAMPAIGN: TV PROGRAMS,From which of the following sources have you heard anything about the presidential campaign? Mark all that apply 258 CODEBOOK: VARIABLES,"-9. Refused
-5. Interview breakoff (sufficient partial IW)
-1. Inapplicable","0. Not mentioned
1. Mentioned"
V201629b,PRE: MEDIA SOURCES R USED TO FOLLOW PRESIDENTIAL CAMPAIGN: NEWSPAPERS,From which of the following sources have you heard anything about the presidential campaign? Mark all that apply,"-9. Refused
-5. Interview breakoff (sufficient partial IW)
-1. Inapplicable","0. Not mentioned
1. Mentioned"
V201629c,PRE: MEDIA SOURCES R USED TO FOLLOW PRESIDENTIAL CAMPAIGN: INTERNET SITES,From which of the following sources have you heard anything about the presidential campaign? Mark all that apply,"-9. Refused
-5. Interview breakoff (sufficient partial IW)
-1. Inapplicable","0. Not mentioned
1. Mentioned"
V201629d,PRE: MEDIA SOURCES R USED TO FOLLOW PRESIDENTIAL CAMPAIGN: RADIO NEWS,From which of the following sources have you heard anything about the presidential campaign? Mark all that apply,"-9. Refused
-5. Interview breakoff (sufficient partial IW)
-1. Inapplicable","0. Not mentioned
1. Mentioned"
V201629e,PRE: MEDIA SOURCES R USED TO FOLLOW PRESIDENTIAL CAMPAIGN: NONE,From which of the following sources have you heard anything about the presidential campaign? Mark all that apply,"-9. Refused
-5. Interview breakoff (sufficient partial IW)
-1. Inapplicable","0. Not mentioned
1. Mentioned"
V201630a,PRE: MENTION: TV PROG - THE LATE SHOW WITH STEPHEN COLBERT,Which of the following television programs do you watch regularly? Please check any that you watch at least once a month. Mark all that apply 260 CODEBOOK: VARIABLES,"-9. Refused
-5. Interview breakoff (sufficient partial IW)
-1. Inapplicable","0. Not mentioned
1. Mentioned"
V201630b,PRE: MENTION: TV PROG - HANNITY (FOX),Which of the following television programs do you watch regularly? Please check any that you watch at least once a month. Mark all that apply,"-9. Refused
-5. Interview breakoff (sufficient partial IW)
-1. Inapplicable","0. Not mentioned
1. Mentioned"
V201630c,PRE: MENTION: TV PROG - TUCKER CARLSON TONIGHT (FOX),Which of the following television programs do you watch regularly? Please check any that you watch at least once a month. Mark all that apply PRE- ELECTION SURVEY VARIABLES 261,"-9. Refused
-5. Interview breakoff (sufficient partial IW)
-1. Inapplicable","0. Not mentioned
1. Mentioned"
V201630d,PRE: MENTION: TV PROG - THE RACHEL MADDOW SHOW (MSNBC),Which of the following television programs do you watch regularly? Please check any that you watch at least once a month. Mark all that apply,"-9. Refused
-5. Interview breakoff (sufficient partial IW)
-1. Inapplicable","0. Not mentioned
1. Mentioned"
V201630e,PRE: MENTION: TV PROG - THE LAST WORD WITH LAWRENCE O’DONNELL (MSNBC),Which of the following television programs do you watch regularly? Please check any that you watch at least once a month. Mark all that apply 262 CODEBOOK: VARIABLES,"-9. Refused
-5. Interview breakoff (sufficient partial IW)
-1. Inapplicable","0. Not mentioned
1. Mentioned"
V201630f,PRE: MENTION: TV PROG - THE FIVE (FOX),Which of the following television programs do you watch regularly? Please check any that you watch at least once a month. Mark all that apply,"-9. Refused
-5. Interview breakoff (sufficient partial IW)
-1. Inapplicable","0. Not mentioned
1. Mentioned"
V201630g,PRE: MENTION: TV PROG - THE INGRAHAM ANGLE (FOX),Which of the following television programs do you watch regularly? Please check any that you watch at least once a month. Mark all that apply PRE- ELECTION SURVEY VARIABLES 263,"-9. Refused
-5. Interview breakoff (sufficient partial IW)
-1. Inapplicable","0. Not mentioned
1. Mentioned"
V201630h,PRE: MENTION: TV PROG - THE STORY WITH MARTHA MACCALLUM (FOX),Which of the following television programs do you watch regularly? Please check any that you watch at least once a month. Mark all that apply,"-9. Refused
-5. Interview breakoff (sufficient partial IW)
-1. Inapplicable","0. Not mentioned
1. Mentioned"
V201630i,PRE: MENTION: TV PROG - THE LEAD WITH JAKE TAPPER (CNN),Which of the following television programs do you watch regularly? Please check any that you watch at least once a month. Mark all that apply 264 CODEBOOK: VARIABLES,"-9. Refused
-5. Interview breakoff (sufficient partial IW)
-1. Inapplicable","0. Not mentioned
1. Mentioned"
V201630j,PRE: MENTION: TV PROG - ANDERSON COOPER 360 (CNN),Which of the following television programs do you watch regularly? Please check any that you watch at least once a month. Mark all that apply,"-9. Refused
-5. Interview breakoff (sufficient partial IW)
-1. Inapplicable","0. Not mentioned
1. Mentioned"
V201630k,PRE: MENTION: TV PROG - SPECIAL REPORT WITH BRET BAIER (FOX),Which of the following television programs do you watch regularly? Please check any that you watch at least once a month. Mark all that apply PRE- ELECTION SURVEY VARIABLES 265,"-9. Refused
-5. Interview breakoff (sufficient partial IW)
-1. Inapplicable","0. Not mentioned
1. Mentioned"
V201630,mPRE: MENTION: TV PROG - CBS EVENING NEWS WITH NORAH O’DONNELL,Which of the following television programs do you watch regularly? Please check any that you watch at least once a month. Mark all that apply,"-9. Refused
-5. Interview breakoff (sufficient partial IW)
-1. Inapplicable","0. Not mentioned
1. Mentioned"
V201630,nPRE: MENTION: TV PROG - ABC WORLD NEWS TONIGHT,Which of the following television programs do you watch regularly? Please check any that you watch at least once a month. Mark all that apply 266 CODEBOOK: VARIABLES,"-9. Refused
-5. Interview breakoff (sufficient partial IW)
-1. Inapplicable","0. Not mentioned
1. Mentioned"
V201630,pPRE: MENTION: TV PROG - NBC NIGHTLY NEWS WITH LESTER HOLT,Which of the following television programs do you watch regularly? Please check any that you watch at least once a month. Mark all that apply,"-9. Refused
-5. Interview breakoff (sufficient partial IW)
-1. Inapplicable","0. Not mentioned
1. Mentioned"
V201630,qPRE: MENTION: TV PROG - CUOMO PRIME TIME (CNN),Which of the following television programs do you watch regularly? Please check any that you watch at least once a month. Mark all that apply PRE- ELECTION SURVEY VARIABLES 267,"-9. Refused
-5. Interview breakoff (sufficient partial IW)
-1. Inapplicable","0. Not mentioned
1. Mentioned"
V201630r,PRE: MENTION: TV PROG - NCIS (CBS),Which of the following television programs do you watch regularly? Please check any that you watch at least once a month. Mark all that apply,"-9. Refused
-5. Interview breakoff (sufficient partial IW)
-1. Inapplicable","0. Not mentioned
1. Mentioned"
V201630,sPRE: MENTION: TV PROG - NONE OF THE ABOVE [FIRST SCREEN],Which of the following television programs do you watch regularly? Please check any that you watch at least once a month. Mark all that apply 268 CODEBOOK: VARIABLES,"-9. Refused
-5. Interview breakoff (sufficient partial IW)
-1. Inapplicable","0. Not mentioned
1. Mentioned"
V201631a,PRE: MENTION: TV PROG - AMERICAN IDOL (ABC),Which of the following television programs do you watch regularly? Please check any that you watch at least once a month. Mark all that apply,"-9. Refused
-5. Interview breakoff (sufficient partial IW)
-1. Inapplicable","0. Not mentioned
1. Mentioned"
V201631b,PRE: MENTION: TV PROG - ERIN BURNETT OUTFRONT (CNN),Which of the following television programs do you watch regularly? Please check any that you watch at least once a month. Mark all that apply PRE- ELECTION SURVEY VARIABLES 269,"-9. Refused
-5. Interview breakoff (sufficient partial IW)
-1. Inapplicable","0. Not mentioned
1. Mentioned"
V201631c,PRE: MENTION: TV PROG - 60 MINUTES (CBS),Which of the following television programs do you watch regularly? Please check any that you watch at least once a month. Mark all that apply,"-9. Refused
-5. Interview breakoff (sufficient partial IW)
-1. Inapplicable","0. Not mentioned
1. Mentioned"
V201631d,PRE: MENTION: TV PROG - 20/20 (ABC),Which of the following television programs do you watch regularly? Please check any that you watch at least once a month. Mark all that apply 270 CODEBOOK: VARIABLES,"-9. Refused
-5. Interview breakoff (sufficient partial IW)
-1. Inapplicable","0. Not mentioned
1. Mentioned"
V201631e,PRE: MENTION: TV PROG - DATELINE NBC,Which of the following television programs do you watch regularly? Please check any that you watch at least once a month. Mark all that apply,"-9. Refused
-5. Interview breakoff (sufficient partial IW)
-1. Inapplicable","0. Not mentioned
1. Mentioned"
V201631f,PRE: MENTION: TV PROG - FACE THE NATION (CBS),Which of the following television programs do you watch regularly? Please check any that you watch at least once a month. Mark all that apply PRE- ELECTION SURVEY VARIABLES 271,"-9. Refused
-5. Interview breakoff (sufficient partial IW)
-1. Inapplicable","0. Not mentioned
1. Mentioned"
V201631g,PRE: MENTION: TV PROG - MEET THE PRESS (NBC),Which of the following television programs do you watch regularly? Please check any that you watch at least once a month. Mark all that apply,"-9. Refused
-5. Interview breakoff (sufficient partial IW)
-1. Inapplicable","0. Not mentioned
1. Mentioned"
V201631h,PRE: MENTION: TV PROG - CBS THIS MORNING,Which of the following television programs do you watch regularly? Please check any that you watch at least once a month. Mark all that apply 272 CODEBOOK: VARIABLES,"-9. Refused
-5. Interview breakoff (sufficient partial IW)
-1. Inapplicable","0. Not mentioned
1. Mentioned"
V201631i,PRE: MENTION: TV PROG - GOOD MORNING AMERICA (ABC),Which of the following television programs do you watch regularly? Please check any that you watch at least once a month. Mark all that apply,"-9. Refused
-5. Interview breakoff (sufficient partial IW)
-1. Inapplicable","0. Not mentioned
1. Mentioned"
V201631j,PRE: MENTION: TV PROG - TODAY (NBC),Which of the following television programs do you watch regularly? Please check any that you watch at least once a month. Mark all that apply PRE- ELECTION SURVEY VARIABLES 273,"-9. Refused
-5. Interview breakoff (sufficient partial IW)
-1. Inapplicable","0. Not mentioned
1. Mentioned"
V201631k,PRE: MENTION: TV PROG - FOX & FRIENDS (FOX),Which of the following television programs do you watch regularly? Please check any that you watch at least once a month. Mark all that apply,"-9. Refused
-5. Interview breakoff (sufficient partial IW)
-1. Inapplicable","0. Not mentioned
1. Mentioned"
V201631,mPRE: MENTION: TV PROG - MORNING JOE (MSNBC),Which of the following television programs do you watch regularly? Please check any that you watch at least once a month. Mark all that apply 274 CODEBOOK: VARIABLES,"-9. Refused
-5. Interview breakoff (sufficient partial IW)
-1. Inapplicable","0. Not mentioned
1. Mentioned"
V201631,nPRE: MENTION: TV PROG - ALL IN WITH CHRIS HAYES (MSNBC),Which of the following television programs do you watch regularly? Please check any that you watch at least once a month. Mark all that apply,"-9. Refused
-5. Interview breakoff (sufficient partial IW)
-1. Inapplicable","0. Not mentioned
1. Mentioned"
V201631,pPRE: MENTION: TV PROG - THE 11TH HOUR WITH BRIAN WILLIAMS (MSNBC),Which of the following television programs do you watch regularly? Please check any that you watch at least once a month. Mark all that apply PRE- ELECTION SURVEY VARIABLES 275,"-9. Refused
-5. Interview breakoff (sufficient partial IW)
-1. Inapplicable","0. Not mentioned
1. Mentioned"
V201631,qPRE: MENTION: TV PROG - PBS NEWSHOUR,Which of the following television programs do you watch regularly? Please check any that you watch at least once a month. Mark all that apply,"-9. Refused
-5. Interview breakoff (sufficient partial IW)
-1. Inapplicable","0. Not mentioned
1. Mentioned"
V201631r,PRE: MENTION: TV PROG - SATURDAY NIGHT LIVE (NBC),Which of the following television programs do you watch regularly? Please check any that you watch at least once a month. Mark all that apply 276 CODEBOOK: VARIABLES,"-9. Refused
-5. Interview breakoff (sufficient partial IW)
-1. Inapplicable","0. Not mentioned
1. Mentioned"
V201631,sPRE: MENTION: TV PROG - NONE OF THE ABOVE [SECOND SCREEN],Which of the following television programs do you watch regularly? Please check any that you watch at least once a month. Mark all that apply,"-9. Refused
-5. Interview breakoff (sufficient partial IW)
-1. Inapplicable","0. Not mentioned
1. Mentioned"
V201632a,PRE: MENTION: TV PROG - AL PUNTO,Which of the following television programs do you watch regularly? Please check any that you watch at least once a month. Mark all that apply PRE- ELECTION SURVEY VARIABLES 277,"-9. Refused
-5. Interview breakoff (sufficient partial IW)
-1. Inapplicable","0. Not mentioned
1. Mentioned"
V201632b,PRE: MENTION: TV PROG - AL ROJO VIVO,Which of the following television programs do you watch regularly? Please check any that you watch at least once a month. Mark all that apply,"-9. Refused
-5. Interview breakoff (sufficient partial IW)
-1. Inapplicable","0. Not mentioned
1. Mentioned"
V201632c,PRE: MENTION: TV PROG - AMOR ETERNO,Which of the following television programs do you watch regularly? Please check any that you watch at least once a month. Mark all that apply 278 CODEBOOK: VARIABLES,"-9. Refused
-5. Interview breakoff (sufficient partial IW)
-1. Inapplicable","0. Not mentioned
1. Mentioned"
V201632d,PRE: MENTION: TV PROG - AQUI Y AHORA,Which of the following television programs do you watch regularly? Please check any that you watch at least once a month. Mark all that apply,"-9. Refused
-5. Interview breakoff (sufficient partial IW)
-1. Inapplicable","0. Not mentioned
1. Mentioned"
V201632e,PRE: MENTION: TV PROG - CRONICAS DE SABADO,Which of the following television programs do you watch regularly? Please check any that you watch at least once a month. Mark all that apply PRE- ELECTION SURVEY VARIABLES 279,"-9. Refused
-5. Interview breakoff (sufficient partial IW)
-1. Inapplicable","0. Not mentioned
1. Mentioned"
V201632f,PRE: MENTION: TV PROG - DESPIERTA AMERICA,Which of the following television programs do you watch regularly? Please check any that you watch at least once a month. Mark all that apply,"-9. Refused
-5. Interview breakoff (sufficient partial IW)
-1. Inapplicable","0. Not mentioned
1. Mentioned"
V201632g,PRE: MENTION: TV PROG - ENFOQUE,Which of the following television programs do you watch regularly? Please check any that you watch at least once a month. Mark all that apply 280 CODEBOOK: VARIABLES,"-9. Refused
-5. Interview breakoff (sufficient partial IW)
-1. Inapplicable","0. Not mentioned
1. Mentioned"
V201632h,PRE: MENTION: TV PROG - HOY,Which of the following television programs do you watch regularly? Please check any that you watch at least once a month. Mark all that apply,"-9. Refused
-5. Interview breakoff (sufficient partial IW)
-1. Inapplicable","0. Not mentioned
1. Mentioned"
V201632i,PRE: MENTION: TV PROG - LO MEJOR DE CASO CERRADO,Which of the following television programs do you watch regularly? Please check any that you watch at least once a month. Mark all that apply PRE- ELECTION SURVEY VARIABLES 281,"-9. Refused
-5. Interview breakoff (sufficient partial IW)
-1. Inapplicable","0. Not mentioned
1. Mentioned"
V201632j,PRE: MENTION: TV PROG - NOTICIERO ESTRELLA TV,Which of the following television programs do you watch regularly? Please check any that you watch at least once a month. Mark all that apply,"-9. Refused
-5. Interview breakoff (sufficient partial IW)
-1. Inapplicable","0. Not mentioned
1. Mentioned"
V201632k,PRE: MENTION: TV PROG - NOTICIERO TELEMUNDO,Which of the following television programs do you watch regularly? Please check any that you watch at least once a month. Mark all that apply 282 CODEBOOK: VARIABLES,"-9. Refused
-5. Interview breakoff (sufficient partial IW)
-1. Inapplicable","0. Not mentioned
1. Mentioned"
V201632,mPRE: MENTION: TV PROG - NOTICIERO UNIVISION,Which of the following television programs do you watch regularly? Please check any that you watch at least once a month. Mark all that apply,"-9. Refused
-5. Interview breakoff (sufficient partial IW)
-1. Inapplicable","0. Not mentioned
1. Mentioned"
V201632,nPRE: MENTION: TV PROG - UN NUEVO DIA,Which of the following television programs do you watch regularly? Please check any that you watch at least once a month. Mark all that apply PRE- ELECTION SURVEY VARIABLES 283,"-9. Refused
-5. Interview breakoff (sufficient partial IW)
-1. Inapplicable","0. Not mentioned
1. Mentioned"
V201632,pPRE: MENTION: TV PROG - PRIMER IMPACTO,Which of the following television programs do you watch regularly? Please check any that you watch at least once a month. Mark all that apply,"-9. Refused
-5. Interview breakoff (sufficient partial IW)
-1. Inapplicable","0. Not mentioned
1. Mentioned"
V201632,qPRE: MENTION: TV PROG - QUE NOCHE! CON ANGELICA Y RAUL,Which of the following television programs do you watch regularly? Please check any that you watch at least once a month. Mark all that apply 284 CODEBOOK: VARIABLES,"-9. Refused
-5. Interview breakoff (sufficient partial IW)
-1. Inapplicable","0. Not mentioned
1. Mentioned"
V201632r,PRE: MENTION: TV PROG - EL SENOR DE LOS CIELOS,Which of the following television programs do you watch regularly? Please check any that you watch at least once a month. Mark all that apply,"-9. Refused
-5. Interview breakoff (sufficient partial IW)
-1. Inapplicable","0. Not mentioned
1. Mentioned"
V201632,sPRE: MENTION: TV PROG - NONE OF THE ABOVE [THIRD SCREEN],Which of the following television programs do you watch regularly? Please check any that you watch at least once a month. Mark all that apply PRE- ELECTION SURVEY VARIABLES 285,"-9. Refused
-5. Interview breakoff (sufficient partial IW)
-1. Inapplicable","0. Not mentioned
1. Mentioned"
V201633a,PRE: MENTION: RADIO PROG - RUSH LIMBAUGH,Which of the following radio programs do you listen to regularly? Please check any that you listen to at least once a month. Mark all that apply,"-9. Refused
-5. Interview breakoff (sufficient partial IW)
-1. Inapplicable","0. Not mentioned
1. Mentioned"
V201633b,PRE: MENTION: RADIO PROG - THE SEAN HANNITY SHOW,Which of the following radio programs do you listen to regularly? Please check any that you listen to at least once a month. Mark all that apply 286 CODEBOOK: VARIABLES,"-9. Refused
-5. Interview breakoff (sufficient partial IW)
-1. Inapplicable","0. Not mentioned
1. Mentioned"
V201633c,PRE: MENTION: RADIO PROG - MARKETPLACE (NPR),Which of the following radio programs do you listen to regularly? Please check any that you listen to at least once a month. Mark all that apply,"-9. Refused
-5. Interview breakoff (sufficient partial IW)
-1. Inapplicable","0. Not mentioned
1. Mentioned"
V201633d,PRE: MENTION: RADIO PROG - ALL THINGS CONSIDERED (NPR),Which of the following radio programs do you listen to regularly? Please check any that you listen to at least once a month. Mark all that apply PRE- ELECTION SURVEY VARIABLES 287,"-9. Refused
-5. Interview breakoff (sufficient partial IW)
-1. Inapplicable","0. Not mentioned
1. Mentioned"
V201633e,PRE: MENTION: RADIO PROG - THE DAVE RAMSEY SHOW,Which of the following radio programs do you listen to regularly? Please check any that you listen to at least once a month. Mark all that apply,"-9. Refused
-5. Interview breakoff (sufficient partial IW)
-1. Inapplicable","0. Not mentioned
1. Mentioned"
V201633f,PRE: MENTION: RADIO PROG - MORNING EDITION (NPR),Which of the following radio programs do you listen to regularly? Please check any that you listen to at least once a month. Mark all that apply 288 CODEBOOK: VARIABLES,"-9. Refused
-5. Interview breakoff (sufficient partial IW)
-1. Inapplicable","0. Not mentioned
1. Mentioned"
V201633g,PRE: MENTION: RADIO PROG - THE MARK LEVIN SHOW,Which of the following radio programs do you listen to regularly? Please check any that you listen to at least once a month. Mark all that apply,"-9. Refused
-5. Interview breakoff (sufficient partial IW)
-1. Inapplicable","0. Not mentioned
1. Mentioned"
V201633h,PRE: MENTION: RADIO PROG - THE GLENN BECK PROGRAM,Which of the following radio programs do you listen to regularly? Please check any that you listen to at least once a month. Mark all that apply PRE- ELECTION SURVEY VARIABLES 289,"-9. Refused
-5. Interview breakoff (sufficient partial IW)
-1. Inapplicable","0. Not mentioned
1. Mentioned"
V201633i,PRE: MENTION: RADIO PROG - THE MIKE GALLAGHER SHOW,Which of the following radio programs do you listen to regularly? Please check any that you listen to at least once a month. Mark all that apply,"-9. Refused
-5. Interview breakoff (sufficient partial IW)
-1. Inapplicable","0. Not mentioned
1. Mentioned"
V201633j,PRE: MENTION: RADIO PROG - THE HUGH HEWITT SHOW,Which of the following radio programs do you listen to regularly? Please check any that you listen to at least once a month. Mark all that apply 290 CODEBOOK: VARIABLES,"-9. Refused
-5. Interview breakoff (sufficient partial IW)
-1. Inapplicable","0. Not mentioned
1. Mentioned"
V201633k,PRE: MENTION: RADIO PROG - THE SAVAGE NATION (MICHAEL SAVAGE),Which of the following radio programs do you listen to regularly? Please check any that you listen to at least once a month. Mark all that apply,"-9. Refused
-5. Interview breakoff (sufficient partial IW)
-1. Inapplicable","0. Not mentioned
1. Mentioned"
V201633,mPRE: MENTION: RADIO PROG - THE DANA SHOW,Which of the following radio programs do you listen to regularly? Please check any that you listen to at least once a month. Mark all that apply PRE- ELECTION SURVEY VARIABLES 291,"-9. Refused
-5. Interview breakoff (sufficient partial IW)
-1. Inapplicable","0. Not mentioned
1. Mentioned"
V201633,nPRE: MENTION: RADIO PROG - THE THOM HARTMANN PROGRAM,Which of the following radio programs do you listen to regularly? Please check any that you listen to at least once a month. Mark all that apply,"-9. Refused
-5. Interview breakoff (sufficient partial IW)
-1. Inapplicable","0. Not mentioned
1. Mentioned"
V201633,pPRE: MENTION: RADIO PROG - THE JIM BOHANNON SHOW,Which of the following radio programs do you listen to regularly? Please check any that you listen to at least once a month. Mark all that apply 292 CODEBOOK: VARIABLES,"-9. Refused
-5. Interview breakoff (sufficient partial IW)
-1. Inapplicable","0. Not mentioned
1. Mentioned"
V201633,qPRE: MENTION: RADIO PROG - FRESH AIR (NPR),Which of the following radio programs do you listen to regularly? Please check any that you listen to at least once a month. Mark all that apply,"-9. Refused
-5. Interview breakoff (sufficient partial IW)
-1. Inapplicable","0. Not mentioned
1. Mentioned"
V201633r,PRE: MENTION: RADIO PROG - NONE OF THE ABOVE,Which of the following radio programs do you listen to regularly? Please check any that you listen to at least once a month. Mark all that apply,"-9. Refused
-5. Interview breakoff (sufficient partial IW)
-1. Inapplicable","0. Not mentioned
1. Mentioned"
V201634a,PRE: MENTION: WEBSITE - YAHOO NEWS (WWW.YAHOO.COM/NEWS),Which of the following websites do you visit regularly? Please check any that you visit at least once a month. Mark all that apply,"-9. Refused
-5. Interview breakoff (sufficient partial IW)
-1. Inapplicable","0. Not mentioned
1. Mentioned"
V201634b,PRE: MENTION: WEBSITE - CNN.COM,Which of the following websites do you visit regularly? Please check any that you visit at least once a month. Mark all that apply,"-9. Refused
-5. Interview breakoff (sufficient partial IW)
-1. Inapplicable","0. Not mentioned
1. Mentioned"
V201634c,PRE: MENTION: WEBSITE - HUFFINGTON POST (WWW.HUFFINGTONPOST.COM),Which of the following websites do you visit regularly? Please check any that you visit at least once a month. Mark all that apply,"-9. Refused
-5. Interview breakoff (sufficient partial IW)
-1. Inapplicable","0. Not mentioned
1. Mentioned"
V201634d,PRE: MENTION: WEBSITE - NEW YORK TIMES (NYTIMES.COM),Which of the following websites do you visit regularly? Please check any that you visit at least once a month. Mark all that apply,"-9. Refused
-5. Interview breakoff (sufficient partial IW)
-1. Inapplicable","0. Not mentioned
1. Mentioned"
V201634e,PRE: MENTION: WEBSITE - BREITBART NEWS NETWORK (BREITBART.COM) PRE- ELECTION SURVEY VARIABLES 295,Which of the following websites do you visit regularly? Please check any that you visit at least once a month. Mark all that apply,"-9. Refused
-5. Interview breakoff (sufficient partial IW)
-1. Inapplicable","0. Not mentioned
1. Mentioned"
V201634f,PRE: MENTION: WEBSITE - FOX NEWS (WWW.FOXNEWS.COM),Which of the following websites do you visit regularly? Please check any that you visit at least once a month. Mark all that apply,"-9. Refused
-5. Interview breakoff (sufficient partial IW)
-1. Inapplicable","0. Not mentioned
1. Mentioned"
V201634g,PRE: MENTION: WEBSITE - WASHINGTON POST (WASHINGTONPOST.COM),Which of the following websites do you visit regularly? Please check any that you visit at least once a month. Mark all that apply 296 CODEBOOK: VARIABLES,"-9. Refused
-5. Interview breakoff (sufficient partial IW)
-1. Inapplicable","0. Not mentioned
1. Mentioned"
V201634h,PRE: MENTION: WEBSITE - THE GUARDIAN (THEGUARDIAN.COM),Which of the following websites do you visit regularly? Please check any that you visit at least once a month. Mark all that apply,"-9. Refused
-5. Interview breakoff (sufficient partial IW)
-1. Inapplicable","0. Not mentioned
1. Mentioned"
V201634i,PRE: MENTION: WEBSITE - USA TODAY (USATODAY.COM),Which of the following websites do you visit regularly? Please check any that you visit at least once a month. Mark all that apply PRE- ELECTION SURVEY VARIABLES 297,"-9. Refused
-5. Interview breakoff (sufficient partial IW)
-1. Inapplicable","0. Not mentioned
1. Mentioned"
V201634j,PRE: MENTION: WEBSITE - BBC NEWS (NEWS.BBC.CO.UK),Which of the following websites do you visit regularly? Please check any that you visit at least once a month. Mark all that apply,"-9. Refused
-5. Interview breakoff (sufficient partial IW)
-1. Inapplicable","0. Not mentioned
1. Mentioned"
V201634k,PRE: MENTION: WEBSITE - NPR NEWS (NPR.ORG),Which of the following websites do you visit regularly? Please check any that you visit at least once a month. Mark all that apply,"-9. Refused
-5. Interview breakoff (sufficient partial IW)
-1. Inapplicable","0. Not mentioned
1. Mentioned"
V201634,mPRE: MENTION: WEBSITE - DAILY CALLER (DAILYCALLER.COM),Which of the following websites do you visit regularly? Please check any that you visit at least once a month. Mark all that apply,"-9. Refused
-5. Interview breakoff (sufficient partial IW)
-1. Inapplicable","0. Not mentioned
1. Mentioned"
V201634,nPRE: MENTION: WEBSITE - BLOOMBERG (BLOOMBERG.COM),Which of the following websites do you visit regularly? Please check any that you visit at least once a month. Mark all that apply,"-9. Refused
-5. Interview breakoff (sufficient partial IW)
-1. Inapplicable","0. Not mentioned
1. Mentioned"
V201634,pPRE: MENTION: WEBSITE - BUZZFEED (BUZZFEED.COM),Which of the following websites do you visit regularly? Please check any that you visit at least once a month. Mark all that apply,"-9. Refused
-5. Interview breakoff (sufficient partial IW)
-1. Inapplicable","0. Not mentioned
1. Mentioned"
V201634,qPRE: MENTION: WEBSITE - NBC NEWS (WWW.NBCNEWS.COM),Which of the following websites do you visit regularly? Please check any that you visit at least once a month. Mark all that apply,"-9. Refused
-5. Interview breakoff (sufficient partial IW)
-1. Inapplicable","0. Not mentioned
1. Mentioned"
V201634r,PRE: MENTION: WEBSITE - OTHER {SPECIFY},Which of the following websites do you visit regularly? Please check any that you visit at least once a month. Mark all that apply,"-9. Refused
-5. Interview breakoff (sufficient partial IW)
-1. Inapplicable","0. Not mentioned
1. Mentioned"
V201634,sPRE: MENTION: WEBSITE - NONE,Which of the following websites do you visit regularly? Please check any that you visit at least once a month. Mark all that apply,"-9. Refused
-5. Interview breakoff (sufficient partial IW)
-1. Inapplicable","0. Not mentioned
1. Mentioned"
V201635a,PRE: MENTION: PRINTED NEWSPAPER - THE NEW YORK TIMES,Which of the following newspapers do you read online or in print regularly? Please check any that you read at least once a month. Mark all that apply PRE- ELECTION SURVEY VARIABLES 301,"-9. Refused
-5. Interview breakoff (sufficient partial IW)
-1. Inapplicable","0. Not mentioned
1. Mentioned"
V201635b,PRE: MENTION: PRINTED NEWSPAPER - USA TODAY,Which of the following newspapers do you read online or in print regularly? Please check any that you read at least once a month. Mark all that apply,"-9. Refused
-5. Interview breakoff (sufficient partial IW)
-1. Inapplicable","0. Not mentioned
1. Mentioned"
V201635c,PRE: MENTION: PRINTED NEWSPAPER - THE WALL STREET JOURNAL,Which of the following newspapers do you read online or in print regularly? Please check any that you read at least once a month. Mark all that apply 302 CODEBOOK: VARIABLES,"-9. Refused
-5. Interview breakoff (sufficient partial IW)
-1. Inapplicable","0. Not mentioned
1. Mentioned"
V201635d,PRE: MENTION: PRINTED NEWSPAPER - THE WASHINGTON POST,Which of the following newspapers do you read online or in print regularly? Please check any that you read at least once a month. Mark all that apply,"-9. Refused
-5. Interview breakoff (sufficient partial IW)
-1. Inapplicable","0. Not mentioned
1. Mentioned"
V201635e,RESTRICTED: PRE: MENTION: PRINTED NEWSPAPER - PRINTED NEWSPAPER [5],Which of the following newspapers do you read online or in print regularly? Please check any that you read at least once a month. Mark all that apply,-3. Restricted,
V201635f,RESTRICTED: PRE: MENTION: PRINTED NEWSPAPER - PRINTED NEWSPAPER [6],Which of the following newspapers do you read online or in print regularly? Please check any that you read at least once a month. Mark all that apply,-3. Restricted,
V201635g,RESTRICTED: PRE: MENTION: PRINTED NEWSPAPER - PRINTED NEWSPAPER [7],Which of the following newspapers do you read online or in print regularly? Please check any that you read at least once a month. Mark all that apply,-3. Restricted,
V201635h,RESTRICTED: PRE: MENTION: PRINTED NEWSPAPER - PRINTED NEWSPAPER [8],Which of the following newspapers do you read online or in print regularly? Please check any that you read at least once a month. Mark all that apply,-3. Restricted,
V201635i,RESTRICTED: PRE: MENTION: PRINTED NEWSPAPER - PRINTED NEWSPAPER [9],Which of the following newspapers do you read online or in print regularly? Please check any that you read at least once a month. Mark all that apply,-3. Restricted,
V201635j,RESTRICTED: PRE: MENTION: PRINTED NEWSPAPER - PRINTED NEWS PAPER [OTHER],Which of the following newspapers do you read online or in print regularly? Please check any that you read at least once a month. Mark all that apply,-3. Restricted,
V201635k,PRE: MENTION: PRINTED NEWSPAPER - NO PRINTED NEWSPAPER,Which of the following newspapers do you read online or in print regularly? Please check any that you read at least once a month. Mark all that apply,"-9. Refused
-5. Interview breakoff (sufficient partial IW)
-1. Inapplicable","0. Not mentioned
1. Mentioned"
V201636a,PRE: MENTION: ONLINE NEWSPAPER - WWW.NYTIMES.COM (NEW YORK TIMES),Which of the following newspapers do you read online or in print regularly? Please check any that you read at least once a month. Mark all that apply,"-9. Refused
-5. Interview breakoff (sufficient partial IW)
-1. Inapplicable","0. Not mentioned
1. Mentioned"
V201636b,PRE: MENTION: ONLINE NEWSPAPER - WWW.USATODAY.COM (USA TODAY),Which of the following newspapers do you read online or in print regularly? Please check any that you read at least once a month. Mark all that apply,"-9. Refused
-5. Interview breakoff (sufficient partial IW)
-1. Inapplicable","0. Not mentioned
1. Mentioned"
V201636c,PRE: MENTION: ONLINE NEWSPAPER - ONLINE.WSJ.COM (WALL STREET JOURNAL),Which of the following newspapers do you read online or in print regularly? Please check any that you read at least once a month. Mark all that apply,"-9. Refused
-5. Interview breakoff (sufficient partial IW)
-1. Inapplicable","0. Not mentioned
1. Mentioned"
V201636d,PRE: MENTION: ONLINE NEWSPAPER - WWW.WASHINGTONPOST.COM (WASH POST),Which of the following newspapers do you read online or in print regularly? Please check any that you read at least once a month. Mark all that apply,"-9. Refused
-5. Interview breakoff (sufficient partial IW)
-1. Inapplicable","0. Not mentioned
1. Mentioned"
V201636e,RESTRICTED: PRE: MENTION: ONLINE NEWSPAPER - ONLINE NEWSPAPER [5],Which of the following newspapers do you read online or in print regularly? Please check any that you read at least once a month. Mark all that apply,-3. Restricted,
V201636f,RESTRICTED: PRE: MENTION: ONLINE NEWSPAPER - ONLINE NEWSPAPER [6],Which of the following newspapers do you read online or in print regularly? Please check any that you read at least once a month. Mark all that apply,-3. Restricted,
V201636g,RESTRICTED: PRE: MENTION: ONLINE NEWSPAPER - ONLINE NEWSPAPER [7],Which of the following newspapers do you read online or in print regularly? Please check any that you read at least once a month. Mark all that apply,-3. Restricted,
V201636h,RESTRICTED: PRE: MENTION: ONLINE NEWSPAPER - ONLINE NEWSPAPER [8],Which of the following newspapers do you read online or in print regularly? Please check any that you read at least once a month. Mark all that apply,-3. Restricted,
V201636i,RESTRICTED: PRE: MENTION: ONLINE NEWSPAPER - ONLINE NEWSPAPER [9],Which of the following newspapers do you read online or in print regularly? Please check any that you read at least once a month. Mark all that apply,-3. Restricted,
V201636j,RESTRICTED: PRE: MENTION: ONLINE NEWSPAPER - ONLINE NEWSPAPER [OTHER],Which of the following newspapers do you read online or in print regularly? Please check any that you read at least once a month. Mark all that apply,-3. Restricted,
V201636k,PRE: MENTION: ONLINE NEWSPAPER - NO ONLINE NEWSPAPER,Which of the following newspapers do you read online or in print regularly? Please check any that you read at least once a month. Mark all that apply,"-9. Refused
-5. Interview breakoff (sufficient partial IW)
-1. Inapplicable","0. Not mentioned
1. Mentioned"
V201637x,PRE: SUMMARY- NUMBER OF ADDITIONAL PRELOADED NEWSPAPERS,,,"0. No additional preload newspapers
1. One additional preload newspapers
2. Two addtional preload newspapers
3. Three additional preload newspapers
4. Four additional preload newspapers
5. Five additional preload newspapers"
V201639,PRE: WOMEN INTERPRET INNOCENT REMARKS AS SEXIST,"‘Many women interpret innocent remarks or acts as being sexist.’ Do you agree strongly, agree somewhat, neither agree nor disagree, disagree somewhat, or disagree strongly with this statement? PRE- ELECTION SURVEY VARIABLES 311","-9. Refused
-5. Interview breakoff (sufficient partial IW)","1. Agree strongly
2. Agree somewhat
3. Neither agree nor disagree
4. Disagree somewhat
5. Disagree strongly"
V201640,PRE: WOMEN SEEK TO GAIN POWER BY GETTING CONTROL OVER MEN,"‘Women seek to gain power by getting control over men.’ Do you agree strongly, agree somewhat, neither agree nor disagree, disagree somewhat, or disagree strongly with this statement?","-9. Refused
-5. Interview breakoff (sufficient partial IW)","1. Agree strongly
2. Agree somewhat
3. Neither agree nor disagree
4. Disagree somewhat
5. Disagree strongly"
V201641,PRE: POLITICAL KNOWLEDGE INTRO,"We are interested in the guesses people make when they do not know the answer to a question. We will ask you several questions. Some may be easy, but others are meant to be so difficult that you will have to guess. 312 CODEBOOK: VARIABLES","-9. Refused
-5. Interview breakoff (sufficient partial IW)
-4. Technical error","1. I promise to try my best without looking up any answers
2. I do not want to make that promise
3. {CONTINUE} - video/phone only"
V201642,PRE: POLITICAL KNOWLEDGE CATCH QUESTION,In what year did the Supreme Court of the United States decide Geer v. Connecticut? Type the year.,"-9. Refused
-5. Interview breakoff (sufficient partial IW)
-1. Inapplicable",
V201643,PRE: POLITICAL KNOWLEDGE CATCH QUESTION FEEDBACK,"You are right! Did you look up the answer to that question, or did you already know it yourself?","-5. Interview breakoff (sufficient partial IW)
-1. Inapplicable","1. I looked it up
2. I already knew it"
V201644,PRE: HOW MANY YEARS IN FULL TERM FOR US SENATOR PRE- ELECTION SURVEY VARIABLES 313,"For how many years is a United States Senator elected - that is, how many years are there in one full term of office for a U.S. Senator? Type the number.","-9. Refused
-5. Interview breakoff (sufficient partial IW)",
V201645,PRE: ON WHICH PROGRAM DOES FEDERAL GOVERNMENT SPEND THE LEAST,On which of the following does the U.S. federal government currently spend the least?,"-9. Refused
-5. Interview breakoff (sufficient partial IW)","1. Foreign aid (correct)
2. Medicare
3. National defense
4. Social Security"
V201646,PRE: PARTY WITH MOST MEMBERS IN HOUSE BEFORE ELECTION,Do you happen to know which party currently has the most members in the U.S. House of Representatives in Washington?,"-9. Refused
-5. Interview breakoff (sufficient partial IW)","1. Democrats (correct)
2. Republicans"
V201647,PRE: PARTY WITH MOST MEMBERS IN SENATE BEFORE ELECTION,Do you happen to know which party currently has the most members in the U.S. Senate?,"-9. Refused
-5. Interview breakoff (sufficient partial IW)","1. Democrats
2. Republicans (correct)"
V201648,PRE: EASE OF ONLINE ACCESS,"How easy was it for you to get access to a computer with an internet connection to take this survey? Was it not at all easy, a little easy,moderately easy, very easy, or extremely easy?","-9. Refused
-5. Interview breakoff (sufficient partial IW)
-1. Inapplicable","1. Not at all easy
2. A little easy
3. Moderately easy
4. Very easy
5. Extremely easy"
V201649,PRE: R RATING OF INTERVIEW,How would you rate this interview for the American National Election Studies? PRE- ELECTION SURVEY VARIABLES 315,"-9. Refused
-5. Interview breakoff (sufficient partial IW)","1. Liked a great deal
2. Liked a moderate amount
3. Liked a little
4. Neither liked nor disliked
5. Disliked a little
6. Disliked a moderate amount
7. Disliked a great deal"
V201650,PRE: HOW OFTEN TOOK SURVEY SERIOUSLY,"We sometimes find people don’t always take surveys seriously, instead providing funny or insincere answers. How often did you give a serious response to the questions on this survey?","-9. Refused
-5. Interview breakoff (sufficient partial IW)","1. Never serious
2. Some of the time serious
3. About half of the time serious
4. Most of the time serious
5. Always serious"
V201651,PRE: HOW SATISFIED IS R WITH LIFE,"All things considered, how satisfied are you with your life as a whole these days?Would you say that you are extremely satisfied, very satisfied, moderately satisfied, slightly satisfied, or not satisfied at all? 316 CODEBOOK: VARIABLES","-9. Refused
-8. Don’t know
-5. Interview breakoff (sufficient partial IW)","1. Extremely satisfied
2. Very satisfied
3. Moderately satisfied
4. Slightly satisfied
5. Not satisfied at all"
V201652,PRE: WEB ONLY: ANY R COMMENTS,Please share any comments you have. We welcome your feedback. Click Next to complete the survey.,-2. Open-end responses available in separate file,
V201653,PRE: IWR OBS: RESPONDENT’S COOPERATION,"Thank you, we’re almost done. I just need to enter some information before we can continue. R’s cooperation was:","-5. Interview breakoff (sufficient partial IW)
-1. Inapplicable","1. Very good
2. Good
3. Fair
4. Poor
5. Very poor"
V201654,PRE: IWR OBS: RESPONDENT’S LEVEL OF INFORMATION,R’s general level of information about politics and publicaffairs seemed:,"-5. Interview breakoff (sufficient partial IW)
-1. Inapplicable","1. Very high
2. Fairly high
3. Average
4. Fairly low
5. Very low"
V201655,PRE: IWR OBS: RESPONDENT’S INTELLIGENCE,R’s apparent intelligence:,"-5. Interview breakoff (sufficient partial IW)
-1. Inapplicable","1. Very high
2. Fairly high
3. Average
4. Fairly low
5. Very low"
V201656,PRE: IWR OBS: RESPONDENT’S INTEREST IN INTERVIEW,"Overall, how great was R’s interest in the interview? 318 CODEBOOK: VARIABLES","-5. Interview breakoff (sufficient partial IW)
-1. Inapplicable","1. Very high
2. Fairly high
3. Average
4. Fairly low
5. Very low"
V201657,PRE: IWR OBS: RESPONDENT’S HONESTY,How honest did R seem to be in his or her answers?,"-5. Interview breakoff (sufficient partial IW)
-1. Inapplicable","1. Completely honest
2. Usually honest
3. Often seemed to be dishonest"
V201658a,PRE: IWR OBS: R REACTIONS TO INTERVIEW - NEGATIVE (GENERAL),R’s reaction to interview:,"-5. Interview breakoff (sufficient partial IW)
-1. Inapplicable","0. Not mentioned
1. Mentioned"
V201658b,PRE: IWR OBS: R REACTIONS TO INTERVIEW - NEGATIVE (TOO LONG),R’s reaction to interview:,"-5. Interview breakoff (sufficient partial IW)
-1. Inapplicable","0. Not mentioned
1. Mentioned"
V201658c,PRE: IWR OBS: R REACTIONS TO INTERVIEW - NEGATIVE (TOO COMPLICATED),R’s reaction to interview:,"-5. Interview breakoff (sufficient partial IW)
-1. Inapplicable","0. Not mentioned
1. Mentioned"
V201658d,PRE: IWR OBS: R REACTIONS TO INTERVIEW - NEGATIVE (BORING/TEDIOUS/REPETITIOUS),R’s reaction to interview:,"-5. Interview breakoff (sufficient partial IW)
-1. Inapplicable","0. Not mentioned
1. Mentioned"
V201658e,PRE: IWR OBS: R REACTIONS TO INTERVIEW - R WANTED TO STOP BEFORE INTERVIEW COMPLETE,R’s reaction to interview:,"-5. Interview breakoff (sufficient partial IW)
-1. Inapplicable","0. Not mentioned
1. Mentioned"
V201658f,PRE: IWR OBS: R REACTIONS TO INTERVIEW - R WAS ILL/DEEAF/TIRED/HAD BAD EYESIGHT,R’s reaction to interview:,"-5. Interview breakoff (sufficient partial IW)
-1. Inapplicable","0. Not mentioned
1. Mentioned"
V201658g,PRE: IWR OBS: R REACTIONS TO INTERVIEW - R EXPRESSED LACK OF KNOWLEDGE,R’s reaction to interview:,"-5. Interview breakoff (sufficient partial IW)
-1. Inapplicable","0. Not mentioned
1. Mentioned"
V201658h,PRE: IWR OBS: R REACTIONS TO INTERVIEW - R STRESSED/AGITATED BY INTERVIEW PROCESS,R’s reaction to interview:,"-5. Interview breakoff (sufficient partial IW)
-1. Inapplicable","0. Not mentioned
1. Mentioned"
V201658i,PRE: IWR OBS: R REACTIONS TO INTERVIEW - R BECAME ANGRY AT INTERVIEW CONTENT,R’s reaction to interview:,"-5. Interview breakoff (sufficient partial IW)
-1. Inapplicable","0. Not mentioned
1. Mentioned"
V201658j,PRE: IWR OBS: R REACTIONS TO INTERVIEW - R CONCERNED WITH SAMPLING PURPOSE/BIAS,R’s reaction to interview:,"-5. Interview breakoff (sufficient partial IW)
-1. Inapplicable","0. Not mentioned
1. Mentioned"
V201658k,PRE: IWR OBS: R REACTIONS TO INTERVIEW - R COULD NOT READ RESPONDENT BOOKLET,R’s reaction to interview:,"-5. Interview breakoff (sufficient partial IW)
-1. Inapplicable","0. Not mentioned
1. Mentioned"
V201658,mPRE: IWR OBS: R REACTIONS TO INTERVIEW - R APPEARED TO ENJOY INTERVIEW PRE- ELECTION SURVEY VARIABLES 323,R’s reaction to interview:,"-5. Interview breakoff (sufficient partial IW)
-1. Inapplicable","0. Not mentioned
1. Mentioned"
V201658,nPRE: IWR OBS: R REACTIONS TO INTERVIEW - NEUTRAL OR NO FEEDBACK,R’s reaction to interview:,"-5. Interview breakoff (sufficient partial IW)
-1. Inapplicable","0. Not mentioned
1. Mentioned"
V201658,pPRE: IWR OBS: R REACTIONS TO INTERVIEW - R HAD DIFFICULTY WITH SELECTED LANGUAGE,R’s reaction to interview:,"-5. Interview breakoff (sufficient partial IW)
-1. Inapplicable","0. Not mentioned
1. Mentioned"
V202001,POST: R SELECT LANGUAGE,Would you like to complete this survey in English or Spanish? ¿Quisiera completar esta encuesta en inglés o español?,"-7. No post-election data, deleted due to incomplete interview
-6. No post-election interview","1. English / ingles
2. Spanish / espanol"
V202002a,POST: DOES R HAVE PARTICIPANT BOOKLET FOR PHONE IW,We mailed you a booklet. It was enclosed with the letter inviting you to participate. It says “Post-Election Participant Booklet” on the cover. We need to use that booklet during the interview. Do you have it now?,"-7. No post-election data, deleted due to incomplete interview
-6. No post-election interview
-1. Inapplicable","1. R has booklet (paper or emailed)
2. R does not have paper or email booklet"
V202002b,POST: CAN R SEE PARTICIPANT BOOKLET FOR VIDEO IW,"For some of the questions, I’ll share my screen and show you a card with all the answer categories listed. This will help you choose the best answer because you won’t have to try to remember all the choices as I read them. Can you see the “Post-Election Participant Booklet” now?","-7. No post-election data, deleted due to incomplete interview
-6. No post-election interview
-1. Inapplicable",1. R sees booklet on screen or PDF {TURN OFF SCREEN
V202003,POST: AUDIO RECORDING CONSENT,This interview may be monitored for training and data quality purposes.,"-7. No post-election data, deleted due to incomplete interview
-6. No post-election interview
-1. Inapplicable",1. Continue
V202004,POST: DID PARTY CONTACT R ABOUT CAMPAIGN,"As you know, the political parties try to talk to as many people as they can to get them to vote for their candidate. Did anyone from one of the political parties call you up or come around and talk to you about the campaign this year?","-8. Don’t know
-7. No post-election data, deleted due to incomplete interview
-6. No post-election interview
-1. Inapplicable","1. Yes
2. No"
V202005,POST: DID PARTY CONTACT R ABOUT 2020 CAMPAIGN [REVISED],"As you know, the political parties try to talk to as many people as they can to get them to vote for their candidate. Has anyone from one of the political parties called you up or come around and talked to you about the 2020 campaign, or has no one from the political parties talked to you?","-9. Refused
-8. Don’t know
-7. No post-election data, deleted due to incomplete interview
-6. No post-election interview
-1. Inapplicable",1. Someone from the political parties talked to me about the
V202006,POST: WHICH PARTY CONTACTED R ABOUT CAMPAIGN,Which party was that?,"-9. Refused
-8. Don’t know
-7. No post-election data, deleted due to incomplete interview
-6. No post-election interview
-1. Inapplicable","1. Democrats
2. Republicans
3. Both {VOL}
5. Other {SPECIFY}"
V202007,POST: SOMEONE NOT FROM TWO MAJOR PARTIES CONTACT R ABOUT SUPPORTING CANDIDATES,"Other than someone from the two major parties, did anyone else call you up or come around and talk to you about supporting specific candidates in this last election?","-9. Refused
-8. Don’t know
-7. No post-election data, deleted due to incomplete interview
-6. No post-election interview","1. Yes
2. No"
V202008,POST: ANYONE TALK TO R ABOUT REGISTERING OR GETTING OUT TO VOTE,"During the campaign this year, did anyone talk to you about registering to vote or getting out to vote?","-8. Don’t know
-7. No post-election data, deleted due to incomplete interview
-6. No post-election interview","1. Yes, someone did
2. No, no one did"
V202009,POST: R TALK TO ANYONE ABOUT VOTING FOR OR AGAINST A PARTY OR CANDIDATE,"We would like to find out about some of the things people do to help a party or a candidate win an election. During the campaign, did you talk to any people and try to show them why they should vote for or against one of the parties or candidates? POST-ELECTION SURVEY VARIABLES 329","-9. Refused
-7. No post-election data, deleted due to incomplete interview
-6. No post-election interview
-1. Inapplicable","1. Yes
2. No"
V202010,POST: WEB ONLY: RMOB SPEEDING INTERVENTION - GENTLE PROMPT,You seem to have responded very quickly. Please be sure you have given the question sufficient thought to provide an accurate answer. Do you want to go back and reconsider your answer?,"-9. Refused
-7. No post-election data, deleted due to incomplete interview
-6. No post-election interview
-1. Inapplicable","1. Yes, go back
2. No, continue"
V202011,POST: WEB ONLY: RMOB SPEEDING INTERVENTION - REDISPLAY RMOB,"We would like to find out about some of the things people do to help a party or a candidate win an election. During the campaign, did you talk to any people and try to show them why they should vote for or against one of the parties or candidates? 330 CODEBOOK: VARIABLES","-7. No post-election data, deleted due to incomplete interview
-6. No post-election interview
-1. Inapplicable","1. Yes
2. No"
V202012,POST: WEB ONLY: RMOB SPEEDING INTERVENTION - PEREMPTORY PROMPT,"You seem to have responded very quickly. Please be sure you have given the question sufficient thought to provide an accurate answer. We would like to find out about some of the things people do to help a party or a candidate win an election. During the campaign, did you talk to any people and try to show them why they should vote for or against one of the parties or candidates?","-7. No post-election data, deleted due to incomplete interview
-6. No post-election interview
-1. Inapplicable","1. Yes
2. No"
V202013,"POST: R ATTEND ONLINE POLITICAL MEETINGS, RALLIES, SPEECHES, FUNDRAISERS","Did you participate in any online political meetings, rallies, speeches, fundraisers, or things like that in support of a particular candidate? POST-ELECTION SURVEY VARIABLES 331","-7. No post-election data, deleted due to incomplete interview
-6. No post-election interview","1. Yes
2. No"
V202014,"POST: R GO TO ANY POLITICAL MEETINGS, RALLIES, SPEECHES, DINNERS","Did you go to any political meetings, rallies, speeches, dinners, or things like that in support of a particular candidate?","-9. Refused
-7. No post-election data, deleted due to incomplete interview
-6. No post-election interview","1. Yes
2. No"
V202015,POST: R WEAR CAMPAIGN BUTTON OR POST SIGN OR BUMPER STICKER,"Did you wear a campaign button, put a campaign sticker on your car, or place a sign in your window or in front of your house?","-9. Refused
-7. No post-election data, deleted due to incomplete interview
-6. No post-election interview","1. Yes
2. No"
V202016,POST: R DO ANY (OTHER) WORK FOR PARTY OR CANDIDATE,Did you do any other work for one of the parties or candidates?,"-7. No post-election data, deleted due to incomplete interview
-6. No post-election interview","1. Yes
2. No"
V202017,POST: R CONTRIBUTE MONEY TO INDIVIDUAL CANDIDATE RUNNING FOR PUBLIC OFFICE,During an election year people are often asked to make a contribution to support campaigns. Did you give money to an individual candidate running for public office?,"-7. No post-election data, deleted due to incomplete interview
-6. No post-election interview","1. Yes
2. No"
V202018,RESTRICTED: POST: PARTY OF CANDIDATE FOR WHOM R CONTRIBUTED MONEY,Which party did that candidate belong to?,-3. Restricted,
V202019,POST: R CONTRIBUTE MONEY TO POLITICAL PARTY DURING THIS ELECTION YEAR,Did you give money to a political party during this election year? POST-ELECTION SURVEY VARIABLES 333,"-9. Refused
-8. Don’t know
-7. No post-election data, deleted due to incomplete interview
-6. No post-election interview","1. Yes
2. No"
V202020,RESTRICTED: POST: PARTY TO WHICH R CONTRIBUTED,To which party did you give money?,-3. Restricted,
V202021,POST: R CONTRIBUTE TO ANY OTHER GROUP THAT SUPPORTED OR OPPOSED CANDIDATES,Did you give any money to any other group that supported or opposed candidates?,"-9. Refused
-8. Don’t know
-7. No post-election data, deleted due to incomplete interview
-6. No post-election interview","1. Yes
2. No"
V202022,POST: R EVER DISCUSS POLITICS WITH FAMILY OR FRIENDS,Do you ever discuss politics with your family or friends? 334 CODEBOOK: VARIABLES,"-9. Refused
-7. No post-election data, deleted due to incomplete interview
-6. No post-election interview","1. Yes
2. No"
V202023,POST: HOW MANY DAYS IN PAST WEEK DISCUSSED POLITICS WITH FAMILY OR FRIENDS,How many days in the past week did you talk about politics with family or friends?,"-9. Refused
-7. No post-election data, deleted due to incomplete interview
-6. No post-election interview
-1. Inapplicable","0. Zero days
1. One day
2. Two days
3. Three days
4. Four days
5. Five days
6. Six days
7. Seven days"
V202024,POST: HAS R IN PAST 12 MONTHS: GOTTEN INTO A POLITICAL ARGUMENT,"During the past 12 months, have you ever gotten into a political argument with someone, or have you not done this in the past 12 months? POST-ELECTION SURVEY VARIABLES 335","-9. Refused
-7. No post-election data, deleted due to incomplete interview
-6. No post-election interview","1. Have done this in past 12 months
2. Have not done this in the past 12 months"
V202025,"POST: HAS R IN PAST 12 MONTHS: JOINED A PROTEST MARCH, RALLY, OR DEMONSTRATION","During the past 12 months, have you joined in a protest march, rally, or demonstration, or have you not done this in the past 12 months?","-9. Refused
-7. No post-election data, deleted due to incomplete interview
-6. No post-election interview","1. Have done this in past 12 months
2. Have not done this in the past 12 months"
V202026,POST: HAS R IN PAST 12 MONTHS: SIGN INTERNET OR PAPER PETITION,"During the past 12 months, have you signed a petition on the Internet or on paper about a political or social issue, or have you not done this in the past 12 months?","-9. Refused
-7. No post-election data, deleted due to incomplete interview
-6. No post-election interview","1. Have done this in past 12 months
2. Have not done this in the past 12 months"
V202027,POST: HAS R IN PAST 12 MONTHS: GIVEN MONEY TO RELIGIOUS ORGANIZATION,"During the past 12 months, have you ever given money to a religious organization, or have you not done this in the past 12 months?","-9. Refused
-8. Don’t know
-7. No post-election data, deleted due to incomplete interview
-6. No post-election interview","1. Have done this in past 12 months
2. Have not done this in the past 12 months"
V202028,POST: HAS R IN PAST 12 MONTHS: GIVEN MONEY TO OTHER ORGANIZATION,"Not counting a religious organization, during the past 12 months, have you given money to any other organization concerned with a political or social issue, or have you not done this in the past 12 months?","-9. Refused
-7. No post-election data, deleted due to incomplete interview
-6. No post-election interview","1. Have done this in past 12 months
2. Have not done this in the past 12 months"
V202029,POST: HAS R IN PAST 12 MONTHS: POSTED COMMENT ONLINE ABOUT POLITICAL ISSUE,"During the past 12 months, have you posted a message or comment online about a political issue or campaign, or have you not done this in the past 12 months? POST-ELECTION SURVEY VARIABLES 337","-9. Refused
-8. Don’t know
-7. No post-election data, deleted due to incomplete interview
-6. No post-election interview","1. Have done this in past 12 months
2. Have not done this in the past 12 months"
V202030,POST: HAS R IN PAST 12 MONTHS: CONTACTED MEMBER OF US SENATE OR HOUSE OF REP,"During the past 12 months, have you contacted or tried to contact a member of the U.S. Senate or U.S. House of Representatives, or have you not done this in the past 12 months?","-9. Refused
-8. Don’t know
-7. No post-election data, deleted due to incomplete interview
-6. No post-election interview","1. Have done this in past 12 months
2. Have not done this in the past 12 months"
V202031,POST: HAS R IN PAST 12 MONTHS: WORKED W/OTHERS TO DEAL W/ISSUE FACING COMMUNITY,"During the past 12 months, have you worked with other people to deal with some issue facing your community?","-9. Refused
-7. No post-election data, deleted due to incomplete interview
-6. No post-election interview","1. Yes, have done this in the past 12 months
2. No, have not done this"
V202032,POST: HAS R IN PAST 12 MONTHS: ATTEND MTG ABOUT ISSUE FACING COMMUNITY/SCHOOLS,"During the past 12 months, did you attend a meeting about an issue facing your local community or schools?","-9. Refused
-7. No post-election data, deleted due to incomplete interview
-6. No post-election interview","1. Yes, have done this in the past 12 months
2. No, have not done this"
V202033,POST: HAS R IN PAST 12 MONTHS: DONE ANY VOLUNTEER WORK,"Many people say they have less time these days to do volunteer work. What about you, were you able to devote any time to volunteer work in the past 12 months or did you not do so?","-7. No post-election data, deleted due to incomplete interview
-6. No post-election interview","1. Yes, have done this in the past 12 months
2. No, have not done this"
V202034,POST: HAS R IN PAST 12 MONTHS: CONTACTED FEDERAL ELECTED OFFICIAL,"In the past twelve months, have you contacted a federal elected official, such as a member of Congress or the President, or someone on the staff of such an official?","-8. Don’t know
-7. No post-election data, deleted due to incomplete interview
-6. No post-election interview","1. Yes, have done this in the past 12 months
2. No, have not done this"
V202035,POST: WHY CONTACTED FEDERAL ELECTED OFFICIAL,"Thinking about your most recent contact, what were the issues or problems that led you to initiate this contact?",-2. Open-end responses available in separate file,
V202036,POST: HAS R IN PAST 12 MONTHS: CONTACTED NON-ELECTED OFFICIAL IN FEDERAL GOVT,And what about a non-elected official in a federal government agency? Have you contacted such a person in the past twelve months?,"-9. Refused
-8. Don’t know
-7. No post-election data, deleted due to incomplete interview
-6. No post-election interview","1. Yes, have done this in the past 12 months
2. No, have not done this"
V202037,POST: WHY CONTACTED NON-ELECTED OFFICIAL IN FEDERAL GOVERNMENT,"Thinking about your most recent contact, what were the issues or problems that led you to initiate this contact?",-2. Open-end responses available in separate file,
V202038,POST: HAS R IN PAST 12 MONTHS: CONTACTED ELECTED OFFICIAL ON STATE/LOCAL LEVEL,"What about an elected official on the state or local level, such as a governor, mayor, or a member of the state legislature or city council, or someone on the staff of such an elected official? Have you contacted such a person in the past twelve months?","-9. Refused
-8. Don’t know
-7. No post-election data, deleted due to incomplete interview
-6. No post-election interview","1. Yes, have done this in the past 12 months
2. No, have not done this"
V202039,POST: WHY CONTACTED ELECTED OFFICIAL ON STATE/LOCAL LEVEL,"Thinking about your most recent contact, what were the issues or problems that led you to initiate this contact? POST-ELECTION SURVEY VARIABLES 341",-2. Open-end responses available in separate file,
V202040,POST: HAS R IN PAST 12 MONTHS: CONTACTED NON-ELECTED OFFICIAL IN STATE/LOCAL GOV,And what about a non-elected official in a state or local government agency? Have you contacted such a person in the past twelve months?,"-9. Refused
-7. No post-election data, deleted due to incomplete interview
-6. No post-election interview","1. Yes, have done this in the past 12 months
2. No, have not done this"
V202041,POST: WHY CONTACTED NON-ELECTED OFFICIAL IN STATE/LOCAL GOVERNMENT,"Thinking about your most recent contact, what were the issues or problems that led you to initiate this contact?",-2. Open-end responses available in separate file,
V202042,POST: HOW OFTEN BOUGHT OR BOYCOTTED PRODUCT/SERVICE FOR SOCIAL/POLITICAL REASONS,"In the past 12 months, how often have you either bought or declined to buy acertain product or service because of the social or political values of the company that provides it?","-9. Refused
-7. No post-election data, deleted due to incomplete interview
-6. No post-election interview","1. Never
2. Once in a while
3. About half the time
4. Most of the time
5. All the time"
V202043,POST: WEB ONLY: SOCPOL SPEEDING INTERVENTION - GENTLE PROMPT,You seem to have responded very quickly. Please be sure you have given the question sufficient thought to provide an accurate answer. Do you want to go back and reconsider your answer?,"-7. No post-election data, deleted due to incomplete interview
-6. No post-election interview
-1. Inapplicable","1. Yes, go back
2. No, continue"
V202044,POST: WEB ONLY: SOCPOL SPEEDING INTERVENTION - REDISPLAY SOCPOL,"In the past 12 months, how often have you either bought or declined to buy acertain product or service because of the social or political values of the company that provides it?","-7. No post-election data, deleted due to incomplete interview
-6. No post-election interview
-1. Inapplicable","1. Never
2. Once in a while
3. About half the time
4. Most of the time
5. All the time"
V202045,POST: WEB ONLY: SOCPOL SPEEDING INTERVENTION - PEREMPTORY PROMPT,"You seem to have responded very quickly. Please be sure you have given the question sufficient thought to provide an accurate answer. In the past 12 months, how often have you either bought or declined to buy acertain product or service because of the social or political values of the company that provides it?","-7. No post-election data, deleted due to incomplete interview
-6. No post-election interview
-1. Inapplicable","1. Never
2. Once in a while
3. About half the time
4. Most of the time
5. All the time"
V202050a,POST: VOTE SECTION - ORDER OF MAJOR PARTY CANDIDATE NAMES,,"-7. No post-election data, deleted due to incomplete interview
-6. No post-election interview","1. Democrat/Republican
2. Republican/Democrat"
V202050b,POST: VOTE SECTION - HOUSEHOLD ADDRESS PRELOADED (SAMPLE ADDRESS),,"-7. No post-election data, deleted due to incomplete interview
-6. No post-election interview",1. Sample address preloaded
V202050c,POST: VOTE SECTION - CANDIDATE NAMES PRELOADED FOR SAMPLE ADDRESS,,"-7. No post-election data, deleted due to incomplete interview
-6. No post-election interview",0. No candidate names preloaded for location of sample
V202051,POST: R REGISTERED TO VOTE (POST-ELECTION),"Now on a different topic. Are you registered to vote at [Respondent’s preloaded address], registered at a different address, or not currently registered? POST-ELECTION SURVEY VARIABLES 345","-9. Refused
-7. No post-election data, deleted due to incomplete interview
-6. No post-election interview
-1. Inapplicable","1. Registered at this address
2. Registered at a different address
3. Not currently registered"
V202052,POST: IS R WITHOUT ADDRESS REGISTERED TO VOTE (POST-ELECTION),Are you registered to vote?,"-7. No post-election data, deleted due to incomplete interview
-6. No post-election interview
-1. Inapplicable","1. Yes
2. No"
V202053a,POST: REGISTRATION ADDRESS GIVEN (NOT REGISTERED AT SAMPLE ADDRESS),What is the address where you are registered to vote now?,"-7. No post-election data, deleted due to incomplete interview
-6. No post-election interview
-1. Inapplicable","0. Registration address not given
1. Registration address given"
V202053b,POST: STATE INCLUDED IN REGISTRATION ADDRESS (NOT REGISTERED AT SAMP ADDR),What is the address where you are registered to vote now?,"-7. No post-election data, deleted due to incomplete interview
-6. No post-election interview
-1. Inapplicable","0. State not included with registration address
1. State included with registration address
2. State included with registration address (wrong field)"
V202053c,POST: CITY INCLUDED IN POST REGISTRATION ADDRESS (NOT REGISTERED AT SAMP ADDR),What is the address where you are registered to vote now?,"-7. No post-election data, deleted due to incomplete interview
-6. No post-election interview
-1. Inapplicable","0. City not included with registration address
1. City included with registration address
2. City included with registration address (wrong field)"
V202054a,POST: STATE OF REGISTRATION (NOT REGISTERED AT SAMP ADDR; GIVEN AT REG) POST-ELECTION SURVEY VARIABLES 347,What is the address where you are registered to vote now?,"-9. Refused
-7. No post-election data, deleted due to incomplete interview
-6. No post-election interview
-5. Interview breakoff (sufficient partial IW)
-1. Inapplicable","1. Alabama  2. Alaska  4. Arizona
5. Arkansas  6. California  8. Colorado
9. Connecticut  10. Delaware
11. Washington DC
12. Florida  13. Georgia   15. Hawaii
16. Idaho   17. Illinois   18. Indiana
19. Iowa   20. Kansas   21. Kentucky
22. Louisiana   23. Maine   24. Maryland
25. Massachusetts   26. Michigan   27. Minnesota
28. Mississippi   29. Missouri   30. Montana
31. Nebraska   32. Nevada   33. New Hampshire
34. New Jersey   35. New Mexico   36. New York
37. North Carolina   38. North Dakota   39. Ohio
40. Oklahoma   41. Oregon   42. Pennsylvania
44. Rhode Island   45. South Carolina   46. South Dakota
47. Tennessee   48. Texas   49. Utah
50. Vermont   51. Virginia   53. Washington
54. West Virginia   55. Wisconsin   56. Wyoming"
V202054b,POST: STATE OF REGISTRATION (NOT REGISTERED AT SAMP ADDR GIVEN AT REGWHST),In what state are you registered to vote now? 348 CODEBOOK: VARIABLES,"-9. Refused
-7. No post-election data, deleted due to incomplete interview
-6. No post-election interview
-5. Interview breakoff (sufficient partial IW)
-1. Inapplicable","1. Alabama  2. Alaska  4. Arizona
5. Arkansas  6. California  8. Colorado
9. Connecticut  10. Delaware
11. Washington DC
12. Florida  13. Georgia   15. Hawaii
16. Idaho   17. Illinois   18. Indiana
19. Iowa   20. Kansas   21. Kentucky
22. Louisiana   23. Maine   24. Maryland
25. Massachusetts   26. Michigan   27. Minnesota
28. Mississippi   29. Missouri   30. Montana
31. Nebraska   32. Nevada   33. New Hampshire
34. New Jersey   35. New Mexico   36. New York
37. North Carolina   38. North Dakota   39. Ohio
40. Oklahoma   41. Oregon   42. Pennsylvania
44. Rhode Island   45. South Carolina   46. South Dakota
47. Tennessee   48. Texas   49. Utah
50. Vermont   51. Virginia   53. Washington
54. West Virginia   55. Wisconsin   56. Wyoming"
V202054c,POST: STATE OF REGISTRATION FOR POST VOTE (PRE NONVOTER) POST-ELECTION SURVEY VARIABLES 349,,"-9. Refused
-1. Inapplicable","1. Alabama  2. Alaska  4. Arizona
5. Arkansas  6. California  8. Colorado
9. Connecticut  10. Delaware
11. Washington DC
12. Florida  13. Georgia   15. Hawaii
16. Idaho   17. Illinois   18. Indiana
19. Iowa   20. Kansas   21. Kentucky
22. Louisiana   23. Maine   24. Maryland
25. Massachusetts   26. Michigan   27. Minnesota
28. Mississippi   29. Missouri   30. Montana
31. Nebraska   32. Nevada   33. New Hampshire
34. New Jersey   35. New Mexico   36. New York
37. North Carolina   38. North Dakota   39. Ohio
40. Oklahoma   41. Oregon   42. Pennsylvania
44. Rhode Island   45. South Carolina   46. South Dakota
47. Tennessee   48. Texas   49. Utah
50. Vermont   51. Virginia   53. Washington
54. West Virginia   55. Wisconsin   56. Wyoming"
V202054x,PRE-POST SUMMARY: STATE OF REGISTRATION (ALL REGISTERED VOTERS),,"-9. Refused
-8. Don’t know
-7. No post-election data, deleted due to incomplete interview
-6. No post-election interview
-1. Inapplicable","1. Alabama  2. Alaska  4. Arizona
5. Arkansas  6. California  8. Colorado
9. Connecticut  10. Delaware
11. Washington DC
12. Florida  13. Georgia   15. Hawaii
16. Idaho   17. Illinois   18. Indiana
19. Iowa   20. Kansas   21. Kentucky
22. Louisiana   23. Maine   24. Maryland
25. Massachusetts   26. Michigan   27. Minnesota
28. Mississippi   29. Missouri   30. Montana
31. Nebraska   32. Nevada   33. New Hampshire
34. New Jersey   35. New Mexico   36. New York
37. North Carolina   38. North Dakota   39. Ohio
40. Oklahoma   41. Oregon   42. Pennsylvania
44. Rhode Island   45. South Carolina   46. South Dakota
47. Tennessee   48. Texas   49. Utah
50. Vermont   51. Virginia   53. Washington
54. West Virginia   55. Wisconsin   56. Wyoming"
V202055a,POST: STATE OF REGISTRATION FOR POST VOTE SAME AS SAMPLE ADDRESS STATE (PRE NONVOTER),,"-7. No post-election data, deleted due to incomplete interview
-6. No post-election interview
-1. Inapplicable","0. State of registration not the same as state of sample address
1. State of registration same as state of sample address"
V202055b,POST: SENATE RACE IN STATE OF REGISTRATION (PRE NONVOTER) POST-ELECTION SURVEY VARIABLES 351,,"-7. No post-election data, deleted due to incomplete interview
-6. No post-election interview
-1. Inapplicable","0. No Senate race in state of registration
1. Senate race in state of registration"
V202055c,POST: GOVERNOR RACE IN STATE OF REGISTRATION (PRE NONVOTER),,"-7. No post-election data, deleted due to incomplete interview
-6. No post-election interview
-1. Inapplicable","0. No Governor race in state of registration
1. Governor race in state of registration"
V202055d,POST: PARTY REGISTRATION IN STATE OF REGISTRATION (PRE NONVOTER),,"-7. No post-election data, deleted due to incomplete interview
-6. No post-election interview
-1. Inapplicable","0. No party registration in state of registration
1. Party registration in state of registration"
V202056,POST: WHEN R REGISTERED TO VOTE,Now on a different topic. When did you register to vote for the first time? 352 CODEBOOK: VARIABLES,"-9. Refused
-8. Don’t know
-7. No post-election data, deleted due to incomplete interview
-6. No post-election interview
-1. Inapplicable","1. In the past twelve months
2. 1-2 years ago
3. 3-4 years ago
4. 5 or more years ago"
V202060,POST: IS R REGISTERED TO VOTE IN PRELOAD COUNTY (RESIDENCE),Is that address in [Respondent’s preloaded county]?,"-9. Refused
-8. Don’t know
-7. No post-election data, deleted due to incomplete interview
-6. No post-election interview
-1. Inapplicable","1. Yes, registered in county of sample address
2. No, registered in other county"
V202060z,RESTRICTED: POST: IS R REGISTERED TO VOTE IN PRELOAD COUNTY - OTHER {SPECIFY},Is that address in [Respondent’s preloaded county]?,-3. Restricted,
V202061,POST: HOW LONG HAS R BEEN REGISTERED AT LOCATION,How many years have you been registered to vote at [this/that] address?,"-9. Refused
-7. No post-election data, deleted due to incomplete interview
-6. No post-election interview
-1. Inapplicable","1. 0-1 years
2. 2-5 years
3. More than 5 years"
V202061x,PRE-POST: SUMMARY: YEARS HAS R BEEN REGISTERED AT REGISTRATION LOCATION,,"-9. Refused
-1. Inapplicable","1. 0-1 years
2. 2-5 years
3. More than 5 years"
V202062,RESTRICTED: POST: NAME UNDER WHICH R IS REGISTERED TO VOTE,Under what name are you registered to vote? 354 CODEBOOK: VARIABLES,-3. Restricted - STAFF ONLY,
V202063x,PRE-POST: SUMMARY: NAME RECORDED FOR REGISTRATION NAME,,-1. Inapplicable,"0. Name not recorded
1. Name recorded"
V202064,POST: PARTY OF REGISTRATION,"What political party are you registered with, if any?","-9. Refused
-8. Don’t know
-7. No post-election data, deleted due to incomplete interview
-6. No post-election interview
-1. Inapplicable","1. Democratic party
2. Republican party
4. None or ‘independent’
5. Other party {SPECIFY}"
V202064z,RESTRICTED: POST: PARTY OF REGISTRATION - OTHER {SPECIFY} POST-ELECTION SURVEY VARIABLES 355,"What political party are you registered with, if any?",-3. Restricted,
V202065x,PRE-POST: SUMMARY: PARTY OF REGISTRATION,,"-9. Refused
-8. Don’t know
-1. Inapplicable","1. Democratic Party
2. Republican Party
4. None or ’independent
5. Other"
V202066,POST: DID R VOTE IN NOVEMBER 2020 ELECTION,"In talking to people about elections, we often find that a lot of peoplewere not able to vote because they weren’t registered, they weresick, or they just didn’t have time. Which of the following statements best describes you:","-9. Refused
-7. No post-election data, deleted due to incomplete interview
-6. No post-election interview
-1. Inapplicable","1. I did not vote (in the election this November)
2. I thought about voting this time, but didn’t
3. I usually vote, but didn’t this time
4. I am sure I voted"
V202068x,POST: SUMMARY: POST VOTE STATUS FOR REGISTERED RESPONDENTS,,"-7. No post-election data, deleted due to incomplete interview
-6. No post-election interview
-2. Missing: turnout not reported or did not vote and registration",
V202072,POST: DID R VOTE FOR PRESIDENT,How about the election for President? Did you vote for a candidate for President?,"-9. Refused
-7. No post-election data, deleted due to incomplete interview
-6. No post-election interview
-1. Inapplicable","1. Yes, voted for President
2. No, didn’t vote for President"
V202073,POST: FOR WHOM DID R VOTE FOR PRESIDENT,"Who did you vote for? [Joe Biden, Donald Trump/Donald Trump, Joe Biden], Jo Jorgensen, Howie Hawkins, or someone else? POST-ELECTION SURVEY VARIABLES 357","-9. Refused
-8. Don’t know
-7. No post-election data, deleted due to incomplete interview
-6. No post-election interview
-1. Inapplicable","1. Joe Biden
2. Donald Trump
3. Jo Jorgensen
4. Howie Hawkins
5. Other candidate {SPECIFY}
7. Specified as Republican candidate
8. Specified as Libertarian candidate
11. Specified as don’t know
12. Specified as refused"
V202073z,POST: FOR WHOM DID R VOTE FOR PRESIDENT - OTHER {SPECIFY},"Who did you vote for? [Joe Biden, Donald Trump/Donald Trump, Joe Biden], Jo Jorgensen, Howie Hawkins, or someone else?",-2. Open-end responses available in separate file,
V202074,POST: PREFERENCE STRONG FOR PRESIDENTIAL CANDIDATE FOR WHOM R VOTE,Would you say your preference for this candidate was strong or not strong?,"-9. Refused
-7. No post-election data, deleted due to incomplete interview
-6. No post-election interview
-1. Inapplicable","1. Strong
2. Not strong"
V202075,POST: HOW LONG BEFORE ELECTION R MADE DECISION PRESIDENTIAL VOTE,How long before you voted did you decide that you were going to vote the way you did?,-2. Open-end responses available in separate file,
V202075,yPOST: HOW LONG BEFORE ELECTION R MADE DECISION PRESIDENTIAL VOTE [CODED] POST-ELECTION SURVEY VARIABLES 359,,"-9. Refused
-8. Don’t know
-7. No post-election data, deleted due to incomplete interview
-6. No post-election interview
-1. Inapplicable","1. That day; when I walked into the booth
2. One day
3. More than one day/less than one week; a few days; a couple"
V202076,POST: DOES R PREFER PRESIDENTIAL CANDIDATE (DID NOT VOTE),Did you prefer one of the candidates in the November election for President?,"-7. No post-election data, deleted due to incomplete interview
-6. No post-election interview
-1. Inapplicable","1. Yes
2. No"
V202077,POST: PREFERENCE FOR PRESIDENTIAL CANDIDATE (DID NOT VOTE),"Who did you prefer? [Joe Biden, Donald Trump/Donald Trump, Joe Biden], Jo Jorgensen, Howie Hawkins, or someone else?","-9. Refused
-7. No post-election data, deleted due to incomplete interview
-6. No post-election interview
-1. Inapplicable","1. Joe Biden
2. Donald Trump
3. Jo Jorgensen
4. Howie Hawkins
5. Other candidate {SPECIFY}
12. Specified as refused"
V202077z,POST: PREFERENCE FOR PRESIDENTIAL CANDIDATE (DID NOT VOTE) - OTHER {SPECIFY},"Who did you prefer? [Joe Biden, Donald Trump/Donald Trump, Joe Biden], Jo Jorgensen, Howie Hawkins, or someone else?",-2. Open-end responses available in separate file,
V202078,POST: PREFERENCE STRONG FOR PRESIDENTIAL CANDIDATE (DID NOT VOTE),Would you say your preference for this candidate was strong or not strong?,"-9. Refused
-7. No post-election data, deleted due to incomplete interview
-6. No post-election interview
-1. Inapplicable","1. Strong
2. Not strong"
V202079x,POST: SUMMARY: PREFERENCE FOR PRESIDENTIAL CANDIDATE (DID NOT VOTE),,"-7. No post-election data, deleted due to incomplete interview
-6. No post-election interview
-2. Missing - DK/RF in V202077 or V202078
-1. Inapplicable","10. Prefer Joe Biden - preference not strong
11. Prefer Joe Biden - preference strong
20. Prefer Donald Trump - preference not strong
21. Prefer Donald Trump - preference strong
30. Prefer Jo Jorgensen - preference not strong
31. Prefer Jo Jorgensen - preference strong
40. Prefer Howie Hawkins - preference not strong
41. Prefer Howie Hawkins - preference strong
50. Prefer other candidate - preference not strong
51. Prefer other candidate - preference strong"
V202080,POST: DID R VOTE FOR U.S. HOUSE OF REPRESENTATIVES,How about the election for the House of Representatives inWashington. Did you vote for a candidate for the U.S. House ofRepresentatives?,"-9. Refused
-8. Don’t know
-7. No post-election data, deleted due to incomplete interview
-6. No post-election interview
-1. Inapplicable","1. Yes, voted for House of Representatives
2. No, didn’t vote for House of Representatives"
V202081,POST: FOR WHOM DID R VOTE FOR US HOUSE OF REPRESENTATIVES (BALLOT CARD),Who did you vote for?,"-9. Refused
-8. Don’t know
-7. No post-election data, deleted due to incomplete interview
-6. No post-election interview
-1. Inapplicable","1. Democratic House candidate
2. Republican House candidate
3. Other/Independent House candidate (name on ballot card)
5. Other candidate {SPECIFY} (name not on ballot card)
6. Specified as Democratic House candidate
7. Specified as Republican House candidate
10. Specified as Other/Independent House candidate
11. Specified as don’t know
12. Specified as refused"
V202081z,POST: FOR WHOM DID R VOTE FOR US HOUSE OF REP (BALLOT CARD) - OTHER {SPECIFY},Who did you vote for?,-2. Open-end responses available in separate file,
V202082,POST: FOR WHOM DID R VOTE FOR US HOUSE OF REPRESENTATIVES (NO BALLOT CARD),Who did you vote for? Which party was that?,-2. Open-end responses available in separate file,
V202082,yPOST: FOR WHOM DID R VOTE FOR US HOUSE OF REPRESENTATIVES (NO BALLOT CARD) [CODED],,"-7. No post-election data, deleted due to incomplete interview
-6. No post-election interview
-1. Inapplicable","6. Specified as Democratic House candidate
7. Specified as Republican House candidate
10. Specified as Other/Independent House candidate
11. Specified as don’t know
12. Specified as refused"
V202083,POST: DOES R PREFER US HOUSE OF REPRESENTATIVES CANDIDATE,How about the election for the House of Representatives in Washington? Did you prefer one of the candidates for the U.S.House of Representatives?,"-9. Refused
-8. Don’t know
-7. No post-election data, deleted due to incomplete interview
-6. No post-election interview
-1. Inapplicable","1. Yes
2. No"
V202084,POST: WHOM DOES R PREFER FOR US HOUSE OF REPRESENTATIVES (BALLOT CARD),Who did you prefer? POST-ELECTION SURVEY VARIABLES 365,"-9. Refused
-8. Don’t know
-7. No post-election data, deleted due to incomplete interview
-6. No post-election interview
-1. Inapplicable","1. Democratic House candidate
2. Republican House candidate
3. Other/Independent House candidate (name on ballot card)
5. Other candidate {SPECIFY} (name not on ballot card
12. Specified as refused"
V202084z,POST: WHOM DOES R PREFER FOR US HOUSE OF REP (BALLOT CARD) - OTHER {SPECIFY},Who did you prefer?,-2. Open-end responses available in separate file,
V202085,POST: WHOM DOES R PREFER FOR US HOUSE OF REPRESENTATIVES (NO BALLOT CARD),Who did you prefer? Which party was that?,-2. Open-end responses available in separate file,
V202085,yPOST: WHOM DOES R PREFER FOR US HOUSE OF REPRESENTATIVES (NO BALLOT CARD) [CODED],,"-7. No post-election data, deleted due to incomplete interview
-6. No post-election interview
-1. Inapplicable","6. Specified as Democratic House candidate
7. Specified as Republican House candidate
10. Specified as Other/Independent House candidate
12. Specified as refused"
V202087,POST: DID R VOTE FOR US SENATE - 1 SENATE RACE,How about the election for the United States Senate? Did you vote for a candidate for the U.S. Senate?,"-9. Refused
-8. Don’t know
-7. No post-election data, deleted due to incomplete interview
-6. No post-election interview
-1. Inapplicable","1. Yes, voted for Senate
2. No, didn’t vote for Senate"
V202088,POST: R’S VOTE FOR US SENATE (BALLOT CARD),Who did you vote for?,"-9. Refused
-8. Don’t know
-7. No post-election data, deleted due to incomplete interview
-6. No post-election interview
-1. Inapplicable","1. Democratic Senate candidate
2. Republican Senate candidate
3. Other/Independent Senate candidate (name on ballot card)
5. Other candidate {SPECIFY} (name not on ballot card
6. Specified as Democratic Senate candidate
7. Specified as Republican Senate candidate
10. Specified as Other/Independent Senate candidate
11. Specified as don’t know
12. Specified as refused"
V202088z,POST: R’S VOTE FOR US SENATE (BALLOT CARD) - OTHER {SPECIFY},Who did you vote for?,-2. Open-end responses available in separate file,
V202089,POST: R’S VOTE FOR US SENATE (NO BALLOT CARD),Who did you vote for? Which party was that?,-2. Open-end responses available in separate file,
V202089,yPOST: R’S VOTE FOR US SENATE (NO BALLOT CARD) [CODED] POST-ELECTION SURVEY VARIABLES 369,,"-9. Refused
-7. No post-election data, deleted due to incomplete interview
-6. No post-election interview
-1. Inapplicable","6. Specified as Democratic Senate candidate
7. Specified as Republican Senate candidate
10. Specified as Other/Independent Senate candidate
11. Specified as don’t know
12. Specified as refused"
V202090,POST: DOES R PREFER US SENATE CANDIDATE,How about the election for the United States Senate? Did you prefer one of the candidates for the U.S. Senate?,"-9. Refused
-7. No post-election data, deleted due to incomplete interview
-6. No post-election interview
-1. Inapplicable","1. Yes
2. No"
V202091,POST: WHOM DOES R PREFER FOR US SENATE,Who did you prefer?,"-7. No post-election data, deleted due to incomplete interview
-6. No post-election interview
-1. Inapplicable","1. Democratic Senate candidate
2. Republican Senate candidate
3. Other/Independent Senate candidate (name on ballot card)
5. Other candidate {SPECIFY} (name not on ballot card
6. Specified as Democratic Senate candidate
12. Specified as refused"
V202091z,POST: WHOM DOES R PREFER FOR US SENATE - OTHER {SPECIFY},Who did you prefer?,-2. Open-end responses available in separate file,
V202092,POST: WHOM DOES R PREFER FOR US SENATE (NO BALLOT CARD),Who did you prefer? Which party was that?,-2. Open-end responses available in separate file,
V202092,yPOST: WHOM DOES R PREFER FOR US SENATE (NO BALLOT CARD) [CODED],,"-7. No post-election data, deleted due to incomplete interview
-6. No post-election interview
-1. Inapplicable","6. Specified as Democratic Senate candidate
7. Specified as Republican Senate candidate
12. Specified as refused"
V202093,POST: DID R VOTE FOR US SENATE [SPECIAL ELECTION],How about the election for the United States Senate? Did you vote for candidates for the U.S. Senate?,"-9. Refused
-7. No post-election data, deleted due to incomplete interview
-6. No post-election interview
-1. Inapplicable","1. Yes, voted for Senate
2. No, didn’t vote for Senate"
V202094,POST: R’S VOTE FOR US SENATE (BALLOT CARD) [SPECIAL ELECTION],Who did you vote for?,"-9. Refused
-7. No post-election data, deleted due to incomplete interview
-6. No post-election interview
-1. Inapplicable","1. Democratic Senate candidate
2. Republican Senate candidate
3. Other/Independent Senate candidate (name on ballot card)
5. Other candidate {SPECIFY} (name not on ballot card
12. Specified as refused"
V202094z,POST: R’S VOTE FOR US SENATE (BALLOT CARD) [SPECIAL ELECTION] - OTHER {SPECIFY},Who did you vote for?,-2. Open-end responses available in separate file,
V202095,POST: R’S VOTE FOR US SENATE (NO BALLOT CARD) [SPECIAL ELECTION],Who did you vote for? Which party was that?,-2. Open-end responses available in separate file,
V202095,yPOST: R’S VOTE FOR US SENATE (NO BALLOT CARD) [SPECIAL ELECTION] [CODED],,"-9. Refused
-7. No post-election data, deleted due to incomplete interview
-6. No post-election interview
-1. Inapplicable","6. Specified as Democratic Senate candidate
7. Specified as Republican Senate candidate
12. Specified as refused"
V202096,POST: DOES R PREFER US SENATE CANDIDATE [SPECIAL ELECTION],How about the election for the United States Senate? Do you prefer one of the candidates for the U.S. Senate?,"-7. No post-election data, deleted due to incomplete interview
-6. No post-election interview
-1. Inapplicable","1. Yes
2. No"
V202097,POST: WHOM DOES R PREFER US SENATE CANDIDATE [SPECIAL ELECTION],Who do you prefer?,"-7. No post-election data, deleted due to incomplete interview
-6. No post-election interview
-1. Inapplicable","1. Democratic Senate candidate
2. Republican Senate candidate
3. Other/Independent Senate candidate (name on ballot card)
5. Other candidate {SPECIFY} (name not on ballot card
10. Specified as Other/Independent Senate candidate"
V202097z,POST: WHOM DOES R PREFER US SENATE CAND [SPECIAL ELECTION] - OTHER {SPECIFY},Who do you prefer?,-2. Open-end responses available in separate file,
V202098,POST: WHOM DOES R PREFER FOR US SENATE (NO BALLOT CARD) [SPECIAL ELECTION],Who do you prefer? Which party is that?,-2. Open-end responses available in separate file,
V202098,y POST: WHOM DOES R PREFER FOR US SENATE (NO BALLOT CARD) [SPECIAL ELECTION] [CODED],,"-7. No post-election data, deleted due to incomplete interview
-6. No post-election interview
-1. Inapplicable","6. Specified as Democratic Senate candidate
7. Specified as Republican Senate candidate
12. Specified as refused"
V202099,POST: DID R VOTE FOR GOVERNOR,How about the election for Governor? Did you vote for a candidate for Governor? 376 CODEBOOK: VARIABLES,"-7. No post-election data, deleted due to incomplete interview
-6. No post-election interview
-1. Inapplicable","1. Yes, voted for governor
2. No, didn’t vote for governor"
V202100,POST: R’S VOTE FOR GOVERNOR (BALLOT CARD),Who did you vote for?,"-9. Refused
-7. No post-election data, deleted due to incomplete interview
-6. No post-election interview
-1. Inapplicable","1. Democratic gubernatorial candidate
2. Republican gubernatorial candidate
3. Other/Independent gubernatorial candidate (name on ballot"
V202100z,POST: R’S VOTE FOR GOVERNOR (BALLOT CARD) - OTHER {SPECIFY},Who did you vote for?,-2. Open-end responses available in separate file,
V202101,POST: R’S VOTE FOR GOVERNOR (NO BALLOT CARD),Who did you vote for? Which party was that?,-2. Open-end responses available in separate file,
V202101,yPOST: R’S VOTE FOR GOVERNOR (NO BALLOT CARD) [CODED],,"-7. No post-election data, deleted due to incomplete interview
-6. No post-election interview
-1. Inapplicable","6. Specified as Democratic Senate candidate
7. Specified as Republican Senate candidate
12. Specified as refused"
V202102,POST: DOES R PREFER GUBERNATORIAL CANDIDATE,How about the election for Governor? Did you prefer one of the candidates for Governor?,"-7. No post-election data, deleted due to incomplete interview
-6. No post-election interview
-1. Inapplicable","1. Yes
2. No"
V202103,POST: WHOM DOES R PREFER FOR GOVERNOR (BALLOT CARD),Who did you prefer?,"-7. No post-election data, deleted due to incomplete interview
-6. No post-election interview
-1. Inapplicable","1. Democratic gubernatorial candidate
2. Republican gubernatorial candidate
5. Other candidate {SPECIFY} (name not on ballot card)
10. Specified as Other/Independent gubernatorial candidate"
V202103z,POST: WHOM DOES R PREFER FOR GOVERNOR (BALLOT CARD) - OTHER {SPECIFY},Who did you prefer?,-2. Open-end responses available in separate file,
V202104,POST: WHOM DOES R PREFER FOR GOVERNOR (NO BALLOT CARD),Who did you prefer? Which party was that?,-2. Open-end responses available in separate file,
V202104,yPOST: WHOM DOES R PREFER FOR GOVERNOR (NO BALLOT CARD) [CODED],,"-7. No post-election data, deleted due to incomplete interview
-6. No post-election interview
-1. Inapplicable",
V202105x,POST: SUMMARY - POST-ELECTION PRESIDENTIAL VOTE/PREFERENCE,,"-7. No post-election data, deleted due to incomplete interview
-6. No post-election interview
-1. Inapplicable","10. Democratic candidate selected (vote)
11. Republican candidate selected (vote)
12. Other candidate selected (vote)
30. Democratic candidate selected (preference; nonvoter)
31. Republican candidate selected (preference; nonvoter)
32. Other candidate selected (preference; nonvoter)"
V202106x,POST: SUMMARY - PARTY OF POST-ELECTION U.S. HOUSE VOTE/PREFERENCE,,"-7. No post-election data, deleted due to incomplete interview
-6. No post-election interview
-1. Inapplicable","10. Democratic candidate selected (vote)
11. Republican candidate selected (vote)
12. Other candidate selected (vote)
30. Democratic candidate selected (preference; nonvoter)
31. Republican candidate selected (preference; nonvoter)
32. Other candidate selected (preference; nonvoter)"
V202107x,POST: SUMMARY - PARTY OF POST-ELECTION U.S. SENATE VOTE/PREFERENCE,,"-7. No post-election data, deleted due to incomplete interview
-6. No post-election interview
-1. Inapplicable","10. Democratic candidate selected (vote)
11. Republican candidate selected (vote)
12. Other candidate selected (vote)
30. Democratic candidate selected (preference; nonvoter)
31. Republican candidate selected (preference; nonvoter)
32. Other candidate selected (preference; nonvoter)"
V202108x,POST: SUMMARY - PARTY OF POST-ELECTION GUBERNATORIAL VOTE/PREFERENCE,,"-7. No post-election data, deleted due to incomplete interview
-6. No post-election interview
-1. Inapplicable","10. Democratic candidate selected (vote)
11. Republican candidate selected (vote)
12. Other candidate selected (vote)
30. Democratic candidate selected (preference; nonvoter)
31. Republican candidate selected (preference; nonvoter)
32. Other candidate selected (preference; nonvoter)"
V202109x,PRE-POST: SUMMARY: VOTER TURNOUT IN 2020,,-2. Not reported,"0. Did not vote
1. Voted"
V202110x,PRE-POST: SUMMARY: 2020 PRESIDENTIAL VOTE,,"-9. Refused
-8. Don’t know
-1. Inapplicable","1. Joe Biden
2. Donald Trump
3. Jo Jorgensen
4. Howie Hawkins
5. Other candidate {SPECIFY}"
V202111x,PRE-POST: SUMMARY: PARTY OF 2020 U.S. HOUSE VOTE,,"-9. Refused
-8. Don’t Know
-1. Inapplicable","1. Voted for Democratic candidate
2. Voted for Republican candidate
3. Voted for other candidate"
V202112x,PRE-POST: SUMMARY: PARTY OF 2020 U.S. SENATE VOTE POST-ELECTION SURVEY VARIABLES 383,,"-9. Refused
-8. Don’t Know
-1. Inapplicable","1. Voted for Democratic candidate
2. Voted for Republican candidate
3. Voted for other candidate"
V202113x,PRE-POST: SUMMARY: PARTY OF 2020 GOVERNOR VOTE,,"-9. Refused
-8. Don’t Know
-1. Inapplicable","1. Voted for Democratic candidate
2. Voted for Republican candidate
3. Voted for other candidate"
V202114a,POST: REASON R IS NOT REGISTERED - DID NOT MEET REGISTATION DEADLINES,What is the main reason you are not registered to vote? You can just give me the number or numbers of your choices.,"-7. No post-election data, deleted due to incomplete interview
-6. No post-election interview
-5. Interview breakoff (sufficient partial IW)
-1. Inapplicable","0. Not mentioned
1. Mentioned"
V202114b,POST: REASON R IS NOT REGISTERED - DID NOT KNOW WHERE OR HOW TO REGISTER,What is the main reason you are not registered to vote? You can just give me the number or numbers of your choices.,"-7. No post-election data, deleted due to incomplete interview
-6. No post-election interview
-5. Interview breakoff (sufficient partial IW)
-1. Inapplicable","0. Not mentioned
1. Mentioned"
V202114c,POST: REASON R IS NOT REGISTERED - DID NOT MEET RESIDENCY REQUIREMENTS,What is the main reason you are not registered to vote? You can just give me the number or numbers of your choices.,"-7. No post-election data, deleted due to incomplete interview
-6. No post-election interview
-5. Interview breakoff (sufficient partial IW)
-1. Inapplicable","0. Not mentioned
1. Mentioned"
V202114d,POST: REASON R IS NOT REGISTERED - REGISTRATION FORM WAS NOT PROCESSED CORRECTLY,What is the main reason you are not registered to vote? You can just give me the number or numbers of your choices.,"-7. No post-election data, deleted due to incomplete interview
-6. No post-election interview
-5. Interview breakoff (sufficient partial IW)
-1. Inapplicable","0. Not mentioned
1. Mentioned"
V202114e,POST: REASON R IS NOT REGISTERED - DID NOT HAVE REQUIRED IDENTIFICATION,What is the main reason you are not registered to vote? You can just give me the number or numbers of your choices.,"-7. No post-election data, deleted due to incomplete interview
-6. No post-election interview
-5. Interview breakoff (sufficient partial IW)
-1. Inapplicable","0. Not mentioned
1. Mentioned"
V202114f,POST: REASON R IS NOT REGISTERED - NOT INTERESTED IN THE ELECTION,What is the main reason you are not registered to vote? You can just give me the number or numbers of your choices.,"-7. No post-election data, deleted due to incomplete interview
-6. No post-election interview
-5. Interview breakoff (sufficient partial IW)
-1. Inapplicable","0. Not mentioned
1. Mentioned"
V202114g,POST: REASON R IS NOT REGISTERED - MY VOTE WOULD NOT MAKE A DIFFERENCE,What is the main reason you are not registered to vote? You can just give me the number or numbers of your choices.,"-7. No post-election data, deleted due to incomplete interview
-6. No post-election interview
-5. Interview breakoff (sufficient partial IW)
-1. Inapplicable","0. Not mentioned
1. Mentioned"
V202114h,POST: REASON R IS NOT REGISTERED - PERMANENT ILLNESS OR DISABILITY,What is the main reason you are not registered to vote? You can just give me the number or numbers of your choices.,"-7. No post-election data, deleted due to incomplete interview
-6. No post-election interview
-5. Interview breakoff (sufficient partial IW)
-1. Inapplicable","0. Not mentioned
1. Mentioned"
V202114i,POST: REASON R IS NOT REGISTERED - DIFFICULTY WITH ENGLISH,What is the main reason you are not registered to vote? You can just give me the number or numbers of your choices.,"-7. No post-election data, deleted due to incomplete interview
-6. No post-election interview
-5. Interview breakoff (sufficient partial IW)
-1. Inapplicable","0. Not mentioned
1. Mentioned"
V202114j,POST: REASON R IS NOT REGISTERED - NOT ELIGIBLE TO VOTE,What is the main reason you are not registered to vote? You can just give me the number or numbers of your choices.,"-7. No post-election data, deleted due to incomplete interview
-6. No post-election interview
-5. Interview breakoff (sufficient partial IW)
-1. Inapplicable","0. Not mentioned
1. Mentioned"
V202114k,POST: REASON R IS NOT REGISTERED - OTHER,What is the main reason you are not registered to vote? You can just give me the number or numbers of your choices.,"-7. No post-election data, deleted due to incomplete interview
-6. No post-election interview
-5. Interview breakoff (sufficient partial IW)
-1. Inapplicable","0. Not mentioned
1. Mentioned"
V202114z,POST: REASON R IS NOT REGISTERED - OTHER {SPECIFY},You said there were other reasons you are not registered to vote. What are those reasons?,-2. Open-end responses available in separate file,
V202115,POST: MAIN REASON WHY R IS NOT REGISTERED (NO BOOKLET),What is the main reason you are not registered to vote?,-2. Open-end responses available in separate file,
V202116,POST: WHEN R VOTED IN 2020 ELECTION,When did you cast your vote in the 2020 general election?,"-9. Refused
-8. Don’t know
-7. No post-election data, deleted due to incomplete interview
-6. No post-election interview
-5. Interview breakoff (sufficient partial IW)
-1. Inapplicable","1. On election day
2. A few days before election day
3. A week or more before election day"
V202117,POST: HOW R VOTED IN 2020 ELECTION,How did you vote?,"-9. Refused
-8. Don’t know
-7. No post-election data, deleted due to incomplete interview
-6. No post-election interview
-5. Interview breakoff (sufficient partial IW)
-1. Inapplicable","1. In person, at the polling place
2. By mail or absentee ballot"
V202118,POST: HOW DOES R USUALLY VOTE,"Thinking back to previous elections, how do you usually vote?","-9. Refused
-8. Don’t know
-7. No post-election data, deleted due to incomplete interview
-6. No post-election interview
-5. Interview breakoff (sufficient partial IW)
-1. Inapplicable","1. In-person, at the polling place
2. By mail or absentee ballot
3. This is my first time voting"
V202119,POST: HOW DIFFICULT WAS IT FOR R TO VOTE,How difficult was it for you to vote in this election?,"-9. Refused
-7. No post-election data, deleted due to incomplete interview
-6. No post-election interview
-5. Interview breakoff (sufficient partial IW)
-1. Inapplicable","1. Not difficult at all
2. A little difficult
3. Moderately difficult
4. Very difficult
5. Extremely difficult"
V202120a,POST: DID R ENCOUNTER ANY PROBLEMS VOTING - REGISTRATION PROBLEM,Did you encounter any of the following problems in trying to vote in this election?,"-9. Refused
-7. No post-election data, deleted due to incomplete interview
-6. No post-election interview
-5. Interview breakoff (sufficient partial IW)
-1. Inapplicable","0. Not mentioned
1. Mentioned"
V202120b,POST: DID R ENCOUNTER ANY PROBLEMS VOTING - CONCERN ABOUT IDENTIFICATION CARD,Did you encounter any of the following problems in trying to vote in this election?,"-9. Refused
-7. No post-election data, deleted due to incomplete interview
-6. No post-election interview
-5. Interview breakoff (sufficient partial IW)
-1. Inapplicable","0. Not mentioned
1. Mentioned"
V202120c,POST: DID R ENCOUNTER ANY PROBLEMS VOTING - DIFFICULTY OBTAINING ABSENTEE BALLOT,Did you encounter any of the following problems in trying to vote in this election?,"-9. Refused
-7. No post-election data, deleted due to incomplete interview
-6. No post-election interview
-5. Interview breakoff (sufficient partial IW)
-1. Inapplicable","0. Not mentioned
1. Mentioned"
V202120d,POST: DID R ENCOUNTER ANY PROBLEMS VOTING - CONFUSION ABOUT BALLOT OR MACHINE,Did you encounter any of the following problems in trying to vote in this election?,"-9. Refused
-7. No post-election data, deleted due to incomplete interview
-6. No post-election interview
-5. Interview breakoff (sufficient partial IW)
-1. Inapplicable","0. Not mentioned
1. Mentioned"
V202120e,POST: DID R ENCOUNTER ANY PROBLEMS VOTING - DIFFICULTY GETTING TO POLLING PLACE,Did you encounter any of the following problems in trying to vote in this election?,"-9. Refused
-7. No post-election data, deleted due to incomplete interview
-6. No post-election interview
-5. Interview breakoff (sufficient partial IW)
-1. Inapplicable","0. Not mentioned
1. Mentioned"
V202120f,POST: DID R ENCOUNTER ANY PROBLEMS VOTING - LONG WAIT TIMES,Did you encounter any of the following problems in trying to vote in this election?,"-9. Refused
-7. No post-election data, deleted due to incomplete interview
-6. No post-election interview
-5. Interview breakoff (sufficient partial IW)
-1. Inapplicable","0. Not mentioned
1. Mentioned"
V202120g,POST: DID R ENCOUNTER ANY PROBLEMS VOTING - WORK SCHEDULE,Did you encounter any of the following problems in trying to vote in this election?,"-9. Refused
-7. No post-election data, deleted due to incomplete interview
-6. No post-election interview
-5. Interview breakoff (sufficient partial IW)
-1. Inapplicable","0. Not mentioned
1. Mentioned"
V202120h,POST: DID R ENCOUNTER ANY PROBLEMS VOTING - BAD WEATHER,Did you encounter any of the following problems in trying to vote in this election?,"-9. Refused
-7. No post-election data, deleted due to incomplete interview
-6. No post-election interview
-5. Interview breakoff (sufficient partial IW)
-1. Inapplicable","0. Not mentioned
1. Mentioned"
V202120i,POST: DID R ENCOUNTER ANY PROBLEMS VOTING - ISSUE MAILING BALLOT,Did you encounter any of the following problems in trying to vote in this election?,"-9. Refused
-7. No post-election data, deleted due to incomplete interview
-6. No post-election interview
-5. Interview breakoff (sufficient partial IW)
-1. Inapplicable","0. Not mentioned
1. Mentioned"
V202120j,POST: DID R ENCOUNTER ANY PROBLEMS VOTING - OTHER PROBLEM,Did you encounter any of the following problems in trying to vote in this election?,"-9. Refused
-7. No post-election data, deleted due to incomplete interview
-6. No post-election interview
-5. Interview breakoff (sufficient partial IW)
-1. Inapplicable","0. Not mentioned
1. Mentioned"
V202120k,POST: DID R ENCOUNTER ANY PROBLEMS VOTING - NONE AT ALL,Did you encounter any of the following problems in trying to vote in this election?,"-9. Refused
-7. No post-election data, deleted due to incomplete interview
-6. No post-election interview
-5. Interview breakoff (sufficient partial IW)
-1. Inapplicable","0. Not mentioned
1. Mentioned"
V202120z,POST: DID R ENCOUNTER ANY PROBLEMS VOTING - OTHER {SPECIFY},Did you encounter any of the following problems in trying to vote in this election?,-2. Open-end responses available in separate file,
V202121,POST: HOW LONG WAS WAIT TIME AT POLLING PLACE,About how long was the wait time at your polling place?,"-7. No post-election data, deleted due to incomplete interview
-6. No post-election interview
-5. Interview breakoff (sufficient partial IW)
-1. Inapplicable","1. 0-15 minutes
2. 16-30 minutes
3. 31-59 minutes
4. 1-2 hours
5. More than 2 hours"
V202122,POST: HOW LONG DOES IT TAKE TO GET TO POLLING PLACE,About how long does it take you to travel to your polling place? 398 CODEBOOK: VARIABLES,"-7. No post-election data, deleted due to incomplete interview
-6. No post-election interview
-5. Interview breakoff (sufficient partial IW)
-1. Inapplicable","1. 0-15 minutes
2. 16-30 minutes
3. 31-59 minutes
4. 1-2 hours
5. More than 2 hours"
V202123,POST: MAIN REASON R DID NOT VOTE,What is the main reason you did not vote?,"-9. Refused
-8. Don’t know
-7. No post-election data, deleted due to incomplete interview
-6. No post-election interview
-5. Interview breakoff (sufficient partial IW)
-1. Inapplicable","1. I forgot
2. I’m not interested
3. Too busy
4. Did not like the candidates
5. I am not registered
6. I did not have the correct form of identification
7. Out of town
8. Sick or disabled
9. Transportation
10. Bad weather
11. The line at the polls was too long
12. I was not allowed to vote at the polls, even though I tried
13. I requested but did not receive an absentee ballot
14. I did not know where to vote
15. I did not feel that I knew enough about the choices
16. Other {SPECIFY}"
V202123z,POST: MAIN REASON R DID NOT VOTE - OTHER {SPECIFY},What is the main reason you did not vote?,-2. Open-end responses available in separate file,
V202124,POST: ANY OTHER REASON R DID NOT VOTE,Was there any other reason you did not vote? 400 CODEBOOK: VARIABLES,"-9. Refused
-8. Don’t know
-7. No post-election data, deleted due to incomplete interview
-6. No post-election interview
-5. Interview breakoff (sufficient partial IW)
-1. Inapplicable","1. I forgot
2. I’m not interested
3. Too busy
4. Did not like the candidates
5. I am not registered
6. I did not have the correct form of identification
7. Out of town
8. Sick or disabled
9. Transportation
10. Bad weather
11. The line at the polls was too long
12. I was not allowed to vote at the polls, even though I tried
13. I requested but did not receive an absentee ballot
14. I did not know where to vote
15. I did not feel that I knew enough about the choices
16. Other {SPECIFY}
17. There were no other reasons {VOL}"
V202124z,POST: ANY OTHER REASON R DID NOT VOTE - OTHER {SPECIFY},Was there any other reason you did not vote?,-2. Open-end responses available in separate file,
V202125,POST: MAIN REASON R DID NOT VOTE (NO BOOKLET),What is the main reason you did not vote?,-2. Open-end responses available in separate file,
V202135,POST: OFFICE RECALL - COMMIT TO NOT LOOK UP ANSWERS,"We are interested in the guesses people make when they do not know the answer to a question. We will ask you several questions. Some may be easy, but others are meant to be so difficult that you will have to guess.","-9. Refused
-7. No post-election data, deleted due to incomplete interview
-6. No post-election interview
-5. Interview breakoff (sufficient partial IW)
-1. Inapplicable","1. I promise to try my best without looking up any answers
2. I do not want to make that promise
3. {CONTINUE} - video/phone only"
V202136,POST: OFFICE RECALL: CATCH QUESTION - LEMANU PELETI MAUGA,The first name is: Lemanu Peleti Mauga What job or political office does he now hold? 402 CODEBOOK: VARIABLES,-2. Open-end responses available in separate file,
V202136,yPOST: OFFICE RECALL: CATCH QUESTION - LEMANU PELETI MAUGA [CODED],,"-9. Refused
-7. No post-election data, deleted due to incomplete interview
-6. No post-election interview
-5. Interview breakoff (sufficient partial IW)
-1. Inapplicable","0. Incorrect
1. Correct"
V202137,POST: OFFICE RECALL: FEEDBACK 1,"You are right! Did you look up the answer to that question, or did you already know it yourself?","-9. Refused
-7. No post-election data, deleted due to incomplete interview
-6. No post-election interview
-5. Interview breakoff (sufficient partial IW)
-1. Inapplicable","1. I looked it up
2. I already knew it"
V202138,POST: OFFICE RECALL: VICE-PRESIDENT - MIKE PENCE POST-ELECTION SURVEY VARIABLES 403,The first name is: Mike Pence What job or political office does he now hold?,-2. Open-end responses available in separate file,
V202138,yPOST: OFFICE RECALL: VICE-PRESIDENT - MIKE PENCE [CODED],,"-9. Refused
-7. No post-election data, deleted due to incomplete interview
-6. No post-election interview
-5. Interview breakoff (sufficient partial IW)
-1. Inapplicable","0. Incorrect
1. Correct"
V202139,POST: OFFICE RECALL: SPEAKER OF THE HOUSE - NANCY PELOSI,Nancy Pelosi What job or political office does she now hold?,-2. Open-end responses available in separate file,
V202139,y1POST: OFFICE RECALL: SPEAKER OF THE HOUSE - NANCY PELOSI [CODED/SCHEME 1],,"-9. Refused
-7. No post-election data, deleted due to incomplete interview
-6. No post-election interview
-5. Interview breakoff (sufficient partial IW)
-1. Inapplicable","0. Incorrect
1. Correct"
V202139,y2POST: OFFICE RECALL: SPEAKER OF THE HOUSE - NANCY PELOSI [CODED/SCHEME 2],,"-9. Refused
-7. No post-election data, deleted due to incomplete interview
-6. No post-election interview
-5. Interview breakoff (sufficient partial IW)
-1. Inapplicable","0. Incorrect
1. Partially correct
2. Correct"
V202140,POST: OFFICE RECALL: GERMAN CHANCELLOR - ANGELA MERKEL,Angela Merkel What job or political office does she now hold?,-2. Open-end responses available in separate file,
V202140,y1POST: OFFICE RECALL: GERMAN CHANCELLOR - ANGELA MERKEL [CODED/SCHEME 1] POST-ELECTION SURVEY VARIABLES 405,,"-9. Refused
-7. No post-election data, deleted due to incomplete interview
-6. No post-election interview
-5. Interview breakoff (sufficient partial IW)
-1. Inapplicable","0. Incorrect
1. Correct"
V202140,y2POST: OFFICE RECALL: GERMAN CHANCELLOR - ANGELA MERKEL [CODED/SCHEME 2],,"-9. Refused
-7. No post-election data, deleted due to incomplete interview
-6. No post-election interview
-5. Interview breakoff (sufficient partial IW)
-1. Inapplicable","0. Incorrect
1. Correct"
V202141,POST: OFFICE RECALL: RUSSIAN PRESIDENT - VLADIMIR PUTIN,Vladimir Putin What job or political office does he now hold?,-2. Open-end responses available in separate file,
V202141,y1POST: OFFICE RECALL: RUSSIAN PRESIDENT - VLADIMIR PUTIN [CODED/SCHEME 1],,"-9. Refused
-7. No post-election data, deleted due to incomplete interview
-6. No post-election interview
-5. Interview breakoff (sufficient partial IW)
-1. Inapplicable","0. Incorrect
1. Correct"
V202141,y2POST: OFFICE RECALL: RUSSIAN PRESIDENT - VLADIMIR PUTIN [CODED/SCHEME 2],,"-9. Refused
-7. No post-election data, deleted due to incomplete interview
-6. No post-election interview
-5. Interview breakoff (sufficient partial IW)
-1. Inapplicable","0. Incorrect
1. Correct"
V202142,POST: OFFICE RECALL: SCOTUS CHIEF JUSTICE - JOHN ROBERTS,John Roberts What job or political office does he now hold?,-2. Open-end responses available in separate file,
V202142,y1POST: OFFICE RECALL: SCOTUS CHIEF JUSTICE - JOHN ROBERTS [CODED/SCHEME 1] POST-ELECTION SURVEY VARIABLES 407,,"-9. Refused
-7. No post-election data, deleted due to incomplete interview
-6. No post-election interview
-5. Interview breakoff (sufficient partial IW)
-1. Inapplicable","0. Incorrect
1. Partially correct
2. Correct"
V202142,y2POST: OFFICE RECALL: SCOTUS CHIEF JUSTICE - JOHN ROBERTS [CODED/SCHEME 2],,"-9. Refused
-7. No post-election data, deleted due to incomplete interview
-6. No post-election interview
-5. Interview breakoff (sufficient partial IW)
-1. Inapplicable","0. Incorrect
1. Correct"
V202143,POST: FEELING THERMOMETER: DEMOCRATIC PRESIDENTIAL CANDIDATE: JOE BIDEN,"On the feeling thermometer scale from 0 to 100, how would you rate Joe Biden?","-9. Refused
-7. No post-election data, deleted due to incomplete interview
-6. No post-election interview
-5. Interview breakoff (sufficient partial IW)
-4. Technical error",
V202144,POST: FEELING THERMOMETER: REPUBLICAN PRESIDENTIAL CANDIDATE: DONALD TRUMP,How would you rate: Donald Trump,"-9. Refused
-7. No post-election data, deleted due to incomplete interview
-6. No post-election interview
-5. Interview breakoff (sufficient partial IW)
-4. Technical error",
V202145,POST: FEELING THERMOMETER: HOUSE DEMOCRATIC CANDIDATE POST-ELECTION SURVEY VARIABLES 409,How would you rate: [Democratic candidate for respondent’s preloaded U.S. House district],"-9. Refused
-7. No post-election data, deleted due to incomplete interview
-6. No post-election interview
-5. Interview breakoff (sufficient partial IW)
-4. Technical error
-1. Inapplicable","998. Don’t know
999. Don’t recognize"
V202146,POST: FEELING THERMOMETER: HOUSE REPUBLICAN CANDIDATE,How would you rate: [Republican candidate for respondent’s preloaded U.S. House district],"-9. Refused
-7. No post-election data, deleted due to incomplete interview
-6. No post-election interview
-5. Interview breakoff (sufficient partial IW)
-4. Technical error
-1. Inapplicable","998. Don’t know
999. Don’t recognize"
V202147,POST: FEELING THERMOMETER: HOUSE IND/3RD- PARTY CANDIDATE,How would you rate: [Independent candidate for respondent’s preloaded U.S. House district],"-9. Refused
-7. No post-election data, deleted due to incomplete interview
-6. No post-election interview
-5. Interview breakoff (sufficient partial IW)
-4. Technical error
-1. Inapplicable",999. Don’t recognize
V202148,POST: FEELING THERMOMETER: SENATE DEMOCRATIC CANDIDATE,How would you rate: [Democratic Senate candidate for respondent’s preloaded state],"-9. Refused
-7. No post-election data, deleted due to incomplete interview
-6. No post-election interview
-5. Interview breakoff (sufficient partial IW)
-4. Technical error
-1. Inapplicable","998. Don’t know
999. Don’t recognize"
V202149,POST: FEELING THERMOMETER: SENATE REPUBLICAN CANDIDATE,How would you rate: [Republican Senate candidate for respondent’s preloaded state],"-9. Refused
-7. No post-election data, deleted due to incomplete interview
-6. No post-election interview
-5. Interview breakoff (sufficient partial IW)
-4. Technical error
-1. Inapplicable","998. Don’t know
999. Don’t recognize"
V202150,POST: FEELING THERMOMETER: SENATE IND/3RD-PARTY CANDIDATE,How would you rate: [Independent Senate candidate for respondent’s preloaded state],"-9. Refused
-7. No post-election data, deleted due to incomplete interview
-6. No post-election interview
-5. Interview breakoff (sufficient partial IW)
-4. Technical error
-1. Inapplicable",999. Don’t recognize
V202151,POST: FEELING THERMOMETER: SPECIAL SENATE DEMOCRATIC CANDIDATE,How would you rate: [Democratic Special Senate candidate for respondent’s preloaded state],"-9. Refused
-7. No post-election data, deleted due to incomplete interview
-6. No post-election interview
-5. Interview breakoff (sufficient partial IW)
-4. Technical error
-1. Inapplicable",
V202152,POST: FEELING THERMOMETER: SPECIAL SENATE REPUBLICAN CANDIDATE,How would you rate: [Republican Special Senate candidate for respondent’s preloaded state] POST-ELECTION SURVEY VARIABLES 413,"-9. Refused
-7. No post-election data, deleted due to incomplete interview
-6. No post-election interview
-5. Interview breakoff (sufficient partial IW)
-4. Technical error
-1. Inapplicable",998. Don’t know
V202152o,thPOST: FEELING THERMOMETER: SPECIAL SENATE IND/OTHER CANDIDATE,How would you rate: [Independent Special Senate candidate for respondent’s preloaded state],"-9. Refused
-7. No post-election data, deleted due to incomplete interview
-6. No post-election interview
-5. Interview breakoff (sufficient partial IW)
-4. Technical error
-1. Inapplicable","998. Don’t know
999. Don’t recognize"
V202153,POST: FEELING THERMOMETER: SR. SENATOR IN STATE WITHOUT RACE,How would you rate: [Senior senator for respondent’s preloaded state],"-9. Refused
-7. No post-election data, deleted due to incomplete interview
-6. No post-election interview
-5. Interview breakoff (sufficient partial IW)
-4. Technical error
-1. Inapplicable","998. Don’t know
999. Don’t recognize"
V202154,POST: FEELING THERMOMETER: JR. SENATOR IN STATE WITHOUT RACE,How would you rate: [Junior senator for respondent’s preloaded state],"-9. Refused
-7. No post-election data, deleted due to incomplete interview
-6. No post-election interview
-5. Interview breakoff (sufficient partial IW)
-4. Technical error
-1. Inapplicable","998. Don’t know
999. Don’t recognize"
V202155,POST: FEELING THERMOMETER: NONRUNNING SENATOR IN STATE W/RACE,How would you rate: [Senator not up for reelection in respondent’s preloaded state],"-9. Refused
-7. No post-election data, deleted due to incomplete interview
-6. No post-election interview
-5. Interview breakoff (sufficient partial IW)
-4. Technical error
-1. Inapplicable","998. Don’t know
999. Don’t recognize"
V202156,POST: FEELING THERMOMETER: DEMOCRATIC VICE PRESIDENTIAL CANDIDATE: KAMALA HARRIS,How would you rate: Kamala Harris 416 CODEBOOK: VARIABLES,"-9. Refused
-7. No post-election data, deleted due to incomplete interview
-6. No post-election interview
-5. Interview breakoff (sufficient partial IW)
-4. Technical error","998. Don’t know
999. Don’t recognize"
V202157,POST: FEELING THERMOMETER: REPUBLICAN VICE PRESIDENTIAL CANDIDATE: MIKE PENCE,How would you rate: Mike Pence,"-9. Refused
-7. No post-election data, deleted due to incomplete interview
-6. No post-election interview
-5. Interview breakoff (sufficient partial IW)
-4. Technical error",999. Don’t recognize
V202158,POST: FEELING THERMOMETER: DR. ANTHONY FAUCI,How would you rate: Dr. Anthony Fauci POST-ELECTION SURVEY VARIABLES 417,"-9. Refused
-7. No post-election data, deleted due to incomplete interview
-6. No post-election interview
-5. Interview breakoff (sufficient partial IW)
-4. Technical error","998. Don’t know
999. Don’t recognize"
V202159,POST: FEELING THERMOMETER: CHRISTIAN FUNDAMENTALISTS,How would you rate: Christian Fundamentalists,"-9. Refused
-7. No post-election data, deleted due to incomplete interview
-6. No post-election interview
-5. Interview breakoff (sufficient partial IW)
-4. Technical error","998. Don’t know
999. Don’t recognize"
V202160,POST: FEELING THERMOMETER: FEMINISTS,How would you rate: Feminists,"-9. Refused
-7. No post-election data, deleted due to incomplete interview
-6. No post-election interview
-5. Interview breakoff (sufficient partial IW)
-4. Technical error","998. Don’t know
999. Don’t recognize"
V202161,POST: FEELING THERMOMETER: LIBERALS,How would you rate: Liberals,"-9. Refused
-7. No post-election data, deleted due to incomplete interview
-6. No post-election interview
-5. Interview breakoff (sufficient partial IW)
-4. Technical error",999. Don’t recognize
V202162,POST: FEELING THERMOMETER: LABOR UNIONS,How would you rate: Labor unions,"-9. Refused
-7. No post-election data, deleted due to incomplete interview
-6. No post-election interview
-5. Interview breakoff (sufficient partial IW)
-4. Technical error","998. Don’t know
999. Don’t recognize"
V202163,POST: FEELING THERMOMETER: BIG BUSINESS,How would you rate: Big business,"-9. Refused
-7. No post-election data, deleted due to incomplete interview
-6. No post-election interview
-5. Interview breakoff (sufficient partial IW)
-4. Technical error","998. Don’t know
999. Don’t recognize"
V202164,POST: FEELING THERMOMETER: CONSERVATIVES,How would you rate: Conservatives,"-9. Refused
-7. No post-election data, deleted due to incomplete interview
-6. No post-election interview
-5. Interview breakoff (sufficient partial IW)
-4. Technical error",999. Don’t recognize
V202165,POST: FEELING THERMOMETER: U.S. SUPREME COURT,How would you rate: The U.S. Supreme Court,"-9. Refused
-7. No post-election data, deleted due to incomplete interview
-6. No post-election interview
-5. Interview breakoff (sufficient partial IW)
-4. Technical error",
V202166,POST: FEELING THERMOMETER: GAY MEN AND LESBIANS,How would you rate: Gay men and lesbians,"-9. Refused
-7. No post-election data, deleted due to incomplete interview
-6. No post-election interview
-5. Interview breakoff (sufficient partial IW)
-4. Technical error","998. Don’t know
999. Don’t recognize"
V202167,POST: FEELING THERMOMETER: CONGRESS,How would you rate: Congress,"-9. Refused
-7. No post-election data, deleted due to incomplete interview
-6. No post-election interview
-5. Interview breakoff (sufficient partial IW)
-4. Technical error",998. Don’t know
V202168,POST: FEELING THERMOMETER: MUSLIMS,How would you rate: Muslims,"-9. Refused
-7. No post-election data, deleted due to incomplete interview
-6. No post-election interview
-5. Interview breakoff (sufficient partial IW)
-4. Technical error",998. Don’t know
V202169,POST: FEELING THERMOMETER: CHRISTIANS,How would you rate: Christians,"-9. Refused
-7. No post-election data, deleted due to incomplete interview
-6. No post-election interview
-5. Interview breakoff (sufficient partial IW)
-4. Technical error",998. Don’t know
V202170,POST: FEELING THERMOMETER: JEWS,How would you rate: Jews,"-9. Refused
-7. No post-election data, deleted due to incomplete interview
-6. No post-election interview
-5. Interview breakoff (sufficient partial IW)
-4. Technical error",998. Don’t know
V202171,POST: FEELING THERMOMETER: POLICE,How would you rate: Police,"-9. Refused
-7. No post-election data, deleted due to incomplete interview
-6. No post-election interview
-5. Interview breakoff (sufficient partial IW)
-4. Technical error",
V202172,POST: FEELING THERMOMETER: TRANSGENDER PEOPLE,How would you rate: Transgender people,"-9. Refused
-7. No post-election data, deleted due to incomplete interview
-6. No post-election interview
-5. Interview breakoff (sufficient partial IW)
-4. Technical error",998. Don’t know
V202173,POST: FEELING THERMOMETER: SCIENTISTS,How would you rate: Scientists,"-9. Refused
-7. No post-election data, deleted due to incomplete interview
-6. No post-election interview
-5. Interview breakoff (sufficient partial IW)
-4. Technical error",998. Don’t know
V202174,POST: FEELING THERMOMETER: BLACK LIVES MATTER,How would you rate: Black Lives Matter movement,"-9. Refused
-7. No post-election data, deleted due to incomplete interview
-6. No post-election interview
-5. Interview breakoff (sufficient partial IW)
-4. Technical error","998. Don’t know
999. Don’t recognize"
V202175,POST: FEELING THERMOMETER: JOURNALISTS,How would you rate: Journalists,"-9. Refused
-7. No post-election data, deleted due to incomplete interview
-6. No post-election interview
-5. Interview breakoff (sufficient partial IW)
-4. Technical error","998. Don’t know
999. Don’t recognize"
V202176,POST: FEELING THERMOMETER: NORTH ATLANTIC TREATY ORGANIZATION (NATO),How would you rate: NATO,"-9. Refused
-7. No post-election data, deleted due to incomplete interview
-6. No post-election interview
-5. Interview breakoff (sufficient partial IW)
-4. Technical error","998. Don’t know
999. Don’t recognize"
V202177,POST: FEELING THERMOMETER: UNITED NATIONS (UN),How would you rate: The United Nations (UN),"-9. Refused
-7. No post-election data, deleted due to incomplete interview
-6. No post-election interview
-5. Interview breakoff (sufficient partial IW)
-4. Technical error","998. Don’t know
999. Don’t recognize"
V202178,POST: FEELING THERMOMETER: NATIONAL RIFLE ASSOCIATION (NRA),How would you rate: The National Rifle Association (NRA),"-9. Refused
-7. No post-election data, deleted due to incomplete interview
-6. No post-election interview
-5. Interview breakoff (sufficient partial IW)
-4. Technical error","998. Don’t know
999. Don’t recognize"
V202179,POST: FEELING THERMOMETER: SOCIALISTS,How would you rate: Socialists,"-9. Refused
-7. No post-election data, deleted due to incomplete interview
-6. No post-election interview
-5. Interview breakoff (sufficient partial IW)
-4. Technical error","998. Don’t know
999. Don’t recognize"
V202180,POST: FEELING THERMOMETER: CAPITALISTS,How would you rate: Capitalists,"-9. Refused
-7. No post-election data, deleted due to incomplete interview
-6. No post-election interview
-5. Interview breakoff (sufficient partial IW)
-4. Technical error","998. Don’t know
999. Don’t recognize"
V202181,POST: FEELING THERMOMETER: FEDERAL BUREAU OF INVESTIGATION (FBI),How would you rate: The Federal Bureau of Investigation (FBI),"-9. Refused
-7. No post-election data, deleted due to incomplete interview
-6. No post-election interview
-5. Interview breakoff (sufficient partial IW)
-4. Technical error","998. Don’t know
999. Don’t recognize"
V202182,POST: FEELING THERMOMETER: IMMIGRATION AND CUSTOMS ENFORCEMENT (ICE) AGENCY,How would you rate: The Immigration and Customs Enforcement (ICE) agency,"-9. Refused
-7. No post-election data, deleted due to incomplete interview
-6. No post-election interview
-5. Interview breakoff (sufficient partial IW)
-4. Technical error","998. Don’t know
999. Don’t recognize"
V202183,POST: FEELING THERMOMETER: #METOO MOVEMENT,How would you rate: The #MeToo movement,"-9. Refused
-7. No post-election data, deleted due to incomplete interview
-6. No post-election interview
-5. Interview breakoff (sufficient partial IW)
-4. Technical error","998. Don’t know
999. Don’t recognize"
V202184,POST: FEELING THERMOMETER: RURAL AMERICANS,How would you rate: Rural Americans,"-9. Refused
-7. No post-election data, deleted due to incomplete interview
-6. No post-election interview
-5. Interview breakoff (sufficient partial IW)
-4. Technical error","998. Don’t know
999. Don’t recognize"
V202185,POST: FEELING THERMOMETER: PLANNED PARENTHOOD,How would you rate: Planned Parenthood,"-9. Refused
-7. No post-election data, deleted due to incomplete interview
-6. No post-election interview
-5. Interview breakoff (sufficient partial IW)
-4. Technical error","998. Don’t know
999. Don’t recognize"
V202186,POST: FEELING THERMOMETER: WORLD HEALTH ORGANIZATION (WHO),How would you rate: The World Health Organization (WHO),"-9. Refused
-7. No post-election data, deleted due to incomplete interview
-6. No post-election interview
-5. Interview breakoff (sufficient partial IW)
-4. Technical error","998. Don’t know
999. Don’t recognize"
V202187,POST: FEELING THERMOMETER: CENTER FOR DISEASE CONTROL (CDC),How would you rate: The Centers for Disease Control (CDC),"-9. Refused
-7. No post-election data, deleted due to incomplete interview
-6. No post-election interview
-5. Interview breakoff (sufficient partial IW)
-4. Technical error","998. Don’t know
999. Don’t recognize"
V202200,POST: APPROVE OR DISAPPROVE OF HOUSE INCUMBENT,"In general, do you approve or disapprove of the way [Representative for Respondent’s preloaded district in the expiring Congress] has been handling [his/her] job?","-9. Refused
-8. Don’t know
-7. No post-election data, deleted due to incomplete interview
-6. No post-election interview
-5. Interview breakoff (sufficient partial IW)
-1. Inapplicable","1. Approve
2. Disapprove"
V202201,POST: HOW MUCH APPROVE HOUSE INCUMBENT,Do you approve strongly or not strongly?,"-9. Refused
-8. Don’t know
-7. No post-election data, deleted due to incomplete interview
-6. No post-election interview
-5. Interview breakoff (sufficient partial IW)
-1. Inapplicable","1. Strongly
2. Not strongly"
V202202,POST: HOW MUCH DISAPPROVE HOUSE INCUMBENT POST-ELECTION SURVEY VARIABLES 433,Do you disapprove strongly or not strongly?,"-9. Refused
-7. No post-election data, deleted due to incomplete interview
-6. No post-election interview
-5. Interview breakoff (sufficient partial IW)
-1. Inapplicable","1. Strongly
2. Not strongly"
V202203x,POST: SUMMARY: APPROVE/DISAPPROVE HOUSE INCUMBENT,,"-7. No post-election data, deleted due to incomplete interview
-6. No post-election interview
-5. Interview breakoff (sufficient partial IW)
-2. DK/RF in V202200, V202201, or V202202
-1. Inapplicable","1. Approve strongly
2. Approve not strongly
3. Disapprove not strongly
4. Disapprove strongly"
V202204,POST: HOW GOOD A JOB DOES HOUSE INCUMBENT DO IN DISTRICT,"How good a job would you say U.S. Representative [Representative for Respondent’s preloaded district in the expiring Congress] does of keeping in touch with the people in your district – does [he/she]do a very good job, fairly good, fairly poor, or a very poor job of keeping in touch with the people in this district? 434 CODEBOOK: VARIABLES","-9. Refused
-8. Don’t know
-7. No post-election data, deleted due to incomplete interview
-6. No post-election interview
-5. Interview breakoff (sufficient partial IW)
-1. Inapplicable","1. Very good
2. Fairly good
3. Fairly poor
4. Very poor"
V202205,POST: MOST IMPORTANT PROBLEMS FACING THE COUNTRY - MENTION 1 [TEXT],"Switching to another topic. What do you think are the most important problems facing this country?If you think there are more than one, please briefly tell me one problem now.",-2. Open-end responses available in separate file,
V202205,"y1POST: MOST IMPORTANT PROBLEMS FACING THE COUNTRY - MENTION 1, IDEA 1 [CODED] POST-ELECTION SURVEY VARIABLES 435",,"-9. Refused
-8. Don’t know
-7. No post data, deleted due to incomplete interview
-6. No post-election interview
-5. Interview breakoff (sufficient partial IW)
-4. Coding error
-1. Inapplicable",
V202205,"y2POST: MOST IMPORTANT PROBLEMS FACING THE COUNTRY - MENTION 1, IDEA 2 [CODED]",,"-9. Refused
-8. Don’t know
-7. No post data, deleted due to incomplete interview
-6. No post-election interview
-5. Interview breakoff (sufficient partial IW)
-4. Coding error
-1. Inapplicable",
V202205,"y3POST: MOST IMPORTANT PROBLEMS FACING THE COUNTRY - MENTION 1, IDEA 3 [CODED]",,"-9. Refused
-8. Don’t know
-7. No post data, deleted due to incomplete interview
-6. No post-election interview
-5. Interview breakoff (sufficient partial IW)
-1. Inapplicable",
V202205,"y4POST: MOST IMPORTANT PROBLEMS FACING THE COUNTRY - MENTION 1, IDEA 4 [CODED]",,"-9. Refused
-8. Don’t know
-7. No post data, deleted due to incomplete interview
-6. No post-election interview
-5. Interview breakoff (sufficient partial IW)
-1. Inapplicable",
V202205,"y5POST: MOST IMPORTANT PROBLEMS FACING THE COUNTRY - MENTION 1, IDEA 5 [CODED]",,"-9. Refused
-8. Don’t know
-7. No post data, deleted due to incomplete interview
-6. No post-election interview
-5. Interview breakoff (sufficient partial IW)
-1. Inapplicable",
V202205,"y6POST: MOST IMPORTANT PROBLEMS FACING THE COUNTRY - MENTION 1, IDEA 6 [CODED]",,"-9. Refused
-8. Don’t know
-7. No post data, deleted due to incomplete interview
-6. No post-election interview
-5. Interview breakoff (sufficient partial IW)
-1. Inapplicable",
V202205,"y7POST: MOST IMPORTANT PROBLEMS FACING THE COUNTRY - MENTION 1, IDEA 7 [CODED]",,"-9. Refused
-8. Don’t know
-7. No post data, deleted due to incomplete interview
-6. No post-election interview
-5. Interview breakoff (sufficient partial IW)
-1. Inapplicable",
V202205,"y8POST: MOST IMPORTANT PROBLEMS FACING THE COUNTRY - MENTION 1, IDEA 8 [CODED]",,"-9. Refused
-8. Don’t know
-7. No post data, deleted due to incomplete interview
-6. No post-election interview
-5. Interview breakoff (sufficient partial IW)
-1. Inapplicable",
V202205,"y9POST: MOST IMPORTANT PROBLEMS FACING THE COUNTRY - MENTION 1, IDEA 9 [CODED]",,"-9. Refused
-8. Don’t know
-7. No post data, deleted due to incomplete interview
-6. No post-election interview
-5. Interview breakoff (sufficient partial IW)
-1. Inapplicable",
V202205,"y10POST: MOST IMPORTANT PROBLEMS FACING THE COUNTRY - MENTION 1, IDEA 10 [CODED]",,"-9. Refused
-8. Don’t know
-7. No post data, deleted due to incomplete interview
-6. No post-election interview
-5. Interview breakoff (sufficient partial IW)
-1. Inapplicable",
V202205,"y11 POST: MOST IMPORTANT PROBLEMS FACING THE COUNTRY - MENTION 1, IDEA 11 [CODED]",,"-9. Refused
-8. Don’t know
-7. No post data, deleted due to incomplete interview
-6. No post-election interview
-5. Interview breakoff (sufficient partial IW)
-1. Inapplicable",
V202205,"y12POST: MOST IMPORTANT PROBLEMS FACING THE COUNTRY - MENTION 1, IDEA 12 [CODED]",,"-9. Refused
-8. Don’t know
-7. No post data, deleted due to incomplete interview
-6. No post-election interview
-5. Interview breakoff (sufficient partial IW)
-1. Inapplicable",
V202205,"y13POST: MOST IMPORTANT PROBLEMS FACING THE COUNTRY - MENTION 1, IDEA 13 [CODED]",,"-9. Refused
-8. Don’t know
-7. No post data, deleted due to incomplete interview
-6. No post-election interview
-5. Interview breakoff (sufficient partial IW)
-1. Inapplicable",
V202205,"y14POST: MOST IMPORTANT PROBLEMS FACING THE COUNTRY - MENTION 1, IDEA 14 [CODED]",,"-9. Refused
-8. Don’t know
-7. No post data, deleted due to incomplete interview
-6. No post-election interview
-5. Interview breakoff (sufficient partial IW)
-1. Inapplicable",
V202205,"y15POST: MOST IMPORTANT PROBLEMS FACING THE COUNTRY - MENTION 1, IDEA 15 [CODED]",,"-9. Refused
-8. Don’t know
-7. No post data, deleted due to incomplete interview
-6. No post-election interview
-5. Interview breakoff (sufficient partial IW)
-1. Inapplicable",
V202205,"y16POST: MOST IMPORTANT PROBLEMS FACING THE COUNTRY - MENTION 1, IDEA 16 [CODED]",,"-9. Refused
-8. Don’t know
-7. No post data, deleted due to incomplete interview
-6. No post-election interview
-5. Interview breakoff (sufficient partial IW)
-1. Inapplicable",
V202206,POST: PARTY TO DEAL WITH MENTION 1 MIP,"Which political party do you think would be the most likely to get thegovernment to do a better job in dealing with this problem – the Democrats, the Republicans or wouldn’t there be much difference between them?","-7. No post-election data, deleted due to incomplete interview
-6. No post-election interview
-5. Interview breakoff (sufficient partial IW)
-1. Inapplicable","1. Democrats
2. Republicans
3. Wouldn’t be much difference"
V202207,POST: MOST IMPORTANT PROBLEMS FACING THE COUNTRY - MENTION 2 [TEXT] POST-ELECTION SURVEY VARIABLES 441,"Can you think of any other important problems facing this country? If so,please briefly mention one of them now.",-2. Open-end responses available in separate file,
V202207,"y1POST: MOST IMPORTANT PROBLEMS FACING THE COUNTRY - MENTION 2, IDEA 1 [CODED]",,"-9. Refused
-8. Don’t know
-7. No post data, deleted due to incomplete interview
-6. No post-election interview
-5. Interview breakoff (sufficient partial IW)
-1. Inapplicable",
V202207,"y2POST: MOST IMPORTANT PROBLEMS FACING THE COUNTRY - MENTION 2, IDEA 2 [CODED]",,"-9. Refused
-8. Don’t know
-7. No post data, deleted due to incomplete interview
-6. No post-election interview
-5. Interview breakoff (sufficient partial IW)
-4. Coding error
-1. Inapplicable",
V202207,"y3POST: MOST IMPORTANT PROBLEMS FACING THE COUNTRY - MENTION 2, IDEA 3 [CODED]",,"-9. Refused
-8. Don’t know
-7. No post data, deleted due to incomplete interview
-6. No post-election interview
-5. Interview breakoff (sufficient partial IW)
-1. Inapplicable",
V202207,"y4POST: MOST IMPORTANT PROBLEMS FACING THE COUNTRY - MENTION 2, IDEA 4 [CODED]",,"-9. Refused
-8. Don’t know
-7. No post data, deleted due to incomplete interview
-6. No post-election interview
-5. Interview breakoff (sufficient partial IW)
-1. Inapplicable",
V202207,"y5POST: MOST IMPORTANT PROBLEMS FACING THE COUNTRY - MENTION 2, IDEA 5 [CODED]",,"-9. Refused
-8. Don’t know
-7. No post data, deleted due to incomplete interview
-6. No post-election interview
-5. Interview breakoff (sufficient partial IW)
-1. Inapplicable",
V202207,"y6POST: MOST IMPORTANT PROBLEMS FACING THE COUNTRY - MENTION 2, IDEA 6 [CODED]",,"-9. Refused
-8. Don’t know
-7. No post data, deleted due to incomplete interview
-6. No post-election interview
-5. Interview breakoff (sufficient partial IW)
-1. Inapplicable",
V202207,"y7POST: MOST IMPORTANT PROBLEMS FACING THE COUNTRY - MENTION 2, IDEA 7 [CODED]",,"-9. Refused
-8. Don’t know
-7. No post data, deleted due to incomplete interview
-6. No post-election interview
-5. Interview breakoff (sufficient partial IW)
-1. Inapplicable",
V202207,"y8POST: MOST IMPORTANT PROBLEMS FACING THE COUNTRY - MENTION 2, IDEA 8 [CODED]",,"-9. Refused
-8. Don’t know
-7. No post data, deleted due to incomplete interview
-6. No post-election interview
-5. Interview breakoff (sufficient partial IW)
-1. Inapplicable",
V202207,"y9POST: MOST IMPORTANT PROBLEMS FACING THE COUNTRY - MENTION 2, IDEA 9 [CODED]",,"-9. Refused
-8. Don’t know
-7. No post data, deleted due to incomplete interview
-6. No post-election interview
-5. Interview breakoff (sufficient partial IW)
-1. Inapplicable",
V202207,"y10POST: MOST IMPORTANT PROBLEMS FACING THE COUNTRY - MENTION 2, IDEA 10 [CODED]",,"-9. Refused
-8. Don’t know
-7. No post data, deleted due to incomplete interview
-6. No post-election interview
-5. Interview breakoff (sufficient partial IW)
-1. Inapplicable",
V202207,"y11 POST: MOST IMPORTANT PROBLEMS FACING THE COUNTRY - MENTION 2, IDEA 11 [CODED]",,"-9. Refused
-8. Don’t know
-7. No post data, deleted due to incomplete interview
-6. No post-election interview
-5. Interview breakoff (sufficient partial IW)
-1. Inapplicable",
V202207,"y12POST: MOST IMPORTANT PROBLEMS FACING THE COUNTRY - MENTION 2, IDEA 12 [CODED]",,"-9. Refused
-8. Don’t know
-7. No post data, deleted due to incomplete interview
-6. No post-election interview
-5. Interview breakoff (sufficient partial IW)
-1. Inapplicable",
V202207,"y13POST: MOST IMPORTANT PROBLEMS FACING THE COUNTRY - MENTION 2, IDEA 13 [CODED]",,"-9. Refused
-8. Don’t know
-7. No post data, deleted due to incomplete interview
-6. No post-election interview
-5. Interview breakoff (sufficient partial IW)
-1. Inapplicable",
V202208,POST: PARTY TO DEAL WITH MENTION 2 MIP,"Which political party do you think would be the most likely to get thegovernment to do a better job in dealing with this problem – the Democrats, the Republicans or wouldn’t there be much difference between them?","-7. No post-election data, deleted due to incomplete interview
-6. No post-election interview
-5. Interview breakoff (sufficient partial IW)
-1. Inapplicable","1. Democrats
2. Republicans
3. Wouldn’t be much difference"
V202209,POST: MOST IMPORTANT PROBLEMS FACING THE COUNTRY - MENTION 3 [TEXT],"Can you think of any other important problems facing this country? If so,please briefly mention one of them now.",-2. Open-end responses available in separate file,
V202209,"y1POST: MOST IMPORTANT PROBLEMS FACING THE COUNTRY - MENTION 3, IDEA 1 [CODED]",,"-9. Refused
-8. Don’t know
-7. No post data, deleted due to incomplete interview
-6. No post-election interview
-5. Interview breakoff (sufficient partial IW)
-1. Inapplicable",
V202209,"y2POST: MOST IMPORTANT PROBLEMS FACING THE COUNTRY - MENTION 3, IDEA 2 [CODED]",,"-9. Refused
-8. Don’t know
-7. No post data, deleted due to incomplete interview
-6. No post-election interview
-5. Interview breakoff (sufficient partial IW)
-1. Inapplicable",
V202209,"y3POST: MOST IMPORTANT PROBLEMS FACING THE COUNTRY - MENTION 3, IDEA 3 [CODED]",,"-9. Refused
-8. Don’t know
-7. No post data, deleted due to incomplete interview
-6. No post-election interview
-5. Interview breakoff (sufficient partial IW)
-1. Inapplicable",
V202209,"y4POST: MOST IMPORTANT PROBLEMS FACING THE COUNTRY - MENTION 3, IDEA 4 [CODED]",,"-9. Refused
-8. Don’t know
-7. No post data, deleted due to incomplete interview
-6. No post-election interview
-5. Interview breakoff (sufficient partial IW)
-1. Inapplicable",
V202209,"y5POST: MOST IMPORTANT PROBLEMS FACING THE COUNTRY - MENTION 3, IDEA 5 [CODED]",,"-9. Refused
-8. Don’t know
-7. No post data, deleted due to incomplete interview
-6. No post-election interview
-5. Interview breakoff (sufficient partial IW)
-1. Inapplicable",
V202209,"y6POST: MOST IMPORTANT PROBLEMS FACING THE COUNTRY - MENTION 3, IDEA 6 [CODED]",,"-9. Refused
-8. Don’t know
-7. No post data, deleted due to incomplete interview
-6. No post-election interview
-5. Interview breakoff (sufficient partial IW)
-1. Inapplicable",
V202209,"y7POST: MOST IMPORTANT PROBLEMS FACING THE COUNTRY - MENTION 3, IDEA 7 [CODED]",,"-9. Refused
-8. Don’t know
-7. No post data, deleted due to incomplete interview
-6. No post-election interview
-5. Interview breakoff (sufficient partial IW)
-1. Inapplicable",
V202209,"y8POST: MOST IMPORTANT PROBLEMS FACING THE COUNTRY - MENTION 3, IDEA 8 [CODED]",,"-9. Refused
-8. Don’t know
-7. No post data, deleted due to incomplete interview
-6. No post-election interview
-5. Interview breakoff (sufficient partial IW)
-1. Inapplicable",
V202209,"y9POST: MOST IMPORTANT PROBLEMS FACING THE COUNTRY - MENTION 3, IDEA 9 [CODED]",,"-9. Refused
-8. Don’t know
-7. No post data, deleted due to incomplete interview
-6. No post-election interview
-5. Interview breakoff (sufficient partial IW)
-1. Inapplicable",
V202210,POST: PARTY TO DEAL WITH MENTION 3 MIP,"Which political party do you think would be the most likely to get thegovernment to do a better job in dealing with this problem – the Democrats, the Republicans or wouldn’t there be much difference between them?","-7. No post-election data, deleted due to incomplete interview
-6. No post-election interview
-5. Interview breakoff (sufficient partial IW)
-1. Inapplicable","1. Democrats
2. Republicans
3. Wouldn’t be much difference"
V202211,POST: WHICH AMONG MENTIONS IS THE MOST IMPORTANT PROBLEM [TEXT],"Of those you’ve mentioned, what would you say is the single most important problem the country faces?",-2. Open-end responses available in separate file,
V202211,y1POST: WHICH AMONG MENTIONS IS THE MOST IMPORTANT PROBLEM - IDEA 1 [CODED],,"-9. Refused
-8. Don’t know
-7. No post data, deleted due to incomplete interview
-6. No post-election interview
-5. Interview breakoff (sufficient partial IW)
-1. Inapplicable",
V202211,y2POST: WHICH AMONG MENTIONS IS THE MOST IMPORTANT PROBLEM - IDEA 2 [CODED] POST-ELECTION SURVEY VARIABLES 451,,"-9. Refused
-8. Don’t know
-7. No post data, deleted due to incomplete interview
-6. No post-election interview
-5. Interview breakoff (sufficient partial IW)
-1. Inapplicable",
V202211,y3POST: WHICH AMONG MENTIONS IS THE MOST IMPORTANT PROBLEM - IDEA 3 [CODED],,"-9. Refused
-8. Don’t know
-7. No post data, deleted due to incomplete interview
-6. No post-election interview
-5. Interview breakoff (sufficient partial IW)
-1. Inapplicable",
V202211,y4POST: WHICH AMONG MENTIONS IS THE MOST IMPORTANT PROBLEM - IDEA 4 [CODED],,"-9. Refused
-8. Don’t know
-7. No post data, deleted due to incomplete interview
-6. No post-election interview
-5. Interview breakoff (sufficient partial IW)
-1. Inapplicable",
V202211,y5POST: WHICH AMONG MENTIONS IS THE MOST IMPORTANT PROBLEM - IDEA 5 [CODED],,"-9. Refused
-8. Don’t know
-7. No post data, deleted due to incomplete interview
-6. No post-election interview
-5. Interview breakoff (sufficient partial IW)
-1. Inapplicable",
V202211,y6POST: WHICH AMONG MENTIONS IS THE MOST IMPORTANT PROBLEM - IDEA 6 [CODED],,"-9. Refused
-8. Don’t know
-7. No post data, deleted due to incomplete interview
-6. No post-election interview
-5. Interview breakoff (sufficient partial IW)
-1. Inapplicable",
V202211,y7POST: WHICH AMONG MENTIONS IS THE MOST IMPORTANT PROBLEM - IDEA 7 [CODED],,"-9. Refused
-8. Don’t know
-7. No post data, deleted due to incomplete interview
-6. No post-election interview
-5. Interview breakoff (sufficient partial IW)
-1. Inapplicable",
V202211,y8POST: WHICH AMONG MENTIONS IS THE MOST IMPORTANT PROBLEM - IDEA 8 [CODED],,"-9. Refused
-8. Don’t know
-7. No post data, deleted due to incomplete interview
-6. No post-election interview
-5. Interview breakoff (sufficient partial IW)
-1. Inapplicable",
V202211,y9POST: WHICH AMONG MENTIONS IS THE MOST IMPORTANT PROBLEM - IDEA 9 [CODED],,"-9. Refused
-8. Don’t know
-7. No post data, deleted due to incomplete interview
-6. No post-election interview
-5. Interview breakoff (sufficient partial IW)
-1. Inapplicable",
V202212,POST: [STD] PUBLIC OFFICIALS DON’T CARE WHAT PEOPLE THINK,"For the following statements, please tell me how strongly you agree or disagree: ‘Public officials don’t care much what people like me think.’ Do you agree strongly, agree somewhat, neither agree nor disagree,disagree somewhat, or disagree strongly with this statement? 454 CODEBOOK: VARIABLES","-9. Refused
-7. No post-election data, deleted due to incomplete interview
-6. No post-election interview
-5. Interview breakoff (sufficient partial IW)
-4. Technical error","1. Agree strongly
2. Agree somewhat
3. Neither agree nor disagree
4. Disagree somewhat
5. Disagree strongly"
V202213,POST: [STD] HAVE NO SAY ABOUT WHAT GOVERMENT DOES,"People like me don’t have any say about what the government does.’ Do you agree strongly, agree somewhat, neither agree nor disagree,disagree somewhat, or disagree strongly with this statement?","-9. Refused
-7. No post-election data, deleted due to incomplete interview
-6. No post-election interview
-5. Interview breakoff (sufficient partial IW)","1. Agree strongly
2. Agree somewhat
3. Neither agree nor disagree
4. Disagree somewhat
5. Disagree strongly"
V202214,POST: [REV] POLITICS/GOVERNMENT TOO COMPLICATED TO UNDERSTAND POST-ELECTION SURVEY VARIABLES 455,How often do politics and government seem so complicated that you can’t really understand what’s going on?,"-9. Refused
-7. No post-election data, deleted due to incomplete interview
-6. No post-election interview
-5. Interview breakoff (sufficient partial IW)
-4. Technical error","1. Always
2. Most of the time
3. About half the time
4. Some of the time
5. Never"
V202215,POST: [REV] HOW WELL DOES R UNDERSTAND IMPORTANT POLITICAL ISSUES,How well do you understand the important political issues facing our country?,"-9. Refused
-7. No post-election data, deleted due to incomplete interview
-6. No post-election interview
-5. Interview breakoff (sufficient partial IW)","1. Extremely well
2. Very well
3. Moderately well
4. Slightly well
5. Not well at all"
V202216,POST: IMPORTANT DIFFERENCES IN WHAT MAJOR PARTIES STAND FOR,"Next, do you think there are any important differences in what the Republicans and Democrats stand for? 456 CODEBOOK: VARIABLES","-9. Refused
-8. Don’t know
-7. No post-election data, deleted due to incomplete interview
-6. No post-election interview
-5. Interview breakoff (sufficient partial IW)","1. Yes, differences
2. No, no differences"
V202217,POST: IS ONE OF THE PARTIES MORE CONSERVATIVE THAN THE OTHER,Would you say that one of the parties is more conservative than the other at the national level?,"-9. Refused
-8. Don’t know
-7. No post-election data, deleted due to incomplete interview
-6. No post-election interview
-5. Interview breakoff (sufficient partial IW)","1. Yes, one party more conservative
2. No, one party not more conservative"
V202218,POST: WHICH IS THE PARTY THAT IS MORE CONSERVATIVE,Which party is more conservative?,"-9. Refused
-8. Don’t know
-7. No post-election data, deleted due to incomplete interview
-6. No post-election interview
-5. Interview breakoff (sufficient partial IW)
-1. Inapplicable","1. Democrats
2. Republicans"
V202219,POST: HOW OFTEN ARE VOTES COUNTED FAIRLY,"In your view, how often do the following things occur in this country’s elections: Votes are counted fairly?","-9. Refused
-8. Don’t know
-7. No post-election data, deleted due to incomplete interview
-6. No post-election interview
-5. Interview breakoff (sufficient partial IW)","1. All of the time
2. Most of the time
3. About half of the time
4. Some of the time
5. Never"
V202220,POST: HOW IMPORTANT THAT MORE HISPANICS GET ELECTED TO POLITICAL OFFICE,How important is it that more Hispanics be elected to political office?,"-9. Refused
-8. Don’t know
-7. No post-election data, deleted due to incomplete interview
-6. No post-election interview
-5. Interview breakoff (sufficient partial IW)
-1. Inapplicable","1. Extremely important
2. Very important
3. Moderately important
4. A little important
5. Not at all important"
V202221,POST: HOW IMPORTANT THAT MORE BLACKS GET ELECTED TO POLITICAL OFFICE,How important is it that more blacks be elected to political office?,"-9. Refused
-8. Don’t know
-7. No post-election data, deleted due to incomplete interview
-6. No post-election interview
-5. Interview breakoff (sufficient partial IW)
-1. Inapplicable","1. Extremely important
2. Very important
3. Moderately important
4. A little important
5. Not at all important"
V202222,POST: HOW IMPORTANT THAT MORE ASIANS GET ELECTED TO POLITICAL OFFICE,How important is it that more Asians be elected to political office?,"-9. Refused
-8. Don’t know
-7. No post-election data, deleted due to incomplete interview
-6. No post-election interview
-5. Interview breakoff (sufficient partial IW)
-1. Inapplicable","1. Extremely important
2. Very important
3. Moderately important
4. A little important
5. Not at all important"
V202223,POST: HOW IMPORTANT THAT MORE LGBT PEOPLE GET ELECTED TO POLITICAL OFFICE,"How important is it that more lesbian, gay, bisexual and transgender people be elected to political office?","-9. Refused
-8. Don’t know
-7. No post-election data, deleted due to incomplete interview
-6. No post-election interview
-5. Interview breakoff (sufficient partial IW)
-1. Inapplicable","1. Extremely important
2. Very important
3. Moderately important
4. A little important
5. Not at all important"
V202224,POST: HOW IMPORTANT THAT MORE WOMEN GET ELECTED TO POLITICAL OFFICE,How important is it that more women be elected to political office?,"-9. Refused
-8. Don’t know
-7. No post-election data, deleted due to incomplete interview
-6. No post-election interview
-5. Interview breakoff (sufficient partial IW)
-1. Inapplicable","1. Extremely important
2. Very important
3. Moderately important
4. A little important
5. Not at all important"
V202225,POST: LIMITS ON CAMPAIGN SPENDING,"Do you favor, oppose, or neither favor nor oppose placing limits on political campaign spending?","-9. Refused
-8. Don’t know
-7. No post-election data, deleted due to incomplete interview
-6. No post-election interview
-5. Interview breakoff (sufficient partial IW)","1. Favor
2. Oppose
3. Neither favor nor oppose"
V202226,POST: CONGRESS PASS LAWS THAT BENEFIT CONTRIBUTOR ORGANIZATION,"When organizations spend [$2,500/$250,000] on advertising to support candidates for Congress, how much does Congress respond by passing laws to benefit those organizations?","-9. Refused
-8. Don’t know
-7. No post-election data, deleted due to incomplete interview
-6. No post-election interview
-5. Interview breakoff (sufficient partial IW)","1. A great deal
2. A lot
3. A moderate amount
4. A little
5. Not at all"
V202227,POST: CONGRESS PASS LAWS THAT BENEFIT CONTRIBUTOR INDIVIDUALS,"When people give [$25/$250/$1,000/$2,500/$5,000] each to the election campaigns of Members of Congress, how much does Congress respond by passing laws to benefit people who gave them money?","-9. Refused
-8. Don’t know
-7. No post-election data, deleted due to incomplete interview
-6. No post-election interview
-5. Interview breakoff (sufficient partial IW)","1. A great deal
2. A lot
3. A moderate amount
4. A little
5. Not at all"
V202228,POST: CONGRESS CHANGE VOTES BECAUSE OF DONATION TO CAMPAIGN,How often do Members of Congress change their votes on legislation because someone donates money to their campaign?,"-9. Refused
-8. Don’t know
-7. No post-election data, deleted due to incomplete interview
-6. No post-election interview
-5. Interview breakoff (sufficient partial IW)","1. Never
2. Rarely
3. A moderate amount of time
4. Very often
5. All the time"
V202229,POST: FAVOR OR OPPOSE PLACING NEW LIMITS ON IMPORTS,Some people have suggested placing new limits on foreign imports in order to protect American jobs. Others say that such limits would raise consumer prices and hurt American exports. Do you favor or oppose placing new limits on imports?,"-9. Refused
-8. Don’t know
-7. No post-election data, deleted due to incomplete interview
-6. No post-election interview
-5. Interview breakoff (sufficient partial IW)","1. Favor
2. Oppose"
V202230,POST: FAVOR OR OPPOSE PLACING NEW LIMITS ON IMPORTS (STRENGTH),Do you [favor/oppose] placing new limits on imports strongly or not strongly?,"-9. Refused
-8. Don’t know
-7. No post-election data, deleted due to incomplete interview
-6. No post-election interview
-5. Interview breakoff (sufficient partial IW)
-1. Inapplicable","1. Strongly
2. Not strongly"
V202231x,POST: SUMMARY: FAVOR/OPPOSE NEW LIMITS ON IMPORTS,,"-7. No post-election data, deleted due to incomplete interview
-6. No post-election interview
-5. Interview breakoff (sufficient partial IW)
-2. DK/RF in V202229 or V202230","1. Favor strongly
2. Favor not strongly
3. Oppose not strongly
4. Oppose strongly"
V202232,POST: WHAT SHOULD IMMIGRATION LEVELS BE,"Do you think the number of immigrants from foreign countries who are permitted to come to the United States to live should be increased a lot, increased a little, left the same as it is now, decreased a little, or decreased a lot? 464 CODEBOOK: VARIABLES","-9. Refused
-8. Don’t know
-7. No post-election data, deleted due to incomplete interview
-6. No post-election interview
-5. Interview breakoff (sufficient partial IW)","1. Increased a lot
2. Increased a little
3. Left the same as it is now
4. Decreased a little
5. Decreased a lot"
V202233,POST: HOW LIKELY IMMIGRATION WILL TAKE AWAY JOBS,"Now I’d like to ask you about immigration in recent years. How likely is it that recent immigration levels will take jobs away from people already here – extremely likely, very likely, somewhat likely, or not at all likely?","-9. Refused
-8. Don’t know
-7. No post-election data, deleted due to incomplete interview
-6. No post-election interview
-5. Interview breakoff (sufficient partial IW)","1. Extremely likely
2. Very likely
3. Somewhat likely
4. Not at all likely"
V202234,POST: FAVOR OR OPPOSE ALLOWING REFUGEES TO COME TO US POST-ELECTION SURVEY VARIABLES 465,"Do you favor, oppose, or neither favor nor oppose allowing refugees who are fleeing war, persecution, or natural disasters in other countries to come to live in the U.S.?","-9. Refused
-8. Don’t know
-7. No post-election data, deleted due to incomplete interview
-6. No post-election interview
-5. Interview breakoff (sufficient partial IW)","1. Favor
2. Oppose
3. Neither favor nor oppose"
V202235,POST: FAVOR OR OPPOSE ALLOWING REFUGEES TO COME TO US (STRENGTH),"Do you [favor/oppose] that a great deal, a moderate amount, or a little?","-9. Refused
-7. No post-election data, deleted due to incomplete interview
-6. No post-election interview
-5. Interview breakoff (sufficient partial IW)
-1. Inapplicable","1. A great deal
2. A moderate amount
3. A little"
V202236x,POST: SUMMARY: FAVOR/OPPOSE ALLOWING REFUGEES TO COME TO US,,"-7. No post-election data, deleted due to incomplete interview
-6. No post-election interview
-5. Interview breakoff (sufficient partial IW)
-2. DK/RF in 202234 or V202235","1. Favor a great deal
2. Favor a moderate amount
3. Favor a little
4. Neither favor nor oppose
5. Oppose a little
6. Oppose a moderate amount
7. Oppose a great deal"
V202237,POST: EFFECT OF ILLEGAL IMMIGRATION ON CRIME RATE,"Does illegal immigration increase, decrease, or have no effect on the crime rate in the U.S.?","-9. Refused
-8. Don’t know
-7. No post-election data, deleted due to incomplete interview
-6. No post-election interview
-5. Interview breakoff (sufficient partial IW)","1. Increase
2. Decrease
3. Have no effect"
V202238,POST: EFFECT OF ILLEGAL IMMIGRATION ON CRIME RATE (STRENGTH),"Does it [increase/decrease] the crime rate a lot, a moderate amount, or a little? POST-ELECTION SURVEY VARIABLES 467","-9. Refused
-7. No post-election data, deleted due to incomplete interview
-6. No post-election interview
-5. Interview breakoff (sufficient partial IW)
-1. Inapplicable","1. A lot
2. A moderate amount
3. A little"
V202239x,POST: SUMMARY: EFFECT OF ILLEGAL IMMIRATION ON CRIME RATE,,"-7. No post-election data, deleted due to incomplete interview
-6. No post-election interview
-5. Interview breakoff (sufficient partial IW)
-2. DK/RF in 202237 or V202238","1. Increase a lot
2. Increase a moderate amount
3. Increase a little
4. Have no effect
5. Decrease a little
6. Decrease a moderate amount
7. Decrease a lot"
V202240,POST: FAVOR OR OPPOSE PROVIDING PATH TO CITIZENSHIP,"Do you favor, oppose, or neither favor nor oppose providing a path to citizenship for unauthorized immigrants who obey the law, pay a fine, and pass security checks? 468 CODEBOOK: VARIABLES","-9. Refused
-8. Don’t know
-7. No post-election data, deleted due to incomplete interview
-6. No post-election interview
-5. Interview breakoff (sufficient partial IW)","1. Favor
2. Oppose
3. Neither favor nor oppose"
V202241,POST: FAVOR OR OPPOSE PROVIDING PATH TO CITIZENSHIP (STRENGTH),"Do you [favor/oppose] that a great deal, a moderate amount, or a little?","-9. Refused
-7. No post-election data, deleted due to incomplete interview
-6. No post-election interview
-5. Interview breakoff (sufficient partial IW)
-1. Inapplicable","1. A great deal
2. A moderate amount
3. A little"
V202242x,POST: SUMMARY: FAVOR/OPPOSE PROVIDING PATH TO CITIZESHIP POST-ELECTION SURVEY VARIABLES 469,,"-7. No post-election data, deleted due to incomplete interview
-6. No post-election interview
-5. Interview breakoff (sufficient partial IW)
-2. DK/RF in 202240 or V202241","1. Favor a great deal
2. Favor a moderate amount
3. Favor a little
4. Neither favor nor oppose
5. Oppose a little
6. Oppose a moderate amount
7. Oppose a great deal"
V202243,POST: FAVOR OR OPPOSE RETURNING UNAUTHORIZED IMMIGRANTS TO NATIVE COUNTRY,"Do you favor, oppose, or neither favor nor oppose returning all unauthorized immigrants to their native countries?","-9. Refused
-8. Don’t know
-7. No post-election data, deleted due to incomplete interview
-6. No post-election interview
-5. Interview breakoff (sufficient partial IW)","1. Favor
2. Oppose
3. Neither favor nor oppose"
V202244,POST: FAVOR OR OPPOSE RETURNING UNAUTH IMMIGRANTS TO NATIVE COUNTRY (STRENGTH),"Do you [favor/oppose] that a great deal, a moderate amount, or a little? 470 CODEBOOK: VARIABLES","-9. Refused
-7. No post-election data, deleted due to incomplete interview
-6. No post-election interview
-5. Interview breakoff (sufficient partial IW)
-1. Inapplicable","1. A great deal
2. A moderate amount
3. A little"
V202245x,POST: SUMMARY: FAVOR/OPPOSE RETURNING UNAUTHORIZE IMMIGRANTS TO NATIVE COUNTRY,,"-7. No post-election data, deleted due to incomplete interview
-6. No post-election interview
-5. Interview breakoff (sufficient partial IW)
-2. DK/RF in 202243 or V202244","1. Favor a great deal
2. Favor a moderate amount
3. Favor a little
4. Neither favor nor oppose
5. Oppose a little
6. Oppose a moderate amount
7. Oppose a great deal"
V202246,POST: FAVOR OR OPPOSE SEPARATING CHILDREN OF DETAINED IMMIGRANTS,"Do you favor, oppose, or neither favor nor oppose separating the children of detained immigrants, rather than keeping them with their parents in adult detention centers? POST-ELECTION SURVEY VARIABLES 471","-9. Refused
-8. Don’t know
-7. No post-election data, deleted due to incomplete interview
-6. No post-election interview
-5. Interview breakoff (sufficient partial IW)","1. Favor
2. Oppose
3. Neither favor nor oppose"
V202247,POST: FAVOR OR OPPOSE SEPARATING CHILDREN OF DETAINED IMMIGRANTS (STRENGTH),"Do you [favor/oppose] that a great deal, a moderate amount, or a little?","-9. Refused
-7. No post-election data, deleted due to incomplete interview
-6. No post-election interview
-5. Interview breakoff (sufficient partial IW)
-1. Inapplicable","1. A great deal
2. A moderate amount
3. A little"
V202248x,POST: SUMMARY: FAVOR/OPPOSE SEPARATING CHILDREN OF DETAINED IMMIGRANTS,,"-7. No post-election data, deleted due to incomplete interview
-6. No post-election interview
-5. Interview breakoff (sufficient partial IW)
-2. DK/RF in 202246 or V202247","1. Favor a great deal
2. Favor a moderate amount
3. Favor a little
4. Neither favor nor oppose
5. Oppose a little
6. Oppose a moderate amount
7. Oppose a great deal"
V202249,POST: FOR OR AGAINST PREFERENTIAL HIRING/PROMOTION OF BLACKS,What about your opinion – are you for or against preferential hiring and promotion of blacks?,"-9. Refused
-8. Don’t know
-7. No post-election data, deleted due to incomplete interview
-6. No post-election interview
-5. Interview breakoff (sufficient partial IW)","1. For preferential hiring and promotion of blacks
2. Against preferential hiring and promotion of blacks"
V202250,POST: FAVOR PREFERENTIAL HIRING/PROMOTION OF BLACKS STRONGLY OR NOT STRONGLY,Do you favor preference in hiring and promotion strongly or not strongly?,"-7. No post-election data, deleted due to incomplete interview
-6. No post-election interview
-5. Interview breakoff (sufficient partial IW)
-1. Inapplicable","1. Strongly
2. Not strongly"
V202251,POST: OPPOSE PREFERENTIAL HIRING/PROMOTION BLACKS STRONGLY OR NOT STRONGLY,Do you oppose preference in hiring and promotion strongly or not strongly?,"-9. Refused
-7. No post-election data, deleted due to incomplete interview
-6. No post-election interview
-5. Interview breakoff (sufficient partial IW)
-1. Inapplicable","1. Strongly
2. Not strongly"
V202252x,POST: SUMMARY: FAVOR/OPPOSE PREFERENTIAL HIRING/PROMOTION OF BLACKS,,"-7. No post-election data, deleted due to incomplete interview
-6. No post-election interview
-5. Interview breakoff (sufficient partial IW)
-2. DK/RF V202249, V202250, or V202251","1. Strongly for preferential hiring/promotion of blacks
2. Not strongly for preferential hiring/promotion of blacks
3. Not strongly against preferential hiring/promotion of blacks
4. Strongly against preferential hiring/promotion of blacks"
V202253,POST: LESS GOVERNMENT BETTER OR MORE THAT GOVERNMENT SHOULD BE DOING,Which of the following statements comes closer to your view?,"-9. Refused
-8. Don’t know
-7. No post-election data, deleted due to incomplete interview
-6. No post-election interview
-5. Interview breakoff (sufficient partial IW)","1. The less government the better
2. More things government should be doing"
V202254,POST: LESS GOVERNMENT BETTER OR MORE THAT GOVERNMENT SHOULD BE DOING (STRENGTH),How strongly do you feel this way?,"-9. Refused
-7. No post-election data, deleted due to incomplete interview
-6. No post-election interview
-5. Interview breakoff (sufficient partial IW)
-1. Inapplicable","1. Very strongly
2. Somewhat strongly
3. Not strongly"
V202255x,POST:SUMMARY: LESS OR MORE GOVERNMENT POST-ELECTION SURVEY VARIABLES 475,,"-7. No post-election data, deleted due to incomplete interview
-6. No post-election interview
-5. Interview breakoff (sufficient partial IW)
-2. DK/RF V202253 or V202254","1. Feels strongly less government better
2. Feels somewhat strongly less government better
3. Feels not strongly less government better
4. Feels not strongly more things government should be doing
5. Feels somewhat stongly more things government should be"
V202256,POST: WOULD IT BE GOOD FOR SOCIETY TO HAVE MORE OR LESS GOVERNMENT REGULATION,"Would it be good for society to have more government regulation, about the same amount of regulation as there is now, or less government regulation?","-9. Refused
-8. Don’t know
-7. No post-election data, deleted due to incomplete interview
-6. No post-election interview
-5. Interview breakoff (sufficient partial IW)","1. Much more
2. Somewhat more
3. A little more
4. About the same amount
5. A little less
6. Somewhat less
7. Much less"
V202257,POST: FAVOR OR OPPOSE GOVERNMENT TRYING TO REDUCE INCOME INEQUALITY,"Next, do you favor, oppose, or neither favor nor oppose the governmenttrying to reduce the difference in incomes between the richest and poorest households?","-9. Refused
-8. Don’t know
-7. No post-election data, deleted due to incomplete interview
-6. No post-election interview
-5. Interview breakoff (sufficient partial IW)","1. Favor
2. Oppose
3. Neither favor nor oppose"
V202258,POST: FAVOR OR OPPOSE GOVERNMENT TRYING TO REDUCE INCOME INEQUALITY (STRENGTH),"Do you [favor/oppose] that a great deal, a moderate amount, or a little?","-9. Refused
-7. No post-election data, deleted due to incomplete interview
-6. No post-election interview
-5. Interview breakoff (sufficient partial IW)
-1. Inapplicable","1. A great deal
2. A moderate amount
3. A little"
V202259x,POST: SUMMARY: FAVOR/OPPOSE GOVERNMENT TRYING TO REDUCE INCOME INEQUALITY POST-ELECTION SURVEY VARIABLES 477,,"-7. No post-election data, deleted due to incomplete interview
-6. No post-election interview
-5. Interview breakoff (sufficient partial IW)
-2. DK/RF in 202257 or V202258","1. Favor a great deal
2. Favor a moderate amount
3. Favor a little
4. Neither favor nor oppose
5. Oppose a little
6. Oppose a moderate amount
7. Oppose a great deal"
V202260,POST: SOCIETY SHOULD MAKE SURE EVERYONE HAS EQUAL OPPORTUNITY,"‘Our society should do whatever is necessary to make sure that everyone has an equal opportunity to succeed.’ Do you agree strongly, agree somewhat, neither agree nor disagree, disagree somewhat, or disagree strongly with this statement?","-9. Refused
-7. No post-election data, deleted due to incomplete interview
-6. No post-election interview
-5. Interview breakoff (sufficient partial IW)","1. Agree strongly
2. Agree somewhat
3. Neither agree nor disagree
4. Disagree somewhat
5. Disagree strongly"
V202261,POST: WE’D BE BETTER OFF IF WORRIED LESS ABOUT EQUALITY,"‘This country would be better off if we worried less about how equal people are.’ Do you agree strongly, agree somewhat, neither agree nor disagree, disagree somewhat, or disagree strongly with this statement?","-9. Refused
-8. Don’t know
-7. No post-election data, deleted due to incomplete interview
-6. No post-election interview
-5. Interview breakoff (sufficient partial IW)","1. Agree strongly
2. Agree somewhat
3. Neither agree nor disagree
4. Disagree somewhat
5. Disagree strongly"
V202262,POST: NOT A BIG PROBLEM IF SOME HAVE MORE CHANCE IN LIFE,"‘It is not really that big a problem if some people have more of a chance in life than others.’ Do you agree strongly, agree somewhat, neither agree nor disagree, disagree somewhat, or disagree strongly with this statement?","-9. Refused
-7. No post-election data, deleted due to incomplete interview
-6. No post-election interview
-5. Interview breakoff (sufficient partial IW)","1. Agree strongly
2. Agree somewhat
3. Neither agree nor disagree
4. Disagree somewhat
5. Disagree strongly"
V202263,POST: IF PEOPLE WERE TREATED MORE FAIRLY WE WOULD HAVE FEWER PROBLEMS,"‘If people were treated more equally in this country we would have many fewer problems.’ Do you agree strongly, agree somewhat, neither agree nor disagree, disagree somewhat, or disagree strongly with this statement?","-9. Refused
-8. Don’t know
-7. No post-election data, deleted due to incomplete interview
-6. No post-election interview
-5. Interview breakoff (sufficient partial IW)","1. Agree strongly
2. Agree somewhat
3. Neither agree nor disagree
4. Disagree somewhat
5. Disagree strongly"
V202264,POST: THE WORLD IS CHANGING & WE SHOULD ADJUST VIEW OF MORAL BEHAVIOR,"‘The world is always changing and we should adjust our view of moral behavior to those changes.’ Do you agree strongly, agree somewhat, neither agree nor disagree, disagree somewhat, or disagree strongly with this statement?","-9. Refused
-8. Don’t know
-7. No post-election data, deleted due to incomplete interview
-6. No post-election interview
-5. Interview breakoff (sufficient partial IW)","1. Agree strongly
2. Agree somewhat
3. Neither agree nor disagree
4. Disagree somewhat
5. Disagree strongly"
V202265,POST: FEWER PROBLEMS IF THERE WAS MORE EMPHASIS ON TRADITIONAL FAMILY VALUES,"‘This country would have many fewer problems if there were more emphasis on traditional family ties.’ Do you agree strongly, agree somewhat, neither agree nor disagree, disagree somewhat, or disagree strongly with this statement?","-9. Refused
-8. Don’t know
-7. No post-election data, deleted due to incomplete interview
-6. No post-election interview
-5. Interview breakoff (sufficient partial IW)","1. Agree strongly
2. Agree somewhat
3. Neither agree nor disagree
4. Disagree somewhat
5. Disagree strongly"
V202266,POST: WHICH CHILD TRAIT MORE IMPORTANT: INDEPENDENCE OR RESPECT POST-ELECTION SURVEY VARIABLES 481,Please tell me which one you think is more important for a child to have: Independence or respect for elders,"-9. Refused
-7. No post-election data, deleted due to incomplete interview
-6. No post-election interview
-5. Interview breakoff (sufficient partial IW)","1. Independence
2. Respect for elders
3. Both {VOL - video/phone only}"
V202267,POST: WHICH CHILD TRAIT MORE IMPORTANT: CURIOSITY OR GOOD MANNERS,Which one is more important for a child to have: Curiosity or good manners,"-9. Refused
-7. No post-election data, deleted due to incomplete interview
-6. No post-election interview
-5. Interview breakoff (sufficient partial IW)","1. Curiosity
2. Good manners
3. Both {VOL - video/phone only}"
V202268,POST: WHICH CHILD TRAIT MORE IMPORTANT: OBEDIENCE OR SELF-RELIANCE,Which one is more important for a child to have: Obedience or self-reliance 482 CODEBOOK: VARIABLES,"-9. Refused
-7. No post-election data, deleted due to incomplete interview
-6. No post-election interview
-5. Interview breakoff (sufficient partial IW)","1. Obedience
2. Self-reliance
3. Both {VOL}
4. Neither {VOL - video/phone only}"
V202269,POST: WHICH CHILD TRAIT MORE IMPORTANT: CONSIDERATE OR WELL-BEHAVED,Which one is more important for a child to have: Being considerate or well behaved,"-9. Refused
-7. No post-election data, deleted due to incomplete interview
-6. No post-election interview
-5. Interview breakoff (sufficient partial IW)","1. Being considerate
2. Well behaved
3. Both {VOL - video/phone only}"
V202270,POST: BETTER IF REST OF WORLD MORE LIKE AMERICA,"‘The world would be a better place if people from other countries were more like Americans.’ Do you agree strongly, agree somewhat, neither agree nor disagree, disagree somewhat, or disagree strongly with this statement? POST-ELECTION SURVEY VARIABLES 483","-9. Refused
-8. Don’t know
-7. No post-election data, deleted due to incomplete interview
-6. No post-election interview
-5. Interview breakoff (sufficient partial IW)","1. Agree strongly
2. Agree somewhat
3. Neither agree nor disagree
4. Disagree somewhat
5. Disagree strongly"
V202271,POST: IS THE US BETTER OR WORSE THAN MOST OTHER COUNTRIES,"Generally speaking, is the United States better, worse, or about the same as most other countries?","-9. Refused
-8. Don’t know
-7. No post-election data, deleted due to incomplete interview
-6. No post-election interview
-5. Interview breakoff (sufficient partial IW)","1. Better
2. Worse
3. The same"
V202272,POST: IS THE US BETTER OR WORSE THAN MOST OTHER COUNTRIES (STRENGTH),Is that a lot [better/worse] or somewhat [better/worse]? 484 CODEBOOK: VARIABLES,"-9. Refused
-8. Don’t know
-7. No post-election data, deleted due to incomplete interview
-6. No post-election interview
-5. Interview breakoff (sufficient partial IW)
-1. Inapplicable","1. A lot
2. Somewhat"
V202273x,POST: SUMMARY: US BETTER OR WOSE THAN MOST OTHER COUNTRIES,,"-7. No post-election data, deleted due to incomplete interview
-6. No post-election interview
-5. Interview breakoff (sufficient partial IW)
-2. DK/RF in V202271 or V202272","1. A lot better
2. Somewhat better
3. The same
4. Somewhat worse
5. A lot worse"
V202274,POST: PEOPLE IN RURAL AREAS GET MORE OR LESS FROM GOVERNMENT,"Compared to people living in cities, do people living in small towns and rural areas get more, the same, or less than they deserve from the government? POST-ELECTION SURVEY VARIABLES 485","-9. Refused
-8. Don’t know
-7. No post-election data, deleted due to incomplete interview
-6. No post-election interview
-5. Interview breakoff (sufficient partial IW)","1. More
2. The same
3. Less"
V202275,POST: PEOPLE IN RURAL AREAS GET MORE OR LESS FROM GOVERNMENT (STRENGTH),"Do they get a great deal [more/less], moderately [more/less], or a little [more/less] than they deserve from the government?","-9. Refused
-7. No post-election data, deleted due to incomplete interview
-6. No post-election interview
-5. Interview breakoff (sufficient partial IW)
-1. Inapplicable","1. A great deal
2. Moderately
3. A little"
V202276x,POST: SUMMARY: PEOPLE IN RURAL AREAS GET MORE/LESS FROM GOVERNMENT,,"-7. No post-election data, deleted due to incomplete interview
-6. No post-election interview
-5. Interview breakoff (sufficient partial IW)
-2. DK/RF in V202274 or V202275","1. A great deal more
2. Moderately more
3. A little more
4. The same
5. A little less
6. Moderately less
7. A great deal less"
V202277,POST: PEOPLE IN RURAL AREAS HAVE TOO MUCH OR TOO LITTLE INFLUENCE,"Compared to people living in cities, do people living in small towns and rural areas have too much influence, too little influence, or about the right amount of influence on government?","-9. Refused
-8. Don’t know
-7. No post-election data, deleted due to incomplete interview
-6. No post-election interview
-5. Interview breakoff (sufficient partial IW)","1. Too much
2. Too little
3. About the right amount"
V202278,POST: PEOPLE IN RURAL AREAS HAVE TOO MUCH OR TOO LITTLE INFLUENCE (STRENGTH),"Do they have much too [much/little], somewhat too [much/little], or a bit too [much/little] influence on government? POST-ELECTION SURVEY VARIABLES 487","-9. Refused
-8. Don’t know
-7. No post-election data, deleted due to incomplete interview
-6. No post-election interview
-5. Interview breakoff (sufficient partial IW)
-1. Inapplicable","1. Much
2. Somewhat
3. A bit"
V202279x,POST: SUMMARY: PEOPLE IN RURAL AREAS HAVE TOO MUCH/TOO LITTLE INFLUENCE,,"-7. No post-election data, deleted due to incomplete interview
-6. No post-election interview
-5. Interview breakoff (sufficient partial IW)
-2. DK/RF in V202277 or V202278","1. Much too much
2. Somewhat too much
3. A little too much
4. About the right amount
5. A little too little
6. Somewhat too little
7. Much too little"
V202280,POST: PEOPLE IN RURAL AREAS GET TOO MUCH OR TOO LITTLE RESPECT,"Do people living in small towns and rural areas get too much respect, too little respect, or about the right amount of respect from people living in cities? 488 CODEBOOK: VARIABLES","-9. Refused
-8. Don’t know
-7. No post-election data, deleted due to incomplete interview
-6. No post-election interview
-5. Interview breakoff (sufficient partial IW)","1. Too much
2. Too little
3. About the right amount"
V202281,POST: PEOPLE IN RURAL AREAS GET TOO MUCH OR TOO LITTLE RESPECT (STRENGTH),"Do they get much too [much/little], somewhat too [much/little], or a bit too [much/little] respect from people living in cities?","-9. Refused
-8. Don’t know
-7. No post-election data, deleted due to incomplete interview
-6. No post-election interview
-5. Interview breakoff (sufficient partial IW)
-1. Inapplicable","1. Much
2. Somewhat
3. A bit"
V202282x,POST: SUMMARY: PEOPLE IN RURAL AREAS GET TOO MUCH/TOO LITTLE RESPECT POST-ELECTION SURVEY VARIABLES 489,,"-7. No post-election data, deleted due to incomplete interview
-6. No post-election interview
-5. Interview breakoff (sufficient partial IW)
-2. DK/RF in V202280 or V202281","1. Much too much
2. Somewhat too much
3. A little too much
4. About the right amount
5. A little too little
6. Somewhat too little
7. Much too little"
V202283,POST: EASIER OR HARDER FOR WORKING MOTHER TO BOND WITH CHILD,"Do you think it is easier, harder, or neither easier nor harder for mothers who work outside the home to establish a warm and secure relationship with their children than it is for mothers who stay at home?","-9. Refused
-8. Don’t know
-7. No post-election data, deleted due to incomplete interview
-6. No post-election interview
-5. Interview breakoff (sufficient partial IW)","1. Easier
2. Harder
3. Neither easier nor harder"
V202284,POST: HOW MUCH EASIER FOR WORKING MOTHER TO BOND WITH CHILD,"Is it a great deal easier, somewhat easier, or slightly easier for mothers who work outside the home to establish a warm and secure relationship with their children? 490 CODEBOOK: VARIABLES","-7. No post-election data, deleted due to incomplete interview
-6. No post-election interview
-5. Interview breakoff (sufficient partial IW)
-1. Inapplicable","1. A great deal
2. Somewhat
3. Slightly"
V202285,POST: HOW MUCH HARDER FOR WORKING MOTHER TO BOND WITH CHILD,"Is it a great deal harder, somewhat harder, or slightly harder for mothers who work outside the home to establish a warm and secure relationship with their children?","-9. Refused
-8. Don’t know
-7. No post-election data, deleted due to incomplete interview
-6. No post-election interview
-5. Interview breakoff (sufficient partial IW)
-1. Inapplicable","1. A great deal
2. Somewhat
3. Slightly"
V202286x,POST: SUMMARY: EASIER/HARDER FOR WORKING MOTHER TO BOND WITH CHILD POST-ELECTION SURVEY VARIABLES 491,,"-7. No post-election data, deleted due to incomplete interview
-6. No post-election interview
-5. Interview breakoff (sufficient partial IW)
-2. DK/RF in V202283, V202284, or V202285","1. A great deal easier
2. Somewhat easier
3. Slightly easier
4. Niether easier nor harder
5. Slightly harder
6. Somewhat harder
7. A great deal harder"
V202287,POST: BETTER OR WORSE IF MAN WORKS AND WOMAN TAKES CARE OF HOME,"Do you think it is better, worse, or makes no difference for the family as a whole if the man works outside the home and the woman takes care of the home and family?","-9. Refused
-8. Don’t know
-7. No post-election data, deleted due to incomplete interview
-6. No post-election interview
-5. Interview breakoff (sufficient partial IW)","1. Better
2. Worse
3. Makes no difference"
V202288,POST: HOW MUCH BETTER IF MAN WORKS AND WOMAN TAKES CARE OF HOME,"Is it much better, somewhat better, or slightly better? 492 CODEBOOK: VARIABLES","-9. Refused
-7. No post-election data, deleted due to incomplete interview
-6. No post-election interview
-5. Interview breakoff (sufficient partial IW)
-1. Inapplicable","1. Much
2. Somewhat
3. Slightly"
V202289,POST: HOW MUCH WORSE IF MAN WORKS AND WOMAN TAKES CARE OF HOME,"Is it much worse, somewhat worse, or slightly worse?","-7. No post-election data, deleted due to incomplete interview
-6. No post-election interview
-5. Interview breakoff (sufficient partial IW)
-1. Inapplicable","1. Much
2. Somewhat
3. Slightly"
V202290x,POST: SUMMARY: BETTER/WORSE IF MAN WORKS AND WOMAN TAKES CARE OF HOME POST-ELECTION SURVEY VARIABLES 493,,"-7. No post-election data, deleted due to incomplete interview
-6. No post-election interview
-5. Interview breakoff (sufficient partial IW)
-2. DK/RF in V202287, V202288 or V202289","1. Much better
2. Somewhat better
3. Slightly better
4. Makes no difference
5. Slightly worse
6. Somewhat worse
7. Much worse"
V202291,POST: DO WOMEN DEMANDING EQUALITY SEEK SPECIAL FAVORS,"When women demand equality these days, how often are they actually seeking special favors?","-9. Refused
-8. Don’t know
-7. No post-election data, deleted due to incomplete interview
-6. No post-election interview
-5. Interview breakoff (sufficient partial IW)","1. Always
2. Most of the time
3. About half the time
4. Some of the time
5. Never"
V202292,POST: DO WOMEN COMPLAINING ABOUT DISCRIMINATION CAUSE MORE PROBLEMS,"When women complain about discrimination, how often do they cause more problems than they solve? 494 CODEBOOK: VARIABLES","-9. Refused
-8. Don’t know
-7. No post-election data, deleted due to incomplete interview
-6. No post-election interview
-5. Interview breakoff (sufficient partial IW)","1. Always
2. Most of the time
3. About half the time
4. Some of the time
5. Never"
V202300,POST: AGREE/DISAGREE: BLACKS SHOULD WORK THEIR WAY UP WITHOUT SPECIAL FAVORS,"‘Irish, Italian, Jewish and many other minorities overcame prejudice and worked their way up. Blacks should do the same without any special favors.’ Do you agree strongly, agree somewhat, neither agree nor disagree,disagree somewhat, or disagree strongly with this statement?","-9. Refused
-8. Don’t know
-7. No post-election data, deleted due to incomplete interview
-6. No post-election interview
-5. Interview breakoff (sufficient partial IW)","1. Agree strongly
2. Agree somewhat
3. Neither agree nor disagree
4. Disagree somewhat
5. Disagree strongly"
V202301,POST: AGREE/DISAGREE: PAST SLAVERY & DISCRIMINATION MAKE IT DIFFICULT FOR BLACKS,"‘Generations of slavery and discrimination have created conditions that make it difficult for blacks to work their way out of the lower class.’ Do you agree strongly, agree somewhat, neither agree nor disagree, disagree somewhat, or disagree strongly with this statement?","-9. Refused
-7. No post-election data, deleted due to incomplete interview
-6. No post-election interview
-5. Interview breakoff (sufficient partial IW)","1. Agree strongly
2. Agree somewhat
3. Neither agree nor disagree
4. Disagree somewhat
5. Disagree strongly"
V202302,POST: AGREE/DISAGREE: BLACKS HAVE GOTTEN LESS THAN THEY DESERVE,"‘Over the past few years, blacks have gotten less than they deserve.’ Do you agree strongly, agree somewhat, neither agree nor disagree, disagree somewhat, or disagree strongly with this statement? 496 CODEBOOK: VARIABLES","-9. Refused
-8. Don’t know
-7. No post-election data, deleted due to incomplete interview
-6. No post-election interview
-5. Interview breakoff (sufficient partial IW)","1. Agree strongly
2. Agree somewhat
3. Neither agree nor disagree
4. Disagree somewhat
5. Disagree strongly"
V202303,POST: AGREE/DISAGREE: IF BLACKS TRIED HARDER THEY’D BE AS WELL OFF AS WHITES,"‘It’s really a matter of some people not trying hard enough; if blacks would only try harder they could be just as well off as whites.’ Do you agree strongly, agree somewhat, neither agree nor disagree, disagree somewhat, or disagree strongly with this statement?","-9. Refused
-8. Don’t know
-7. No post-election data, deleted due to incomplete interview
-6. No post-election interview
-5. Interview breakoff (sufficient partial IW)","1. Agree strongly
2. Agree somewhat
3. Neither agree nor disagree
4. Disagree somewhat
5. Disagree strongly"
V202304,POST: OUR POLITICAL SYSTEM ONLY WORKS FOR INSIDERS WITH MONEY AND POWER POST-ELECTION SURVEY VARIABLES 497,How well does the following statement describe your view? ‘Our political system only works for the insiders with money and power.’,"-9. Refused
-8. Don’t know
-7. No post-election data, deleted due to incomplete interview
-6. No post-election interview
-5. Interview breakoff (sufficient partial IW)","1. Not at all well
2. Not very well
3. Somewhat well
4. Very well
5. Extremely well"
V202305,POST: BECAUSE OF RICH AND POWERFUL IT’S DIFFICULT FOR THE REST TO GET AHEAD,"How well does the following statement describe your view? ‘Because of the rich and powerful, it becomes difficult for the rest of us to get ahead.’","-9. Refused
-8. Don’t know
-7. No post-election data, deleted due to incomplete interview
-6. No post-election interview
-5. Interview breakoff (sufficient partial IW)","1. Not at all well
2. Not very well
3. Somewhat well
4. Very well
5. Extremely well"
V202306,POST: TRUST ORDINARY PEOPLE OR EXPERTS FOR PUBLIC POLICY,"When it comes to public policy decisions, whom do you tend to trust more: ordinary people, experts, or trust both the same?","-9. Refused
-8. Don’t know
-7. No post-election data, deleted due to incomplete interview
-6. No post-election interview
-5. Interview breakoff (sufficient partial IW)","1. Trust ordinary people more
2. Trust experts more
3. Trust both the same"
V202307,POST: TRUST ORDINARY PEOPLE OR EXPERTS FOR PUBLIC POLICY (STRENGTH),Do you trust [ordinary people/experts] much more or somewhat more?,"-9. Refused
-7. No post-election data, deleted due to incomplete interview
-6. No post-election interview
-5. Interview breakoff (sufficient partial IW)
-1. Inapplicable","1. Much more
2. Somewhat more"
V202308x,POST: SUMMARY: TRUST ORDINARY PEOPLE/EXPERTS FOR PUBLIC POLICY POST-ELECTION SURVEY VARIABLES 499,,"-7. No post-election data, deleted due to incomplete interview
-6. No post-election interview
-5. Interview breakoff (sufficient partial IW)
-2. DK/RF in V202306 or V202307","1. Trust ordinary people much more
2. Trust ordinary people somewhat more
3. Trust both the same
4. Trust experts somwhat more
5. Trust experts much more"
V202309,POST: HOW MUCH DO PEOPLE NEED HELP FROM EXPERTS TO UNDERSTAND SCIENCE,How much do ordinary people need the help of experts to understand complicated things like science and health?,"-9. Refused
-7. No post-election data, deleted due to incomplete interview
-6. No post-election interview
-5. Interview breakoff (sufficient partial IW)","1. Not at all
2. A little
3. A moderate amount
4. A lot
5. A great deal"
V202310,POST: HOW IMPORTANT SHOULD SCIENCE BE FOR DECISIONS ABOUT COVID-19,"In general, how important should science be for making government decisions about COVID-19? 500 CODEBOOK: VARIABLES","-9. Refused
-7. No post-election data, deleted due to incomplete interview
-6. No post-election interview
-5. Interview breakoff (sufficient partial IW)","1. Not at all important
2. A little important
3. Moderately important
4. Very important
5. Extremely important"
V202311,POST: BUSINESS AND POLITICS CONTROLLED BY FEW POWERFUL PEOPLE,How well does the following statement describe your view? “Most business and politics in this country are secretly controlled by the same few powerful people.”,"-9. Refused
-8. Don’t know
-7. No post-election data, deleted due to incomplete interview
-6. No post-election interview
-5. Interview breakoff (sufficient partial IW)","1. Not at all
2. Not very well
3. Somewhat well
4. Very well
5. Extremely well"
V202312,POST: MUCH OF WHAT PEOPLE HEAR IN SCHOOLS AND MEDIA ARE LIES BY THOSE IN POWER POST-ELECTION SURVEY VARIABLES 501,How well does the following statement describe your view? “Much of what people hear in schools and the media are lies designed to keep people from learning the real truth about those in power.”,"-9. Refused
-8. Don’t know
-7. No post-election data, deleted due to incomplete interview
-6. No post-election interview
-5. Interview breakoff (sufficient partial IW)","1. Not at all
2. Not very well
3. Somewhat well
4. Very well
5. Extremely well"
V202313,POST: POST MATERIALISM MOST IMPORTANT 1A,Which of these do you consider to be the most important? You can just tell me the number of the option you choose.,"-9. Refused
-8. Don’t know
-7. No post-election data, deleted due to incomplete interview
-6. No post-election interview
-5. Interview breakoff (sufficient partial IW)","1. A high level of economic growth
2. Making sure this country has strong defense forces
3. Seeing that people have more say about how things are done"
V202314,POST: POST MATERIALISM NEXT MOST IMPORTANT 1B,And which would be the next most important? You can just tell me the number ofthe option you choose.,"-9. Refused
-8. Don’t know
-7. No post-election data, deleted due to incomplete interview
-6. No post-election interview
-5. Interview breakoff (sufficient partial IW)","1. A high level of economic growth
2. Making sure this country has strong defense forces
3. Seeing that people have more say about how things are done"
V202315,POST: POST MATERIALISM MOST IMPORTANT 2A,Here is another list. Which one of these do you consider most important? You can just tell me the number of the option you choose.,"-9. Refused
-8. Don’t know
-7. No post-election data, deleted due to incomplete interview
-6. No post-election interview
-5. Interview breakoff (sufficient partial IW)","1. Maintaining order in the nation
2. Giving people more say in important government decisions
3. Fighting rising prices
4. Protecting freedom of speech"
V202316,POST: POST MATERIALISM NEXT MOST IMPORTANT 2B,And which would be the next most important? You can just tell me the number of the option you choose. POST-ELECTION SURVEY VARIABLES 503,"-9. Refused
-8. Don’t know
-7. No post-election data, deleted due to incomplete interview
-6. No post-election interview
-5. Interview breakoff (sufficient partial IW)","1. Maintaining order in the nation
2. Giving people more say in important government decisions
3. Fighting rising prices
4. Protecting freedom of speech"
V202317,POST: HOW MUCH OPPORTUNITY IN AMERICA FOR AVERAGE PERSON TO GET AHEAD,How much opportunity is there in America today for the average person to get ahead?,"-9. Refused
-8. Don’t know
-7. No post-election data, deleted due to incomplete interview
-6. No post-election interview
-5. Interview breakoff (sufficient partial IW)","1. A great deal
2. A lot
3. A moderate amount
4. A little
5. None"
V202318,POST: ECONOMIC MOBILITY COMPARED TO 20 YEARS AGO,"When it comes to people trying to improve their financial well- being, do you think it is now easier, harder, or the same as it was 20 years ago? 504 CODEBOOK: VARIABLES","-9. Refused
-8. Don’t know
-7. No post-election data, deleted due to incomplete interview
-6. No post-election interview
-5. Interview breakoff (sufficient partial IW)","1. Easier
2. Harder
3. The same"
V202319,POST: HOW MUCH EASIER OR HARDER IS ECONOMIC MOBILITY COMPARED TO 20 YEARS AGO,How much [easier/harder]?,"-9. Refused
-7. No post-election data, deleted due to incomplete interview
-6. No post-election interview
-5. Interview breakoff (sufficient partial IW)
-1. Inapplicable","1. A great deal
2. A moderate amount
3. A little"
V202320x,POST: SUMMARY: ECONOMIC MOBILITY POST-ELECTION SURVEY VARIABLES 505,,"-7. No post-election data, deleted due to incomplete interview
-6. No post-election interview
-5. Interview breakoff (sufficient partial IW)
-2. DK/RF in V202318 or V202319","1. A great deal easier
2. A moderate amount easier
3. A little easier
4. The same
5. A litte harder
6. A moderate amount harder
7. A great deal harder"
V202321,POST: IMPORTANCE OF REDUCING DEFICIT,"When the U.S. federal government spends more money than it collects, the difference is called the federal budget deficit. The federal government currently has a deficit. How important is it to reduce the deficit?","-9. Refused
-8. Don’t know
-7. No post-election data, deleted due to incomplete interview
-6. No post-election interview
-5. Interview breakoff (sufficient partial IW)","1. Extremely important
2. Very important
3. Moderately important
4. A little important
5. Not at all important"
V202322,POST: WEB ONLY: DEFIMP SPEEDING INTERVENTION - GENTLE PROMPT,You seem to have responded very quickly. Please be sure you have given the question sufficient thought to provide an accurate answer. Do you want to go back and reconsider your answer? 506 CODEBOOK: VARIABLES,"-9. Refused
-7. No post-election data, deleted due to incomplete interview
-6. No post-election interview
-5. Interview breakoff (sufficient partial IW)
-1. Inapplicable","1. Yes, go back
2. No, continue"
V202323,POST: WEB ONLY: DEFIMP SPEEDING INTERVENTION - REDISPLAY DEFIMP,"When the U.S. federal government spends more money than it collects, the difference is called the federal budget deficit. The federal government currently has a deficit. How important is it to reduce the deficit?","-7. No post-election data, deleted due to incomplete interview
-6. No post-election interview
-5. Interview breakoff (sufficient partial IW)
-1. Inapplicable","1. Extremely important
2. Very important
3. Moderately important
4. A little important
5. Not at all important"
V202324,POST: WEB ONLY: DEFIMP SPEEDING INTERVENTION - PEREMPTORY PROMPT POST-ELECTION SURVEY VARIABLES 507,"You seem to have responded very quickly. Please be sure you have given the question sufficient thought to provide an accurate answer. When the U.S. federal government spends more money than it collects, the difference is called the federal budget deficit. The federal government currently has a deficit. How important is it to reduce the deficit?","-9. Refused
-7. No post-election data, deleted due to incomplete interview
-6. No post-election interview
-5. Interview breakoff (sufficient partial IW)
-1. Inapplicable","1. Extremely important
2. Very important
3. Moderately important
4. A little important
5. Not at all important"
V202325,POST: FAVOR OR OPPOSE TAX ON MILLIONAIRES,"Do you favor, oppose, or neither favor nor oppose increasing incometaxes on people making over one million dollars per year?","-9. Refused
-8. Don’t know
-7. No post-election data, deleted due to incomplete interview
-6. No post-election interview
-5. Interview breakoff (sufficient partial IW)","1. Favor
2. Oppose
3. Neither favor nor oppose"
V202326,POST: APPROVE OR DISAPPROVE OF THE AFFORDABLE CARE ACT,"Do you approve, disapprove, or neither approve nor disapprove of the Affordable Care Act of 2010, sometimes called Obamacare?","-9. Refused
-8. Don’t know
-7. No post-election data, deleted due to incomplete interview
-6. No post-election interview
-5. Interview breakoff (sufficient partial IW)","1. Approve
2. Disapprove
3. Neither approve nor disapprove"
V202327,POST: APPROVE OR DISAPPROVE OF THE AFFORDABLE CARE ACT (STRENGTH),"Do you [approve/disapprove] of that a great deal, a moderate amount, or a little?","-9. Refused
-7. No post-election data, deleted due to incomplete interview
-6. No post-election interview
-5. Interview breakoff (sufficient partial IW)
-1. Inapplicable","1. A great deal
2. A moderate amount
3. A little"
V202328x,POST: SUMMARY: APPROVE/DISAPPROVE AFFORDABLE CARE ACT POST-ELECTION SURVEY VARIABLES 509,,"-7. No post-election data, deleted due to incomplete interview
-6. No post-election interview
-5. Interview breakoff (sufficient partial IW)
-2. DK/RF in V202326 or V202327","1. Approve a great deal
2. Approve a moderate amount
3. Approve a little
4. Neither approve nor disapprove
5. Disapprove a little
6. Disapprove a moderate amount
7. Disapprove a great deal"
V202329,POST: FAVOR OR OPPOSE REQUIRING VACCINES IN SCHOOLS,"Do you favor, oppose, or neither favor nor oppose requiring children to be vaccinated in order to attend public schools?","-9. Refused
-8. Don’t know
-7. No post-election data, deleted due to incomplete interview
-6. No post-election interview
-5. Interview breakoff (sufficient partial IW)","1. Favor
2. Oppose
3. Neither favor nor oppose"
V202330,POST: FAVOR OR OPPOSE REQUIRING VACCINES IN SCHOOLS (STRENGTH),"Do you [favor/oppose] that a great deal, a moderate amount, or a little? 510 CODEBOOK: VARIABLES","-9. Refused
-7. No post-election data, deleted due to incomplete interview
-6. No post-election interview
-5. Interview breakoff (sufficient partial IW)
-1. Inapplicable","1. A great deal
2. A moderate amount
3. A little"
V202331x,POST: SUMMARY: FAVOR/OPPOSE REQUIRING VACCINES IN SCHOOLS,,"-7. No post-election data, deleted due to incomplete interview
-6. No post-election interview
-5. Interview breakoff (sufficient partial IW)
-2. DK/RF in V202329 or V202330","1. Favor a great deal
2. Favor a moderate amount
3. Favor a little
4. Neiter favor nor oppose
5. Oppose a little
6. Oppose a moderate amount
7. Oppose a great deal"
V202332,POST: HOW MUCH IS CLIMATE CHANGE AFFECTING SEVERE WEATHER/TEMPERATURES IN US,"How much, if at all, do you think climate change is currently affecting severe weather events or temperature patterns in the United States? POST-ELECTION SURVEY VARIABLES 511","-9. Refused
-8. Don’t know
-7. No post-election data, deleted due to incomplete interview
-6. No post-election interview
-5. Interview breakoff (sufficient partial IW)","1. Not at all
2. A little
3. A moderate amount
4. A lot
5. A great deal"
V202333,POST: HOW IMPORTANT IS ISSUE OF CLIMATE CHANGE TO R,How important is the issue of climate change to you personally?,"-9. Refused
-7. No post-election data, deleted due to incomplete interview
-6. No post-election interview
-5. Interview breakoff (sufficient partial IW)","1. Not at all important
2. A little important
3. Moderately important
4. Very important
5. Extremely important"
V202334,POST: FAVOR OR OPPOSE INCREASED REGULATION ON GREENHOUSE EMISSIONS,"Do you favor, oppose, or neither favor nor oppose increased government regulation on businesses that produce a great deal of greenhouse emissions linked to climate change? 512 CODEBOOK: VARIABLES","-9. Refused
-8. Don’t know
-7. No post-election data, deleted due to incomplete interview
-6. No post-election interview
-5. Interview breakoff (sufficient partial IW)","1. Favor
2. Oppose
3. Neither favor nor oppose"
V202335,POST: FAVOR OR OPPOSE INCREASED REGULATION ON GREENHOUSE EMISSIONS (STRENGTH),"Do you [favor/oppose] that a great deal, a moderate amount, or a little?","-9. Refused
-7. No post-election data, deleted due to incomplete interview
-6. No post-election interview
-5. Interview breakoff (sufficient partial IW)
-1. Inapplicable","1. A great deal
2. A moderate amount
3. A little"
V202336x,POST: SUMMARY: FAVOR/OPPOSE INCREASED REGULATION ON GREENHOUSE EMISSIONS POST-ELECTION SURVEY VARIABLES 513,,"-7. No post-election data, deleted due to incomplete interview
-6. No post-election interview
-5. Interview breakoff (sufficient partial IW)
-2. DK/RF in V202334 or V202335","1. Favor a great deal
2. Favor a moderate amount
3. Favor a little
4. Neiter favor nor oppose
5. Oppose a little
6. Oppose a moderate amount
7. Oppose a great deal"
V202337,POST: SHOULD FEDERAL GOVERNMENT MAKE IT MORE DIFFICULT OR EASIER TO BUY A GUN,"Do you think the federal government should make it more difficult for people to buy a gun than it is now, make it easier for people to buy a gun, or keep these rules about the same as they are now?","-9. Refused
-8. Don’t know
-7. No post-election data, deleted due to incomplete interview
-6. No post-election interview
-5. Interview breakoff (sufficient partial IW)","1. More difficult
2. Easier
3. Keep these rules about the same"
V202338,POST: HOW IMPORTANT IS ISSUE OF GUN ACCESS TO R,How important is this issue to you personally? 514 CODEBOOK: VARIABLES,"-9. Refused
-7. No post-election data, deleted due to incomplete interview
-6. No post-election interview
-5. Interview breakoff (sufficient partial IW)","1. Extremely important
2. Very important
3. Somewhat important
4. Not too important
5. Not important at all"
V202339,POST: FAVOR OR OPPOSE BACKGROUND CHECKS FOR GUN PURCHASES,"Do you favor, oppose, or neither favor nor oppose requiring background checks for gun purchases at gun shows or other private sales?","-9. Refused
-8. Don’t know
-7. No post-election data, deleted due to incomplete interview
-6. No post-election interview
-5. Interview breakoff (sufficient partial IW)","1. Favor
2. Oppose
3. Neither favor nor oppose"
V202340,POST: FAVOR OR OPPOSE BACKGROUND CHECKS FOR GUN PURCHASES (STRENGTH),"Do you [favor/oppose] that a great deal, a moderate amount, or a little? POST-ELECTION SURVEY VARIABLES 515","-9. Refused
-7. No post-election data, deleted due to incomplete interview
-6. No post-election interview
-5. Interview breakoff (sufficient partial IW)
-1. Inapplicable","1. A great deal
2. A moderate amount
3. A little"
V202341x,POST: SUMMARY: FAVOR/OPPOSE BACKGROUND CHECKS FOR GUN PUCHASES,,"-7. No post-election data, deleted due to incomplete interview
-6. No post-election interview
-5. Interview breakoff (sufficient partial IW)
-2. DK/RF in V202339 or V202340","1. Favor a great deal
2. Favor a moderate amount
3. Favor a little
4. Neither favor nor oppose
5. Oppose a little
6. Oppose a moderate amount
7. Oppose a great deal"
V202342,POST: FAVOR OR OPPOSE BANNING ‘ASSAULT- STYLE’ RIFLES,"Do you favor, oppose, or neither favor nor oppose banning the sale of semi-automatic “assault-style” rifles? 516 CODEBOOK: VARIABLES","-9. Refused
-8. Don’t know
-7. No post-election data, deleted due to incomplete interview
-6. No post-election interview
-5. Interview breakoff (sufficient partial IW)","1. Favor
2. Oppose
3. Neither favor nor oppose"
V202343,POST: FAVOR OR OPPOSE BANNING ‘ASSAULT- STYLE RIFLES’ (STRENGTH),"Do you [favor/oppose] that a great deal, a moderate amount, or a little?","-9. Refused
-8. Don’t know
-7. No post-election data, deleted due to incomplete interview
-6. No post-election interview
-5. Interview breakoff (sufficient partial IW)
-1. Inapplicable","1. A great deal
2. A moderate amount
3. A little"
V202344x,POST: SUMMARY: FAVOR/OPPOSE BANNING ‘ASSAULT-STYLE’ RIFLES POST-ELECTION SURVEY VARIABLES 517,,"-7. No post-election data, deleted due to incomplete interview
-6. No post-election interview
-5. Interview breakoff (sufficient partial IW)
-2. DK/RF in V202342 or V202343","1. Favor a great deal
2. Favor a moderate amount
3. Favor a little
4. Neither favor nor oppose
5. Oppose a little
6. Oppose a moderate amount
7. Oppose a great deal"
V202345,POST: FAVOR OR OPPOSE MANDATORY BUY BACK OF ‘ASSAULT-STYLE’ RIFLES,"Do you favor, oppose, or neither favor nor oppose a mandatory program where the government would buy back semi-automatic assault-style rifles from citizens who currently own them?","-9. Refused
-8. Don’t know
-7. No post-election data, deleted due to incomplete interview
-6. No post-election interview
-5. Interview breakoff (sufficient partial IW)","1. Favor
2. Oppose
3. Neither favor nor oppose"
V202346,POST: FAVOR OR OPPOSE MANDATORY BUY BACK OF ‘ASSAULT-STYLE’ RIFLES (STRENGTH),"Do you [favor/oppose] that a great deal, a moderate amount, or a little? 518 CODEBOOK: VARIABLES","-9. Refused
-7. No post-election data, deleted due to incomplete interview
-6. No post-election interview
-5. Interview breakoff (sufficient partial IW)
-1. Inapplicable","1. A great deal
2. A moderate amount
3. A little"
V202347x,POST: FAVOR/OPPOSE GOVERNMENT BUY BACK OF ‘ASSAULT-STYLE’ RIFLES,,"-7. No post-election data, deleted due to incomplete interview
-6. No post-election interview
-5. Interview breakoff (sufficient partial IW)
-2. DK/RF in V202345 or V202346","1. Favor a great deal
2. Favor a moderate amount
3. Favor a little
4. Neither favor nor oppose
5. Oppose a little
6. Oppose a moderate amount
7. Oppose a great deal"
V202348,POST: SHOULD FEDERAL GOVERNMENT DO MORE OR LESS ABOUT OPIOID DRUG ADDICTION,"Do you think the federal government should be doing more about the opioid drug addiction issue, should be doing less, or is it currently doing the right amount? POST-ELECTION SURVEY VARIABLES 519","-9. Refused
-8. Don’t know
-7. No post-election data, deleted due to incomplete interview
-6. No post-election interview
-5. Interview breakoff (sufficient partial IW)","1. Should be doing more
2. Should be doing less
3. Is doing the right amount"
V202349,POST: SHOULD FED GOVT DO MORE OR LESS ABOUT OPIOID DRUG ADDICTION (STRENGTH),How much [more/less]?,"-9. Refused
-8. Don’t know
-7. No post-election data, deleted due to incomplete interview
-6. No post-election interview
-5. Interview breakoff (sufficient partial IW)
-1. Inapplicable","1. A great deal
2. A moderate amount
3. A little"
V202350x,POST: SUMMARY SHOULD FEDERAL GOVT DO MORE/LESS ABOUT OPIOID DRUG ADDICTION,,"-7. No post-election data, deleted due to incomplete interview
-6. No post-election interview
-5. Interview breakoff (sufficient partial IW)
-2. DK/RF in V202348 or V202349","1. Should be doing a great deal more
2. Should be doing a moderate amount more
3. Should be doing a little more
4. Is doing the right amount
5. Should be doing a little less
6. Should be doing a moderate amount less
7. Should be doing a lot less"
V202351,POST: HOW OFTEN DO POLICE OFFICERS USE MORE FORCE THAN NECESSARY,How often do you think police officers use more force than is necessary?,"-9. Refused
-8. Don’t know
-7. No post-election data, deleted due to incomplete interview
-6. No post-election interview
-5. Interview breakoff (sufficient partial IW)","1. Never
2. Rarely
3. About half the time
4. Most of the time
5. All the time"
V202352,POST: HOW WOULD R DESCRIBE SOCIAL CLASS [EGSS],"How would you describe your social class? Are you in the lower class, the working class, the middle class, or the upper class? POST-ELECTION SURVEY VARIABLES 521","-9. Refused
-8. Don’t know
-7. No post-election data, deleted due to incomplete interview
-6. No post-election interview
-5. Interview breakoff (sufficient partial IW)","1. Lower class
2. Working class
3. Middle class
4. Upper class"
V202353,"POST: IS R LOWER MIDDLE CLASS, MIDDLE CLASS, UPPER MIDDLE CLASS? [EGSS]","Are you in the lower middle class, the middle class, or the upper middle class?","-9. Refused
-8. Don’t know
-7. No post-election data, deleted due to incomplete interview
-6. No post-election interview
-5. Interview breakoff (sufficient partial IW)
-1. Inapplicable","1. Lower middle class
2. Middle class
3. Upper middle class"
V202354,POST: (IF R IS HISPANIC) DOES R GET NEWS IN SPANISH OR ENGLISH,"For information about politics would you say you get the most information from Spanish-language television, radio, and newspapers, or from English-language TV, radio, and newspapers? 522 CODEBOOK: VARIABLES","-9. Refused
-7. No post-election data, deleted due to incomplete interview
-6. No post-election interview
-5. Interview breakoff (sufficient partial IW)
-1. Inapplicable","1. English more
2. Spanish more
3. Both equally (bilingual) {VOL - video/phone only}
5. Other"
V202355,POST: DOES R CURRENTLY LIVE IN A RURAL OR URBAN AREA,"Do you currently live in a rural area, small town, suburb, or a city?","-9. Refused
-8. Don’t know
-7. No post-election data, deleted due to incomplete interview
-6. No post-election interview
-5. Interview breakoff (sufficient partial IW)","1. Rural area
2. Small town
3. Suburb
4. City"
V202356,POST: DOES R USUALLY THINK OF SELF AS A RURAL OR URBAN PERSON,"Regardless of where you currently live, do you usually think of yourself as a city person, a suburb person, a small-town person, a country or rural person, or something else? POST-ELECTION SURVEY VARIABLES 523","-9. Refused
-8. Don’t know
-7. No post-election data, deleted due to incomplete interview
-6. No post-election interview
-5. Interview breakoff (sufficient partial IW)","1. City person
2. Suburb person
3. Small-town person
4. Country (or rural) person
5. Something else {SPECIFY}"
V202356z,POST: DOES R USUALLY THINK OF SELF AS A RURAL OR URBAN PERSON - OTHER SPECIFY,"Regardless of where you currently live, do you usually think of yourself as a city person, a suburb person, a small-town person, a country or rural person, or something else?",-2. Open-end responses available in separate file,
V202357,POST: HOW IMPORTANT IS URBAN OR RURAL TO R’S IDENTITY,How important is being a [city person/suburb person/small-town person/country or rural person] to your identity?,"-9. Refused
-8. Don’t know
-7. No post-election data, deleted due to incomplete interview
-6. No post-election interview
-5. Interview breakoff (sufficient partial IW)
-1. Inapplicable","1. Not at all important
2. A little important
3. Moderately important
4. Very important
5. Extremely important"
V202358,POST: DHS: HOW WORRIED ABOUT TERRORIST ATTACK IN NEAR FUTURE,Now for some other questions. How worried are you that the United States will experience a terroristattack in the near future?,"-9. Refused
-8. Don’t know
-7. No post-election data, deleted due to incomplete interview
-6. No post-election interview
-5. Interview breakoff (sufficient partial IW)","1. Extremely worried
2. Very worried
3. Moderately worried
4. Slightly worried
5. Not at all worried"
V202359,POST: FAVOR OR OPPOSE FREE TRADE AGREEMENTS WITH OTHER COUNTRIES,"Do you favor, oppose, or neither favor nor oppose the U.S. making free tradeagreements with other countries? POST-ELECTION SURVEY VARIABLES 525","-9. Refused
-8. Don’t know
-7. No post-election data, deleted due to incomplete interview
-6. No post-election interview
-5. Interview breakoff (sufficient partial IW)","1. Favor
2. Oppose
3. Neither favor nor oppose"
V202360,POST: FAVOR OR OPPOSE FREE TRADE AGREEMENTS WITH OTHER COUNTRIES (STRENGTH),How strongly do you [favor/oppose] it?,"-9. Refused
-7. No post-election data, deleted due to incomplete interview
-6. No post-election interview
-5. Interview breakoff (sufficient partial IW)
-1. Inapplicable","1. A great deal
2. Moderately
3. A little"
V202361x,POST: SUMMARY: FAVOR/OPPOSE FREE TRADE AGREEMENTS,,"-7. No post-election data, deleted due to incomplete interview
-6. No post-election interview
-5. Interview breakoff (sufficient partial IW)
-2. DK/RF in V202359 or V202361","1. Favor a great deal
2. Favor moderately
3. Favor a little
4. Neither favor nor oppose
5. Oppose a little
6. Oppose moderately
7. Oppose a great deal"
V202362,POST: IS INCREASING TRADE GOOD OR BAD FOR INTERNATIONAL RELATIONSHIPS,"Is increasing the amount of international trade good, bad, or neither good nor bad for our relationships with other countries?","-9. Refused
-8. Don’t know
-7. No post-election data, deleted due to incomplete interview
-6. No post-election interview
-5. Interview breakoff (sufficient partial IW)","1. Good
2. Bad
3. Neither good nor bad"
V202363,POST: IS INCREASING TRADE GOOD OR BAD FOR INTERNATIONAL RELATIONSHIPS (STRENGTH),Is it very [good/bad] or somewhat [good/bad]?,"-9. Refused
-7. No post-election data, deleted due to incomplete interview
-6. No post-election interview
-5. Interview breakoff (sufficient partial IW)
-1. Inapplicable","1. Very
2. Somewhat"
V202364x,POST: SUMMARY: INCREASING TRADE GOOD/BAD FOR INTERNATIONAL RELATIONSHIPS,,"-7. No post-election data, deleted due to incomplete interview
-6. No post-election interview
-5. Interview breakoff (sufficient partial IW)
-2. DK/RF in V202362 or V202363","1. Very good
2. Somewhat good
3. Neither good nor bad
4. Somewhat bad
5. Very bad"
V202365,POST: HAS INTERNATIONAL TRADE INCREASED OR DECREASED JOBS IN US,"Has international trade increased, decreased, or neither increased nor decreased the number of jobs available in the United States?","-9. Refused
-8. Don’t know
-7. No post-election data, deleted due to incomplete interview
-6. No post-election interview
-5. Interview breakoff (sufficient partial IW)","1. Increased
2. Decreased
3. Neither increased nor decreased"
V202366,POST: HAS INTERNATIONAL TRADE INCREASED OR DECREASED JOBS IN US (STRENGTH),Has it [increased/decreased] the number of jobs in the U.S. a lot or somewhat?,"-9. Refused
-8. Don’t know
-7. No post-election data, deleted due to incomplete interview
-6. No post-election interview
-5. Interview breakoff (sufficient partial IW)
-1. Inapplicable","1. A lot
2. Somewhat"
V202367x,POST: SUMMARY: INTERNATIONAL TRADE INCREASED/DECREASED JOBS IN US,,"-7. No post-election data, deleted due to incomplete interview
-6. No post-election interview
-5. Interview breakoff (sufficient partial IW)
-2. DK/RF in V202365 or V202366","1. Increased a lot
2. Increased somewhat
3. Neiter increased nor decreased
4. Decreased somewhat
5. Increased a lot"
V202368,POST: HAS INTERNATIONAL TRADE INCREASED OR DECREASED JOBS ABROAD,"Has international trade increased, decreased, or neither increased nor decreased the number of jobs available in other countries? POST-ELECTION SURVEY VARIABLES 529","-9. Refused
-8. Don’t know
-7. No post-election data, deleted due to incomplete interview
-6. No post-election interview
-5. Interview breakoff (sufficient partial IW)","1. Increased
2. Decreased
3. Neither increased nor decreased"
V202369,POST: HAS INTERNATIONAL TRADE INCREASED OR DECREASED JOBS ABROAD (STRENGTH),Has it [increased/decreased] the number of jobs in other countries a lot or somewhat?,"-9. Refused
-8. Don’t know
-7. No post-election data, deleted due to incomplete interview
-6. No post-election interview
-5. Interview breakoff (sufficient partial IW)
-1. Inapplicable","1. A lot
2. Somewhat"
V202370x,POST: SUMMARY: INTERNATIONAL TRADE INCREADED/DECREASED JOBS ABROAD,,"-7. No post-election data, deleted due to incomplete interview
-6. No post-election interview
-5. Interview breakoff (sufficient partial IW)
-2. DK/RF in V202368 or V202369","1. Increased a lot
2. Increased somewhat
3. Neither increased nor decreased
4. Decreased somewhat
5. Increased a lot"
V202371,POST: DOES INCREASING DIVERSITY MADE US BETTER OR WORSE PLACE TO LIVE,"Does the increasing number of people of many different races and ethnic groups in the United States make this country a better place to live, a worse place to live, or does it make no difference?","-9. Refused
-8. Don’t know
-7. No post-election data, deleted due to incomplete interview
-6. No post-election interview
-5. Interview breakoff (sufficient partial IW)","1. Better
2. Worse
3. Makes no difference"
V202372,POST: DOES INCREASING DIVERSITY MADE US BETTER OR WORSE PLACE TO LIVE (STRENGTH),Does it make it a lot [better/worse] or a little [better/worse]? POST-ELECTION SURVEY VARIABLES 531,"-9. Refused
-8. Don’t know
-7. No post-election data, deleted due to incomplete interview
-6. No post-election interview
-5. Interview breakoff (sufficient partial IW)
-1. Inapplicable","1. A lot
2. A little"
V202373x,POST: SUMMARY: INCREASING DIVERSITY MADE US BETTER/WORSE PLACE TO LIVE,,"-7. No post-election data, deleted due to incomplete interview
-6. No post-election interview
-5. Interview breakoff (sufficient partial IW)
-2. DK/RF in V202371 or V202372","1. A lot better
2. A little better
3. Makes no difference
4. A little worse
5. A lot worse"
V202374,POST: FAVOR OR OPPOSE FEDERAL PROGRAM GIVING ALL CITIZENS $12K/YEAR,"Do you favor, oppose, or neither favor nor oppose establishing a federal program that gives all citizens $12,000 per year, provided they meet certain conditions? This program would be paid for with higher taxes. 532 CODEBOOK: VARIABLES","-9. Refused
-8. Don’t know
-7. No post-election data, deleted due to incomplete interview
-6. No post-election interview
-5. Interview breakoff (sufficient partial IW)","1. Favor
2. Oppose
3. Neither favor nor oppose"
V202375,POST: FAVOR OR OPPOSE FEDERAL PROGRAM GIVING ALL CITIZENS $12K/YEAR (STRENGTH),"Do you [favor/oppose] that a great deal, a moderate amount, or a little?","-9. Refused
-7. No post-election data, deleted due to incomplete interview
-6. No post-election interview
-5. Interview breakoff (sufficient partial IW)
-1. Inapplicable","1. A great deal
2. A moderate amount
3. A little"
V202376x,POST: SUMMARY: FAVOR/OPPOSE FEDERAL PROGRAM GIVING CITIZENS $12K/YEAR POST-ELECTION SURVEY VARIABLES 533,,"-7. No post-election data, deleted due to incomplete interview
-6. No post-election interview
-5. Interview breakoff (sufficient partial IW)
-2. DK/RF in V202374 or V202375","1. Favor a great deal
2. Favor a moderate amount
3. Favor a little
4. Neither favor nor oppose
5. Oppose a little
6. Oppose a moderate amount
7. Oppose a great deal"
V202377,"POST: SHOULD THE MINIMUM WAGE BE RAISED, KEPT THE SAME, OR LOWERED","Should the federal minimum wage be raised, kept the same, lowered but not eliminated, or eliminated altogether?","-9. Refused
-8. Don’t know
-7. No post-election data, deleted due to incomplete interview
-6. No post-election interview
-5. Interview breakoff (sufficient partial IW)","1. Raised
2. Kept the same
3. Lowered
4. Eliminated"
V202378,POST: INCREASE/DECREASE GOVERNMENT SPENDING TO HELP PEOPLE PAY FOR HEALTH CARE,"Do you favor an increase, decrease, or no change in government spending tohelp people pay for health insurance when they can’t pay for it all themselves? 534 CODEBOOK: VARIABLES","-9. Refused
-8. Don’t know
-7. No post-election data, deleted due to incomplete interview
-6. No post-election interview
-5. Interview breakoff (sufficient partial IW)","1. Increase
2. Decrease
3. No change"
V202379,POST: HOW MUCH INCREASE/DECREASE IN GOVERMENT HELP PAYING FOR HEALTH CARE,"Should it [increase/decrease] a great deal, a moderate amount, or a little?","-9. Refused
-8. Don’t know
-7. No post-election data, deleted due to incomplete interview
-6. No post-election interview
-5. Interview breakoff (sufficient partial IW)
-1. Inapplicable","1. A great deal
2. A moderate amount
3. A little"
V202380x,POST: SUMMARY: INCREASE/DECREASE GOVERNMENT SPENDING TO HELP PAY FOR HEALTH CARE POST-ELECTION SURVEY VARIABLES 535,,"-7. No post-election data, deleted due to incomplete interview
-6. No post-election interview
-5. Interview breakoff (sufficient partial IW)
-2. DK/RF in V202378 or V202379","1. Increase a great deal
2. Increase a moderate amount
3. Increase a little
4. No change
5. Decrease a little
6. Decrease a moderate amount
7. Decrease a great deal"
V202381,POST: DO HEALTH BENEFITS OF VACCINATIONS OUTWEIGHT THE RISKS,"Now for questions on different topics. Do the health benefits of vaccinations generally outweigh the risks, do the risks outweigh the benefits, or is there no difference?","-9. Refused
-8. Don’t know
-7. No post-election data, deleted due to incomplete interview
-6. No post-election interview
-5. Interview breakoff (sufficient partial IW)","1. Benefits outweigh risks
2. Risks outweigh benefits
3. No difference"
V202382,POST: DO HEALTH BENEFITS OF VACCINATIONS OUTWEIGHT THE RISKS (STRENGTH),"Are the [health benefits/risks] of vaccinations much greater, moderately greater, or slightly greater? 536 CODEBOOK: VARIABLES","-9. Refused
-7. No post-election data, deleted due to incomplete interview
-6. No post-election interview
-5. Interview breakoff (sufficient partial IW)
-1. Inapplicable","1. Much greater
2. Moderately greater
3. Slightly greater"
V202383x,POST: SUMMARY: HEALTH BENEFITS OF VACCINATIONS OUTWEIGH RISKS,,"-7. No post-election data, deleted due to incomplete interview
-6. No post-election interview
-5. Interview breakoff (sufficient partial IW)
-2. DK/RF in V202381 or V202382","1. Health benefits much greater than risks
2. Health benefits moderately greater than risks
3. Health benefits slightly greater than risks
4. No difference
5. Risks slightly greather than health benefits
6. Risks moderately greater than health benefits
7. Risks much greater than health benefits"
V202384,POST: ATTENTION TO SEXUAL HARRASSMENT HAS GONE TOO FAR OR NOT FAR ENOUGH,"Do you think attention to sexual harassment has gone too far, has not gone far enough, or has been about right? POST-ELECTION SURVEY VARIABLES 537","-9. Refused
-8. Don’t know
-7. No post-election data, deleted due to incomplete interview
-6. No post-election interview
-5. Interview breakoff (sufficient partial IW)","1. Has gone too far
2. Has not gone far enough
3. Has been about right"
V202385,POST: ATTENTION TO SEXUAL HARRASSMENT HAS GONE TOO FAR (STRENGTH),Has it gone much too far or a little too far?,"-9. Refused
-7. No post-election data, deleted due to incomplete interview
-6. No post-election interview
-5. Interview breakoff (sufficient partial IW)
-1. Inapplicable","1. Much too far
2. A little too far"
V202386,POST: ATTENTION TO SEXUAL HARRASSMENT HAS NOT GONE FAR ENOUGH (STRENGTH),Has it not gone nearly far enough or not gone quite far enough? 538 CODEBOOK: VARIABLES,"-9. Refused
-7. No post-election data, deleted due to incomplete interview
-6. No post-election interview
-5. Interview breakoff (sufficient partial IW)
-1. Inapplicable","1. Not nearly far enough
2. Not quite far enough"
V202387x,POST: SUMMARY: ATTENTION TO SEXUAL HARRASSMENT AS GONE TOO FAR/NOT FAR ENOUGH,,"-7. No post-election data, deleted due to incomplete interview
-6. No post-election interview
-5. Interview breakoff (sufficient partial IW)
-2. DK/RF in V202384, V202385, or V202386","1. Has gone much too far
2. Has gone a little too far
3. Has been about right
4. Has not gone quite far enough
5. Has not gone nearly far enough"
V202388,POST: FAVOR/OPPOSE ALLOWING TRANSGENDER PEOPLE TO SERVE IN MILITARY,"Do you favor, oppose, or neither favor nor oppose allowing transgender people to serve in the United States Armed Forces? POST-ELECTION SURVEY VARIABLES 539","-9. Refused
-8. Don’t know
-7. No post-election data, deleted due to incomplete interview
-6. No post-election interview
-5. Interview breakoff (sufficient partial IW)","1. Favor
2. Oppose
3. Neither favor nor oppose"
V202389,POST: FAVOR/OPPOSE ALLOWING TRANSGENDER PEOPLE TO SERVE IN MILITARY (STRENGTH),"Do you [favor/oppose] that a great deal, a moderate amount, or a little?","-9. Refused
-7. No post-election data, deleted due to incomplete interview
-6. No post-election interview
-5. Interview breakoff (sufficient partial IW)
-1. Inapplicable","1. A great deal
2. A moderate amount
3. A little"
V202390x,POST: SUMMARY: FAVOR/OPPOSE TRANSENDER PEOPLE SERVE IN MILITARY,,"-7. No post-election data, deleted due to incomplete interview
-6. No post-election interview
-5. Interview breakoff (sufficient partial IW)
-2. DK/RF in V202388 or V202398","1. Favor a great deal
2. Favor a moderate amount
3. Favor a little
4. Neither favor nor oppose
5. Oppose a little
6. Oppose a moderate amount
7. Oppose a great deal"
V202400,POST: HOW MUCH IS CHINA A THREAT TO THE UNITED STATES,"Next, we’ll ask you the same question for several countries: How much is China a threat to the United States?","-9. Refused
-8. Don’t know
-7. No post-election data, deleted due to incomplete interview
-6. No post-election interview
-5. Interview breakoff (sufficient partial IW)
-4. Technical error","1. Not at all
2. A little
3. A moderate amount
4. A lot
5. A great deal"
V202401,POST: HOW MUCH IS RUSSIA A THREAT TO THE UNITED STATES,How much is Russia a threat to the United States? POST-ELECTION SURVEY VARIABLES 541,"-9. Refused
-8. Don’t know
-7. No post-election data, deleted due to incomplete interview
-6. No post-election interview
-5. Interview breakoff (sufficient partial IW)
-4. Technical error","1. Not at all
2. A little
3. A moderate amount
4. A lot
5. A great deal"
V202402,POST: HOW MUCH IS MEXICO A THREAT TO THE UNITED STATES,How much is Mexico a threat to the United States?,"-9. Refused
-8. Don’t know
-7. No post-election data, deleted due to incomplete interview
-6. No post-election interview
-5. Interview breakoff (sufficient partial IW)
-4. Technical error","1. Not at all
2. A little
3. A moderate amount
4. A lot
5. A great deal"
V202403,POST: HOW MUCH IS IRAN A THREAT TO THE UNITED STATES,How much is Iran a threat to the United States?,"-9. Refused
-8. Don’t know
-7. No post-election data, deleted due to incomplete interview
-6. No post-election interview
-5. Interview breakoff (sufficient partial IW)","1. Not at all
2. A little
3. A moderate amount
4. A lot
5. A great deal"
V202404,POST: HOW MUCH IS JAPAN A THREAT TO THE UNITED STATES,How much is Japan a threat to the United States?,"-9. Refused
-8. Don’t know
-7. No post-election data, deleted due to incomplete interview
-6. No post-election interview
-5. Interview breakoff (sufficient partial IW)","1. Not at all
2. A little
3. A moderate amount
4. A lot
5. A great deal"
V202405,POST: HOW MUCH IS GERMANY A THREAT TO THE UNITED STATES,How much is Germany a threat to the United States?,"-9. Refused
-8. Don’t know
-7. No post-election data, deleted due to incomplete interview
-6. No post-election interview
-5. Interview breakoff (sufficient partial IW)","1. Not at all
2. A little
3. A moderate amount
4. A lot
5. A great deal"
V202406,POST: CSES5-Q01: HOW INTERESTED IN POLITICS IS R,"How interested would you say you are in politics? Are you very interested, somewhat interested, not very interested, or not at all interested?","-9. Refused
-8. Don’t know
-7. No post-election data, deleted due to incomplete interview
-6. No post-election interview
-5. Interview breakoff (sufficient partial IW)","1. Very interested
2. Somewhat interested
3. Not very interested
4. Not at all interested"
V202407,POST: CSES5-Q02: HOW CLOSELY DOES R FOLLOW POLITICS IN MEDIA,"And how closely do you follow politics on TV, radio, newspapers, or the Internet?","-9. Refused
-8. Don’t know
-7. No post-election data, deleted due to incomplete interview
-6. No post-election interview
-5. Interview breakoff (sufficient partial IW)","1. Very closely
2. Fairly closely
3. Not very closely
4. Not at all"
V202408,POST: CSES5-Q03: AGREE/DISAGREE: R UNDERSTANDS MOST IMPORTANT POLITICAL ISSUES,"Please tell me whether you agree strongly, agree somewhat, neither agree nor disagree, disagree somewhat, or disagree strongly with each of the following statements: You feel you understand the most important political issues of this country. Do you agree strongly, agree somewhat, neither agree nor disagree, disagree somewhat, or disagree strongly? POST-ELECTION SURVEY VARIABLES 545","-9. Refused
-8. Don’t know
-7. No post-election data, deleted due to incomplete interview
-6. No post-election interview
-5. Interview breakoff (sufficient partial IW)","1. Agree strongly
2. Agree somewhat
3. Neither agree nor disagree
4. Disagree somewhat
5. Disagree strongly"
V202409,POST: CSES5-Q04A: ATTITUDES ABOUT ELITES: COMPROMISE IN POLITICS IS SELLING OUT,"‘What people call compromise in politics is really just selling out on one’s principles.’ Do you agree strongly, agree somewhat, neither agree nor disagree, disagree somewhat, or disagree strongly?","-9. Refused
-8. Don’t know
-7. No post-election data, deleted due to incomplete interview
-6. No post-election interview
-5. Interview breakoff (sufficient partial IW)","1. Agree strongly
2. Agree somewhat
3. Neither agree nor disagree
4. Disagree somewhat
5. Disagree strongly"
V202410,POST: CSES5-Q04B: ATTITUDES ABOUT ELITES: POLITICIANS DO NOT CARE ABOUT PEOPLE,"‘Most politicians do not care about the people.’ Do you agree strongly, agree somewhat, neither agree nor disagree, disagree somewhat, or disagree strongly?","-9. Refused
-8. Don’t know
-7. No post-election data, deleted due to incomplete interview
-6. No post-election interview
-5. Interview breakoff (sufficient partial IW)","1. Agree strongly
2. Agree somewhat
3. Neither agree nor disagree
4. Disagree somewhat
5. Disagree strongly"
V202411,POST: CSES5-Q04C: ATTITUDES ABOUT ELITES: MOST POLITICIANS ARE TRUSTWORTHY,"‘Most politicians are trustworthy.’ Do you agree strongly, agree somewhat, neither agree nor disagree, disagree somewhat, or disagree strongly?","-9. Refused
-8. Don’t know
-7. No post-election data, deleted due to incomplete interview
-6. No post-election interview
-5. Interview breakoff (sufficient partial IW)","1. Agree strongly
2. Agree somewhat
3. Neither agree nor disagree
4. Disagree somewhat
5. Disagree strongly"
V202412,POST: CSES5-Q04D: ATTITUDES ABOUT ELITES: POLITICIANS ARE MAIN PROBLEM IN US,"‘Politicians are the main problem in the United States.’ Do you agree strongly, agree somewhat, neither agree nor disagree, disagree somewhat, or disagree strongly?","-9. Refused
-7. No post-election data, deleted due to incomplete interview
-6. No post-election interview
-5. Interview breakoff (sufficient partial IW)","1. Agree strongly
2. Agree somewhat
3. Neither agree nor disagree
4. Disagree somewhat
5. Disagree strongly"
V202413,POST: CSES5-Q04E: ATTITUDES ABOUT ELITES: STRONG LEADER IN GOVERNMENT IS GOOD,"‘Having a strong leader in government is good for the United States even if the leader bends the rules to get things done.’ Do you agree strongly, agree somewhat, neither agree nor disagree, disagree somewhat, or disagree strongly? 548 CODEBOOK: VARIABLES","-9. Refused
-8. Don’t know
-7. No post-election data, deleted due to incomplete interview
-6. No post-election interview
-5. Interview breakoff (sufficient partial IW)","1. Agree strongly
2. Agree somewhat
3. Neither agree nor disagree
4. Disagree somewhat
5. Disagree strongly"
V202414,POST: CSES5-Q04F: ATTITUDES ABOUT ELITES: PEOPLE SHOULD MAKE POLICY DECISIONS,"‘The people, and not politicians, should make our most important policy decisions.’ Do you agree strongly, agree somewhat, neither agree nor disagree, disagree somewhat, or disagree strongly?","-9. Refused
-8. Don’t know
-7. No post-election data, deleted due to incomplete interview
-6. No post-election interview
-5. Interview breakoff (sufficient partial IW)","1. Agree strongly
2. Agree somewhat
3. Neither agree nor disagree
4. Disagree somewhat
5. Disagree strongly"
V202415,POST: CSES5-Q04G: ATTITUDES ABOUT ELITES: POLITICIANS ONLY CARE ABOUT THE RICH,"‘Most politicians care only about the interests of the rich and powerful.’ Do you agree strongly, agree somewhat, neither agree nor disagree, disagree somewhat, or disagree strongly?","-9. Refused
-8. Don’t know
-7. No post-election data, deleted due to incomplete interview
-6. No post-election interview
-5. Interview breakoff (sufficient partial IW)","1. Agree strongly
2. Agree somewhat
3. Neither agree nor disagree
4. Disagree somewhat
5. Disagree strongly"
V202416,POST: CSES5-Q05A: OUT-GROUP ATTITUDES: MINORITIES SHOULD ADAPT,"Now thinking about minorities in the United States. Do you agree strongly, agree somewhat, neither agree nor disagree, disagree somewhat, or disagree strongly with the following statement? ‘Minorities should adapt to the customs and traditions of the United States.’ 550 CODEBOOK: VARIABLES","-9. Refused
-8. Don’t know
-7. No post-election data, deleted due to incomplete interview
-6. No post-election interview
-5. Interview breakoff (sufficient partial IW)","1. Agree strongly
2. Agree somewhat
3. Neither agree nor disagree
4. Disagree somewhat
5. Disagree strongly"
V202417,POST: CSES5-Q05B: OUT-GROUP ATTITUDES: WILL OF MAJORITY SHOULD ALWAYS PREVAIL,"Do you agree strongly, agree somewhat, neither agree nor disagree, disagree somewhat, or disagree strongly with the following statement? ‘The will of the majority should always prevail, even over the rights of minorities.’","-9. Refused
-8. Don’t know
-7. No post-election data, deleted due to incomplete interview
-6. No post-election interview
-5. Interview breakoff (sufficient partial IW)","1. Agree strongly
2. Agree somewhat
3. Neither agree nor disagree
4. Disagree somewhat
5. Disagree strongly"
V202418,POST: CSES5-Q05C: OUT-GROUP ATTITUDES: IMMIGRANTS GOOD FOR AMERICA’S ECONOMY,"And now thinking specifically about immigrants. Do you agree strongly, agree somewhat, neither agree nor disagree, disagree somewhat, or disagree strongly with the following statement? ‘Immigrants are generally good for America’s economy.’","-9. Refused
-8. Don’t know
-7. No post-election data, deleted due to incomplete interview
-6. No post-election interview
-5. Interview breakoff (sufficient partial IW)","1. Agree strongly
2. Agree somewhat
3. Neither agree nor disagree
4. Disagree somewhat
5. Disagree strongly"
V202419,POST: CSES5-Q05C: OUT-GROUP ATTITUDES: AMERICA’S CULTURE HARMED BY IMMIGRANTS,"Do you agree strongly, agree somewhat, neither agree nor disagree, disagree somewhat, or disagree strongly with the following statement? ‘America’s culture is generally harmed by immigrants.’ 552 CODEBOOK: VARIABLES","-9. Refused
-8. Don’t know
-7. No post-election data, deleted due to incomplete interview
-6. No post-election interview
-5. Interview breakoff (sufficient partial IW)","1. Agree strongly
2. Agree somewhat
3. Neither agree nor disagree
4. Disagree somewhat
5. Disagree strongly"
V202420,POST: CSES5-Q05C: OUT-GROUP ATTITUDES: IMMIGRANTS INCREASE CRIME RATES IN US,"Do you agree strongly, agree somewhat, neither agree nor disagree, disagree somewhat, or disagree strongly with the following statement? ‘Immigrants increase crime rates in the United States.’","-9. Refused
-8. Don’t know
-7. No post-election data, deleted due to incomplete interview
-6. No post-election interview
-5. Interview breakoff (sufficient partial IW)","1. Agree strongly
2. Agree somewhat
3. Neither agree nor disagree
4. Disagree somewhat
5. Disagree strongly"
V202421,POST: CSES5-Q06A: NATIONAL IDENTITY: HOW IMPORTANT TO HAVE BEEN BORN IN US,"Some people say that the following things are important for being truly American. Others says they are not important. How important do you think the following is for being truly American: very important, fairly important, not very important, or not important at all? To have been born in the United States.","-9. Refused
-8. Don’t know
-7. No post-election data, deleted due to incomplete interview
-6. No post-election interview
-5. Interview breakoff (sufficient partial IW)","1. Very important
2. Fairly important
3. Not very important
4. Not important at all"
V202422,POST: CSES5-Q06B: NATIONAL IDENTITY: HOW IMPORTANT TO HAVE AMERICAN ANCESTRY,"How important do you think the following is for being truly American: very important, fairly important, not very important, or not important at all? To have American ancestry. 554 CODEBOOK: VARIABLES","-9. Refused
-8. Don’t know
-7. No post-election data, deleted due to incomplete interview
-6. No post-election interview
-5. Interview breakoff (sufficient partial IW)","1. Very important
2. Fairly important
3. Not very important
4. Not important at all"
V202423,POST: CSES5-Q06C: NATIONAL IDENTITY: HOW IMPORTANT TO BE ABLE TO SPEAK ENGLISH,"How important do you think the following is for being truly American: very important, fairly important, not very important, or not important at all? To be able to speak English.","-9. Refused
-7. No post-election data, deleted due to incomplete interview
-6. No post-election interview
-5. Interview breakoff (sufficient partial IW)","1. Very important
2. Fairly important
3. Not very important
4. Not important at all"
V202424,POST: CSES5-Q06D: NATIONAL IDENTITY: HOW IMPORTANT TO FOLLOW AMERICA’S CUSTOMS,"How important do you think the following is for being truly American: very important, fairly important, not very important, or not important at all? To follow America’s customs and traditions.","-9. Refused
-8. Don’t know
-7. No post-election data, deleted due to incomplete interview
-6. No post-election interview
-5. Interview breakoff (sufficient partial IW)","1. Very important
2. Fairly important
3. Not very important
4. Not important at all"
V202425,POST: CSES5-Q07: HOW WIDESPREAD IS CORRUPTION AMONG POLITICIANS IN US,How widespread do you think corruption such as bribe taking is among politicians in the United States:,"-9. Refused
-8. Don’t know
-7. No post-election data, deleted due to incomplete interview
-6. No post-election interview
-5. Interview breakoff (sufficient partial IW)","1. Very widespread
2. Quite widespread
3. Not very widespread
4. Hardly happens at all"
V202426,POST: CSES5-Q08: GOVERNMENT SHOULD REDUCE DIFFERENCES IN INCOME LEVELS,"Please say to what extent you agree or disagree with the following statement: ‘The government should take measures to reduce differences in income levels’. Do you agree strongly, agree somewhat, neither agree nordisagree, disagree somewhat, or disagree strongly?","-9. Refused
-7. No post-election data, deleted due to incomplete interview
-6. No post-election interview
-5. Interview breakoff (sufficient partial IW)","1. Agree strongly
2. Agree somewhat
3. Neither agree nor disagree
4. Disagree somewhat
5. Disagree strongly"
V202427,POST: CSES5-Q09: HOW GOOD/BAD A JOB HAS GOVERNMENT DONE IN LAST 4 YEARS,"Now thinking about the performance of the government in Washington in general, how good or bad a job do you think the government has done in the last 4 years? Has it done a very good job? a good job? a bad job? a very bad job? POST-ELECTION SURVEY VARIABLES 557","-9. Refused
-8. Don’t know
-7. No post-election data, deleted due to incomplete interview
-6. No post-election interview
-5. Interview breakoff (sufficient partial IW)","1. Very good job
2. Good job
3. Bad job
4. Very bad job"
V202428,POST: CSES5-Q10A: IS THERE A PARTY THAT REPRESENTS R’S VIEWS,Would you say that any of the parties in the United States represent your views reasonably well?,"-9. Refused
-8. Don’t know
-7. No post-election data, deleted due to incomplete interview
-6. No post-election interview
-5. Interview breakoff (sufficient partial IW)","1. Yes
2. No"
V202429,POST: CSES5-Q10B: PARTY THAT REPRESENTS R’S VIEWS BEST,Which party represents your views best? 558 CODEBOOK: VARIABLES,"-9. Refused
-7. No post-election data, deleted due to incomplete interview
-6. No post-election interview
-5. Interview breakoff (sufficient partial IW)
-1. Inapplicable","1. Democratic
5. Republican
7. Other {SPECIFY}"
V202429z,POST: CSES5-Q10B: PARTY THAT REPRESENTS R’S VIEWS BEST - OTHER SPECIFY,Which party represents your views best?,-2. Open-end responses available in separate file,
V202430,POST: CSES5-Q11: STATE OF ECONOMY BETTER OR WORSE OVER PAST 12 MONTHS,"Would you say that over the past twelve months, the state of the economy in the United States has gotten much better, gotten somewhat better, stayed about the same, gotten somewhat worse, or gotten much worse? POST-ELECTION SURVEY VARIABLES 559","-9. Refused
-8. Don’t know
-7. No post-election data, deleted due to incomplete interview
-6. No post-election interview
-5. Interview breakoff (sufficient partial IW)","1. Gotten much better
2. Gotten somewhat better
3. Stayed about the same
4. Gotten somewhat worse
5. Gotten much worse"
V202431,POST: CSES5-Q14A: 5PT SCALE: DOES IT MAKE A DIFFERENCE WHO IS IN POWER,"Some people say that it doesn’t make any difference who is in power. Others say that it makes a big difference who is in power. Using the scale, where ONE means that it doesn’t make any difference who is in power and FIVE means that it makes a big difference who is in power, where would you place yourself?","-9. Refused
-7. No post-election data, deleted due to incomplete interview
-6. No post-election interview
-5. Interview breakoff (sufficient partial IW)","1. It doesn’t make any difference who is in power
5. It makes a big difference who is in power"
V202432,POST: CSES5-Q14B: WHO PEOPLE VOTE FOR MAKES A BIG DIFFERENCE,"Some people say that no matter who people vote for, it won’t make any difference to what happens. Others say that who people vote for can make a big difference to what happens. Using the scale, where ONE means that voting won’t make any difference to what happens and FIVE means that voting can make a big difference, where would you place yourself?","-9. Refused
-7. No post-election data, deleted due to incomplete interview
-6. No post-election interview
-5. Interview breakoff (sufficient partial IW)","1. Who people vote for won’t make any difference
5. Who people vote for can make a big difference"
V202433,POST: CSES5-Q15A: LIKE-DISLIKE-DEMOCRATIC PARTY,"I’d like to know what you think about each of our political parties. After I read the name of a political party, please rate it on a scale from 0 to 10, where 0 means you strongly dislike that party and 10 means that you strongly like that party. If I come to a party you haven’t heard of or you feel you do not know enough about, just say so. The first party is: the Democratic Party","-9. Refused
-8. Don’t know
-7. No post-election data, deleted due to incomplete interview
-6. No post-election interview
-5. Interview breakoff (sufficient partial IW)","0. Strongly dislike
10. Strongly like"
V202434,POST: CSES5-Q15B: LIKE-DISLIKE-REPUBLICAN PARTY,"Using the same scale, where would you place: the Republican Party","-9. Refused
-8. Don’t know
-7. No post-election data, deleted due to incomplete interview
-6. No post-election interview
-5. Interview breakoff (sufficient partial IW)","0. Strongly dislike
10. Strongly like"
V202435,POST: CSES5-Q16A: LIKE-DISLIKE-DEMOCRATIC PRESIDENTIAL CANDIDATE,"Using the same scale, where would you place: Joe Biden","-9. Refused
-8. Don’t know
-7. No post-election data, deleted due to incomplete interview
-6. No post-election interview
-5. Interview breakoff (sufficient partial IW)","0. Strongly dislike
10. Strongly like"
V202436,POST: CSES5-Q16B: LIKE-DISLIKE-REPUBLICAN PRESIDENTIAL CANDIDATE,"Using the same scale, where would you place: Donald Trump","-9. Refused
-8. Don’t know
-7. No post-election data, deleted due to incomplete interview
-6. No post-election interview
-5. Interview breakoff (sufficient partial IW)","0. Strongly dislike
10. Strongly like"
V202437,POST: CSES5-Q17A: LEFT-RIGHT-DEMOCRATIC PARTY,In politics people sometimes talk of left and right. Where would you place the Democratic Party on a scale from 0 to 10 where 0 means the left and 10 means the right?,"-9. Refused
-8. Don’t know
-7. No post-election data, deleted due to incomplete interview
-6. No post-election interview
-5. Interview breakoff (sufficient partial IW)","0. Left
10. Right"
V202438,POST: CSES5-Q17B: LEFT-RIGHT-REPUBLICAN PARTY,"Using the same scale, where would you place the Republican Party?","-9. Refused
-8. Don’t know
-7. No post-election data, deleted due to incomplete interview
-6. No post-election interview
-5. Interview breakoff (sufficient partial IW)","0. Left
10. Right"
V202439,POST: CSES5-Q18: LEFT-RIGHT-SELF,Where would you place yourself on this scale?,"-9. Refused
-8. Don’t know
-7. No post-election data, deleted due to incomplete interview
-6. No post-election interview
-5. Interview breakoff (sufficient partial IW)","0. Left
10. Right"
V202440,POST: CSES5-Q21: SATISFACTION WITH DEMOCRATIC PROCESS,"On the whole, are you very satisfied, fairly satisfied, not very satisfied, or not at all satisfied with the way democracy works in the United States?","-9. Refused
-8. Don’t know
-7. No post-election data, deleted due to incomplete interview
-6. No post-election interview
-5. Interview breakoff (sufficient partial IW)","1. Very satisfied
2. Fairly satisfied
4. Not very satisfied
5. Not at all satisfied"
V202441,POST: CSES5-Q22A: IS R CLOSE TO ANY POLITICAL PARTY,Do you usually think of yourself as close to any particular party?,"-9. Refused
-8. Don’t know
-7. No post-election data, deleted due to incomplete interview
-6. No post-election interview
-5. Interview breakoff (sufficient partial IW)","1. Yes
5. No"
V202442,POST: CSES5-Q22B: DOES R FEEL CLOSER TO ONE PARTY,Do you feel yourself a little closer to one of the political parties than the others?,"-9. Refused
-7. No post-election data, deleted due to incomplete interview
-6. No post-election interview
-5. Interview breakoff (sufficient partial IW)
-1. Inapplicable","1. Yes
5. No"
V202443,POST: CSES5-Q22C: WHICH PARTY DOES R FEEL CLOSEST TO,Which party do you feel closest to?,"-9. Refused
-7. No post-election data, deleted due to incomplete interview
-6. No post-election interview
-5. Interview breakoff (sufficient partial IW)
-1. Inapplicable","1. Democratic
3. Republican
7. Other {SPECIFY}"
V202443z,POST: CSES5-Q22C: WHICH PARTY DOES R FEEL CLOSEST TO - OTHER SPECIFY,Which party do you feel closest to?,-2. Open-end responses available in separate file,
V202444,POST: CSES5-Q22D: DEGREE OF CLOSENESS TO THIS PARTY,"Do you feel very close to this party, somewhat close, or not very close?","-9. Refused
-7. No post-election data, deleted due to incomplete interview
-6. No post-election interview
-5. Interview breakoff (sufficient partial IW)
-1. Inapplicable","1. Very close
2. Somewhat close
3. Not very close"
V202450a,POST: DOES R HAVE ANY SONS OR DAUGHTERS - ONE OR MORE SONS POST-ELECTION SURVEY VARIABLES 567,On another topic: Do you have any living sons or daughters of any age? Mark all that apply.,"-9. Refused
-7. No post-election data, deleted due to incomplete interview
-6. No post-election interview
-5. Interview breakoff (sufficient partial IW)","0. Not mentioned
1. Mentioned"
V202450b,POST: DOES R HAVE ANY SONS OR DAUGHTERS - ONE OR MORE DAUGHTERS,On another topic: Do you have any living sons or daughters of any age? Mark all that apply.,"-9. Refused
-7. No post-election data, deleted due to incomplete interview
-6. No post-election interview
-5. Interview breakoff (sufficient partial IW)","0. Not mentioned
1. Mentioned"
V202450c,POST: DOES R HAVE ANY SONS OR DAUGHTERS - NO SONS AND NO DAUGHTERS,On another topic: Do you have any living sons or daughters of any age? Mark all that apply.,"-9. Refused
-7. No post-election data, deleted due to incomplete interview
-6. No post-election interview
-5. Interview breakoff (sufficient partial IW)","0. Not mentioned
1. Mentioned"
V202451,POST: HOW MUCH HAVE POLITICAL DIFFERENCES HURT RELATIONSHIPS W/FAMILY,"In the past four years, how much have political differences hurt your relationships with family members?","-9. Refused
-7. No post-election data, deleted due to incomplete interview
-6. No post-election interview
-5. Interview breakoff (sufficient partial IW)","1. A great deal
2. A lot
3. A moderate amount
4. A little
5. Not at all"
V202452,POST: HOW OFTEN DOES R HAVE CONCERNED FEELINGS FOR OTHER RACIAL/ETHNIC GROUPS,"How often would you say that you have tender, concerned feelings for people from another racial or ethnic group who are less fortunate than you?","-9. Refused
-7. No post-election data, deleted due to incomplete interview
-6. No post-election interview
-5. Interview breakoff (sufficient partial IW)","1. Extremely often
2. Very often
3. Somewhat often
4. Not too often
5. Not often at all"
V202453,POST: HOW OFTEN DOES R TRY TO UNDERSTAND PERPECTIVE OF OTHER RACIAL/ETHNIC GROUPS,How often would you say you try to better understand people of other racial or ethnic groups by imagining how things look from their perspective?,"-9. Refused
-7. No post-election data, deleted due to incomplete interview
-6. No post-election interview
-5. Interview breakoff (sufficient partial IW)","1. Extremely often
2. Very often
3. Somewhat often
4. Not too often
5. Not often at all"
V202454,POST: HOW OFTEN R IMAGINES HOW THEY WOULD FEEL BEFORE CRITICIZING OTHER GROUPS,"Before criticizing somebody from another racial or ethnic group, how often do you try to imagine how you would feel if you were in their place?","-9. Refused
-7. No post-election data, deleted due to incomplete interview
-6. No post-election interview
-5. Interview breakoff (sufficient partial IW)","1. Extremely often
2. Very often
3. Somewhat often
4. Not too often
5. Not often at all"
V202455,POST: HOW OFTEN R FEELS PROTECTIVE OF SOMEONE DUE TO RACE OR ETHNICITY,"When you see someone being taken advantage of due to their race or ethnicity, how often do you feel protective towards them?","-9. Refused
-7. No post-election data, deleted due to incomplete interview
-6. No post-election interview
-5. Interview breakoff (sufficient partial IW)","1. Extremely often
2. Very often
3. Somewhat often
4. Not too often
5. Not often at all"
V202456,"POST: DURING PAST 12 MONTHS, R OR ANY FAMILY MEMBERS STOPPED BY POLICE","During the past 12 months, were you or any of your family members stopped orquestioned by a police officer, or did this not happen in the past 12 months?","-9. Refused
-7. No post-election data, deleted due to incomplete interview
-6. No post-election interview
-5. Interview breakoff (sufficient partial IW)","1. Was stopped or questioned in the past 12 months
2. Was not stopped or questioned in the past 12 months"
V202457,POST: HAS R EVER BEEN ARRESTED,"Have you ever been arrested, or has that never happened to you? POST-ELECTION SURVEY VARIABLES 571","-9. Refused
-7. No post-election data, deleted due to incomplete interview
-6. No post-election interview
-5. Interview breakoff (sufficient partial IW)","1. Have been arrested
2. Never arrested"
V202458,RESTRICTED: POST: TOTAL INCOME AMOUNT,"The next question is about [the total combined income of all members of your family / your total income] during the past 12 months. This includes money from jobs, net income from business, farm or rent, pensions, dividends, interest, Social Security payments and any other money income received by members of your family who are 15 years of age or older. What was the total income of your family during the past 12 months? TYPE THE NUMBER. YOUR BEST GUESS IS FINE.",-3. Restricted,
V202459,RESTRICTED: POST: INCOME AMT MISSING - GE OR LT 40K,"Was it $40,000 or more, or less than that?",-3. Restricted,
V202460,RESTRICTED: POST: INCOME AMT MISSING - GE OR LT 20K,"Was it $20,000 or more, or less than that?",-3. Restricted,
V202461,RESTRICTED: POST: INCOME AMT MISSING - CATEGORIES LT 20K,Please mark the answer that includes the income of all members of your family during the past 12 months before taxes.,-3. Restricted,
V202462,RESTRICTED: POST: INCOME AMT MISSING - CATEGORIES 20-40K,Please mark the answer that includes the income of all members of your family during the past 12 months before taxes.,-3. Restricted,
V202463,RESTRICTED: POST: INCOME AMT MISSING - GE OR LT 70K,"Was it $70,000 or more, or less than that?",-3. Restricted,
V202464,RESTRICTED: POST: INCOME AMT MISSING - CATEGORIES 40-70K,Please mark the answer that includes the income of all members of your family during the past 12 months before taxes.,-3. Restricted,
V202465,RESTRICTED: POST: INCOME AMT MISSING - GE OR LT 100K,"Was it $100,000 or more, or less than that?",-3. Restricted,
V202466,RESTRICTED: POST: INCOME AMT MISSING - CATEGORIES 70-100K,Please mark the answer that includes the income of all members of your family during the past 12 months before taxes.,-3. Restricted,
V202467,RESTRICTED: POST: INCOME AMT MISSING - CATEGORIES 100+K,Please mark the answer that includes the income of all members of your family during the past 12 months before taxes.,-3. Restricted,
V202468x,PRE-POST: SUMMARY: TOTAL (FAMILY) INCOME POST-ELECTION SURVEY VARIABLES 575,,"-9. Refused
-5. Breakoff, sufficient partial IW","1. Under $9,999
2. $10,000-14,999
3. $15,000-19,999
4. $20,000-24,999
5. $25,000-29,999
6. $30,000-34,999
7. $35,000-39,999
8. $40,000-44,999
9. $45,000-49,999
10. $50,000-59,999
11. $60,000-64,999
12. $65,000-69,999
13. $70,000-74,999
14. $75,000-79,999
15. $80,000-89,999
16. $90,000-99,999
17. $100,000-109,999
18. $110,000-124,999
19. $125,000-149,999
20. $150,000-174,999
21. $175,000-249,999
22. $250,000 or more"
V202469,POST: R SMOKED 100 CIGARETTES IN LIFE,Have you smoked at least 100 cigarettes in your entire life?,"-9. Refused
-7. No post-election data, deleted due to incomplete interview
-6. No post-election interview
-5. Interview breakoff (sufficient partial IW)","1. Yes
2. No"
V202470,POST: R CURRENTLY SMOKING,"Do you now smoke cigarettes every day, some days, or not at all?","-9. Refused
-7. No post-election data, deleted due to incomplete interview
-6. No post-election interview
-5. Interview breakoff (sufficient partial IW)
-1. Inapplicable","1. Every day
2. Some days
3. Not at all"
V202471,"POST: R HAS FAMILY/NEIGHBORS/COWORKERS/FRIENDS WHO ARE GAY, LESBIAN OR BISEXUAL","Among your immediate family members, relatives, neighbors, co-workers, or close friends, are any of them gay, lesbian, or bisexual as far as you know?","-9. Refused
-7. No post-election data, deleted due to incomplete interview
-6. No post-election interview
-5. Interview breakoff (sufficient partial IW)","1. Yes
2. No"
V202472a,POST: WHAT IS R’S RELATIONSHIP TO THAT PERSON (OR PEOPLE) - IMMEDIATE FAMILY,What is your relationship to that person or people? Mark any that apply POST-ELECTION SURVEY VARIABLES 577,"-9. Refused
-7. No post-election data, deleted due to incomplete interview
-6. No post-election interview
-5. Interview breakoff (sufficient partial IW)
-1. Inapplicable","0. Not mentioned
1. Mentioned"
V202472b,POST: WHAT IS R’S RELATIONSHIP TO THAT PERSON (OR PEOPLE) - OTHER RELATIVE,What is your relationship to that person or people? Mark any that apply,"-9. Refused
-7. No post-election data, deleted due to incomplete interview
-6. No post-election interview
-5. Interview breakoff (sufficient partial IW)
-1. Inapplicable","0. Not mentioned
1. Mentioned"
V202472c,POST: WHAT IS R’S RELATIONSHIP TO THAT PERSON (OR PEOPLE) - NEIGHBOR,What is your relationship to that person or people? Mark any that apply 578 CODEBOOK: VARIABLES,"-9. Refused
-7. No post-election data, deleted due to incomplete interview
-6. No post-election interview
-5. Interview breakoff (sufficient partial IW)
-1. Inapplicable","0. Not mentioned
1. Mentioned"
V202472d,POST: WHAT IS R’S RELATIONSHIP TO THAT PERSON (OR PEOPLE) - CO-WORKER,What is your relationship to that person or people? Mark any that apply,"-9. Refused
-7. No post-election data, deleted due to incomplete interview
-6. No post-election interview
-5. Interview breakoff (sufficient partial IW)
-1. Inapplicable","0. Not mentioned
1. Mentioned"
V202472e,POST: WHAT IS R’S RELATIONSHIP TO THAT PERSON (OR PEOPLE) - CLOSE FRIEND,What is your relationship to that person or people? Mark any that apply POST-ELECTION SURVEY VARIABLES 579,"-9. Refused
-7. No post-election data, deleted due to incomplete interview
-6. No post-election interview
-5. Interview breakoff (sufficient partial IW)
-1. Inapplicable","0. Not mentioned
1. Mentioned"
V202472f,POST: WHAT IS R’S RELATIONSHIP TO THAT PERSON (OR PEOPLE) - OTHER RELATIONSHIP,What is your relationship to that person or people? Mark any that apply,"-9. Refused
-7. No post-election data, deleted due to incomplete interview
-6. No post-election interview
-5. Interview breakoff (sufficient partial IW)
-1. Inapplicable","0. Not mentioned
1. Mentioned"
V202473,POST: R HAS FAMILY/NEIGHBORS/COWORKERS/FRIENDS WHO ARE TRANSGENDER,"Among your immediate family members, relatives, neighbors, co-workers, or close friends, are any of them transgender as far as you know? 580 CODEBOOK: VARIABLES","-9. Refused
-7. No post-election data, deleted due to incomplete interview
-6. No post-election interview
-5. Interview breakoff (sufficient partial IW)","1. Yes
2. No"
V202474a,POST: WHAT IS R’S RELATIONSHIP TO THAT PERSON (OR PEOPLE) - IMMEDIATE FAMILY,What is your relationship to that person or people? Mark any that apply,"-9. Refused
-7. No post-election data, deleted due to incomplete interview
-6. No post-election interview
-5. Interview breakoff (sufficient partial IW)
-1. Inapplicable","0. Not mentioned
1. Mentioned"
V202474b,POST: WHAT IS R’S RELATIONSHIP TO THAT PERSON (OR PEOPLE) - OTHER RELATIVE,What is your relationship to that person or people? Mark any that apply,"-9. Refused
-7. No post-election data, deleted due to incomplete interview
-6. No post-election interview
-5. Interview breakoff (sufficient partial IW)
-1. Inapplicable","0. Not mentioned
1. Mentioned"
V202474c,POST: WHAT IS R’S RELATIONSHIP TO THAT PERSON (OR PEOPLE) - NEIGHBOR,What is your relationship to that person or people? Mark any that apply,"-9. Refused
-7. No post-election data, deleted due to incomplete interview
-6. No post-election interview
-5. Interview breakoff (sufficient partial IW)
-1. Inapplicable","0. Not mentioned
1. Mentioned"
V202474d,POST: WHAT IS R’S RELATIONSHIP TO THAT PERSON (OR PEOPLE) - CO-WORKER,What is your relationship to that person or people? Mark any that apply,"-9. Refused
-7. No post-election data, deleted due to incomplete interview
-6. No post-election interview
-5. Interview breakoff (sufficient partial IW)
-1. Inapplicable","0. Not mentioned
1. Mentioned"
V202474e,POST: WHAT IS R’S RELATIONSHIP TO THAT PERSON (OR PEOPLE) - CLOSE FRIEND,What is your relationship to that person or people? Mark any that apply,"-9. Refused
-7. No post-election data, deleted due to incomplete interview
-6. No post-election interview
-5. Interview breakoff (sufficient partial IW)
-1. Inapplicable","0. Not mentioned
1. Mentioned"
V202474f,POST: WHAT IS R’S RELATIONSHIP TO THAT PERSON (OR PEOPLE) - OTHER RELATIONSHIP,What is your relationship to that person or people? Mark any that apply,"-9. Refused
-7. No post-election data, deleted due to incomplete interview
-6. No post-election interview
-5. Interview breakoff (sufficient partial IW)
-1. Inapplicable","0. Not mentioned
1. Mentioned"
V202475,POST: DOES R CONSIDER THEMSELF A FEMINIST OR ANTI-FEMINIST,"Do you consider yourself a feminist, an anti-feminist, or neither of these? POST-ELECTION SURVEY VARIABLES 583","-9. Refused
-7. No post-election data, deleted due to incomplete interview
-6. No post-election interview
-5. Interview breakoff (sufficient partial IW)","1. Feminist
2. Anti-feminist
3. Neither"
V202476,POST: HOW IMPORTANT IS BEING A FEMINIST,How important is it to you to be a feminist?,"-7. No post-election data, deleted due to incomplete interview
-6. No post-election interview
-5. Interview breakoff (sufficient partial IW)
-1. Inapplicable","1. Extremely important
2. Very important
3. Somewhat important
4. A little important
5. Not at all important"
V202477,POST: FEELING THERMOMETER: ASIAN- AMERICANS,"The next set of questions uses the same thermometer scale which you used earlier in the interview. Ratings between 50 degrees and 100 degrees mean that you feel favorable and warm toward the group. Ratings between 0 degrees and 50 degrees mean that you don’t feel favorable toward the group and that you don’t care too much for that group. You would rate the group at the 50 degree mark if you don’t feel particularly warm or cold toward the group. On the feeling thermometer scale of 0 to 100, how would you rate Asian-Americans?","-9. Refused
-7. No post-election data, deleted due to incomplete interview
-6. No post-election interview
-5. Interview breakoff (sufficient partial IW)
-4. Technical error
-1. Inapplicable",
V202478,POST: FEELING THERMOMETER: ASIANS,How would you rate Asians?,"-9. Refused
-7. No post-election data, deleted due to incomplete interview
-6. No post-election interview
-5. Interview breakoff (sufficient partial IW)
-4. Technical error
-1. Inapplicable",
V202479,POST: FEELING THERMOMETER: HISPANICS,How would you rate Hispanics?,"-9. Refused
-7. No post-election data, deleted due to incomplete interview
-6. No post-election interview
-5. Interview breakoff (sufficient partial IW)
-4. Technical error",
V202480,POST: FEELING THERMOMETER: BLACKS,How would you rate blacks?,"-9. Refused
-7. No post-election data, deleted due to incomplete interview
-6. No post-election interview
-5. Interview breakoff (sufficient partial IW)
-4. Technical error",
V202481,POST: FEELING THERMOMETER: ILLEGAL IMMIGRANTS,How would you rate illegal immigrants?,"-9. Refused
-7. No post-election data, deleted due to incomplete interview
-6. No post-election interview
-5. Interview breakoff (sufficient partial IW)
-4. Technical error",
V202482,POST: FEELING THERMOMETER: WHITES,How would you rate whites?,"-9. Refused
-7. No post-election data, deleted due to incomplete interview
-6. No post-election interview
-5. Interview breakoff (sufficient partial IW)
-4. Technical error",
V202483,POST: HOW IMPORTANT WHITES WORK TOGETHER TO CHANGE LAWS UNFAIR TO WHITES,How important is it that whites work together to change laws that are unfairto whites?,"-9. Refused
-7. No post-election data, deleted due to incomplete interview
-6. No post-election interview
-5. Interview breakoff (sufficient partial IW)
-1. Inapplicable","1. Extremely important
2. Very important
3. Moderately important
4. A little important
5. Not at all important"
V202484,POST: HOW IMPORTANT BLACKS WORK TOGETHER TO CHANGE LAWS UNFAIR TO BLACKS,How important is it that blacks work together to change laws that are unfair to blacks?,"-9. Refused
-7. No post-election data, deleted due to incomplete interview
-6. No post-election interview
-5. Interview breakoff (sufficient partial IW)
-4. Technica error
-1. Inapplicable","1. Extremely important
2. Very important
3. Moderately important
4. A little important
5. Not at all important"
V202485,POST: HOW IMPORTANT HISPANICS WORK TOGETHER TO CHANGE LAWS UNFAIR TO HISPANICS,How important is it that Hispanics work together to change laws that are unfair to Hispanics? 588 CODEBOOK: VARIABLES,"-9. Refused
-7. No post-election data, deleted due to incomplete interview
-6. No post-election interview
-5. Interview breakoff (sufficient partial IW)
-1. Inapplicable","1. Extremely important
2. Very important
3. Moderately important
4. A little important
5. Not at all important"
V202486,POST: HOW IMPORTANT ASIANS WORK TOGETHER TO CHANGE LAWS UNFAIR TO ASIANS,How important is it that Asians work together to change laws that are unfair to Asians?,"-7. No post-election data, deleted due to incomplete interview
-6. No post-election interview
-5. Interview breakoff (sufficient partial IW)
-4. Technical error
-1. Inapplicable","1. Extremely important
2. Very important
3. Moderately important
4. A little important
5. Not at all important"
V202487,POST: HOW LIKELY WHITES UNABLE TO FIND JOBS BECAUSE EMPLOYERS HIRING MINORITIES,How likely is it that many whites are unable to find a job because employers are hiring minorities instead?,"-9. Refused
-7. No post-election data, deleted due to incomplete interview
-6. No post-election interview
-5. Interview breakoff (sufficient partial IW)","1. Extremely likely
2. Very likely
3. Moderately likely
4. Slightly likely
5. Not at all likely"
V202488,POST: DOES FEDERAL GOVERNMENT TREAT BLACKS OR WHITES BETTER,"In general, does the federal government treat whites better than blacks, treat them both the same, or treat blacks better than whites?","-9. Refused
-7. No post-election data, deleted due to incomplete interview
-6. No post-election interview
-5. Interview breakoff (sufficient partial IW)","1. Treat whites better
2. Treat both the same
3. Treat blacks better"
V202489,POST: HOW MUCH BETTER DOES FEDERAL GOVERNMENT TREAT BLACKS OR WHITES,"Does the federal government treat [whites/blacks] much better, moderately better, or a little better?","-9. Refused
-7. No post-election data, deleted due to incomplete interview
-6. No post-election interview
-5. Interview breakoff (sufficient partial IW)
-1. Inapplicable","1. Much
2. Moderately
3. A little"
V202490x,POST: SUMMARY: FEDERAL GOVERNMENT TREATS BLACKS OR WHITES BETTER,,"-7. No post-election data, deleted due to incomplete interview
-6. No post-election interview
-5. Interview breakoff (sufficient partial IW)
-2. DK/RF in V202488 or V202489","1. Treat whites much better
2. Treat whites moderately better
3. Treat whites a little better
4. Treat both the same
5. Treat blacks a little better
6. Treat blacks moderately better
7. Treat blacks much better"
V202491,POST: DO POLICE TREAT BLACKS OR WHITES BETTER,"In general, do the police treat whites better than blacks, treat them both thesame, or treat blacks better than whites? POST-ELECTION SURVEY VARIABLES 591","-9. Refused
-7. No post-election data, deleted due to incomplete interview
-6. No post-election interview
-5. Interview breakoff (sufficient partial IW)","1. Treat whites better
2. Treat both the same
3. Treat blacks better"
V202492,POST: HOW MUCH BETTER DO POLICE TREAT BLACKS OR WHITES,"Do the police treat [whites/blacks] much better, moderately better, or a little better?","-9. Refused
-7. No post-election data, deleted due to incomplete interview
-6. No post-election interview
-5. Interview breakoff (sufficient partial IW)
-1. Inapplicable","1. Much
2. Moderately
3. A little"
V202493x,POST: SUMMARY: POLICE TREAT BLACKS OR WHITES BETTER,,"-7. No post-election data, deleted due to incomplete interview
-6. No post-election interview
-5. Interview breakoff (sufficient partial IW)
-2. DK/RF in V202491 or V202492","1. Treat whites much better
2. Treat whites moderately better
3. Treat whites a little better
4. Treat both the same
5. Treat blacks a little better
6. Treat blacks moderately better
7. Treat blacks much better"
V202494,POST: HOW MUCH INFLUENCE DO WHITES HAVE IN US POLITICS,"Would you say that whites have too much influence in American politics, just about the right amount of influence in American politics, or too little influence in American politics?","-9. Refused
-7. No post-election data, deleted due to incomplete interview
-6. No post-election interview
-5. Interview breakoff (sufficient partial IW)","1. Too much influence
2. Just about the right amount of influence
3. Too little influence"
V202495,POST: HOW MUCH INFLUENCE DO BLACKS HAVE IN US POLITICS,"Would you say that blacks have too much influence in American politics, just about the right amount of influence in American politics, or too little influence in American politics? POST-ELECTION SURVEY VARIABLES 593","-9. Refused
-7. No post-election data, deleted due to incomplete interview
-6. No post-election interview
-5. Interview breakoff (sufficient partial IW)","1. Too much influence
2. Just about the right amount of influence
3. Too little influence"
V202496,POST: HOW MUCH INFLUENCE DO HISPANICS HAVE IN US POLITICS,"Would you say that Hispanics have too much influence in American politics, just about the right amount of influence in American politics, or too little influence in American politics?","-9. Refused
-7. No post-election data, deleted due to incomplete interview
-6. No post-election interview
-5. Interview breakoff (sufficient partial IW)","1. Too much influence
2. Just about the right amount of influence
3. Too little influence"
V202497,POST: HOW MUCH INFLUENCE DO ASIANS HAVE IN US POLITICS,"Would you say that Asians have too much influence in American politics, just about the right amount of influence in American politics, or too little influence in American politics? 594 CODEBOOK: VARIABLES","-9. Refused
-7. No post-election data, deleted due to incomplete interview
-6. No post-election interview
-5. Interview breakoff (sufficient partial IW)","1. Too much influence
2. Just about the right amount of influence
3. Too little influence"
V202498,RESTRICTED: POST: HOW IMPORTANT IS BEING HISPANIC TO R’S IDENTITY,How important is being Hispanic to your identity?,-3. Restricted,
V202498x,POST: SUMMARY: HOW IMPORTANT IS BEING HISPANIC TO R’S IDENTITY,,"-9. Refused
-7. No post-election data, deleted due to incomplete interview
-6. No post-election interview
-5. Interview breakoff (sufficient partial IW)
-3. Restricted
-1. Inapplicable","1. Extremely important
2. Very important
3. Moderately important
4. A little important
5. Not at all important"
V202499,RESTRICTED: POST: HOW IMPORTANT IS BEING WHITE TO R’S IDENTITY,How important is being white to your identity?,-3. Restricted,
V202499x,POST: SUMMARY: HOW IMPORTANT IS BEING WHITE TO R’S IDENTITY,,"-9. Refused
-7. No post-election data, deleted due to incomplete interview
-6. No post-election interview
-5. Interview breakoff (sufficient partial IW)
-3. Restricted
-1. Inapplicable","1. Extremely important
2. Very important
3. Moderately important
4. A little important
5. Not at all important"
V202500,RESTRICTED: POST: HOW IMPORTANT IS BEING BLACK TO R’S IDENTITY,How important is being black or African-American to your identity?,-3. Restricted,
V202500x,POST: SUMMARY: HOW IMPORTANT IS BEING BLACK TO R’S IDENTITY,,"-9. Refused
-7. No post-election data, deleted due to incomplete interview
-6. No post-election interview
-5. Interview breakoff (sufficient partial IW)
-3. Restricted
-1. Inapplicable","1. Extremely important
2. Very important
3. Moderately important
4. A little important
5. Not at all important"
V202501,RESTRICTED: POST: HOW IMPORTANT IS BEING NATIVE AMERICAN TO R’S IDENTITY,How important is being American Indian or Alaska Native to your identity?,-3. Restricted,
V202501x,POST: SUMMARY: HOW IMPORTANT IS BEING NATIVE AMERICAN TO R’S IDENTITY POST-ELECTION SURVEY VARIABLES 597,,"-9. Refused
-7. No post-election data, deleted due to incomplete interview
-6. No post-election interview
-5. Interview breakoff (sufficient partial IW)
-3. Restricted
-1. Inapplicable","1. Extremely important
2. Very important
3. Moderately important
4. A little important
5. Not at all important"
V202502_a,sianRESTRICTED: POST: HOW IMPORTANT IS BEING ASIAN TO R’S IDENTITY,How important is being Asian to your identity?,-3. Restricted,
V202502_,pacificRESTRICTED: POST: HOW IMPORTANT IS BEING PACIFIC ISLANDER TO R’S IDENTITY,How important is being Native Hawaiian or other Pacific Islander to your identity?,-3. Restricted,
V202502x,POST: SUMMARY: HOW IMPORTANT IS BEING ASIAN OR PACIFIC ISLANDER TO R’S IDENTITY,,"-9. Refused
-7. No post-election data, deleted due to incomplete interview
-6. No post-election interview
-5. Interview breakoff (sufficient partial IW)
-3. Restricted
-1. Inapplicable","1. Extremely important
2. Very important
3. Moderately important
4. A little important
5. Not at all important"
V202504,POST: HOW IMPORTANT IS BEING AMERICAN TO R’S IDENTITY,How important is being American to your identity?,"-9. Refused
-7. No post-election data, deleted due to incomplete interview
-6. No post-election interview
-5. Interview breakoff (sufficient partial IW)","1. Extremely important
2. Very important
3. Moderately important
4. A little important
5. Not at all important"
V202505,POST: WHITE R: WHAT HAPPENS TO WHITE PEOPLE WILL AFFECT R’S LIFE,How much do you think that what happens generally to white people in this country will affect what happens in your life? POST-ELECTION SURVEY VARIABLES 599,"-7. No post-election data, deleted due to incomplete interview
-6. No post-election interview
-5. Interview breakoff (sufficient partial IW)
-1. Inapplicable","1. A lot
2. Some
3. Not very much
4. Not at all"
V202506,POST: HISPANIC R: WHAT HAPPENS TO HISPANIC PEOPLE WILL AFFECT R’S LIFE,How much do you think that what happens generally to Hispanic people in this country will affect what happens in your life?,"-7. No post-election data, deleted due to incomplete interview
-6. No post-election interview
-5. Interview breakoff (sufficient partial IW)
-1. Inapplicable","1. A lot
2. Some
3. Not very much
4. Not at all"
V202507,POST: BLACK R: WHAT HAPPENS TO BLACK PEOPLE WILL AFFECT R’S LIFE,How much do you think that what happens generally to black people in this country will affect what happens in your life? 600 CODEBOOK: VARIABLES,"-7. No post-election data, deleted due to incomplete interview
-6. No post-election interview
-5. Interview breakoff (sufficient partial IW)
-1. Inapplicable","1. A lot
2. Some
3. Not very much
4. Not at all"
V202508,POST: ASIAN R: WHAT HAPPENS TO ASIAN PEOPLE WILL AFFECT R’S LIFE,How much do you think that what happens generally to Asian people in this country will affect what happens in your life?,"-7. No post-election data, deleted due to incomplete interview
-6. No post-election interview
-5. Interview breakoff (sufficient partial IW)
-1. Inapplicable","1. A lot
2. Some
3. Not very much
4. Not at all"
V202515,POST: STEREOTYPE: WHITES HARDWORKING,"On this scale from 1 to 7, where 1 means hard-working and 7 means lazy, where would you rate Whites in general on this scale?","-9. Refused
-7. No post-election data, deleted due to incomplete interview
-6. No post-election interview
-5. Interview breakoff (sufficient partial IW)","1. Hard-working
7. Lazy"
V202516,POST: STEREOTYPE: BLACKS HARDWORKING,"On this scale from 1 to 7, where 1 means hard-working and 7 means lazy, where would you rate blacks in general on this scale?","-9. Refused
-7. No post-election data, deleted due to incomplete interview
-6. No post-election interview
-5. Interview breakoff (sufficient partial IW)","1. Hard-working
7. Lazy"
V202517,POST: STEREOTYPE: HISPANIC-AMERICANS HARDWORKING,"On this scale from 1 to 7, where 1 means hard-working and 7 means lazy, where would you rate Hispanic-Americans in general on this scale?","-9. Refused
-7. No post-election data, deleted due to incomplete interview
-6. No post-election interview
-5. Interview breakoff (sufficient partial IW)
-1. Inapplicable","1. Hard-working
7. Lazy"
V202518,POST: STEREOTYPE: HISPANICS HARDWORKING,"On this scale from 1 to 7, where 1 means hard-working and 7 means lazy, where would you rate Hispanics in general on this scale?","-9. Refused
-7. No post-election data, deleted due to incomplete interview
-6. No post-election interview
-5. Interview breakoff (sufficient partial IW)
-1. Inapplicable","1. Hard-working
7. Lazy"
V202519,POST: STEREOTYPE: ASIAN-AMERICANS HARDWORKING POST-ELECTION SURVEY VARIABLES 603,"On this scale from 1 to 7, where 1 means hard-working and 7 means lazy, where would you rate Asian-Americans in general on this scale?","-9. Refused
-7. No post-election data, deleted due to incomplete interview
-6. No post-election interview
-5. Interview breakoff (sufficient partial IW)
-1. Inapplicable","1. Hard-working
7. Lazy"
V202520,POST: STEREOTYPE: ASIANS HARDWORKING,"On this scale from 1 to 7, where 1 means hard-working and 7 means lazy, where would you rate Asians in general on this scale?","-9. Refused
-7. No post-election data, deleted due to incomplete interview
-6. No post-election interview
-5. Interview breakoff (sufficient partial IW)
-1. Inapplicable","1. Hard-working
7. Lazy"
V202521,POST: STEREOTYPE: WHITES VIOLENT,"On this scale from 1 to 7, where 1 means peaceful and 7 means violent, where would you rate whites in general on this scale?","-9. Refused
-7. No post-election data, deleted due to incomplete interview
-6. No post-election interview
-5. Interview breakoff (sufficient partial IW)","1. Peaceful
7. Violent"
V202522,POST: STEREOTYPE: BLACKS VIOLENT,"On this scale from 1 to 7, where 1 means peaceful and 7 means violent, where would you rate blacks in general on this scale?","-9. Refused
-7. No post-election data, deleted due to incomplete interview
-6. No post-election interview
-5. Interview breakoff (sufficient partial IW)","1. Peaceful
7. Violent"
V202523,POST: STEREOTYPE: HISPANIC-AMERICANS VIOLENT,"On this scale from 1 to 7, where 1 means peaceful and 7 means violent, where would you rate Hispanic-Americans in general on this scale? POST-ELECTION SURVEY VARIABLES 605","-9. Refused
-7. No post-election data, deleted due to incomplete interview
-6. No post-election interview
-5. Interview breakoff (sufficient partial IW)
-1. Inapplicable","1. Peaceful
7. Violent"
V202524,POST: STEREOTYPE: HISPANICS VIOLENT,"On this scale from 1 to 7, where 1 means peaceful and 7 means violent, where would you rate Hispanics in general on this scale?","-9. Refused
-7. No post-election data, deleted due to incomplete interview
-6. No post-election interview
-5. Interview breakoff (sufficient partial IW)
-1. Inapplicable","1. Peaceful
7. Violent"
V202525,POST: STEREOTYPE: ASIAN-AMERICANS VIOLENT,"On this scale from 1 to 7, where 1 means peaceful and 7 means violent, where would you rate Asian-Americans in general on this scale? 606 CODEBOOK: VARIABLES","-9. Refused
-7. No post-election data, deleted due to incomplete interview
-6. No post-election interview
-5. Interview breakoff (sufficient partial IW)
-1. Inapplicable","1. Peaceful
7. Violent"
V202526,POST: STEREOTYPE: ASIANS VIOLENT,"On this scale from 1 to 7, where 1 means peaceful and 7 means violent, where would you rate Asians in general on this scale?","-9. Refused
-7. No post-election data, deleted due to incomplete interview
-6. No post-election interview
-5. Interview breakoff (sufficient partial IW)
-1. Inapplicable","1. Peaceful
7. Violent"
V202527,POST: DISCRIMINATION IN THE US AGAINST BLACKS,Blacks,"-9. Refused
-7. No post-election data, deleted due to incomplete interview
-6. No post-election interview
-5. Interview breakoff (sufficient partial IW)","1. A great deal
2. A lot
3. A moderate amount
4. A little
5. None at all"
V202528,POST: DISCRIMINATION IN THE US AGAINST HISPANICS,Hispanics,"-9. Refused
-7. No post-election data, deleted due to incomplete interview
-6. No post-election interview
-5. Interview breakoff (sufficient partial IW)","1. A great deal
2. A lot
3. A moderate amount
4. A little
5. None at all"
V202529,POST: DISCRIMINATION IN THE US AGAINST ASIANS,Asians,"-9. Refused
-7. No post-election data, deleted due to incomplete interview
-6. No post-election interview
-5. Interview breakoff (sufficient partial IW)","1. A great deal
2. A lot
3. A moderate amount
4. A little
5. None at all"
V202530,POST: DISCRIMINATION IN THE US AGAINST WHITES,Whites,"-9. Refused
-7. No post-election data, deleted due to incomplete interview
-6. No post-election interview
-5. Interview breakoff (sufficient partial IW)","1. A great deal
2. A lot
3. A moderate amount
4. A little
5. None at all"
V202531,POST: DISCRIMINATION IN THE US AGAINST MUSLIMS,Muslims,"-9. Refused
-7. No post-election data, deleted due to incomplete interview
-6. No post-election interview
-5. Interview breakoff (sufficient partial IW)","1. A great deal
2. A lot
3. A moderate amount
4. A little
5. None at all"
V202532,POST: DISCRIMINATION IN THE US AGAINST CHRISTIANS,Christians,"-9. Refused
-7. No post-election data, deleted due to incomplete interview
-6. No post-election interview
-5. Interview breakoff (sufficient partial IW)","1. A great deal
2. A lot
3. A moderate amount
4. A little
5. None at all"
V202533,POST: DISCRIMINATION IN THE US AGAINST GAYS AND LESBIANS,Gays and lesbians,"-9. Refused
-7. No post-election data, deleted due to incomplete interview
-6. No post-election interview
-5. Interview breakoff (sufficient partial IW)","1. A great deal
2. A lot
3. A moderate amount
4. A little
5. None at all"
V202531,". Survey Question(s)DISCRIM_DISCGAY Randomization Items divided into two groups to display in two grids. Order of items in each grid randomized. Group 1: DISCBLCK, DISCHISP, DISCASIAN, DISCWHT, DISCMUSL, DISCTIAN; Group 2: DISCGAY, DISCWOM, DISCMEN, DISCTRANS. Response OrderForward/Reverse order",,,
V202534,POST: DISCRIMINATION IN THE US AGAINST WOMEN,Women POST-ELECTION SURVEY VARIABLES 611,"-9. Refused
-7. No post-election data, deleted due to incomplete interview
-6. No post-election interview
-5. Interview breakoff (sufficient partial IW)","1. A great deal
2. A lot
3. A moderate amount
4. A little
5. None at all"
V202535,POST: DISCRIMINATION IN THE US AGAINST MEN,Men,"-9. Refused
-7. No post-election data, deleted due to incomplete interview
-6. No post-election interview
-5. Interview breakoff (sufficient partial IW)","1. A great deal
2. A lot
3. A moderate amount
4. A little
5. None at all"
V202536,POST: DISCRIMINATION IN THE US AGAINST TRANSGENDER PEOPLE,Transgender people,"-9. Refused
-7. No post-election data, deleted due to incomplete interview
-6. No post-election interview
-5. Interview breakoff (sufficient partial IW)","1. A great deal
2. A lot
3. A moderate amount
4. A little
5. None at all"
V202537,POST: HOW MUCH DISCRIMINATION HAS R FACED PERSONALLY BECAUSE OR RACE/ETHNICITY,How much discrimination have you personally faced because of yourethnicity or race?,"-9. Refused
-7. No post-election data, deleted due to incomplete interview
-6. No post-election interview
-5. Interview breakoff (sufficient partial IW)","1. A great deal
2. A lot
3. A moderate amount
4. A little
5. None at all"
V202538,POST: HOW MUCH DISCRIMINATION HAS R FACED BECAUSE OF GENDER,How much discrimination have you personally experienced because of your sex or gender?,"-9. Refused
-7. No post-election data, deleted due to incomplete interview
-6. No post-election interview
-5. Interview breakoff (sufficient partial IW)","1. A great deal
2. A lot
3. A moderate amount
4. A little
5. None at all"
V202539,POST: HAS R EXPERIENCED HARRASSMENT AT WORK,"Have you ever personally experienced sexual harassment at work, or not?","-9. Refused
-7. No post-election data, deleted due to incomplete interview
-6. No post-election interview
-5. Interview breakoff (sufficient partial IW)","1. Have
2. Have not"
V202540,POST: HOW OFTEN HAS R EXPERIENCED HARRASSMENT AT WORK,How often have you personally experienced sexual harassment at work? 614 CODEBOOK: VARIABLES,"-9. Refused
-7. No post-election data, deleted due to incomplete interview
-6. No post-election interview
-5. Interview breakoff (sufficient partial IW)
-1. Inapplicable","1. Once
2. A few times
3. Many times"
V202541a,POST: WHICH SOCIAL MEDIA PLATFORMS R VISITED - FACEBOOK,Which social media platforms have you visited in the past year? Please tell me any that apply.,"-9. Refused
-7. No post-election data, deleted due to incomplete interview
-6. No post-election interview
-5. Interview breakoff (sufficient partial IW)","0. Not mentioned
1. Mentioned"
V202541b,POST: WHICH SOCIAL MEDIA PLATFORMS R VISITED - TWITTER,Which social media platforms have you visited in the past year? Please tell me any that apply.,"-9. Refused
-7. No post-election data, deleted due to incomplete interview
-6. No post-election interview
-5. Interview breakoff (sufficient partial IW)","0. Not mentioned
1. Mentioned"
V202541c,POST: WHICH SOCIAL MEDIA PLATFORMS R VISITED - INSTAGRAM,Which social media platforms have you visited in the past year? Please tell me any that apply.,"-9. Refused
-7. No post-election data, deleted due to incomplete interview
-6. No post-election interview
-5. Interview breakoff (sufficient partial IW)","0. Not mentioned
1. Mentioned"
V202541d,POST: WHICH SOCIAL MEDIA PLATFORMS R VISITED - REDDIT,Which social media platforms have you visited in the past year? Please tell me any that apply.,"-9. Refused
-7. No post-election data, deleted due to incomplete interview
-6. No post-election interview
-5. Interview breakoff (sufficient partial IW)","0. Not mentioned
1. Mentioned"
V202541e,POST: WHICH SOCIAL MEDIA PLATFORMS R VISITED - YOUTUBE,Which social media platforms have you visited in the past year? Please tell me any that apply.,"-9. Refused
-7. No post-election data, deleted due to incomplete interview
-6. No post-election interview
-5. Interview breakoff (sufficient partial IW)","0. Not mentioned
1. Mentioned"
V202541f,POST: WHICH SOCIAL MEDIA PLATFORMS R VISITED - SNAPCHAT,Which social media platforms have you visited in the past year? Please tell me any that apply.,"-9. Refused
-7. No post-election data, deleted due to incomplete interview
-6. No post-election interview
-5. Interview breakoff (sufficient partial IW)","0. Not mentioned
1. Mentioned"
V202541g,POST: WHICH SOCIAL MEDIA PLATFORMS R VISITED - TIKTOK,Which social media platforms have you visited in the past year? Please tell me any that apply.,"-9. Refused
-7. No post-election data, deleted due to incomplete interview
-6. No post-election interview
-5. Interview breakoff (sufficient partial IW)","0. Not mentioned
1. Mentioned"
V202541h,POST: WHICH SOCIAL MEDIA PLATFORMS R VISITED - OTHER {SPECIFY},Which social media platforms have you visited in the past year? Please tell me any that apply. POST-ELECTION SURVEY VARIABLES 617,"-9. Refused
-7. No post-election data, deleted due to incomplete interview
-6. No post-election interview
-5. Interview breakoff (sufficient partial IW)","0. Not mentioned
1. Mentioned"
V202541i,POST: WHICH SOCIAL MEDIA PLATFORMS R VISITED - NONE OF THESE,Which social media platforms have you visited in the past year? Please tell me any that apply.,"-9. Refused
-7. No post-election data, deleted due to incomplete interview
-6. No post-election interview
-5. Interview breakoff (sufficient partial IW)","0. Not mentioned
1. Mentioned"
V202542,POST: HOW OFTEN USE FACEBOOK,How often do you use Facebook?,"-9. Refused
-7. No post-election data, deleted due to incomplete interview
-6. No post-election interview
-5. Interview breakoff (sufficient partial IW)
-1. Inapplicable","1. Many times every day
2. A few times every day
3. About once a day
4. A few times each week
5. About once a week
6. Once or twice a month
7. Less than once a month"
V202543,POST: HOW OFTEN POST POLITICAL CONTENT ON FACEBOOK,"When using Facebook, how often do you post information about political issues or candidates?","-9. Refused
-7. No post-election data, deleted due to incomplete interview
-6. No post-election interview
-5. Interview breakoff (sufficient partial IW)
-1. Inapplicable","1. Always
2. Most of the time
3. About half of the time
4. Sometimes
5. Never"
V202544,POST: HOW OFTEN USE TWITTER,How often do you use Twitter?,"-9. Refused
-7. No post-election data, deleted due to incomplete interview
-6. No post-election interview
-5. Interview breakoff (sufficient partial IW)
-1. Inapplicable","1. Many times every day
2. A few times every day
3. About once a day
4. A few times each week
5. About once a week
6. Once or twice a month
7. Less than once a month"
V202545,POST: HOW OFTEN POST POLITICAL CONTENT ON TWITTER,"When using Twitter, how often do you post information about political issues or candidates?","-9. Refused
-7. No post-election data, deleted due to incomplete interview
-6. No post-election interview
-5. Interview breakoff (sufficient partial IW)
-1. Inapplicable","1. Always
2. Most of the time
3. About half of the time
4. Sometimes
5. Never"
V202546,POST: HOW OFTEN USE REDDIT,How often do you use Reddit?,"-7. No post-election data, deleted due to incomplete interview
-6. No post-election interview
-5. Interview breakoff (sufficient partial IW)
-1. Inapplicable","1. Many times every day
2. A few times every day
3. About once a day
4. A few times each week
5. About once a week
6. Once or twice a month
7. Less than once a month"
V202547,POST: HOW OFTEN POST POLITICAL CONTENT ON REDDIT,"When using Reddit, how often do you post information about political issues or candidates?","-9. Refused
-7. No post-election data, deleted due to incomplete interview
-6. No post-election interview
-5. Interview breakoff (sufficient partial IW)
-1. Inapplicable","1. Always
2. Most of the time
3. About half of the time
4. Sometimes
5. Never"
V202548,POST: WHAT IS THE CURRENT UNEMPLOYMENT RATE,"Now we have a few questions about issues in the news recently.What was the current unemployment rate in the United States as of October 2, 2020 – 5.9%, 7.9%, 9.9%, or 11.9%?","-9. Refused
-7. No post-election data, deleted due to incomplete interview
-6. No post-election interview
-5. Interview breakoff (sufficient partial IW)","1. 4.9%
2. 6.9% (correct)
3. 8.9%
4. 10.9%"
V202549,POST: DID RUSSIA TRY TO INTERFERE IN 2016 PRESIDENTIAL ELECTION OR NOT,Which of these two statements do you think is most likely to be true?,"-9. Refused
-7. No post-election data, deleted due to incomplete interview
-6. No post-election interview
-5. Interview breakoff (sufficient partial IW)","1. Russia tried to interfere in the 2016 presidential election
2. Russia did not try to interfere in the 2016 presidential election"
V202550,POST: HOW CONFIDENT IS R ABOUT THAT,How confident are you about that?,"-7. No post-election data, deleted due to incomplete interview
-6. No post-election interview
-5. Interview breakoff (sufficient partial IW)
-1. Inapplicable","1. Not at all
2. A little
3. Moderately
4. Very
5. Extremely"
V202551,POST: DID TRUMP ADMINISTRATION DEPORT MORE IMMIGRANTS OR DID OBAMA,Whose administration deported more unauthorized immigrants during the first three years? 622 CODEBOOK: VARIABLES,"-9. Refused
-7. No post-election data, deleted due to incomplete interview
-6. No post-election interview
-5. Interview breakoff (sufficient partial IW)","1. Donald Trump’s administration
2. Barack Obama’s administration"
V202552,POST: HOW CONFIDENT IS R ABOUT THAT,How confident are you about that?,"-7. No post-election data, deleted due to incomplete interview
-6. No post-election interview
-5. Interview breakoff (sufficient partial IW)
-1. Inapplicable","1. Not at all
2. A little
3. Moderately
4. Very
5. Extremely"
V202553,POST: DOES MOST SCIENTIFIC EVIDENCE SHOW VACCINES CAUSE AUTISM OR NOT,Which of these two statements do you think is most likely to be true? POST-ELECTION SURVEY VARIABLES 623,"-9. Refused
-7. No post-election data, deleted due to incomplete interview
-6. No post-election interview
-5. Interview breakoff (sufficient partial IW)",1. Most scientific evidence shows childhood vaccines cause
V202554,POST: HOW CONFIDENT IS R ABOUT THAT,How confident are you about that?,"-7. No post-election data, deleted due to incomplete interview
-6. No post-election interview
-5. Interview breakoff (sufficient partial IW)
-1. Inapplicable","1. Not at all
2. A little
3. Moderately
4. Very
5. Extremely"
V202555,POST: HAVE WORLD TEMPERATUERS HAVE RISEN ON AVERAGE OR LAST 100 YEARS OR NOT,Which of these two statements do you think is most likely to be true? 624 CODEBOOK: VARIABLES,"-9. Refused
-7. No post-election data, deleted due to incomplete interview
-6. No post-election interview
-5. Interview breakoff (sufficient partial IW)",1. World temperatures have risen on average over the last 100
V202556,POST: HOW CONFIDENT IS R ABOUT THAT,How confident are you about that?,"-7. No post-election data, deleted due to incomplete interview
-6. No post-election interview
-5. Interview breakoff (sufficient partial IW)
-1. Inapplicable","1. Not at all
2. A little
3. Moderately
4. Very
5. Extremely"
V202557,POST: WAS THE CORONAVIRUS (COVID-19) WAS DEVELOPED INTENTIONALLY IN A LAB OR NOT,Which of these two statements do you think is most likely to be true? POST-ELECTION SURVEY VARIABLES 625,"-9. Refused
-7. No post-election data, deleted due to incomplete interview
-6. No post-election interview
-5. Interview breakoff (sufficient partial IW)",1. The novel coronavirus (COVID-19) was developed
V202558,POST: HOW CONFIDENT IS R ABOUT THAT,How confident are you about that?,"-7. No post-election data, deleted due to incomplete interview
-6. No post-election interview
-5. Interview breakoff (sufficient partial IW)
-1. Inapplicable","1. Not at all
2. A little
3. Moderately
4. Very
5. Extremely"
V202559,POST: EVIDENCE THAT HYDROXYCHLOROQUINE IS EFFECTIVE TREATMENT FOR COVID-19 OR NOT,Which of these two statements do you think is most likely to be true? 626 CODEBOOK: VARIABLES,"-9. Refused
-7. No post-election data, deleted due to incomplete interview
-6. No post-election interview
-5. Interview breakoff (sufficient partial IW)",1. Scientific evidence that hydroxychloroquine is a safe and
V202560,POST: HOW CONFIDENT IS R ABOUT THAT,How confident are you about that?,"-7. No post-election data, deleted due to incomplete interview
-6. No post-election interview
-5. Interview breakoff (sufficient partial IW)
-1. Inapplicable","1. Not at all
2. A little
3. Moderately
4. Very
5. Extremely"
V202561,POST: LIFE EXPERIENCE: DOES R KNOW SOMEONE MOVED TO U.S. FROM ANOTHER COUNTRY,"Next, we have a few questions about your personal experiences. Do you personally know someone who moved to the U.S. from another country, or not? POST-ELECTION SURVEY VARIABLES 627","-9. Refused
-7. No post-election data, deleted due to incomplete interview
-6. No post-election interview
-5. Interview breakoff (sufficient partial IW)","1. Yes
2. No"
V202562,POST: LIFE EXPERIENCE: DOES R CURRENTLY OWE MONEY ON STUDENT LOANS,"Do you currently owe money on student loans, or not?","-9. Refused
-7. No post-election data, deleted due to incomplete interview
-6. No post-election interview
-5. Interview breakoff (sufficient partial IW)","1. Yes
2. No"
V202563,POST: LIFE EXPERIENCE: HAS R EVER RECEIVED FOOD STAMPS OR OTHER PUBLIC ASSISTANCE,"Have you ever received food stamps or another form of public assistance, or not?","-9. Refused
-7. No post-election data, deleted due to incomplete interview
-6. No post-election interview
-5. Interview breakoff (sufficient partial IW)","1. Yes
2. No"
V202564,POST: LIFE EXPERIENCE: DOES R A HAVE PENSION OR RETIREMENT ACCOUNT,"Do you have a pension or a retirement account, such as an IRA, 401k, or similar, or not?","-9. Refused
-7. No post-election data, deleted due to incomplete interview
-6. No post-election interview
-5. Interview breakoff (sufficient partial IW)","1. Yes
2. No"
V202565,POST: LIFE EXPERIENCE: DOES R CHOOSE PRODUCTS BECAUSE THEY ARE MADE IN AMERICA,"Do you regularly choose products because they are made in America, or not?","-9. Refused
-7. No post-election data, deleted due to incomplete interview
-6. No post-election interview
-5. Interview breakoff (sufficient partial IW)","1. Yes
2. No"
V202566,POST: LIFE EXPERIENCE: HAS R DISPLAYED AMERICAN FLAG ON HOUSE IN PAST YEAR,"Have you displayed an American flag on your house or in your yard in the past year, or not? POST-ELECTION SURVEY VARIABLES 629","-9. Refused
-7. No post-election data, deleted due to incomplete interview
-6. No post-election interview
-5. Interview breakoff (sufficient partial IW)","1. Yes
2. No"
V202567,POST: LIFE EXPERIENCE: HAS R GONE HUNTING OR FISHING IN PAST YEAR,"Have you gone hunting or fishing in the past year, or not?","-9. Refused
-7. No post-election data, deleted due to incomplete interview
-6. No post-election interview
-5. Interview breakoff (sufficient partial IW)","1. Yes
2. No"
V202568,POST: LIFE EXPERIENCE: HAS R USED PUBLIC TRANSPORTATION IN PAST YEAR,"Have you used public transportation in the past year, or not?","-9. Refused
-7. No post-election data, deleted due to incomplete interview
-6. No post-election interview
-5. Interview breakoff (sufficient partial IW)","1. Yes
2. No"
V202569,POST: LIFE EXPERIENCE: HAS R EVER BEEN BITTEN BY A SHARK,"Have you ever been bitten by a shark, or not?","-9. Refused
-7. No post-election data, deleted due to incomplete interview
-6. No post-election interview
-5. Interview breakoff (sufficient partial IW)","1. Yes
2. No"
V202575,POST: GSS: HOW OFTEN DOES R PAY ATTENTION TO POLITICS AND ELECTIONS,How often do you pay attention to what’s going on in government and politics?,"-7. No post-election data, deleted due to incomplete interview
-6. No post-election interview
-5. Interview breakoff (sufficient partial IW)
-1. Inapplicable",
V202576,POST: GSS: CSES5- Q21: SATISFACTION WITH DEMOCRATIC PROCESS,"On the whole, are you very satisfied, fairly satisfied, not very satisfied, or not at all satisfied with the way democracy works in the United States?","-7. No post-election data, deleted due to incomplete interview
-6. No post-election interview
-5. Interview breakoff (sufficient partial IW)
-1. Inapplicable",
V202577,POST: GSS: REV HOW OFTEN TRUST GOVERNMENT IN WASHINGTON TO DO WHAT IS RIGHT,How often can you trust the federal government in Washington to do what is right?,"-7. No post-election data, deleted due to incomplete interview
-6. No post-election interview
-5. Interview breakoff (sufficient partial IW)
-1. Inapplicable",
V202578,POST: GSS: DO ELECTIONS MAKE GOVERNMENT PAY ATTENTION,How much do you feel that having elections makes the government pay attention to what the people think?,"-7. No post-election data, deleted due to incomplete interview
-6. No post-election interview
-5. Interview breakoff (sufficient partial IW)
-1. Inapplicable",
V202579,POST: GSS: IS IT JUSTIFIED FOR PEOPLE TO USE VIOLENCE TO PURSUE POLITICAL GOALS,How much do you feel it is justified for people to use violence to pursue their political goals in this country?,"-7. No post-election data, deleted due to incomplete interview
-6. No post-election interview
-5. Interview breakoff (sufficient partial IW)
-1. Inapplicable",
V202580,POST: GSS: 7PT SCALE GOVERMENT-PRIVATE MEDICAL INSURANCE SCALE: SELF-PLACEMENT,"Where would you place yourself on this scale, or haven’t you thought much about this? Click below to make your choice.","-7. No post-election data, deleted due to incomplete interview
-6. No post-election interview
-5. Interview breakoff (sufficient partial IW)
-1. Inapplicable",
V202581,POST: GSS: NATIONAL ECONOMY BETTER OR WORSE IN LAST YEAR,"Now thinking about the economy in the country as a whole, would you say that over the past year the nation’s economy has gotten better, stayed about the same, or gotten worse?","-7. No post-election data, deleted due to incomplete interview
-6. No post-election interview
-5. Interview breakoff (sufficient partial IW)
-1. Inapplicable",
V202582,POST: GSS: HOW MUCH NATIONAL ECONOMY BETTER OR WORSE IN LAST YEAR,Much [better/worse] or somewhat [better/worse]?,"-7. No post-election data, deleted due to incomplete interview
-6. No post-election interview
-5. Interview breakoff (sufficient partial IW)
-1. Inapplicable",
V202583x,POST: GSS: SUMMARY: NATIONAL ECONOMY BETTER/WORSE IN LAST YEAR,,"-7. No post-election data, deleted due to incomplete interview
-6. No post-election interview
-5. Interview breakoff (sufficient partial IW)
-1. Inapplicable",
V202584,POST: GSS: ECONOMY BETTER OR WORSE IN NEXT 12 MONTHS,"What about the next 12 months? Do you expect the economy, in the country as a whole, to get better, stay about the same, or get worse?","-7. No post-election data, deleted due to incomplete interview
-6. No post-election interview
-5. Interview breakoff (sufficient partial IW)
-1. Inapplicable",
V202585,POST: GSS: ECONOMY HOW MUCH BETTER OR WORSE NEXT 12 MONTHS,Much [better/worse] or somewhat [better/worse]?,"-7. No post-election data, deleted due to incomplete interview
-6. No post-election interview
-5. Interview breakoff (sufficient partial IW)
-1. Inapplicable",
V202586x,POST: GSS: SUMMARY: ECONOMY BETTER/WORSE IN NEXT 12 MONTHS POST-ELECTION SURVEY VARIABLES 635,,"-7. No post-election data, deleted due to incomplete interview
-6. No post-election interview
-5. Interview breakoff (sufficient partial IW)
-1. Inapplicable",
V202587,POST: GSS: R HOW MUCH BETTER OR WORSE OFF THAN ONE YEAR AGO,"We are interested in how people are getting along financially these days. Would you say that [you/you and your family living here] are much better off financially, somewhat better off, about the same, somewhat worse off, or much worse off than you were a year ago?","-7. No post-election data, deleted due to incomplete interview
-6. No post-election interview
-5. Interview breakoff (sufficient partial IW)
-1. Inapplicable",
V202588,POST: GSS: R HOW MUCH BETTER OR WORSE OFF NEXT YEAR,"Now looking ahead, do you think that a year from now [you/you and your family living here] will be much better off financially, somewhat better off, about the same, somewhat worse off, or much worse off than now?","-7. No post-election data, deleted due to incomplete interview
-6. No post-election interview
-5. Interview breakoff (sufficient partial IW)
-1. Inapplicable",
V202589,POST: GSS: HOW WORRIED IS R ABOUT CURRENT FINANCIAL SITUATION,"So far as you and your family are concerned, how worried are you about your current financial situation?","-7. No post-election data, deleted due to incomplete interview
-6. No post-election interview
-5. Interview breakoff (sufficient partial IW)
-1. Inapplicable",
V202590,POST: GSS: HOW IMPORTANT NEWS ORGANIZATIONS ARE FREE TO CRITICIZE POLITICAL LEADERS,"For the next few items, we would like to know how important you think each one is to the United States maintaining a strong democracy. First, how important is it that news organizations are free to criticize political leaders?","-7. No post-election data, deleted due to incomplete interview
-6. No post-election interview
-5. Interview breakoff (sufficient partial IW)
-1. Inapplicable",
V202591,POST: GSS: HOW IMPORTANT BRANCHES OF GOVT KEEP ONE ANOTHER FROM TOO MUCH POWER,"How important is it that the executive, legislative, and judicial branches of government keep one another from having too much power?","-7. No post-election data, deleted due to incomplete interview
-6. No post-election interview
-5. Interview breakoff (sufficient partial IW)
-1. Inapplicable",
V202592,POST: GSS: HOW IMPORTANT ELECTED OFFICIALS FACE SERIOUS CONSEQUENCES FOR MISCONDUCT,How important is it that elected officials face serious consequences if they engage in misconduct?,"-7. No post-election data, deleted due to incomplete interview
-6. No post-election interview
-5. Interview breakoff (sufficient partial IW)
-1. Inapplicable",
V202593,POST: GSS: HOW IMPORTANT PEOPLE AGREE ON BASIC FACTS EVEN IF THEY DISAGREE POLITICALLY,How important is it that people agree on basic facts even if they disagree politically? 638 CODEBOOK: VARIABLES,"-7. No post-election data, deleted due to incomplete interview
-6. No post-election interview
-5. Interview breakoff (sufficient partial IW)
-1. Inapplicable",
V202594,POST: GSS: HELPFUL OR HARMFUL IF PRESIDENT COULD WORK W/O CONGRESS OR COURTS,"Would it be helpful, harmful, or neither helpful nor harmful if U.S. presidents could work on the country’s problems without paying attention to what Congress and the courts say?","-7. No post-election data, deleted due to incomplete interview
-6. No post-election interview
-5. Interview breakoff (sufficient partial IW)
-1. Inapplicable",
V202595,POST: GSS: HELPFUL OR HARMFUL IF PRESIDENT COULD WORK W/O CONGRESS OR COURTS (STRENGTH),How [helpful/harmful]?,"-7. No post-election data, deleted due to incomplete interview
-6. No post-election interview
-5. Interview breakoff (sufficient partial IW)
-1. Inapplicable",
V202596x,POST: GSS: SUMMARY: HELPFUL/HARMFUL PRESIDENT COULD WORK W/O CONGRESS OR COURTS,,"-7. No post-election data, deleted due to incomplete interview
-6. No post-election interview
-5. Interview breakoff (sufficient partial IW)
-1. Inapplicable",
V202597,POST: GSS: CSES5- Q04F: ATTITUDES ABOUT ELITES: PEOPLE SHOULD MAKE POLICY DECISIONS,"Please tell us whether you agree strongly, agree somewhat, neither agree nor disagree, disagree somewhat, or disagree strongly with the following statement: ‘The people, and not politicians, should make our most important policy decisions.’","-7. No post-election data, deleted due to incomplete interview
-6. No post-election interview
-5. Interview breakoff (sufficient partial IW)
-1. Inapplicable",
V202598,POST: GSS: CSES5- Q05C: OUT-GROUP ATTITUDES: IMMIGRANTS GOOD FOR ECONOMY,"And now thinking specifically about immigrants. Do you agree strongly, agree somewhat, neither agree nor disagree, disagree somewhat, or disagree strongly with the following statement? ‘Immigrants are generally good for America’s economy.’","-7. No post-election data, deleted due to incomplete interview
-6. No post-election interview
-5. Interview breakoff (sufficient partial IW)
-1. Inapplicable",
V202599,POST: GSS: CSES5- Q05C: OUT-GROUP ATTITUDES: IMMIGRANTS HARM CULTURE,"Do you agree strongly, agree somewhat, neither agree nor disagree, disagree somewhat, or disagree strongly with the following statement?‘America’s culture is generally harmed by immigrants.’","-7. No post-election data, deleted due to incomplete interview
-6. No post-election interview
-5. Interview breakoff (sufficient partial IW)
-1. Inapplicable",
V202600,POST: GSS: CSES5- Q05C: OUT-GROUP ATTITUDES: IMMIGRANTS INCREASE CRIME,"Do you agree strongly, agree somewhat, neither agree nor disagree, disagree somewhat, or disagree strongly with the following statement?‘Immigrants increase crime rates in the United States.’","-7. No post-election data, deleted due to incomplete interview
-6. No post-election interview
-5. Interview breakoff (sufficient partial IW)
-1. Inapplicable",
V202601,POST: GSS: APPROVE OR DISAPPROVE PRESIDENT HANDLING COVID-19,"Do you approve or disapprove of the way Donald Trump has handled the coronavirus, or COVID-19, pandemic?","-7. No post-election data, deleted due to incomplete interview
-6. No post-election interview
-5. Interview breakoff (sufficient partial IW)
-1. Inapplicable",
V202602,POST: GSS: HOW MUCH APPROVE OR DISAPPROVE PRESIDENT HANDLING OF COVID-19,Do you [approve/disapprove] strongly or not strongly?,"-7. No post-election data, deleted due to incomplete interview
-6. No post-election interview
-5. Interview breakoff (sufficient partial IW)
-1. Inapplicable",
V202603x,POST: GSS: SUMMARY: APPROVE/DISAPPROVE PRESIDENT HANDLING OF COVID-19,,"-7. No post-election data, deleted due to incomplete interview
-6. No post-election interview
-5. Interview breakoff (sufficient partial IW)
-1. Inapplicable",
V202604,POST: GSS: APPROVE OR DISAPPROVE R’S GOVERNOR HANDLING OF COVID-19,Do you approve or disapprove of the way [Governor of Respondent’s preloaded state] has handled the COVID-19 pandemic?,"-7. No post-election data, deleted due to incomplete interview
-6. No post-election interview
-5. Interview breakoff (sufficient partial IW)
-1. Inapplicable",
V202605,POST: GSS: HOW MUCH APPROVE OR DISAPPROVE R’S GOVERNOR HANDLING OF COVID-19,Do you [approve/disapprove] strongly or not strongly?,"-7. No post-election data, deleted due to incomplete interview
-6. No post-election interview
-5. Interview breakoff (sufficient partial IW)
-1. Inapplicable",
V202606x,POST: GSS: SUMMARY: APPROVE/DISAPPROVE R’S GOVERNOR HANDLING OF COVID-19,,"-7. No post-election data, deleted due to incomplete interview
-6. No post-election interview
-5. Interview breakoff (sufficient partial IW)
-1. Inapplicable",
V202607,POST: GSS: APPROVE OR DISAPPROVE LOCAL GOVERNMENT HANDLING OF COVID-19,"Do you approve or disapprove of the way your local government, for example, municipal and county government, has handled the COVID-19 pandemic?","-7. No post-election data, deleted due to incomplete interview
-6. No post-election interview
-5. Interview breakoff (sufficient partial IW)
-1. Inapplicable",
V202608,POST: GSS: HOW MUCH APPROVE OR DISAPPROVE LOCAL GOVERNMENT HANDLING OF COVID-19,Do you [approve/disapprove] strongly or not strongly?,"-7. No post-election data, deleted due to incomplete interview
-6. No post-election interview
-5. Interview breakoff (sufficient partial IW)
-1. Inapplicable",
V202609x,POST: GSS: SUMMARY: APPROVE/DISAPPOVE LOCAL GOVERNMENT HANDLING OF COVID-19,,"-7. No post-election data, deleted due to incomplete interview
-6. No post-election interview
-5. Interview breakoff (sufficient partial IW)
-1. Inapplicable",
V202610,POST: GSS: FEDERAL GOVERNMENT RESPONSE TO COVID-19 TOO QUICK OR TOO SLOW,"Do you think the federal government’s response to the COVID- 19 outbreak earlier this year was too quick, too slow, or about right?","-7. No post-election data, deleted due to incomplete interview
-6. No post-election interview
-5. Interview breakoff (sufficient partial IW)
-1. Inapplicable",
V202611,POST: GSS: FEDERAL GOVERNMENT RESPONSE TO COVID-19 TOO QUICK OR TOO SLOW (STRENGTH),Do you think it was much too [quick/slow] or somewhat too [quick/slow]?,"-7. No post-election data, deleted due to incomplete interview
-6. No post-election interview
-5. Interview breakoff (sufficient partial IW)
-1. Inapplicable",
V202612x,POST: GSS: SUMMARY: FEDERAL GOVERNMENT RESPONSE TO COVID-19 TOO QUICK/TOO SLOW,,"-7. No post-election data, deleted due to incomplete interview
-6. No post-election interview
-5. Interview breakoff (sufficient partial IW)
-1. Inapplicable",
V202613,POST: GSS: LIMITS ON PUBLIC ACTIVITY DUE TO COVID-19 TOO STRICT OR NOT STRICT ENOUGH,"Do you think the limits your state placed on public activity because of the COVID-19 pandemic were far too strict, somewhat too strict, about right, not quite strict enough, or not nearly strict enough?","-7. No post-election data, deleted due to incomplete interview
-6. No post-election interview
-5. Interview breakoff (sufficient partial IW)
-1. Inapplicable",
V202614,POST: GSS: STATE MOVED TO RE-OPEN TOO QUICKLY OR TOO SLOWLY,"Do you think your state has moved too quickly, too slowly, or the right speed in relaxing “stay at home” orders and re-opening businesses?","-7. No post-election data, deleted due to incomplete interview
-6. No post-election interview
-5. Interview breakoff (sufficient partial IW)
-1. Inapplicable",
V202615,POST: GSS: STATE MOVED TO RE-OPEN TOO QUICKLY OR TOO SLOWLY (STRENGTH),Do you think it was much too [quickly/slowly] or somewhat too [quickly/slowly]? 646 CODEBOOK: VARIABLES,"-7. No post-election data, deleted due to incomplete interview
-6. No post-election interview
-5. Interview breakoff (sufficient partial IW)
-1. Inapplicable",
V202616x,POST: GSS: SUMMARY: STATE MOVED TO RE- OPEN TOO QUICKLY/TOO SLOWLY,,"-7. No post-election data, deleted due to incomplete interview
-6. No post-election interview
-5. Interview breakoff (sufficient partial IW)
-1. Inapplicable",
V202617,POST: GSS: INCOME GAP TODAY MORE OR LESS THAN 20 YEARS AGO,"Do you think the difference in incomes between rich people and poor people in the United States today is larger, smaller, or about the same as it was 20 years ago?","-7. No post-election data, deleted due to incomplete interview
-6. No post-election interview
-5. Interview breakoff (sufficient partial IW)
-1. Inapplicable",
V202618,POST: GSS: HOW MUCH LARGER IS INCOME GAP TODAY POST-ELECTION SURVEY VARIABLES 647,Would you say the difference in incomes is much larger or somewhat larger?,"-7. No post-election data, deleted due to incomplete interview
-6. No post-election interview
-5. Interview breakoff (sufficient partial IW)
-1. Inapplicable",
V202619,POST: GSS: HOW MUCH SMALLER IS INCOME GAP TODAY,Would you say the difference in incomes is much smaller or somewhat smaller?,"-7. No post-election data, deleted due to incomplete interview
-6. No post-election interview
-5. Interview breakoff (sufficient partial IW)
-1. Inapplicable",
V202620x,POST: GSS: SUMMARY: INCOME GAP LARGER/SMALLER THAN 20 YEARS AGO,,"-7. No post-election data, deleted due to incomplete interview
-6. No post-election interview
-5. Interview breakoff (sufficient partial IW)
-1. Inapplicable",
V202621,POST: GSS: WHAT IS THE BEST WAY TO DEAL WITH URBAN UNREST AND RIOTING,"What is the best way to deal with the problem of urban unrest and rioting? Some say it is more important to use all available force to maintain law and order, no matter what results. Others say it is more important to correct the problems of racism and police violence that give rise to the disturbances. And, of course, other people have opinions in between. Where would you place yourself on this scale, or haven’t you thought much about this? Click below to make your choice.","-7. No post-election data, deleted due to incomplete interview
-6. No post-election interview
-5. Interview breakoff (sufficient partial IW)
-1. Inapplicable",
V202622,POST: GSS: SPENDING TOO MUCH OR TOO LITTLE ON SPACE PROGRAM,"We are faced with many problems in this country, none of which can be solved easily or inexpensively. We are going to name some of these problems, and for each one we’d like you to say whether you think we’re spending too much money on it, too little money, or about the right amount. First the space program. Are we spending too much, too little, or about the right amount on the space program?","-7. No post-election data, deleted due to incomplete interview
-6. No post-election interview
-5. Interview breakoff (sufficient partial IW)
-1. Inapplicable",
V202623,POST: GSS: SPENDING TOO MUCH OR TOO LITTLE ON ENVIRONMENT POST-ELECTION SURVEY VARIABLES 649,"The environment. Are we spending too much, too little, or about the right amount on the environment?","-7. No post-election data, deleted due to incomplete interview
-6. No post-election interview
-5. Interview breakoff (sufficient partial IW)
-1. Inapplicable",
V202624,POST: GSS: SPENDING TOO MUCH OR TOO LITTLE ON HEALTH,"Health. Are we spending too much, too little, or about the right amount on health?","-7. No post-election data, deleted due to incomplete interview
-6. No post-election interview
-5. Interview breakoff (sufficient partial IW)
-1. Inapplicable",
V202625,POST: GSS: SPENDING TOO MUCH OR TOO LITTLE ON CITIES,"Cities. Are we spending too much, too little, or about the right amount on cities?","-7. No post-election data, deleted due to incomplete interview
-6. No post-election interview
-5. Interview breakoff (sufficient partial IW)
-1. Inapplicable",
V202626,POST: GSS: SPENDING TOO MUCH OR TOO LITTLE ON CRIME,"Crime control. Are we spending too much, too little, or about the right amount on crime control?","-7. No post-election data, deleted due to incomplete interview
-6. No post-election interview
-5. Interview breakoff (sufficient partial IW)
-1. Inapplicable",
V202627,POST: GSS: SPENDING TOO MUCH OR TOO LITTLE ON DRUG ABUSE,"Drug abuse. Are we spending too much, too little, or about the right amount on drug abuse?","-7. No post-election data, deleted due to incomplete interview
-6. No post-election interview
-5. Interview breakoff (sufficient partial IW)
-1. Inapplicable",
V202628,POST: GSS: SPENDING TOO MUCH OR TOO LITTLE ON EDUCATION,"Education. Are we spending too much, too little, or about the right amount on education?","-7. No post-election data, deleted due to incomplete interview
-6. No post-election interview
-5. Interview breakoff (sufficient partial IW)
-1. Inapplicable",
V202629,POST: GSS: IN PAST SEVEN DAYS HAS R BEEN BOTHERED BY EMOTIONAL PROBLEMS,"In the past seven days, how often have you been bothered by emotional problems such as feeling anxious, depressed or irritable?","-7. No post-election data, deleted due to incomplete interview
-6. No post-election interview
-5. Interview breakoff (sufficient partial IW)
-1. Inapplicable",
V202630,POST: GSS: TAKEN ALL TOGETHER HOW HAPPY IS R THESE DAYS,"Taken all together, how would you say things are these days – would you say that you are very happy, pretty happy, or not too happy?","-7. No post-election data, deleted due to incomplete interview
-6. No post-election interview
-5. Interview breakoff (sufficient partial IW)
-1. Inapplicable",
V202631,POST: GSS: DOES R FEEL CONNECTED TO THE WORLD AROUND THEM,"Some people say they have experiences of being personally moved, touched, or inspired, while others say they do not have these experiences at all. How often, if at all, do you experience the following? Felt particularly connected to the world around you.","-7. No post-election data, deleted due to incomplete interview
-6. No post-election interview
-5. Interview breakoff (sufficient partial IW)
-1. Inapplicable",
V202632,POST: GSS: DOES R FEEL PART OF SOMETHING MUCH LARGER THAN THEMSELVES,"How often, if at all, do you experience the following? Felt like you were part of something much larger than yourself.","-7. No post-election data, deleted due to incomplete interview
-6. No post-election interview
-5. Interview breakoff (sufficient partial IW)
-1. Inapplicable",
V202633,POST: GSS: DOES R FEEL A SENSE OF LARGER MEANING OR PURPOSE IN LIFE,"How often, if at all, do you experience the following? Felt a sense of a larger meaning or purpose in life.","-7. No post-election data, deleted due to incomplete interview
-6. No post-election interview
-5. Interview breakoff (sufficient partial IW)
-1. Inapplicable",
V202634,POST: GSS: HOW CONFIDENT IS R IN MEDICAL INSTITUTIONS,"We are going to name some institutions in this country. As far as the people running these institutions are concerned, would you say you have a great deal of confidence, only some confidence, or hardly any confidence at all in them? Medicine","-7. No post-election data, deleted due to incomplete interview
-6. No post-election interview
-5. Interview breakoff (sufficient partial IW)
-1. Inapplicable",
V202635,POST: GSS: HOW CONFIDENT IS R IN SCIENTIFIC COMMUNITY,"As far as the people running these institutions are concerned, would you say you have a great deal of confidence, only some confidence, or hardly any confidence at all in them? Scientific community","-7. No post-election data, deleted due to incomplete interview
-6. No post-election interview
-5. Interview breakoff (sufficient partial IW)
-1. Inapplicable",
V202636a,POST: IWR OBS: OTHERS PRESENT AT TIME OF IW - NOBODY OTHER THAN RESPONDENT,Others present at time of interview: 654 CODEBOOK: VARIABLES,"-7. No post-election data, deleted due to incomplete interview
-6. No post-election interview
-5. Interview breakoff (sufficient partial IW)
-1. Inapplicable","0. Not mentioned
1. Mentioned"
V202636b,POST: IWR OBS: OTHERS PRESENT AT TIME OF IW - CHILDREN UNDER 6,Others present at time of interview:,"-7. No post-election data, deleted due to incomplete interview
-6. No post-election interview
-5. Interview breakoff (sufficient partial IW)
-1. Inapplicable","0. Not mentioned
1. Mentioned"
V202636c,POST: IWR OBS: OTHERS PRESENT AT TIME OF IW - OLDER CHILDREN,Others present at time of interview:,"-7. No post-election data, deleted due to incomplete interview
-6. No post-election interview
-5. Interview breakoff (sufficient partial IW)
-1. Inapplicable","0. Not mentioned
1. Mentioned"
V202636d,POST: IWR OBS: OTHERS PRESENT AT TIME OF IW - UNKNOWN PERSON,Others present at time of interview:,"-7. No post-election data, deleted due to incomplete interview
-6. No post-election interview
-5. Interview breakoff (sufficient partial IW)
-1. Inapplicable","0. Not mentioned
1. Mentioned"
V202636e,POST: IWR OBS: OTHERS PRESENT AT TIME OF IW - OTHER RELATIVES,Others present at time of interview:,"-7. No post-election data, deleted due to incomplete interview
-6. No post-election interview
-5. Interview breakoff (sufficient partial IW)
-1. Inapplicable","0. Not mentioned
1. Mentioned"
V202636f,POST: IWR OBS: OTHERS PRESENT AT TIME OF IW - OTHER ADULTS,Others present at time of interview:,"-7. No post-election data, deleted due to incomplete interview
-6. No post-election interview
-5. Interview breakoff (sufficient partial IW)
-1. Inapplicable","0. Not mentioned
1. Mentioned"
V202636g,POST: IWR OBS: OTHERS PRESENT AT TIME OF IW - SPOUSE,Others present at time of interview:,"-7. No post-election data, deleted due to incomplete interview
-6. No post-election interview
-5. Interview breakoff (sufficient partial IW)
-1. Inapplicable","0. Not mentioned
1. Mentioned"
V202637,POST: IWR OBS: RESPONDENT’S GENDER,Is R male or female? POST-ELECTION SURVEY VARIABLES 657,"-8. Don’t know
-7. No post-election data, deleted due to incomplete interview
-6. No post-election interview
-5. Interview breakoff (sufficient partial IW)
-1. Inapplicable","1. Male
2. Female"
V202638,POST: IWR OBS: RESPONDENT’S ESTIMATED AGE,What would you estimate R’s age to be?,"-8. Don’t know
-7. No post-election data, deleted due to incomplete interview
-6. No post-election interview
-5. Interview breakoff (sufficient partial IW)
-1. Inapplicable",
V202639,POST: IWR OBS: RESPONDENT’S COOPERATION,R’s cooperation was:,"-7. No post-election data, deleted due to incomplete interview
-6. No post-election interview
-5. Interview breakoff (sufficient partial IW)
-1. Inapplicable","1. Very good
2. Good
3. Fair
4. Poor"
V202640,POST: IWR OBS: RESPONDENT’S LEVEL OF INFORMATION,R’s general level of information about politics and public affairs seemed:,"-7. No post-election data, deleted due to incomplete interview
-6. No post-election interview
-5. Interview breakoff (sufficient partial IW)
-1. Inapplicable","1. Very high
2. Fairly high
3. Average
4. Fairly low
5. Very low"
V202641,POST: IWR OBS: RESPONDENT’S INTELLIGENCE,R’s apparent intelligence:,"-7. No post-election data, deleted due to incomplete interview
-6. No post-election interview
-5. Interview breakoff (sufficient partial IW)
-1. Inapplicable","1. Very high
2. Fairly high
3. Average
4. Fairly low
5. Very low"
V202642,POST: IWR OBS: RESPONDENT SEEMED SUSPICIOUS,How suspicious did R seem to be about the study before the interview?,"-7. No post-election data, deleted due to incomplete interview
-6. No post-election interview
-5. Interview breakoff (sufficient partial IW)
-1. Inapplicable","1. Not at all suspicious
2. Somewhat suspicious
3. Very suspicious"
V202643,POST: IWR OBS: RESPONDENT’S INTEREST IN INTERVIEW,"Overall, how great was R’s interest in the interview?","-7. No post-election data, deleted due to incomplete interview
-6. No post-election interview
-5. Interview breakoff (sufficient partial IW)
-1. Inapplicable","1. Very high
2. Fairly high
3. Average
4. Fairly low
5. Very low"
V202644,POST: IWR OBS: RESPONDENT’S HONESTY,How honest did R seem to be in his or her answers? 660 CODEBOOK: VARIABLES,"-7. No post-election data, deleted due to incomplete interview
-6. No post-election interview
-5. Interview breakoff (sufficient partial IW)
-1. Inapplicable","1. Completely honest
2. Usually honest
3. Often seemed to be dishonest"
V202645a,POST: IWR OBS: R REACTIONS TO INTERVIEW - NEGATIVE (GENERAL),R’s reaction to interview:,"-7. No post-election data, deleted due to incomplete interview
-6. No post-election interview
-5. Interview breakoff (sufficient partial IW)
-1. Inapplicable","0. Not mentioned
1. Mentioned"
V202645b,POST: IWR OBS: R REACTIONS TO INTERVIEW - NEGATIVE (TOO LONG),R’s reaction to interview:,"-7. No post-election data, deleted due to incomplete interview
-6. No post-election interview
-5. Interview breakoff (sufficient partial IW)
-1. Inapplicable","0. Not mentioned
1. Mentioned"
V202645c,POST: IWR OBS: R REACTIONS TO INTERVIEW - NEGATIVE (TOO COMPLICATED),R’s reaction to interview:,"-7. No post-election data, deleted due to incomplete interview
-6. No post-election interview
-5. Interview breakoff (sufficient partial IW)
-1. Inapplicable","0. Not mentioned
1. Mentioned"
V202645d,POST: IWR OBS: R REACTIONS TO INTERVIEW - NEGATIVE (BORING/TEDIOUS/REPETITIOUS),R’s reaction to interview:,"-7. No post-election data, deleted due to incomplete interview
-6. No post-election interview
-5. Interview breakoff (sufficient partial IW)
-1. Inapplicable","0. Not mentioned
1. Mentioned"
V202645e,POST: IWR OBS: R REACTIONS TO INTERVIEW - R WANTED TO STOP BEFORE INTERVIEW COMPLETE,R’s reaction to interview:,"-7. No post-election data, deleted due to incomplete interview
-6. No post-election interview
-5. Interview breakoff (sufficient partial IW)
-1. Inapplicable","0. Not mentioned
1. Mentioned"
V202645f,POST: IWR OBS: R REACTIONS TO INTERVIEW - R WAS ILL/DEEAF/TIRED/HAD BAD EYESIGHT,R’s reaction to interview:,"-7. No post-election data, deleted due to incomplete interview
-6. No post-election interview
-5. Interview breakoff (sufficient partial IW)
-1. Inapplicable","0. Not mentioned
1. Mentioned"
V202645g,POST: IWR OBS: R REACTIONS TO INTERVIEW - R EXPRESSED LACK OF KNOWLEDGE,R’s reaction to interview: POST-ELECTION SURVEY VARIABLES 663,"-7. No post-election data, deleted due to incomplete interview
-6. No post-election interview
-5. Interview breakoff (sufficient partial IW)
-1. Inapplicable","0. Not mentioned
1. Mentioned"
V202645h,POST: IWR OBS: R REACTIONS TO INTERVIEW - R STRESSED/AGITATED BY INTERVIEW PROCESS,R’s reaction to interview:,"-7. No post-election data, deleted due to incomplete interview
-6. No post-election interview
-5. Interview breakoff (sufficient partial IW)
-1. Inapplicable","0. Not mentioned
1. Mentioned"
V202645i,POST: IWR OBS: R REACTIONS TO INTERVIEW - R BECAME ANGRY AT INTERVIEW CONTENT,R’s reaction to interview:,"-7. No post-election data, deleted due to incomplete interview
-6. No post-election interview
-5. Interview breakoff (sufficient partial IW)
-1. Inapplicable","0. Not mentioned
1. Mentioned"
V202645j,POST: IWR OBS: R REACTIONS TO INTERVIEW - R CONCERNED WITH SAMPLING PURPOSE/BIAS,R’s reaction to interview:,"-7. No post-election data, deleted due to incomplete interview
-6. No post-election interview
-5. Interview breakoff (sufficient partial IW)
-1. Inapplicable","0. Not mentioned
1. Mentioned"
V202645k,POST: IWR OBS: R REACTIONS TO INTERVIEW - R COULD NOT READ RESPONDENT BOOKLET,R’s reaction to interview:,"-7. No post-election data, deleted due to incomplete interview
-6. No post-election interview
-5. Interview breakoff (sufficient partial IW)
-1. Inapplicable","0. Not mentioned
1. Mentioned"
V202645,mPOST: IWR OBS: R REACTIONS TO INTERVIEW - R APPEARED TO ENJOY INTERVIEW,R’s reaction to interview:,"-7. No post-election data, deleted due to incomplete interview
-6. No post-election interview
-5. Interview breakoff (sufficient partial IW)
-1. Inapplicable","0. Not mentioned
1. Mentioned"
V202645,nPOST: IWR OBS: R REACTIONS TO INTERVIEW - NEUTRAL OR NO FEEDBACK,R’s reaction to interview:,"-7. No post-election data, deleted due to incomplete interview
-6. No post-election interview
-5. Interview breakoff (sufficient partial IW)
-1. Inapplicable","0. Not mentioned
1. Mentioned"
V203000,SAMPLE: SAMPLE LOCATION FIPS STATE,,,"1. Alabama  2. Alaska  4. Arizona
5. Arkansas  6. California  8. Colorado
9. Connecticut  10. Delaware
11. Washington DC
12. Florida  13. Georgia   15. Hawaii
16. Idaho   17. Illinois   18. Indiana
19. Iowa   20. Kansas   21. Kentucky
22. Louisiana   23. Maine   24. Maryland
25. Massachusetts   26. Michigan   27. Minnesota
28. Mississippi   29. Missouri   30. Montana
31. Nebraska   32. Nevada   33. New Hampshire
34. New Jersey   35. New Mexico   36. New York
37. North Carolina   38. North Dakota   39. Ohio
40. Oklahoma   41. Oregon   42. Pennsylvania
44. Rhode Island   45. South Carolina   46. South Dakota
47. Tennessee   48. Texas   49. Utah
50. Vermont   51. Virginia   53. Washington
54. West Virginia   55. Wisconsin   56. Wyoming"
V203001,SAMPLE: SAMPLE LOCATION STATE POSTAL ABBREVIATION,,,
V203002,SAMPLE: SAMPLE LOCATION CONGRESSIONAL DISTRICT (117TH CONGRESS),,,
V203003,SAMPLE: CENSUS REGION,,,"1. Northeast
2. Midwest
3. South
4. West"
V203004,SAMPLE: TIME ZONE (MAJORITY OF STATE),,,"1. Eastern
2. Central
3. Mountain
4. Pacific
5. Alaska
6. Hawaii-Aleutian"
V203005,SAMPLE: RESTRICTED: COUNTY FIPS CODE,,-3. Restricted,
V203006,SAMPLE: RESTRICTED: COUNTY NAME,,-3. Restricted,
V203007,SAMPLE: RESTRICTED: ZIP CODE,,-3. Restricted,
V203008,SAMPLE: RESTRICTED: CENSUS TRACT,,-3. Restricted,
V203050,PRE ADMIN: PRE WEB DEVICE LOGINS: PHONE,,,"0. Did not log in with phone
1. Logged in with phone"
V203051,PRE ADMIN: PRE WEB DEVICE LOGINS: TABLET,,,"0. Did not log in with tablet
1. Logged in with tablet"
V203052,PRE ADMIN: PRE WEB DEVICE LOGINS: DESKTOP/LAPTOP,,,"0. Did not log in with desktop/laptop
1. Logged in with desktop/laptop"
V203053,PRE ADMIN: BEGINNING DATE OF PRE IW (YYYYMMDD),,,
V203054,PRE ADMIN: BEGINNING TIME OF PRE IW (HHMMSS),,,
V203055,PRE ADMIN: ENDING DATE OF PRE IW (YYYYMMDD) ADMINISTRATIVE VARIABLES 669,,,
V203056,PRE ADMIN: ENDING TIME OF PRE IW (HHMMSS),,,
V203057,PRE ADMIN: PRE-ELECTION INTERVIEW LENGTH (MINUTES),-Level Timing Data.,-4. Technical error,
V203059,PRE ADMIN: VISIBLE CASH EXPERIMENT IN INVITATION LETTER,,,"0. Cash not visible
1. Cash visible"
V203060,PRE ADMIN: SCREENER INCENTIVE AMOUNT PAID IF SCREENER R NOT SELECTED,,-1. Inapplicable,
V203061,PRE ADMIN: PRE INCENTIVE AMOUNT PAID,,,
V203075,POST ADMIN: POST WEB DEVICE LOGINS: PHONE,,"-7. No post-election data, deleted due to incomplete interview
-6. No post-election interview","0. Not mentioned
1. Mentioned"
V203076,POST ADMIN: POST WEB DEVICE LOGINS: TABLET,,"-7. No post-election data, deleted due to incomplete interview
-6. No post-election interview","0. Not mentioned
1. Mentioned"
V203077,POST ADMIN: POST WEB DEVICE LOGINS: DESKTOP/LAPTOP,,"-7. No post-election data, deleted due to incomplete interview
-6. No post-election interview","0. Not mentioned
1. Mentioned"
V203078,POST ADMIN: BEGINNING DATE OF POST IW (YYYYMMDD),,,
V203079,POST ADMIN: BEGINNING TIME OF POST IW (HHMMSS) SCREENER VARIABLES 671,,,
V203080,POST ADMIN: ENDING DATE OF POST IW (YYYYMMDD),,,
V203081,POST ADMIN: ENDING TIME OF POST IW (HHMMSS),,,
V203082,POST ADMIN: POST-ELECTION INTERVIEW LENGTH (MINUTES),,"-7. No post-election data, deleted due to incomplete interview
-6. No post-election interview",
V203084,POST ADMIN: POST INCENTIVE AMOUNT PAID,,-1. Inapplicable,
V203100,SCREENER: NUMBER OF ADULTS IN HH [TOPCODED],,-1. Inapplicable,4. Four or more adults
V203101,SCREENER: NUMBER OF ELIGIBLE U.S. CITIZEN ADULTS IN HH [TOPCODED],,-1. Inapplicable,4. Four or more eligile adults
V203102,SCREENER: SCREENER R SELECTED FOR PRE,,-1. Inapplicable,"1. Screener R selected for Pre
2. Screener R not selected for Pre"
V203150,RANDOM: ASSIGNMENT TO FORWARD OR REVERSE RESPONSE OPTIONS FOR SELECTED QUESTIONS,,,"1. Forward
2. Reverse"
V203151,RANDOM: ORDER OF MAJOR PARTY NAMES IN VOTE SECTIONS,,,"1. Democratic party/Republican party
2. Republican party/Democratic party"
V203152,RANDOM: ASSIGNMENT OF PRESVTLAST/PRESVTLASTREV,,,"1. PRESVTLAST
2. PRESVTLASTREV"
V203153,RANDOM: ASSIGNMENT OF DUTYCHOICE/CHOICEDUTY,,,"1. DUTYCHOICE
2. CHOICEDUTY"
V203154,RANDOM: RPTYID PARTY ORDER - DEMOCRATIC/REPUBLICAN OR REPUBLICAN/DEMOCRATIC,,,"1. Democratic party/Republican party
2. Republican party/Democratic party"
V203155,RANDOM: SPLITTICKET PARTY ORDER - DEMOCRATIC/REPUBLICAN OR REPUBLICAN/DEMOCRATIC,,,"1. Democratic party/Republican party
2. Republican party/Democratic party"
V203156,RANDOM: ABORTPRE CANDIDATE ORDER - DEMOCRAT/REPUBLICAN OR REPUBLICAN/DEMOCRAT,,,"1. Democrat candidate/Republican candidate
2. Republican candidate/Democratic candidate"
V203157,RANDOM: AIDBPR CANDIDATE ORDER - DEMOCRAT/REPUBLICAN OR REPUBLICAN/DEMOCRAT,,,"1. Democrat candidate/Republican candidate
2. Republican candidate/Democratic candidate"
V203158,RANDOM: CTRAIT CANDIDATE ORDER - DEMOCRAT/REPUBLICAN OR REPUBLICAN/DEMOCRAT,,,"1. Democrat candidate/Republican candidate
2. Republican candidate/Democratic candidate"
V203159,RANDOM: CLIKE CANDIDATE ORDER - DEMOCRAT/REPUBLICAN OR REPUBLICAN/DEMOCRAT,,,"1. Democrat candidate/Republican candidate
2. Republican candidate/Democratic candidate"
V203160,RANDOM: PTYLIK PARTY ORDER - DEMOCRATIC/REPUBLICAN OR REPUBLICAN/DEMOCRATIC,,,"1. Democratic party/Republican party
2. Republican party/Democratic party"
V203161,RANDOM: DEFSPPR CANDIDATE ORDER - DEMOCRAT/REPUBLICAN OR REPUBLICAN/DEMOCRAT RANDOMIZATION VARIABLES 675,,,"1. Democrat candidate/Republican candidate
2. Republican candidate/Democratic candidate"
V203162,RANDOM: CTRAIT ITEM ORDER - FIRST,,,"1. PCCARE
2. PCHONST
3. PCKNOW
4. PCLEAD"
V203163,RANDOM: CTRAIT ITEM ORDER - SECOND,,,"1. PCCARE
2. PCHONST
3. PCKNOW
4. PCLEAD"
V203164,RANDOM: CTRAIT ITEM ORDER - THIRD,,,"1. PCCARE
2. PCHONST
3. PCKNOW
4. PCLEAD"
V203165,RANDOM: CTRAIT ITEM ORDER - FOURTH,,,"1. PCCARE
2. PCHONST
3. PCKNOW
4. PCLEAD"
V203166,RANDOM: EMOTION ITEM ORDER - FIRST,,,"1. EMOTHOPE
2. EMOTAFRAID
3. EMOTRAGE
4. EMOTANGRY
5. EMOTHAPPY
6. EMOTWORRY
7. EMOTPROUD
8. EMOTIRRIT
9. EMOTNERV"
V203167,RANDOM: EMOTION ITEM ORDER - SECOND,,,"1. EMOTHOPE
2. EMOTAFRAID
3. EMOTRAGE
4. EMOTANGRY
5. EMOTHAPPY
6. EMOTWORRY
7. EMOTPROUD
8. EMOTIRRIT
9. EMOTNERV"
V203168,RANDOM: EMOTION ITEM ORDER - THIRD,,,"1. EMOTHOPE
2. EMOTAFRAID
3. EMOTRAGE
4. EMOTANGRY
5. EMOTHAPPY
6. EMOTWORRY
7. EMOTPROUD
8. EMOTIRRIT
9. EMOTNERV"
V203169,RANDOM: EMOTION ITEM ORDER - FOURTH,,,"1. EMOTHOPE
2. EMOTAFRAID
3. EMOTRAGE
4. EMOTANGRY
5. EMOTHAPPY
6. EMOTWORRY
7. EMOTPROUD
8. EMOTIRRIT
9. EMOTNERV"
V203170,RANDOM: EMOTION ITEM ORDER - FIFTH,,,"1. EMOTHOPE
2. EMOTAFRAID
3. EMOTRAGE
4. EMOTANGRY
5. EMOTHAPPY
6. EMOTWORRY
7. EMOTPROUD
8. EMOTIRRIT
9. EMOTNERV"
V203171,RANDOM: EMOTION ITEM ORDER - SIXTH,,,"1. EMOTHOPE
2. EMOTAFRAID
3. EMOTRAGE
4. EMOTANGRY
5. EMOTHAPPY
6. EMOTWORRY
7. EMOTPROUD
8. EMOTIRRIT
9. EMOTNERV"
V203172,RANDOM: EMOTION ITEM ORDER - SEVENTH,,,"1. EMOTHOPE
2. EMOTAFRAID
3. EMOTRAGE
4. EMOTANGRY
5. EMOTHAPPY
6. EMOTWORRY
7. EMOTPROUD
8. EMOTIRRIT
9. EMOTNERV"
V203173,RANDOM: EMOTION ITEM ORDER - EIGHTH,,,"1. EMOTHOPE
2. EMOTAFRAID
3. EMOTRAGE
4. EMOTANGRY
5. EMOTHAPPY
6. EMOTWORRY
7. EMOTPROUD
8. EMOTIRRIT
9. EMOTNERV"
V203174,RANDOM: EMOTION ITEM ORDER - NINETH,,,"1. EMOTHOPE
2. EMOTAFRAID
3. EMOTRAGE
4. EMOTANGRY
5. EMOTHAPPY
6. EMOTWORRY
7. EMOTPROUD
8. EMOTIRRIT
9. EMOTNERV"
V203175,RANDOM: ENVBUS CANDIDATE ORDER - DEMOCRAT/REPUBLICAN OR REPUBLICAN/DEMOCRAT,,,"1. Democrat candidate/Republican candidate
2. Republican candidate/Democratic candidate"
V203176,RANDOM: FEDSPEND ITEM ORDER - FIRST,,,"1. FSSS
2. FSPUBS
3. FSBRDR
4. FSCRM
5. FSWELF
6. FSHIGH
7. FSPR
8. FSENV"
V203177,RANDOM: FEDSPEND ITEM ORDER - SECOND,,,"1. FSSS
2. FSPUBS
3. FSBRDR
4. FSCRM
5. FSWELF
6. FSHIGH
7. FSPR
8. FSENV"
V203178,RANDOM: FEDSPEND ITEM ORDER - THIRD,,,"1. FSSS
2. FSPUBS
3. FSBRDR
4. FSCRM
5. FSWELF
6. FSHIGH
7. FSPR
8. FSENV"
V203179,RANDOM: FEDSPEND ITEM ORDER - FOURTH,,,"1. FSSS
2. FSPUBS
3. FSBRDR
4. FSCRM
5. FSWELF
6. FSHIGH
7. FSPR
8. FSENV"
V203180,RANDOM: FEDSPEND ITEM ORDER - FIFTH,,,"1. FSSS
2. FSPUBS
3. FSBRDR
4. FSCRM
5. FSWELF
6. FSHIGH
7. FSPR
8. FSENV"
V203181,RANDOM: FEDSPEND ITEM ORDER - SIXTH RANDOMIZATION VARIABLES 681,,,"1. FSSS
2. FSPUBS
3. FSBRDR
4. FSCRM
5. FSWELF
6. FSHIGH
7. FSPR
8. FSENV"
V203182,RANDOM: FEDSPEND ITEM ORDER - SEVENTH,,,"1. FSSS
2. FSPUBS
3. FSBRDR
4. FSCRM
5. FSWELF
6. FSHIGH
7. FSPR
8. FSENV"
V203183,RANDOM: FEDSPEND ITEM ORDER - EIGHTH,,,"1. FSSS
2. FSPUBS
3. FSBRDR
4. FSCRM
5. FSWELF
6. FSHIGH
7. FSPR
8. FSENV"
V203184,RANDOM: GUARPR CANDIDATE ORDER - DEMOCRAT/REPUBLICAN OR REPUBLICAN/DEMOCRAT,,,"1. Democrat candidate/Republican candidate
2. Republican candidate/Democratic candidate"
V203185,RANDOM: INSPRE CANDIDATE ORDER - DEMOCRAT/REPUBLICAN OR REPUBLICAN/DEMOCRAT,,,"1. Democrat candidate/Republican candidate
2. Republican candidate/Democratic candidate"
V203186,RANDOM: LIBCPRE CANDIDATE ORDER - DEMOCRAT/REPUBLICAN OR REPUBLICAN/DEMOCRAT,,,"1. Democrat candidate/Republican candidate
2. Republican candidate/Democratic candidate"
V203187,RANDOM: LEASTSP ITEM ORDER - FIRST,,,"1. Foreign aid
2. Medicare
3. National defense
4. Social Security"
V203188,RANDOM: LEASTSP ITEM ORDER - SECOND,,,"1. Foreign aid
2. Medicare
3. National defense
4. Social Security"
V203189,RANDOM: LEASTSP ITEM ORDER - THIRD,,,"1. Foreign aid
2. Medicare
3. National defense
4. Social Security"
V203190,RANDOM: LEASTSP ITEM ORDER - FOURTH,,,"1. Foreign aid
2. Medicare
3. National defense
4. Social Security"
V203191,RANDOM: SPSRVPR CANDIDATE ORDER - DEMOCRAT/REPUBLICAN OR REPUBLICAN/DEMOCRAT,,,"1. Democrat candidate/Republican candidate
2. Republican candidate/Democratic candidate"
V203192,RANDOM: THERMPRE PRES CAND ORDER - DEMOCRAT/REPUBLICAN OR REPUBLICAN/DEMOCRAT,,,"1. Democrat candidate/Republican candidate
2. Republican candidate/Democratic candidate"
V203193,RANDOM: THERMPRE PARTY ORDER - DEMOCRATIC/REPUBLICAN OR REPUBLICAN/DEMOCRATIC,,,"1. Democratic party/Republican party
2. Republican party/Democratic party"
V203194,"RANDOM: THERMPRE ORDER DEM VP CAND, REP VP CANDID, PREVIOUS PRESIDENT - FIRST",,,"1. THDVPC
2. THRVPC
3. THPREVPRES"
V203195,"RANDOM: THERMPRE ORDER DEM VP CAND, REP VP CANDID, PREVIOUS PRESIDENT - SECOND",,,"1. THDVPC
2. THRVPC
3. THPREVPRES"
V203196,"RANDOM: THERMPRE ORDER DEM VP CAND, REP VP CANDID, PREVIOUS PRESIDENT - THIRD",,,"1. THDVPC
2. THRVPC
3. THPREVPRES"
V203197,RANDOM: RADPROGS RESPONSE OPTION ORDER - FIRST RANDOMIZATION VARIABLES 685,,-1. Inapplicable,"1. Rush Limbaugh
2. The Sean Hannity Show
3. Marketplace (NPR)
4. All Things Considered (NPR)
5. The Dave Ramsey Show
6. Morning Edition (NPR)
7. The Mark Levin Show
8. The Glenn Beck Program
9. The Mike Gallagher Show
10. The Hugh Hewitt Show
11. The Savage Nation (Michael Savage)
12. The Dana Show
13. The Thom Hartmann Program
14. The Jim Bohannon Show
15. Fresh Air (NPR)"
V203198,RANDOM: RADPROGS RESPONSE OPTION ORDER - SECOND,,-1. Inapplicable,"1. Rush Limbaugh
2. The Sean Hannity Show
3. Marketplace (NPR)
4. All Things Considered (NPR)
5. The Dave Ramsey Show
6. Morning Edition (NPR)
7. The Mark Levin Show
8. The Glenn Beck Program
9. The Mike Gallagher Show
10. The Hugh Hewitt Show
11. The Savage Nation (Michael Savage)
12. The Dana Show
13. The Thom Hartmann Program
14. The Jim Bohannon Show
15. Fresh Air (NPR)"
V203199,RANDOM: RADPROGS RESPONSE OPTION ORDER - THIRD,,-1. Inapplicable,"1. Rush Limbaugh
2. The Sean Hannity Show
3. Marketplace (NPR)
4. All Things Considered (NPR)
5. The Dave Ramsey Show
6. Morning Edition (NPR)
7. The Mark Levin Show
8. The Glenn Beck Program
9. The Mike Gallagher Show
10. The Hugh Hewitt Show
11. The Savage Nation (Michael Savage)
12. The Dana Show
13. The Thom Hartmann Program
14. The Jim Bohannon Show
15. Fresh Air (NPR)"
V203200,RANDOM: RADPROGS RESPONSE OPTION ORDER - FOURTH,,-1. Inapplicable,"1. Rush Limbaugh
2. The Sean Hannity Show
3. Marketplace (NPR)
4. All Things Considered (NPR)
5. The Dave Ramsey Show
6. Morning Edition (NPR)
7. The Mark Levin Show
8. The Glenn Beck Program
9. The Mike Gallagher Show
10. The Hugh Hewitt Show
11. The Savage Nation (Michael Savage)
12. The Dana Show
13. The Thom Hartmann Program
14. The Jim Bohannon Show
15. Fresh Air (NPR)"
V203201,RANDOM: RADPROGS RESPONSE OPTION ORDER - FIFTH RANDOMIZATION VARIABLES 687,,-1. Inapplicable,"1. Rush Limbaugh
2. The Sean Hannity Show
3. Marketplace (NPR)
4. All Things Considered (NPR)
5. The Dave Ramsey Show
6. Morning Edition (NPR)
7. The Mark Levin Show
8. The Glenn Beck Program
9. The Mike Gallagher Show
10. The Hugh Hewitt Show
11. The Savage Nation (Michael Savage)
12. The Dana Show
13. The Thom Hartmann Program
14. The Jim Bohannon Show
15. Fresh Air (NPR)"
V203202,RANDOM: RADPROGS RESPONSE OPTION ORDER - SIXTH,,-1. Inapplicable,"1. Rush Limbaugh
2. The Sean Hannity Show
3. Marketplace (NPR)
4. All Things Considered (NPR)
5. The Dave Ramsey Show
6. Morning Edition (NPR)
7. The Mark Levin Show
8. The Glenn Beck Program
9. The Mike Gallagher Show
10. The Hugh Hewitt Show
11. The Savage Nation (Michael Savage)
12. The Dana Show
13. The Thom Hartmann Program
14. The Jim Bohannon Show
15. Fresh Air (NPR)"
V203203,RANDOM: RADPROGS RESPONSE OPTION ORDER - SEVENTH,,-1. Inapplicable,"1. Rush Limbaugh
2. The Sean Hannity Show
3. Marketplace (NPR)
4. All Things Considered (NPR)
5. The Dave Ramsey Show
6. Morning Edition (NPR)
7. The Mark Levin Show
8. The Glenn Beck Program
9. The Mike Gallagher Show
10. The Hugh Hewitt Show
11. The Savage Nation (Michael Savage)
12. The Dana Show
13. The Thom Hartmann Program
14. The Jim Bohannon Show
15. Fresh Air (NPR)"
V203204,RANDOM: RADPROGS RESPONSE OPTION ORDER - EIGHTH,,-1. Inapplicable,"1. Rush Limbaugh
2. The Sean Hannity Show
3. Marketplace (NPR)
4. All Things Considered (NPR)
5. The Dave Ramsey Show
6. Morning Edition (NPR)
7. The Mark Levin Show
8. The Glenn Beck Program
9. The Mike Gallagher Show
10. The Hugh Hewitt Show
11. The Savage Nation (Michael Savage)
12. The Dana Show
13. The Thom Hartmann Program
14. The Jim Bohannon Show
15. Fresh Air (NPR)"
V203205,RANDOM: RADPROGS RESPONSE OPTION ORDER - NINETH RANDOMIZATION VARIABLES 689,,-1. Inapplicable,"1. Rush Limbaugh
2. The Sean Hannity Show
3. Marketplace (NPR)
4. All Things Considered (NPR)
5. The Dave Ramsey Show
6. Morning Edition (NPR)
7. The Mark Levin Show
8. The Glenn Beck Program
9. The Mike Gallagher Show
10. The Hugh Hewitt Show
11. The Savage Nation (Michael Savage)
12. The Dana Show
13. The Thom Hartmann Program
14. The Jim Bohannon Show
15. Fresh Air (NPR)"
V203206,RANDOM: RADPROGS RESPONSE OPTION ORDER - TENTH,,-1. Inapplicable,"1. Rush Limbaugh
2. The Sean Hannity Show
3. Marketplace (NPR)
4. All Things Considered (NPR)
5. The Dave Ramsey Show
6. Morning Edition (NPR)
7. The Mark Levin Show
8. The Glenn Beck Program
9. The Mike Gallagher Show
10. The Hugh Hewitt Show
11. The Savage Nation (Michael Savage)
12. The Dana Show
13. The Thom Hartmann Program
14. The Jim Bohannon Show
15. Fresh Air (NPR)"
V203207,RANDOM: RADPROGS RESPONSE OPTION ORDER - ELEVENTH,,-1. Inapplicable,"1. Rush Limbaugh
2. The Sean Hannity Show
3. Marketplace (NPR)
4. All Things Considered (NPR)
5. The Dave Ramsey Show
6. Morning Edition (NPR)
7. The Mark Levin Show
8. The Glenn Beck Program
9. The Mike Gallagher Show
10. The Hugh Hewitt Show
11. The Savage Nation (Michael Savage)
12. The Dana Show
13. The Thom Hartmann Program
14. The Jim Bohannon Show
15. Fresh Air (NPR)"
V203208,RANDOM: RADPROGS RESPONSE OPTION ORDER - TWELFTH,,-1. Inapplicable,"1. Rush Limbaugh
2. The Sean Hannity Show
3. Marketplace (NPR)
4. All Things Considered (NPR)
5. The Dave Ramsey Show
6. Morning Edition (NPR)
7. The Mark Levin Show
8. The Glenn Beck Program
9. The Mike Gallagher Show
10. The Hugh Hewitt Show
11. The Savage Nation (Michael Savage)
12. The Dana Show
13. The Thom Hartmann Program
14. The Jim Bohannon Show
15. Fresh Air (NPR)"
V203209,RANDOM: RADPROGS RESPONSE OPTION ORDER - THIRTEENTH RANDOMIZATION VARIABLES 691,,-1. Inapplicable,"1. Rush Limbaugh
2. The Sean Hannity Show
3. Marketplace (NPR)
4. All Things Considered (NPR)
5. The Dave Ramsey Show
6. Morning Edition (NPR)
7. The Mark Levin Show
8. The Glenn Beck Program
9. The Mike Gallagher Show
10. The Hugh Hewitt Show
11. The Savage Nation (Michael Savage)
12. The Dana Show
13. The Thom Hartmann Program
14. The Jim Bohannon Show
15. Fresh Air (NPR)"
V203210,RANDOM: RADPROGS RESPONSE OPTION ORDER - FOURTEENTH,,-1. Inapplicable,"1. Rush Limbaugh
2. The Sean Hannity Show
3. Marketplace (NPR)
4. All Things Considered (NPR)
5. The Dave Ramsey Show
6. Morning Edition (NPR)
7. The Mark Levin Show
8. The Glenn Beck Program
9. The Mike Gallagher Show
10. The Hugh Hewitt Show
11. The Savage Nation (Michael Savage)
12. The Dana Show
13. The Thom Hartmann Program
14. The Jim Bohannon Show
15. Fresh Air (NPR)"
V203211,RANDOM: RADPROGS RESPONSE OPTION ORDER - FIFTEENTH,,-1. Inapplicable,"1. Rush Limbaugh
2. The Sean Hannity Show
3. Marketplace (NPR)
4. All Things Considered (NPR)
5. The Dave Ramsey Show
6. Morning Edition (NPR)
7. The Mark Levin Show
8. The Glenn Beck Program
9. The Mike Gallagher Show
10. The Hugh Hewitt Show
11. The Savage Nation (Michael Savage)
12. The Dana Show
13. The Thom Hartmann Program
14. The Jim Bohannon Show
15. Fresh Air (NPR)"
V203212,RANDOM: WEBSITES RESPONSE OPTION ORDER - FIRST,,-1. Inapplicable,"1. Yahoo News (www.yahoo.com/news)
2. CNN.com
3. Huffington Post (www.huffingtonpost.com)
4. New York Times (nytimes.com)
5. Breitbart News Network (breitbart.com)
6. Fox News (www.foxnews.com)
7. Washington Post (washingtonpost.com)
8. The Guardian (theguardian.com)
9. USA Today (usatoday.com)
10. BBC News (news.bbc.co.uk)
11. NPR News (npr.org)
12. Daily Caller (dailycaller.com)
13. Bloomberg (bloomberg.com)
14. Buzzfeed (buzzfeed.com)
15. NBC News (www.nbcnews.com)"
V203213,RANDOM: WEBSITES RESPONSE OPTION ORDER - SECOND RANDOMIZATION VARIABLES 693,,-1. Inapplicable,"1. Yahoo News (www.yahoo.com/news)
2. CNN.com
3. Huffington Post (www.huffingtonpost.com)
4. New York Times (nytimes.com)
5. Breitbart News Network (breitbart.com)
6. Fox News (www.foxnews.com)
7. Washington Post (washingtonpost.com)
8. The Guardian (theguardian.com)
9. USA Today (usatoday.com)
10. BBC News (news.bbc.co.uk)
11. NPR News (npr.org)
12. Daily Caller (dailycaller.com)
13. Bloomberg (bloomberg.com)
14. Buzzfeed (buzzfeed.com)
15. NBC News (www.nbcnews.com)"
V203214,RANDOM: WEBSITES RESPONSE OPTION ORDER - THIRD,,-1. Inapplicable,"1. Yahoo News (www.yahoo.com/news)
2. CNN.com
3. Huffington Post (www.huffingtonpost.com)
4. New York Times (nytimes.com)
5. Breitbart News Network (breitbart.com)
6. Fox News (www.foxnews.com)
7. Washington Post (washingtonpost.com)
8. The Guardian (theguardian.com)
9. USA Today (usatoday.com)
10. BBC News (news.bbc.co.uk)
11. NPR News (npr.org)
12. Daily Caller (dailycaller.com)
13. Bloomberg (bloomberg.com)
14. Buzzfeed (buzzfeed.com)
15. NBC News (www.nbcnews.com)"
V203215,RANDOM: WEBSITES RESPONSE OPTION ORDER - FOURTH,,-1. Inapplicable,"1. Yahoo News (www.yahoo.com/news)
2. CNN.com
3. Huffington Post (www.huffingtonpost.com)
4. New York Times (nytimes.com)
5. Breitbart News Network (breitbart.com)
6. Fox News (www.foxnews.com)
7. Washington Post (washingtonpost.com)
8. The Guardian (theguardian.com)
9. USA Today (usatoday.com)
10. BBC News (news.bbc.co.uk)
11. NPR News (npr.org)
12. Daily Caller (dailycaller.com)
13. Bloomberg (bloomberg.com)
14. Buzzfeed (buzzfeed.com)
15. NBC News (www.nbcnews.com)"
V203216,RANDOM: WEBSITES RESPONSE OPTION ORDER - FIFTH,,-1. Inapplicable,"1. Yahoo News (www.yahoo.com/news)
2. CNN.com
3. Huffington Post (www.huffingtonpost.com)
4. New York Times (nytimes.com)
5. Breitbart News Network (breitbart.com)
6. Fox News (www.foxnews.com)
7. Washington Post (washingtonpost.com)
8. The Guardian (theguardian.com)
9. USA Today (usatoday.com)
10. BBC News (news.bbc.co.uk)
11. NPR News (npr.org)
12. Daily Caller (dailycaller.com)
13. Bloomberg (bloomberg.com)
14. Buzzfeed (buzzfeed.com)
15. NBC News (www.nbcnews.com)"
V203217,RANDOM: WEBSITES RESPONSE OPTION ORDER - SIXTH RANDOMIZATION VARIABLES 695,,-1. Inapplicable,"1. Yahoo News (www.yahoo.com/news)
2. CNN.com
3. Huffington Post (www.huffingtonpost.com)
4. New York Times (nytimes.com)
5. Breitbart News Network (breitbart.com)
6. Fox News (www.foxnews.com)
7. Washington Post (washingtonpost.com)
8. The Guardian (theguardian.com)
9. USA Today (usatoday.com)
10. BBC News (news.bbc.co.uk)
11. NPR News (npr.org)
12. Daily Caller (dailycaller.com)
13. Bloomberg (bloomberg.com)
14. Buzzfeed (buzzfeed.com)
15. NBC News (www.nbcnews.com)"
V203218,RANDOM: WEBSITES RESPONSE OPTION ORDER - SEVENTH,,-1. Inapplicable,"1. Yahoo News (www.yahoo.com/news)
2. CNN.com
3. Huffington Post (www.huffingtonpost.com)
4. New York Times (nytimes.com)
5. Breitbart News Network (breitbart.com)
6. Fox News (www.foxnews.com)
7. Washington Post (washingtonpost.com)
8. The Guardian (theguardian.com)
9. USA Today (usatoday.com)
10. BBC News (news.bbc.co.uk)
11. NPR News (npr.org)
12. Daily Caller (dailycaller.com)
13. Bloomberg (bloomberg.com)
14. Buzzfeed (buzzfeed.com)
15. NBC News (www.nbcnews.com)"
V203219,RANDOM: WEBSITES RESPONSE OPTION ORDER - EIGHTH,,-1. Inapplicable,"1. Yahoo News (www.yahoo.com/news)
2. CNN.com
3. Huffington Post (www.huffingtonpost.com)
4. New York Times (nytimes.com)
5. Breitbart News Network (breitbart.com)
6. Fox News (www.foxnews.com)
7. Washington Post (washingtonpost.com)
8. The Guardian (theguardian.com)
9. USA Today (usatoday.com)
10. BBC News (news.bbc.co.uk)
11. NPR News (npr.org)
12. Daily Caller (dailycaller.com)
13. Bloomberg (bloomberg.com)
14. Buzzfeed (buzzfeed.com)
15. NBC News (www.nbcnews.com)"
V203220,RANDOM: WEBSITES RESPONSE OPTION ORDER - NINETH,,-1. Inapplicable,"1. Yahoo News (www.yahoo.com/news)
2. CNN.com
3. Huffington Post (www.huffingtonpost.com)
4. New York Times (nytimes.com)
5. Breitbart News Network (breitbart.com)
6. Fox News (www.foxnews.com)
7. Washington Post (washingtonpost.com)
8. The Guardian (theguardian.com)
9. USA Today (usatoday.com)
10. BBC News (news.bbc.co.uk)
11. NPR News (npr.org)
12. Daily Caller (dailycaller.com)
13. Bloomberg (bloomberg.com)
14. Buzzfeed (buzzfeed.com)
15. NBC News (www.nbcnews.com)"
V203221,RANDOM: WEBSITES RESPONSE OPTION ORDER - TENTH RANDOMIZATION VARIABLES 697,,-1. Inapplicable,"1. Yahoo News (www.yahoo.com/news)
2. CNN.com
3. Huffington Post (www.huffingtonpost.com)
4. New York Times (nytimes.com)
5. Breitbart News Network (breitbart.com)
6. Fox News (www.foxnews.com)
7. Washington Post (washingtonpost.com)
8. The Guardian (theguardian.com)
9. USA Today (usatoday.com)
10. BBC News (news.bbc.co.uk)
11. NPR News (npr.org)
12. Daily Caller (dailycaller.com)
13. Bloomberg (bloomberg.com)
14. Buzzfeed (buzzfeed.com)
15. NBC News (www.nbcnews.com)"
V203222,RANDOM: WEBSITES RESPONSE OPTION ORDER - ELEVENTH,,-1. Inapplicable,"1. Yahoo News (www.yahoo.com/news)
2. CNN.com
3. Huffington Post (www.huffingtonpost.com)
4. New York Times (nytimes.com)
5. Breitbart News Network (breitbart.com)
6. Fox News (www.foxnews.com)
7. Washington Post (washingtonpost.com)
8. The Guardian (theguardian.com)
9. USA Today (usatoday.com)
10. BBC News (news.bbc.co.uk)
11. NPR News (npr.org)
12. Daily Caller (dailycaller.com)
13. Bloomberg (bloomberg.com)
14. Buzzfeed (buzzfeed.com)
15. NBC News (www.nbcnews.com)"
V203223,RANDOM: WEBSITES RESPONSE OPTION ORDER - TWELFTH,,-1. Inapplicable,"1. Yahoo News (www.yahoo.com/news)
2. CNN.com
3. Huffington Post (www.huffingtonpost.com)
4. New York Times (nytimes.com)
5. Breitbart News Network (breitbart.com)
6. Fox News (www.foxnews.com)
7. Washington Post (washingtonpost.com)
8. The Guardian (theguardian.com)
9. USA Today (usatoday.com)
10. BBC News (news.bbc.co.uk)
11. NPR News (npr.org)
12. Daily Caller (dailycaller.com)
13. Bloomberg (bloomberg.com)
14. Buzzfeed (buzzfeed.com)
15. NBC News (www.nbcnews.com)"
V203224,RANDOM: WEBSITES RESPONSE OPTION ORDER - THIRTEENTH,,-1. Inapplicable,"1. Yahoo News (www.yahoo.com/news)
2. CNN.com
3. Huffington Post (www.huffingtonpost.com)
4. New York Times (nytimes.com)
5. Breitbart News Network (breitbart.com)
6. Fox News (www.foxnews.com)
7. Washington Post (washingtonpost.com)
8. The Guardian (theguardian.com)
9. USA Today (usatoday.com)
10. BBC News (news.bbc.co.uk)
11. NPR News (npr.org)
12. Daily Caller (dailycaller.com)
13. Bloomberg (bloomberg.com)
14. Buzzfeed (buzzfeed.com)
15. NBC News (www.nbcnews.com)"
V203225,RANDOM: WEBSITES RESPONSE OPTION ORDER - FOURTEENTH RANDOMIZATION VARIABLES 699,,-1. Inapplicable,"1. Yahoo News (www.yahoo.com/news)
2. CNN.com
3. Huffington Post (www.huffingtonpost.com)
4. New York Times (nytimes.com)
5. Breitbart News Network (breitbart.com)
6. Fox News (www.foxnews.com)
7. Washington Post (washingtonpost.com)
8. The Guardian (theguardian.com)
9. USA Today (usatoday.com)
10. BBC News (news.bbc.co.uk)
11. NPR News (npr.org)
12. Daily Caller (dailycaller.com)
13. Bloomberg (bloomberg.com)
14. Buzzfeed (buzzfeed.com)
15. NBC News (www.nbcnews.com)"
V203226,RANDOM: WEBSITES RESPONSE OPTION ORDER - FIFTEENTH,,-1. Inapplicable,"1. Yahoo News (www.yahoo.com/news)
2. CNN.com
3. Huffington Post (www.huffingtonpost.com)
4. New York Times (nytimes.com)
5. Breitbart News Network (breitbart.com)
6. Fox News (www.foxnews.com)
7. Washington Post (washingtonpost.com)
8. The Guardian (theguardian.com)
9. USA Today (usatoday.com)
10. BBC News (news.bbc.co.uk)
11. NPR News (npr.org)
12. Daily Caller (dailycaller.com)
13. Bloomberg (bloomberg.com)
14. Buzzfeed (buzzfeed.com)
15. NBC News (www.nbcnews.com)"
V203227,RANDOM: INET RESPONSE OPTION ORDER - FIRST,,-1. Inapplicable,"1. www.nytimes.com (New York Times)
2. www.usatoday.com (USA Today)
3. online.wsj.com (Wall Street Journal)
4. www.washingtonpost.com (Washington Post)
5. online newspaper - 1st
6. online newspaper - 2nd
7. online newspaper - 3rd
8. online newspaper - 4th
9. online newspaper - 5th
10. online newspaper - 6th
11. online newspaper - 7th
12. online newspaper - 8th
13. online newspaper - 9th
14. online newspaper - 10th
15. online newspaper - 11th
16. online newspaper - 12th"
V203228,RANDOM: INET RESPONSE OPTION ORDER - SECOND,,-1. Inapplicable,"1. www.nytimes.com (New York Times)
2. www.usatoday.com (USA Today)
3. online.wsj.com (Wall Street Journal)
4. www.washingtonpost.com (Washington Post)
5. online newspaper - 1st
6. online newspaper - 2nd
7. online newspaper - 3rd
8. online newspaper - 4th
9. online newspaper - 5th
10. online newspaper - 6th
11. online newspaper - 7th
12. online newspaper - 8th
13. online newspaper - 9th
14. online newspaper - 10th
15. online newspaper - 11th
16. online newspaper - 12th"
V203229,RANDOM: INET RESPONSE OPTION ORDER - THIRD,,-1. Inapplicable,"1. www.nytimes.com (New York Times)
2. www.usatoday.com (USA Today)
3. online.wsj.com (Wall Street Journal)
4. www.washingtonpost.com (Washington Post)
5. online newspaper - 1st
6. online newspaper - 2nd
7. online newspaper - 3rd
8. online newspaper - 4th
9. online newspaper - 5th
10. online newspaper - 6th
11. online newspaper - 7th
12. online newspaper - 8th
13. online newspaper - 9th
14. online newspaper - 10th
15. online newspaper - 11th
16. online newspaper - 12th"
V203230,RANDOM: INET RESPONSE OPTION ORDER - FOURTH,,-1. Inapplicable,"1. www.nytimes.com (New York Times)
2. www.usatoday.com (USA Today)
3. online.wsj.com (Wall Street Journal)
4. www.washingtonpost.com (Washington Post)
5. online newspaper - 1st
6. online newspaper - 2nd
7. online newspaper - 3rd
8. online newspaper - 4th
9. online newspaper - 5th
10. online newspaper - 6th
11. online newspaper - 7th
12. online newspaper - 8th
13. online newspaper - 9th
14. online newspaper - 10th
15. online newspaper - 11th
16. online newspaper - 12th"
V203231,RANDOM: INET RESPONSE OPTION ORDER - FIFTH,,-1. Inapplicable,"1. www.nytimes.com (New York Times)
2. www.usatoday.com (USA Today)
3. online.wsj.com (Wall Street Journal)
4. www.washingtonpost.com (Washington Post)
5. online newspaper - 1st
6. online newspaper - 2nd
7. online newspaper - 3rd
8. online newspaper - 4th
9. online newspaper - 5th
10. online newspaper - 6th
11. online newspaper - 7th
12. online newspaper - 8th
13. online newspaper - 9th
14. online newspaper - 10th
15. online newspaper - 11th
16. online newspaper - 12th"
V203232,RANDOM: INET RESPONSE OPTION ORDER - SIXTH,,-1. Inapplicable,"1. www.nytimes.com (New York Times)
2. www.usatoday.com (USA Today)
3. online.wsj.com (Wall Street Journal)
4. www.washingtonpost.com (Washington Post)
5. online newspaper - 1st
6. online newspaper - 2nd
7. online newspaper - 3rd
8. online newspaper - 4th
9. online newspaper - 5th
10. online newspaper - 6th
11. online newspaper - 7th
12. online newspaper - 8th
13. online newspaper - 9th
14. online newspaper - 10th
15. online newspaper - 11th
16. online newspaper - 12th"
V203233,RANDOM: INET RESPONSE OPTION ORDER - SEVENTH,,-1. Inapplicable,"1. www.nytimes.com (New York Times)
2. www.usatoday.com (USA Today)
3. online.wsj.com (Wall Street Journal)
4. www.washingtonpost.com (Washington Post)
5. online newspaper - 1st
6. online newspaper - 2nd
7. online newspaper - 3rd
8. online newspaper - 4th
9. online newspaper - 5th
10. online newspaper - 6th
11. online newspaper - 7th
12. online newspaper - 8th
13. online newspaper - 9th
14. online newspaper - 10th
15. online newspaper - 11th
16. online newspaper - 12th"
V203234,RANDOM: INET RESPONSE OPTION ORDER - EIGHTH,,-1. Inapplicable,"1. www.nytimes.com (New York Times)
2. www.usatoday.com (USA Today)
3. online.wsj.com (Wall Street Journal)
4. www.washingtonpost.com (Washington Post)
5. online newspaper - 1st
6. online newspaper - 2nd
7. online newspaper - 3rd
8. online newspaper - 4th
9. online newspaper - 5th
10. online newspaper - 6th
11. online newspaper - 7th
12. online newspaper - 8th
13. online newspaper - 9th
14. online newspaper - 10th
15. online newspaper - 11th
16. online newspaper - 12th"
V203235,RANDOM: INET RESPONSE OPTION ORDER - NINETH,,-1. Inapplicable,"1. www.nytimes.com (New York Times)
2. www.usatoday.com (USA Today)
3. online.wsj.com (Wall Street Journal)
4. www.washingtonpost.com (Washington Post)
5. online newspaper - 1st
6. online newspaper - 2nd
7. online newspaper - 3rd
8. online newspaper - 4th
9. online newspaper - 5th
10. online newspaper - 6th
11. online newspaper - 7th
12. online newspaper - 8th
13. online newspaper - 9th
14. online newspaper - 10th
15. online newspaper - 11th
16. online newspaper - 12th"
V203236,RANDOM: INET RESPONSE OPTION ORDER - TENTH,,-1. Inapplicable,"1. www.nytimes.com (New York Times)
2. www.usatoday.com (USA Today)
3. online.wsj.com (Wall Street Journal)
4. www.washingtonpost.com (Washington Post)
5. online newspaper - 1st
6. online newspaper - 2nd
7. online newspaper - 3rd
8. online newspaper - 4th
9. online newspaper - 5th
10. online newspaper - 6th
11. online newspaper - 7th
12. online newspaper - 8th
13. online newspaper - 9th
14. online newspaper - 10th
15. online newspaper - 11th
16. online newspaper - 12th"
V203237,RANDOM: INET RESPONSE OPTION ORDER - ELEVENTH,,-1. Inapplicable,"1. www.nytimes.com (New York Times)
2. www.usatoday.com (USA Today)
3. online.wsj.com (Wall Street Journal)
4. www.washingtonpost.com (Washington Post)
5. online newspaper - 1st
6. online newspaper - 2nd
7. online newspaper - 3rd
8. online newspaper - 4th
9. online newspaper - 5th
10. online newspaper - 6th
11. online newspaper - 7th
12. online newspaper - 8th
13. online newspaper - 9th
14. online newspaper - 10th
15. online newspaper - 11th
16. online newspaper - 12th"
V203238,RANDOM: INET RESPONSE OPTION ORDER - TWELFTH,,-1. Inapplicable,"1. www.nytimes.com (New York Times)
2. www.usatoday.com (USA Today)
3. online.wsj.com (Wall Street Journal)
4. www.washingtonpost.com (Washington Post)
5. online newspaper - 1st
6. online newspaper - 2nd
7. online newspaper - 3rd
8. online newspaper - 4th
9. online newspaper - 5th
10. online newspaper - 6th
11. online newspaper - 7th
12. online newspaper - 8th
13. online newspaper - 9th
14. online newspaper - 10th
15. online newspaper - 11th
16. online newspaper - 12th"
V203239,RANDOM: INET RESPONSE OPTION ORDER - THIRTEENTH,,-1. Inapplicable,"1. www.nytimes.com (New York Times)
2. www.usatoday.com (USA Today)
3. online.wsj.com (Wall Street Journal)
4. www.washingtonpost.com (Washington Post)
5. online newspaper - 1st
6. online newspaper - 2nd
7. online newspaper - 3rd
8. online newspaper - 4th
9. online newspaper - 5th
10. online newspaper - 6th
11. online newspaper - 7th
12. online newspaper - 8th
13. online newspaper - 9th
14. online newspaper - 10th
15. online newspaper - 11th
16. online newspaper - 12th"
V203240,RANDOM: INET RESPONSE OPTION ORDER - FOURTEENTH,,-1. Inapplicable,"1. www.nytimes.com (New York Times)
2. www.usatoday.com (USA Today)
3. online.wsj.com (Wall Street Journal)
4. www.washingtonpost.com (Washington Post)
5. online newspaper - 1st
6. online newspaper - 2nd
7. online newspaper - 3rd
8. online newspaper - 4th
9. online newspaper - 5th
10. online newspaper - 6th
11. online newspaper - 7th
12. online newspaper - 8th
13. online newspaper - 9th
14. online newspaper - 10th
15. online newspaper - 11th
16. online newspaper - 12th"
V203241,RANDOM: INET RESPONSE OPTION ORDER - FIFTEENTH,,-1. Inapplicable,"1. www.nytimes.com (New York Times)
2. www.usatoday.com (USA Today)
3. online.wsj.com (Wall Street Journal)
4. www.washingtonpost.com (Washington Post)
5. online newspaper - 1st
6. online newspaper - 2nd
7. online newspaper - 3rd
8. online newspaper - 4th
9. online newspaper - 5th
10. online newspaper - 6th
11. online newspaper - 7th
12. online newspaper - 8th
13. online newspaper - 9th
14. online newspaper - 10th
15. online newspaper - 11th
16. online newspaper - 12th"
V203242,RANDOM: INET RESPONSE OPTION ORDER - SIXTEENTH,,-1. Inapplicable,"1. www.nytimes.com (New York Times)
2. www.usatoday.com (USA Today)
3. online.wsj.com (Wall Street Journal)
4. www.washingtonpost.com (Washington Post)
5. online newspaper - 1st
6. online newspaper - 2nd
7. online newspaper - 3rd
8. online newspaper - 4th
9. online newspaper - 5th
10. online newspaper - 6th
11. online newspaper - 7th
12. online newspaper - 8th
13. online newspaper - 9th
14. online newspaper - 10th
15. online newspaper - 11th
16. online newspaper - 12th"
V203243,RANDOM: PRINT RESPONSE OPTION ORDER - FIRST,,-1. Inapplicable,"1. The New York Times
2. USA Today
3. The Wall Street Journal
4. The Washington Post
5. print newspaper - 1st
6. print newspaper - 2nd
7. print newspaper - 3rd
8. print newspaper - 4th
9. print newspaper - 5th
10. print newspaper - 6th
11. print newspaper - 7th
12. print newspaper - 8th
13. print newspaper - 9th
14. print newspaper - 10th
15. print newspaper - 11th
16. print newspaper - 12th"
V203244,RANDOM: PRINT RESPONSE OPTION ORDER - SECOND,,-1. Inapplicable,"1. The New York Times
2. USA Today
3. The Wall Street Journal
4. The Washington Post
5. print newspaper - 1st
6. print newspaper - 2nd
7. print newspaper - 3rd
8. print newspaper - 4th
9. print newspaper - 5th
10. print newspaper - 6th
11. print newspaper - 7th
12. print newspaper - 8th
13. print newspaper - 9th
14. print newspaper - 10th
15. print newspaper - 11th
16. print newspaper - 12th"
V203245,RANDOM: PRINT RESPONSE OPTION ORDER - THIRD,,-1. Inapplicable,"1. The New York Times
2. USA Today
3. The Wall Street Journal
4. The Washington Post
5. print newspaper - 1st
6. print newspaper - 2nd
7. print newspaper - 3rd
8. print newspaper - 4th
9. print newspaper - 5th
10. print newspaper - 6th
11. print newspaper - 7th
12. print newspaper - 8th
13. print newspaper - 9th
14. print newspaper - 10th
15. print newspaper - 11th
16. print newspaper - 12th"
V203246,RANDOM: PRINT RESPONSE OPTION ORDER - FOURTH,,-1. Inapplicable,"1. The New York Times
2. USA Today
3. The Wall Street Journal
4. The Washington Post
5. print newspaper - 1st
6. print newspaper - 2nd
7. print newspaper - 3rd
8. print newspaper - 4th
9. print newspaper - 5th
10. print newspaper - 6th
11. print newspaper - 7th
12. print newspaper - 8th
13. print newspaper - 9th
14. print newspaper - 10th
15. print newspaper - 11th
16. print newspaper - 12th"
V203247,RANDOM: PRINT RESPONSE OPTION ORDER - FIFTH,,-1. Inapplicable,"1. The New York Times
2. USA Today
3. The Wall Street Journal
4. The Washington Post
5. print newspaper - 1st
6. print newspaper - 2nd
7. print newspaper - 3rd
8. print newspaper - 4th
9. print newspaper - 5th
10. print newspaper - 6th
11. print newspaper - 7th
12. print newspaper - 8th
13. print newspaper - 9th
14. print newspaper - 10th
15. print newspaper - 11th
16. print newspaper - 12th"
V203248,RANDOM: PRINT RESPONSE OPTION ORDER - SIXTH,,-1. Inapplicable,"1. The New York Times
2. USA Today
3. The Wall Street Journal
4. The Washington Post
5. print newspaper - 1st
6. print newspaper - 2nd
7. print newspaper - 3rd
8. print newspaper - 4th
9. print newspaper - 5th
10. print newspaper - 6th
11. print newspaper - 7th
12. print newspaper - 8th
13. print newspaper - 9th
14. print newspaper - 10th
15. print newspaper - 11th
16. print newspaper - 12th"
V203249,RANDOM: PRINT RESPONSE OPTION ORDER - SEVENTH,,-1. Inapplicable,"1. The New York Times
2. USA Today
3. The Wall Street Journal
4. The Washington Post
5. print newspaper - 1st
6. print newspaper - 2nd
7. print newspaper - 3rd
8. print newspaper - 4th
9. print newspaper - 5th
10. print newspaper - 6th
11. print newspaper - 7th
12. print newspaper - 8th
13. print newspaper - 9th
14. print newspaper - 10th
15. print newspaper - 11th
16. print newspaper - 12th"
V203250,RANDOM: PRINT RESPONSE OPTION ORDER - EIGHTH,,-1. Inapplicable,"1. The New York Times
2. USA Today
3. The Wall Street Journal
4. The Washington Post
5. print newspaper - 1st
6. print newspaper - 2nd
7. print newspaper - 3rd
8. print newspaper - 4th
9. print newspaper - 5th
10. print newspaper - 6th
11. print newspaper - 7th
12. print newspaper - 8th
13. print newspaper - 9th
14. print newspaper - 10th
15. print newspaper - 11th
16. print newspaper - 12th"
V203251,RANDOM: PRINT RESPONSE OPTION ORDER - NINETH,,-1. Inapplicable,"1. The New York Times
2. USA Today
3. The Wall Street Journal
4. The Washington Post
5. print newspaper - 1st
6. print newspaper - 2nd
7. print newspaper - 3rd
8. print newspaper - 4th
9. print newspaper - 5th
10. print newspaper - 6th
11. print newspaper - 7th
12. print newspaper - 8th
13. print newspaper - 9th
14. print newspaper - 10th
15. print newspaper - 11th
16. print newspaper - 12th"
V203252,RANDOM: PRINT RESPONSE OPTION ORDER - TENTH,,-1. Inapplicable,"1. The New York Times
2. USA Today
3. The Wall Street Journal
4. The Washington Post
5. print newspaper - 1st
6. print newspaper - 2nd
7. print newspaper - 3rd
8. print newspaper - 4th
9. print newspaper - 5th
10. print newspaper - 6th
11. print newspaper - 7th
12. print newspaper - 8th
13. print newspaper - 9th
14. print newspaper - 10th
15. print newspaper - 11th
16. print newspaper - 12th"
V203253,RANDOM: PRINT RESPONSE OPTION ORDER - ELEVENTH,,-1. Inapplicable,"1. The New York Times
2. USA Today
3. The Wall Street Journal
4. The Washington Post
5. print newspaper - 1st
6. print newspaper - 2nd
7. print newspaper - 3rd
8. print newspaper - 4th
9. print newspaper - 5th
10. print newspaper - 6th
11. print newspaper - 7th
12. print newspaper - 8th
13. print newspaper - 9th
14. print newspaper - 10th
15. print newspaper - 11th
16. print newspaper - 12th"
V203254,RANDOM: PRINT RESPONSE OPTION ORDER - TWELFTH,,-1. Inapplicable,"1. The New York Times
2. USA Today
3. The Wall Street Journal
4. The Washington Post
5. print newspaper - 1st
6. print newspaper - 2nd
7. print newspaper - 3rd
8. print newspaper - 4th
9. print newspaper - 5th
10. print newspaper - 6th
11. print newspaper - 7th
12. print newspaper - 8th
13. print newspaper - 9th
14. print newspaper - 10th
15. print newspaper - 11th
16. print newspaper - 12th"
V203255,RANDOM: PRINT RESPONSE OPTION ORDER - THIRTEENTH,,-1. Inapplicable,"1. The New York Times
2. USA Today
3. The Wall Street Journal
4. The Washington Post
5. print newspaper - 1st
6. print newspaper - 2nd
7. print newspaper - 3rd
8. print newspaper - 4th
9. print newspaper - 5th
10. print newspaper - 6th
11. print newspaper - 7th
12. print newspaper - 8th
13. print newspaper - 9th
14. print newspaper - 10th
15. print newspaper - 11th
16. print newspaper - 12th"
V203256,RANDOM: PRINT RESPONSE OPTION ORDER - FOURTEENTH,,-1. Inapplicable,"1. The New York Times
2. USA Today
3. The Wall Street Journal
4. The Washington Post
5. print newspaper - 1st
6. print newspaper - 2nd
7. print newspaper - 3rd
8. print newspaper - 4th
9. print newspaper - 5th
10. print newspaper - 6th
11. print newspaper - 7th
12. print newspaper - 8th
13. print newspaper - 9th
14. print newspaper - 10th
15. print newspaper - 11th
16. print newspaper - 12th"
V203257,RANDOM: PRINT RESPONSE OPTION ORDER - FIFTEENTH,,-1. Inapplicable,"1. The New York Times
2. USA Today
3. The Wall Street Journal
4. The Washington Post
5. print newspaper - 1st
6. print newspaper - 2nd
7. print newspaper - 3rd
8. print newspaper - 4th
9. print newspaper - 5th
10. print newspaper - 6th
11. print newspaper - 7th
12. print newspaper - 8th
13. print newspaper - 9th
14. print newspaper - 10th
15. print newspaper - 11th
16. print newspaper - 12th"
V203258,RANDOM: PRINT RESPONSE OPTION ORDER - SIXTEENTH,,-1. Inapplicable,"1. The New York Times
2. USA Today
3. The Wall Street Journal
4. The Washington Post
5. print newspaper - 1st
6. print newspaper - 2nd
7. print newspaper - 3rd
8. print newspaper - 4th
9. print newspaper - 5th
10. print newspaper - 6th
11. print newspaper - 7th
12. print newspaper - 8th
13. print newspaper - 9th
14. print newspaper - 10th
15. print newspaper - 11th
16. print newspaper - 12th"
V203259,RANDOM: SPEEDING INTERVENTION - SPEEDSET GROUPS,,"-7. No post-election data, deleted due to incomplete interview
-6. No post-election interview","1. Group one
2. Group two
3. Group three
4. Group four
5. Group five
6. Group six
7. Group seven
8. Group eight
9. Group nine"
V203260,RANDOM: SPEEDING INTERVENTION - SPEED GROUPS,,"-7. No post-election data, deleted due to incomplete interview
-6. No post-election interview","1. Group one
2. Group two
3. Group three
4. Group four
5. Group five
6. Group six
7. Group seven
8. Group eight
9. Group nine"
V203261,RANDOM: ASSIGNMENT OF PTYMOB/PTYMOBREV,,"-7. No post-election data, deleted due to incomplete interview
-6. No post-election interview","1. PTYMOB
2. PTYMOBREV"
V203262,RANDOM: MIP PARTY ORDER - DEMOCRATIC/REPUBLICAN OR REPUBLICAN/DEMOCRATIC,,"-7. No post-election data, deleted due to incomplete interview
-6. No post-election interview","1. Democratic party/Republican party
2. Republican party/Democratic party"
V203263,RANDOM: ASSIGNMENT OF THGRASIAN/THGRASIANREV,,"-7. No post-election data, deleted due to incomplete interview
-6. No post-election interview","1. THGRASIAN
2. THGRASIANREV"
V203264,RANDOM: ASSIGNMENT OF HWKHISP/HWKHISPREV,,"-7. No post-election data, deleted due to incomplete interview
-6. No post-election interview","1. HWKHISP
2. HWKHISPREV"
V203265,RANDOM: ASSIGNMENT OF HWKASIAN/HWKASIANREV,,"-7. No post-election data, deleted due to incomplete interview
-6. No post-election interview","1. HWKASIAN
2. HWKASIANREV"
V203266,RANDOM: ASSIGNMENT OF VIOLHISP/VIOLHISPREV,,"-7. No post-election data, deleted due to incomplete interview
-6. No post-election interview","1. VIOLHISP
2. VIOLHISPREV"
V203267,RANDOM: ASSIGNMENT OF VIOLASIAN/VIOLASIANREV,,"-7. No post-election data, deleted due to incomplete interview
-6. No post-election interview","1. VIOLASIAN
2. VIOLASIANREV"
V203268,RANDOM: ORDER OF CAMPFIN ITEMS,,"-7. No post-election data, deleted due to incomplete interview
-6. No post-election interview","1. DONATE, SPENDLIM, ORG, DIRECT
2. DONATE, SPENDLIM, DIRECT, ORG
3. DONATE, ORG, DIRECT, SPENDLIM
4. DONATE, DIRECT, ORG, SPENDLIM
5. SPENDLIM, ORG, DIRECT, DONATE
6. SPENDLIM, DIRECT, ORG, DONATE
7. ORG, DIRECT, SPENDLIM, DONATE
8. DIRECT, ORG, SPENDLIM, DONATE"
V203269,RANDOM: ORDER OF DISCRIM ITEMS (GROUP 1) - FIRST RANDOMIZATION VARIABLES 719,,"-7. No post-election data, deleted due to incomplete interview
-6. No post-election interview","1. DISCBLCK
2. DISCHISP
3. DISCASIAN
4. DISCWHT
5. DISCMUSL
6. DISCXTIAN"
V203270,RANDOM: ORDER OF DISCRIM ITEMS (GROUP 1) - SECOND,,"-7. No post-election data, deleted due to incomplete interview
-6. No post-election interview","1. DISCBLCK
2. DISCHISP
3. DISCASIAN
4. DISCWHT
5. DISCMUSL
6. DISCXTIAN"
V203271,RANDOM: ORDER OF DISCRIM ITEMS (GROUP 1) - THIRD,,"-7. No post-election data, deleted due to incomplete interview
-6. No post-election interview","1. DISCBLCK
2. DISCHISP
3. DISCASIAN
4. DISCWHT
5. DISCMUSL
6. DISCXTIAN"
V203272,RANDOM: ORDER OF DISCRIM ITEMS (GROUP 1) - FOURTH,,"-7. No post-election data, deleted due to incomplete interview
-6. No post-election interview","1. DISCBLCK
2. DISCHISP
3. DISCASIAN
4. DISCWHT
5. DISCMUSL
6. DISCXTIAN"
V203273,RANDOM: ORDER OF DISCRIM ITEMS (GROUP 1) - FIFTH,,"-7. No post-election data, deleted due to incomplete interview
-6. No post-election interview","1. DISCBLCK
2. DISCHISP
3. DISCASIAN
4. DISCWHT
5. DISCMUSL
6. DISCXTIAN"
V203274,RANDOM: ORDER OF DISCRIM ITEMS (GROUP 1) - SIXTH,,"-7. No post-election data, deleted due to incomplete interview
-6. No post-election interview","1. DISCBLCK
2. DISCHISP
3. DISCASIAN
4. DISCWHT
5. DISCMUSL
6. DISCXTIAN"
V203275,RANDOM: ORDER OF DISCRIM ITEMS (GROUP 2) - FIRST RANDOMIZATION VARIABLES 721,,"-7. No post-election data, deleted due to incomplete interview
-6. No post-election interview","1. DISCGAY
2. DISCWOM
3. DISCMEN
4. DISCTRANS"
V203276,RANDOM: ORDER OF DISCRIM ITEMS (GROUP 2) - SECOND,,"-7. No post-election data, deleted due to incomplete interview
-6. No post-election interview","1. DISCGAY
2. DISCWOM
3. DISCMEN
4. DISCTRANS"
V203277,RANDOM: ORDER OF DISCRIM ITEMS (GROUP 2) - THIRD,,"-7. No post-election data, deleted due to incomplete interview
-6. No post-election interview","1. DISCGAY
2. DISCWOM
3. DISCMEN
4. DISCTRANS"
V203278,RANDOM: ORDER OF DISCRIM ITEMS (GROUP 2) - FOURTH,,"-7. No post-election data, deleted due to incomplete interview
-6. No post-election interview","1. DISCGAY
2. DISCWOM
3. DISCMEN
4. DISCTRANS"
V203279,RANDOM: ORDER OF FRGNTHRT ITEMS - FIRST,,"-7. No post-election data, deleted due to incomplete interview
-6. No post-election interview","1. CHINA
2. RUSSIA
3. MEXICO
4. IRAN
5. JAPAN
6. GERMANY"
V203280,RANDOM: ORDER OF FRGNTHRT ITEMS - SECOND,,"-7. No post-election data, deleted due to incomplete interview
-6. No post-election interview","1. CHINA
2. RUSSIA
3. MEXICO
4. IRAN
5. JAPAN
6. GERMANY"
V203281,RANDOM: ORDER OF FRGNTHRT ITEMS - THIRD,,"-7. No post-election data, deleted due to incomplete interview
-6. No post-election interview","1. CHINA
2. RUSSIA
3. MEXICO
4. IRAN
5. JAPAN
6. GERMANY"
V203282,RANDOM: ORDER OF FRGNTHRT ITEMS - FOURTH RANDOMIZATION VARIABLES 723,,"-7. No post-election data, deleted due to incomplete interview
-6. No post-election interview","1. CHINA
2. RUSSIA
3. MEXICO
4. IRAN
5. JAPAN
6. GERMANY"
V203283,RANDOM: ORDER OF FRGNTHRT ITEMS - FIFTH,,"-7. No post-election data, deleted due to incomplete interview
-6. No post-election interview","1. CHINA
2. RUSSIA
3. MEXICO
4. IRAN
5. JAPAN
6. GERMANY"
V203284,RANDOM: ORDER OF FRGNTHRT ITEMS - SIXTH,,"-7. No post-election data, deleted due to incomplete interview
-6. No post-election interview","1. CHINA
2. RUSSIA
3. MEXICO
4. IRAN
5. JAPAN
6. GERMANY"
V203285,RANDOM: ORDER OF STYPEPO_HWK ITEMS (AFTER HWKWHITE) - FIRST,,"-7. No post-election data, deleted due to incomplete interview
-6. No post-election interview","1. HWKBLACK
2. HWKHISP/HWKHISPREV
3. HWKASIAN/HWKASIANREV"
V203286,RANDOM: ORDER OF STYPEPO_HWK ITEMS (AFTER HWKWHITE) - SECOND,,"-7. No post-election data, deleted due to incomplete interview
-6. No post-election interview","1. HWKBLACK
2. HWKHISP/HWKHISPREV
3. HWKASIAN/HWKASIANREV"
V203287,RANDOM: ORDER OF STYPEPO_HWK ITEMS (AFTER HWKWHITE) - THIRD,,"-7. No post-election data, deleted due to incomplete interview
-6. No post-election interview","1. HWKBLACK
2. HWKHISP/HWKHISPREV
3. HWKASIAN/HWKASIANREV"
V203288,RANDOM: ORDER OF STYPEPO_VIOL ITEMS (AFTER VIOLWHITE) - FIRST,,"-7. No post-election data, deleted due to incomplete interview
-6. No post-election interview","1. VIOLBLACK
2. VIOLHISP/VIOLHISPREV
3. VIOLASIAN/VIOLASIANREV"
V203289,RANDOM: ORDER OF STYPEPO_VIOL ITEMS (AFTER VIOLWHITE) - SECOND,,"-7. No post-election data, deleted due to incomplete interview
-6. No post-election interview","1. VIOLBLACK
2. VIOLHISP/VIOLHISPREV
3. VIOLASIAN/VIOLASIANREV"
V203290,RANDOM: ORDER OF STYPEPO_VIOL ITEMS (AFTER VIOLWHITE) - THIRD,,"-7. No post-election data, deleted due to incomplete interview
-6. No post-election interview","1. VIOLBLACK
2. VIOLHISP/VIOLHISPREV
3. VIOLASIAN/VIOLASIANREV"
V203291,RANDOM: ORDER OF THCASI ITEMS - FIRST,,"-7. No post-election data, deleted due to incomplete interview
-6. No post-election interview","1. THGRASIAN
2. THGRASIANREV
3. THGRHISP
4. THGRBLACK
5. THGRILLEG
6. THGRWHITE"
V203292,RANDOM: ORDER OF THCASI ITEMS - SECOND,,"-7. No post-election data, deleted due to incomplete interview
-6. No post-election interview","1. THGRASIAN
2. THGRASIANREV
3. THGRHISP
4. THGRBLACK
5. THGRILLEG
6. THGRWHITE"
V203293,RANDOM: ORDER OF THCASI ITEMS - THIRD,,"-7. No post-election data, deleted due to incomplete interview
-6. No post-election interview","1. THGRASIAN
2. THGRASIANREV
3. THGRHISP
4. THGRBLACK
5. THGRILLEG
6. THGRWHITE"
V203294,RANDOM: ORDER OF THCASI ITEMS - FOURTH,,"-7. No post-election data, deleted due to incomplete interview
-6. No post-election interview","1. THGRASIAN
2. THGRASIANREV
3. THGRHISP
4. THGRBLACK
5. THGRILLEG
6. THGRWHITE"
V203295,RANDOM: ORDER OF THCASI ITEMS - FIFTH RANDOMIZATION VARIABLES 727,,"-7. No post-election data, deleted due to incomplete interview
-6. No post-election interview","1. THGRASIAN
2. THGRASIANREV
3. THGRHISP
4. THGRBLACK
5. THGRILLEG
6. THGRWHITE"
V203296,RANDOM: ORDER OF THCASI ITEMS - SIXTH,,"-7. No post-election data, deleted due to incomplete interview
-6. No post-election interview","1. THGRASIAN
2. THGRASIANREV
3. THGRHISP
4. THGRBLACK
5. THGRILLEG
6. THGRWHITE"
V203297,RANDOM: ORDER OF THERMGR (GROUP 1) ITEMS - FIRST,,"-7. No post-election data, deleted due to incomplete interview
-6. No post-election interview","1. THGRFUND
2. THGRFEM
3. THGRLIB
4. THGRLAB
5. THGRBIGB
6. THGRCONS
7. THGRSCT
8. THGRGAY
9. THGRCONG
10. THGRMUSL
11. THGRXTIAN
12. JEWS
13. POLICE
14. TRANS
15. SCIENT
16. BLM
17. JOURN"
V203298,RANDOM: ORDER OF THERMGR (GROUP 1) ITEMS - SECOND,,"-7. No post-election data, deleted due to incomplete interview
-6. No post-election interview","1. THGRFUND
2. THGRFEM
3. THGRLIB
4. THGRLAB
5. THGRBIGB
6. THGRCONS
7. THGRSCT
8. THGRGAY
9. THGRCONG
10. THGRMUSL
11. THGRXTIAN
12. JEWS
13. POLICE
14. TRANS
15. SCIENT
16. BLM
17. JOURN"
V203299,RANDOM: ORDER OF THERMGR (GROUP 1) ITEMS - THIRD,,"-7. No post-election data, deleted due to incomplete interview
-6. No post-election interview","1. THGRFUND
2. THGRFEM
3. THGRLIB
4. THGRLAB
5. THGRBIGB
6. THGRCONS
7. THGRSCT
8. THGRGAY
9. THGRCONG
10. THGRMUSL
11. THGRXTIAN
12. JEWS
13. POLICE
14. TRANS
15. SCIENT
16. BLM
17. JOURN"
V203300,RANDOM: ORDER OF THERMGR (GROUP 1) ITEMS - FOURTH,,"-7. No post-election data, deleted due to incomplete interview
-6. No post-election interview","1. THGRFUND
2. THGRFEM
3. THGRLIB
4. THGRLAB
5. THGRBIGB
6. THGRCONS
7. THGRSCT
8. THGRGAY
9. THGRCONG
10. THGRMUSL
11. THGRXTIAN
12. JEWS
13. POLICE
14. TRANS
15. SCIENT
16. BLM
17. JOURN"
V203301,RANDOM: ORDER OF THERMGR (GROUP 1) ITEMS - FIFTH,,"-7. No post-election data, deleted due to incomplete interview
-6. No post-election interview","1. THGRFUND
2. THGRFEM
3. THGRLIB
4. THGRLAB
5. THGRBIGB
6. THGRCONS
7. THGRSCT
8. THGRGAY
9. THGRCONG
10. THGRMUSL
11. THGRXTIAN
12. JEWS
13. POLICE
14. TRANS
15. SCIENT
16. BLM
17. JOURN"
V203302,RANDOM: ORDER OF THERMGR (GROUP 1) ITEMS - SIXTH,,"-7. No post-election data, deleted due to incomplete interview
-6. No post-election interview","1. THGRFUND
2. THGRFEM
3. THGRLIB
4. THGRLAB
5. THGRBIGB
6. THGRCONS
7. THGRSCT
8. THGRGAY
9. THGRCONG
10. THGRMUSL
11. THGRXTIAN
12. JEWS
13. POLICE
14. TRANS
15. SCIENT
16. BLM
17. JOURN"
V203303,RANDOM: ORDER OF THERMGR (GROUP 1) ITEMS - SEVENTH,,"-7. No post-election data, deleted due to incomplete interview
-6. No post-election interview","1. THGRFUND
2. THGRFEM
3. THGRLIB
4. THGRLAB
5. THGRBIGB
6. THGRCONS
7. THGRSCT
8. THGRGAY
9. THGRCONG
10. THGRMUSL
11. THGRXTIAN
12. JEWS
13. POLICE
14. TRANS
15. SCIENT
16. BLM
17. JOURN"
V203304,RANDOM: ORDER OF THERMGR (GROUP 1) ITEMS - EIGHTH,,"-7. No post-election data, deleted due to incomplete interview
-6. No post-election interview","1. THGRFUND
2. THGRFEM
3. THGRLIB
4. THGRLAB
5. THGRBIGB
6. THGRCONS
7. THGRSCT
8. THGRGAY
9. THGRCONG
10. THGRMUSL
11. THGRXTIAN
12. JEWS
13. POLICE
14. TRANS
15. SCIENT
16. BLM
17. JOURN"
V203305,RANDOM: ORDER OF THERMGR (GROUP 1) ITEMS - NINETH,,"-7. No post-election data, deleted due to incomplete interview
-6. No post-election interview","1. THGRFUND
2. THGRFEM
3. THGRLIB
4. THGRLAB
5. THGRBIGB
6. THGRCONS
7. THGRSCT
8. THGRGAY
9. THGRCONG
10. THGRMUSL
11. THGRXTIAN
12. JEWS
13. POLICE
14. TRANS
15. SCIENT
16. BLM
17. JOURN"
V203306,RANDOM: ORDER OF THERMGR (GROUP 1) ITEMS - TENTH,,"-7. No post-election data, deleted due to incomplete interview
-6. No post-election interview","1. THGRFUND
2. THGRFEM
3. THGRLIB
4. THGRLAB
5. THGRBIGB
6. THGRCONS
7. THGRSCT
8. THGRGAY
9. THGRCONG
10. THGRMUSL
11. THGRXTIAN
12. JEWS
13. POLICE
14. TRANS
15. SCIENT
16. BLM
17. JOURN"
V203307,RANDOM: ORDER OF THERMGR (GROUP 1) ITEMS - ELEVENTH,,"-7. No post-election data, deleted due to incomplete interview
-6. No post-election interview","1. THGRFUND
2. THGRFEM
3. THGRLIB
4. THGRLAB
5. THGRBIGB
6. THGRCONS
7. THGRSCT
8. THGRGAY
9. THGRCONG
10. THGRMUSL
11. THGRXTIAN
12. JEWS
13. POLICE
14. TRANS
15. SCIENT
16. BLM
17. JOURN"
V203308,RANDOM: ORDER OF THERMGR (GROUP 1) ITEMS - TWELFTH,,"-7. No post-election data, deleted due to incomplete interview
-6. No post-election interview","1. THGRFUND
2. THGRFEM
3. THGRLIB
4. THGRLAB
5. THGRBIGB
6. THGRCONS
7. THGRSCT
8. THGRGAY
9. THGRCONG
10. THGRMUSL
11. THGRXTIAN
12. JEWS
13. POLICE
14. TRANS
15. SCIENT
16. BLM
17. JOURN"
V203309,RANDOM: ORDER OF THERMGR (GROUP 1) ITEMS - THIRTEENTH,,"-7. No post-election data, deleted due to incomplete interview
-6. No post-election interview","1. THGRFUND
2. THGRFEM
3. THGRLIB
4. THGRLAB
5. THGRBIGB
6. THGRCONS
7. THGRSCT
8. THGRGAY
9. THGRCONG
10. THGRMUSL
11. THGRXTIAN
12. JEWS
13. POLICE
14. TRANS
15. SCIENT
16. BLM
17. JOURN"
V203310,RANDOM: ORDER OF THERMGR (GROUP 1) ITEMS - FOURTEENTH,,"-7. No post-election data, deleted due to incomplete interview
-6. No post-election interview","1. THGRFUND
2. THGRFEM
3. THGRLIB
4. THGRLAB
5. THGRBIGB
6. THGRCONS
7. THGRSCT
8. THGRGAY
9. THGRCONG
10. THGRMUSL
11. THGRXTIAN
12. JEWS
13. POLICE
14. TRANS
15. SCIENT
16. BLM
17. JOURN"
V203311,RANDOM: ORDER OF THERMGR (GROUP 1) ITEMS - FIFTEENTH,,"-7. No post-election data, deleted due to incomplete interview
-6. No post-election interview","1. THGRFUND
2. THGRFEM
3. THGRLIB
4. THGRLAB
5. THGRBIGB
6. THGRCONS
7. THGRSCT
8. THGRGAY
9. THGRCONG
10. THGRMUSL
11. THGRXTIAN
12. JEWS
13. POLICE
14. TRANS
15. SCIENT
16. BLM
17. JOURN"
V203312,RANDOM: ORDER OF THERMGR (GROUP 1) ITEMS - SIXTEENTH,,"-7. No post-election data, deleted due to incomplete interview
-6. No post-election interview","1. THGRFUND
2. THGRFEM
3. THGRLIB
4. THGRLAB
5. THGRBIGB
6. THGRCONS
7. THGRSCT
8. THGRGAY
9. THGRCONG
10. THGRMUSL
11. THGRXTIAN
12. JEWS
13. POLICE
14. TRANS
15. SCIENT
16. BLM
17. JOURN"
V203313,RANDOM: ORDER OF THERMGR (GROUP 1) ITEMS - SEVENTEENTH,,"-7. No post-election data, deleted due to incomplete interview
-6. No post-election interview","1. THGRFUND
2. THGRFEM
3. THGRLIB
4. THGRLAB
5. THGRBIGB
6. THGRCONS
7. THGRSCT
8. THGRGAY
9. THGRCONG
10. THGRMUSL
11. THGRXTIAN
12. JEWS
13. POLICE
14. TRANS
15. SCIENT
16. BLM
17. JOURN"
V203314,RANDOM: ORDER OF THERMGR (GROUP 2) ITEMS - FIRST [VIDEO/PHONE],,"-7. No post-election data, deleted due to incomplete interview
-6. No post-election interview
-1. Inapplicable","1. NATO
2. UN
3. NRA
4. SOCIAL
5. CAPITAL
6. FBI
7. ICE
8. METOO
9. RURAL
10. PLANPARENT
11. WHO
12. CDC"
V203315,RANDOM: ORDER OF THERMGR (GROUP 2) ITEMS - SECOND [VIDEO/PHONE],,"-7. No post-election data, deleted due to incomplete interview
-6. No post-election interview
-1. Inapplicable","1. NATO
2. UN
3. NRA
4. SOCIAL
5. CAPITAL
6. FBI
7. ICE
8. METOO
9. RURAL
10. PLANPARENT
11. WHO
12. CDC"
V203316,RANDOM: ORDER OF THERMGR (GROUP 2) ITEMS - THIRD [VIDEO/PHONE],,"-7. No post-election data, deleted due to incomplete interview
-6. No post-election interview
-1. Inapplicable","1. NATO
2. UN
3. NRA
4. SOCIAL
5. CAPITAL
6. FBI
7. ICE
8. METOO
9. RURAL
10. PLANPARENT
11. WHO
12. CDC"
V203317,RANDOM: ORDER OF THERMGR (GROUP 2) ITEMS - FOURTH [VIDEO/PHONE],,"-7. No post-election data, deleted due to incomplete interview
-6. No post-election interview
-1. Inapplicable","1. NATO
2. UN
3. NRA
4. SOCIAL
5. CAPITAL
6. FBI
7. ICE
8. METOO
9. RURAL
10. PLANPARENT
11. WHO
12. CDC"
V203318,RANDOM: ORDER OF THERMGR (GROUP 2) ITEMS - FIFTH [VIDEO/PHONE],,"-7. No post-election data, deleted due to incomplete interview
-6. No post-election interview
-1. Inapplicable","1. NATO
2. UN
3. NRA
4. SOCIAL
5. CAPITAL
6. FBI
7. ICE
8. METOO
9. RURAL
10. PLANPARENT
11. WHO
12. CDC"
V203319,RANDOM: ORDER OF THERMGR (GROUP 2) ITEMS - SIXTH [VIDEO/PHONE],,"-7. No post-election data, deleted due to incomplete interview
-6. No post-election interview
-1. Inapplicable","1. NATO
2. UN
3. NRA
4. SOCIAL
5. CAPITAL
6. FBI
7. ICE
8. METOO
9. RURAL
10. PLANPARENT
11. WHO
12. CDC"
V203320,RANDOM: ORDER OF THERMGR (GROUP 2) ITEMS - SEVENTH [VIDEO/PHONE],,"-7. No post-election data, deleted due to incomplete interview
-6. No post-election interview
-1. Inapplicable","1. NATO
2. UN
3. NRA
4. SOCIAL
5. CAPITAL
6. FBI
7. ICE
8. METOO
9. RURAL
10. PLANPARENT
11. WHO
12. CDC"
V203321,RANDOM: ORDER OF THERMGR (GROUP 2) ITEMS - EIGHTH [VIDEO/PHONE],,"-7. No post-election data, deleted due to incomplete interview
-6. No post-election interview
-1. Inapplicable","1. NATO
2. UN
3. NRA
4. SOCIAL
5. CAPITAL
6. FBI
7. ICE
8. METOO
9. RURAL
10. PLANPARENT
11. WHO
12. CDC"
V203322,RANDOM: ORDER OF THERMGR (GROUP 2) ITEMS - NINETH [VIDEO/PHONE],,"-7. No post-election data, deleted due to incomplete interview
-6. No post-election interview
-1. Inapplicable","1. NATO
2. UN
3. NRA
4. SOCIAL
5. CAPITAL
6. FBI
7. ICE
8. METOO
9. RURAL
10. PLANPARENT
11. WHO
12. CDC"
V203323,RANDOM: ORDER OF THERMGR (GROUP 2) ITEMS - TENTH [VIDEO/PHONE],,"-7. No post-election data, deleted due to incomplete interview
-6. No post-election interview
-1. Inapplicable","1. NATO
2. UN
3. NRA
4. SOCIAL
5. CAPITAL
6. FBI
7. ICE
8. METOO
9. RURAL
10. PLANPARENT
11. WHO
12. CDC"
V203324,RANDOM: ORDER OF THERMGR (GROUP 2) ITEMS - ELEVENTH [VIDEO/PHONE],,"-7. No post-election data, deleted due to incomplete interview
-6. No post-election interview
-1. Inapplicable","1. NATO
2. UN
3. NRA
4. SOCIAL
5. CAPITAL
6. FBI
7. ICE
8. METOO
9. RURAL
10. PLANPARENT
11. WHO
12. CDC"
V203325,RANDOM: ORDER OF THERMGR (GROUP 2) ITEMS - TWELFTH [VIDEO/PHONE],,"-7. No post-election data, deleted due to incomplete interview
-6. No post-election interview
-1. Inapplicable","1. NATO
2. UN
3. NRA
4. SOCIAL
5. CAPITAL
6. FBI
7. ICE
8. METOO
9. RURAL
10. PLANPARENT
11. WHO
12. CDC"
V203326,RANDOM: ORDER OF THERMGR (GROUP 2) ITEMS - FIRST [WEB],,"-7. No post-election data, deleted due to incomplete interview
-6. No post-election interview
-1. Inapplicable","1. NATO
2. UN
3. NRA
4. SOCIAL
5. CAPITAL
6. FBI
7. ICE
8. METOO
9. RURAL
10. PLANPARENT
11. WHO
12. CDC"
V203327,RANDOM: ORDER OF THERMGR (GROUP 2) ITEMS - SECOND [WEB],,"-7. No post-election data, deleted due to incomplete interview
-6. No post-election interview
-1. Inapplicable","1. NATO
2. UN
3. NRA
4. SOCIAL
5. CAPITAL
6. FBI
7. ICE
8. METOO
9. RURAL
10. PLANPARENT
11. WHO
12. CDC"
V203328,RANDOM: ORDER OF THERMGR (GROUP 2) ITEMS - THIRD [WEB],,"-7. No post-election data, deleted due to incomplete interview
-6. No post-election interview
-1. Inapplicable","1. NATO
2. UN
3. NRA
4. SOCIAL
5. CAPITAL
6. FBI
7. ICE
8. METOO
9. RURAL
10. PLANPARENT
11. WHO
12. CDC"
V203329,RANDOM: ORDER OF THERMGR (GROUP 2) ITEMS - FOURTH [WEB],,"-7. No post-election data, deleted due to incomplete interview
-6. No post-election interview
-1. Inapplicable","1. NATO
2. UN
3. NRA
4. SOCIAL
5. CAPITAL
6. FBI
7. ICE
8. METOO
9. RURAL
10. PLANPARENT
11. WHO
12. CDC"
V203330,RANDOM: ORDER OF THERMGR (GROUP 2) ITEMS - FIFTH [WEB],,"-7. No post-election data, deleted due to incomplete interview
-6. No post-election interview
-1. Inapplicable","1. NATO
2. UN
3. NRA
4. SOCIAL
5. CAPITAL
6. FBI
7. ICE
8. METOO
9. RURAL
10. PLANPARENT
11. WHO
12. CDC"
V203331,RANDOM: ORDER OF THERMGR (GROUP 2) ITEMS - SIXTH [WEB],,"-7. No post-election data, deleted due to incomplete interview
-6. No post-election interview
-1. Inapplicable","1. NATO
2. UN
3. NRA
4. SOCIAL
5. CAPITAL
6. FBI
7. ICE
8. METOO
9. RURAL
10. PLANPARENT
11. WHO
12. CDC"
V203332,RANDOM: ORDER OF THERMGR (GROUP 2) ITEMS - SEVENTH [WEB],,"-7. No post-election data, deleted due to incomplete interview
-6. No post-election interview
-1. Inapplicable","1. NATO
2. UN
3. NRA
4. SOCIAL
5. CAPITAL
6. FBI
7. ICE
8. METOO
9. RURAL
10. PLANPARENT
11. WHO
12. CDC"
V203333,RANDOM: ORDER OF THERMGR (GROUP 2) ITEMS - EIGHTH [WEB],,"-7. No post-election data, deleted due to incomplete interview
-6. No post-election interview
-1. Inapplicable","1. NATO
2. UN
3. NRA
4. SOCIAL
5. CAPITAL
6. FBI
7. ICE
8. METOO
9. RURAL
10. PLANPARENT
11. WHO
12. CDC"
V203334,RANDOM: ORDER OF THERMGR (GROUP 2) ITEMS - NINETH [WEB],,"-7. No post-election data, deleted due to incomplete interview
-6. No post-election interview
-1. Inapplicable","1. NATO
2. UN
3. NRA
4. SOCIAL
5. CAPITAL
6. FBI
7. ICE
8. METOO
9. RURAL
10. PLANPARENT
11. WHO
12. CDC"
V203335,RANDOM: ORDER OF THERMGR (GROUP 2) ITEMS - TENTH [WEB],,"-7. No post-election data, deleted due to incomplete interview
-6. No post-election interview
-1. Inapplicable","1. NATO
2. UN
3. NRA
4. SOCIAL
5. CAPITAL
6. FBI
7. ICE
8. METOO
9. RURAL
10. PLANPARENT
11. WHO
12. CDC"
V203336,RANDOM: ORDER OF THERMGR (GROUP 2) ITEMS - ELEVENTH [WEB],,"-7. No post-election data, deleted due to incomplete interview
-6. No post-election interview
-1. Inapplicable","1. NATO
2. UN
3. NRA
4. SOCIAL
5. CAPITAL
6. FBI
7. ICE
8. METOO
9. RURAL
10. PLANPARENT
11. WHO
12. CDC"
V203337,RANDOM: ORDER OF THERMGR (GROUP 2) ITEMS - TWELFTH [WEB],,"-7. No post-election data, deleted due to incomplete interview
-6. No post-election interview
-1. Inapplicable","1. NATO
2. UN
3. NRA
4. SOCIAL
5. CAPITAL
6. FBI
7. ICE
8. METOO
9. RURAL
10. PLANPARENT
11. WHO
12. CDC"
V203338,RANDOM: ORDER OF THERMPO PRES CAND - DEMOCRAT/REPUBLICAN OR REPUBLICAN/DEMOCRAT,,"-7. No post-election data, deleted due to incomplete interview
-6. No post-election interview","1. Democrat candidate/Republican candidate
2. Republican candidate/Democratic candidate"
V203339,RANDOM: ORDER OF THERMPO ITEMS - FIRST,,"-7. No post-election data, deleted due to incomplete interview
-6. No post-election interview","1. THPOHDC
2. THPOHRC
3. THPOHOTH
4. THPOSDC
5. THPOSRC
6. THPOSOTH
7. THPOSSDC
8. THPOSSRC
9. THPOSSOTH
10. THPOSENSR
11. THPOSENJR
12. THPOSENNOT
13. THPODVPC
14. THPORVPC
15. THFAUCI"
V203340,RANDOM: ORDER OF THERMPO ITEMS - SECOND,,"-7. No post-election data, deleted due to incomplete interview
-6. No post-election interview","1. THPOHDC
2. THPOHRC
3. THPOHOTH
4. THPOSDC
5. THPOSRC
6. THPOSOTH
7. THPOSSDC
8. THPOSSRC
9. THPOSSOTH
10. THPOSENSR
11. THPOSENJR
12. THPOSENNOT
13. THPODVPC
14. THPORVPC
15. THFAUCI"
V203341,RANDOM: ORDER OF THERMPO ITEMS - THIRD,,"-7. No post-election data, deleted due to incomplete interview
-6. No post-election interview","1. THPOHDC
2. THPOHRC
3. THPOHOTH
4. THPOSDC
5. THPOSRC
6. THPOSOTH
7. THPOSSDC
8. THPOSSRC
9. THPOSSOTH
10. THPOSENSR
11. THPOSENJR
12. THPOSENNOT
13. THPODVPC
14. THPORVPC
15. THFAUCI"
V203342,RANDOM: ORDER OF THERMPO ITEMS - FOURTH RANDOMIZATION VARIABLES 753,,"-7. No post-election data, deleted due to incomplete interview
-6. No post-election interview","1. THPOHDC
2. THPOHRC
3. THPOHOTH
4. THPOSDC
5. THPOSRC
6. THPOSOTH
7. THPOSSDC
8. THPOSSRC
9. THPOSSOTH
10. THPOSENSR
11. THPOSENJR
12. THPOSENNOT
13. THPODVPC
14. THPORVPC
15. THFAUCI"
V203343,RANDOM: ORDER OF THERMPO ITEMS - FIFTH,,"-7. No post-election data, deleted due to incomplete interview
-6. No post-election interview","1. THPOHDC
2. THPOHRC
3. THPOHOTH
4. THPOSDC
5. THPOSRC
6. THPOSOTH
7. THPOSSDC
8. THPOSSRC
9. THPOSSOTH
10. THPOSENSR
11. THPOSENJR
12. THPOSENNOT
13. THPODVPC
14. THPORVPC
15. THFAUCI"
V203344,RANDOM: ORDER OF THERMPO ITEMS - SIXTH,,"-7. No post-election data, deleted due to incomplete interview
-6. No post-election interview","1. THPOHDC
2. THPOHRC
3. THPOHOTH
4. THPOSDC
5. THPOSRC
6. THPOSOTH
7. THPOSSDC
8. THPOSSRC
9. THPOSSOTH
10. THPOSENSR
11. THPOSENJR
12. THPOSENNOT
13. THPODVPC
14. THPORVPC
15. THFAUCI"
V203345,RANDOM: ORDER OF THERMPO ITEMS - SEVENTH,,"-7. No post-election data, deleted due to incomplete interview
-6. No post-election interview","1. THPOHDC
2. THPOHRC
3. THPOHOTH
4. THPOSDC
5. THPOSRC
6. THPOSOTH
7. THPOSSDC
8. THPOSSRC
9. THPOSSOTH
10. THPOSENSR
11. THPOSENJR
12. THPOSENNOT
13. THPODVPC
14. THPORVPC
15. THFAUCI"
V203346,RANDOM: ORDER OF THERMPO ITEMS - EIGHTH RANDOMIZATION VARIABLES 755,,"-7. No post-election data, deleted due to incomplete interview
-6. No post-election interview","1. THPOHDC
2. THPOHRC
3. THPOHOTH
4. THPOSDC
5. THPOSRC
6. THPOSOTH
7. THPOSSDC
8. THPOSSRC
9. THPOSSOTH
10. THPOSENSR
11. THPOSENJR
12. THPOSENNOT
13. THPODVPC
14. THPORVPC
15. THFAUCI"
V203347,RANDOM: ORDER OF THERMPO ITEMS - NINETH,,"-7. No post-election data, deleted due to incomplete interview
-6. No post-election interview","1. THPOHDC
2. THPOHRC
3. THPOHOTH
4. THPOSDC
5. THPOSRC
6. THPOSOTH
7. THPOSSDC
8. THPOSSRC
9. THPOSSOTH
10. THPOSENSR
11. THPOSENJR
12. THPOSENNOT
13. THPODVPC
14. THPORVPC
15. THFAUCI"
V203348,RANDOM: ORDER OF THERMPO ITEMS - TENTH,,"-7. No post-election data, deleted due to incomplete interview
-6. No post-election interview","1. THPOHDC
2. THPOHRC
3. THPOHOTH
4. THPOSDC
5. THPOSRC
6. THPOSOTH
7. THPOSSDC
8. THPOSSRC
9. THPOSSOTH
10. THPOSENSR
11. THPOSENJR
12. THPOSENNOT
13. THPODVPC
14. THPORVPC
15. THFAUCI"
V203349,RANDOM: ORDER OF THERMPO ITEMS - ELEVENTH,,"-7. No post-election data, deleted due to incomplete interview
-6. No post-election interview","1. THPOHDC
2. THPOHRC
3. THPOHOTH
4. THPOSDC
5. THPOSRC
6. THPOSOTH
7. THPOSSDC
8. THPOSSRC
9. THPOSSOTH
10. THPOSENSR
11. THPOSENJR
12. THPOSENNOT
13. THPODVPC
14. THPORVPC
15. THFAUCI"
V203350,RANDOM: ORDER OF THERMPO ITEMS - TWELFTH,,"-7. No post-election data, deleted due to incomplete interview
-6. No post-election interview","1. THPOHDC
2. THPOHRC
3. THPOHOTH
4. THPOSDC
5. THPOSRC
6. THPOSOTH
7. THPOSSDC
8. THPOSSRC
9. THPOSSOTH
10. THPOSENSR
11. THPOSENJR
12. THPOSENNOT
13. THPODVPC
14. THPORVPC
15. THFAUCI"
V203351,RANDOM: ORDER OF THERMPO ITEMS - THIRTEENTH,,"-7. No post-election data, deleted due to incomplete interview
-6. No post-election interview","1. THPOHDC
2. THPOHRC
3. THPOHOTH
4. THPOSDC
5. THPOSRC
6. THPOSOTH
7. THPOSSDC
8. THPOSSRC
9. THPOSSOTH
10. THPOSENSR
11. THPOSENJR
12. THPOSENNOT
13. THPODVPC
14. THPORVPC
15. THFAUCI"
V203352,RANDOM: ORDER OF THERMPO ITEMS - FOURTEENTH,,"-7. No post-election data, deleted due to incomplete interview
-6. No post-election interview","1. THPOHDC
2. THPOHRC
3. THPOHOTH
4. THPOSDC
5. THPOSRC
6. THPOSOTH
7. THPOSSDC
8. THPOSSRC
9. THPOSSOTH
10. THPOSENSR
11. THPOSENJR
12. THPOSENNOT
13. THPODVPC
14. THPORVPC
15. THFAUCI"
V203353,RANDOM: ORDER OF THERMPO ITEMS - FIFTEENTH,,"-7. No post-election data, deleted due to incomplete interview
-6. No post-election interview","1. THPOHDC
2. THPOHRC
3. THPOHOTH
4. THPOSDC
5. THPOSRC
6. THPOSOTH
7. THPOSSDC
8. THPOSSRC
9. THPOSSOTH
10. THPOSENSR
11. THPOSENJR
12. THPOSENNOT
13. THPODVPC
14. THPORVPC
15. THFAUCI"
V203400,PRE: IWR DESCR: INTERVIEWER ID,,-1. Inapplicable,
V203401,PRE: IWR DESCR: AGE,,"-2. Missing - information not provided
-1. Inapplicable","1. Age 18-34
2. Age 35-50
3. Age 51-64
4. Age 65+"
V203402,PRE: IWR DESCR: RACE/ETHNICITY,,"-2. Missing - information not provided
-1. Inapplicable","1. White
2. Black
3. Hispanic"
V203403,PRE: IWR DESCR: GENDER,,"-2. Missing - information not provided
-1. Inapplicable","1. Male
2. Female"
V203404,PRE: IWR DESCR: EDUCATION,,"-2. Missing - information not provided
-1. Inapplicable","1. High school/GED
2. Some college, no degree
3. Associate/Bachelor’s degree
4. Graduate degree
5. Other"
V203405,PRE: IWR DESCR: SPANISH SPOKEN,,"-2. Missing - information not provided
-1. Inapplicable","1. Yes
2. No"
V203406,PRE: IWR DESCR: NUMBER OF YEARS WORKING AT WESTAT,,"-2. Missing - information not provided
-1. Inapplicable","1. 0-5 years
2. 6-10 years
3. 11 or more years"
V203410,POST: IWR DESCR: INTERVIEWER ID INTERVIEWER DESCRIPTION VARIABLES 761,,-1. Inapplicable,
V203411,POST: IWR DESCR: AGE,,"-2. Missing - information not provided
-1. Inapplicable","1. Age 18-34
2. Age 35-50
3. Age 51-64
4. Age 65+"
V203412,POST: IWR DESCR: RACE/ETHNICITY,,"-2. Missing - information not provided
-1. Inapplicable","1. White
2. Black
3. Hispanic"
V203413,POST: IWR DESCR: GENDER,,"-2. Missing - information not provided
-1. Inapplicable","1. Male
2. Female"
V203414,POST: IWR DESCR: EDUCATION,,"-2. Missing - information not provided
-1. Inapplicable","1. High school/GED
2. Some college, no degree
3. Associate/Bachelor’s degree
4. Graduate degree
5. Other"
V203415,POST: IWR DESCR: SPANISH SPOKEN,,"-2. Missing - information not provided
-1. Inapplicable","1. Yes
2. No"
V203416,POST: IWR DESCR: NUMBER OF YEARS WORKING AT WESTAT,,"-2. Missing - information not provided
-1. Inapplicable","1. 0-5 years
2. 6-10 years
3. 11 or more years"
V203500,CAND: TYPE OF SENATE RACE CANDIDATES AND RACES VARIABLES 763,,-1. Inapplicable,"12. Democratic incumbent - Republican challenger
13. Democratic incumbent - other challenger
14. Democratic incumbent - unopposed
19. Democratic incumbent - Republican and other challengers
21. Republican incumbent - Democratic challenger
23. Republican incumbent - other challenger
24. Republican incumbent - unopposed
29. Republican incumbent - Democratic and other challengers
51. Democratic Cand unopposed - Dem incumbent not running
52. Republican Cand unopposed - Dem incumbent not running
55. Democratic and Republican cands - Dem incumbent not"
V203501,CAND: NAME OF SENIOR SENATOR (STATE WITHOUT SENATE RACE),,-1. Inapplicable,
V203502,CAND: GENDER OF SENIOR SENATOR (STATE WITHOUT SENATE RACE),,-1. Inapplicable,"1. Male
2. Female"
V203503,CAND: PARTY OF SENIOR SENATOR (STATE WITHOUT SENATE RACE),,-1. Inapplicable,"1. Democrat
2. Republican"
V203504,CAND: NAME OF JUNIOR SENATOR (STATE WITHOUT SENATE RACE),,-1. Inapplicable,
V203505,CAND: GENDER OF JUNIOR SENATOR (STATE WITHOUT SENATE RACE),,-1. Inapplicable,"1. Male
2. Female"
V203506,CAND: PARTY OF JUNIOR SENATOR (STATE WITHOUT SENATE RACE),,-1. Inapplicable,"1. Democrat
2. Republican
3. Independent"
V203508,CAND: NAME OF DEMOCRATIC SENATE CANDIDATE (STATE WITH SENATE RACE),,-1. Inapplicable,
V203509,CAND: GENDER OF DEMOCRATIC SENATE CANDIDATE (STATE WITH SENATE RACE),,-1. Inapplicable,"1. Male
2. Female"
V203510,CAND: NAME OF REPUBLICAN SENATE CANDIDATE (STATE WITH SENATE RACE),,-1. Inapplicable,
V203511,CAND: GENDER OF REPUBLICAN SENATE CANDIDATE (STATE WITH SENATE RACE),,-1. Inapplicable,"1. Male
2. Female"
V203512,CAND: NAME OF OTHER SENATE CANDIDATE (STATE WITH SENATE RACE),,-1. Inapplicable,
V203513,CAND: GENDER OF OTHER SENATE CANDIDATE (STATE WITH SENATE RACE),,-1. Inapplicable,"1. Male
2. Female"
V203514,CAND: PARTY OF OTHER SENATE CANDIDATE (STATE WITH SENATE RACE),,-1. Inapplicable,"1. Democrat
2. Republican
3. Libertarian"
V203515,CAND: TYPE OF HOUSE RACE CANDIDATES AND RACES VARIABLES 767,,-1. Inapplicable,"12. Democratic incumbent running–Republican challenger
13. Democratic incumbent–other challenger
14. Democratic incumbent running–unopposed
19. Democratic incumbent running–Republican challenger and"
V203516,CAND: NAME OF DEMOCRATIC HOUSE CANDIDATE,,-1. Inapplicable,
V203517,CAND: GENDER OF DEMOCRATIC HOUSE CANDIDATE,,-1. Inapplicable,"1. Male
2. Female"
V203518,CAND: NAME OF REPUBLICAN HOUSE CANDIDATE,,-1. Inapplicable,
V203519,CAND: GENDER OF REPUBLICAN HOUSE CANDIDATE,,-1. Inapplicable,"1. Male
2. Female"
V203520,CAND: NAME OF OTHER (3RD) HOUSE CANDIDATE,,-1. Inapplicable,
V203521,CAND: GENDER OF OTHER (3RD) HOUSE CANDIDATE,,-1. Inapplicable,"1. Male
2. Female"
V203522,CAND: PARTY OF OTHER (3RD) HOUSE CANDIDATE,,-1. Inapplicable,"1. Democrat
2. Republican"
V203523,CAND: TYPE OF GUBERNATORIAL RACE,,-1. Inapplicable,"12. Democratic incumbent - Republican challenger
13. Democratic incumbent - other challenger
14. Democratic incumbent - unopposed
19. Democratic incumbent - Republican and other challengers
21. Republican incumbent - Democratic challenger
23. Republican incumbent - other challenger
24. Republican incumbent - unopposed
29. Republican incumbent - Democratic and other challengers
51. Democratic cand unopposed - Dem incumbent not running
52. Republican cand unopposed - Dem incumbent not running
55. Democratic and Republican cands - Dem incumbent not"
V203524,CAND: NAME OF DEMOCRATIC GUBERNATORIAL CANDIDATE,,-1. Inapplicable,
V203525,CAND: GENDER OF DEMOCRATIC GUBERNATORIAL CANDIDATE,,-1. Inapplicable,"1. Male
2. Female"
V203526,CAND: NAME OF REPUBLICAN GUBERNATORIAL CANDIDATE,,-1. Inapplicable,
V203527,CAND: GENDER OF REPUBLICAN GUBERNATORIAL CANDIDATE,,-1. Inapplicable,"1. Male
2. Female"
