var_name,summary,question,missing_labels,valid_labels
V240001,2024 TIME SERIES CASE ID,,,
V200001,2020 TIME SERIES CASE ID,,"-1. Inapplicable, did not participate in 2000 Time Series study",
V160001_orig,2016 TIME SERIES CASE ID,,"-1. Inapplicable, R did not participate in 2016 Time Series Study",
V240002a,MODE OF INTERVIEW: PRE-ELECTION INTERVIEW,,,"1. Face-to-face (FTF)
2. Internet (WEB)
3. Paper (PAPI)
4. Phone"
V240002b,MODE OF INTERVIEW: POST-ELECTION INTERVIEW 20 CODEBOOK: VARIABLES Variable Note This variable captures the mode in which the respondent completed the majority of the post-election survey. Some respondents did use multiple modes to complete the post-election survey.,,"-7. Insuﬃcient parital, interview deleted
-6. No post interview","1. Face-to-face (FTF)
2. Internet (WEB)
3. Paper (PAPI)
4. Phone
5. Video"
V240002c,PRE/POST INTERVIEW COMPLETION STATUS,,,"1. Completed pre-election interview only
2. Completed pre and post-election interviews"
V240003,SAMPLE TYPE WEIGHTING VARIABLES,,,"1. Panel (2016-20-24)
2. Fresh sample (WEB)
3. Fresh sample (FTF)
4. GSS"
V240101a,PRE-ELECTION RAKED WEIGHT: FACE-TO-FACE (FTF) SAMPLE [FINAL],,,
V240101b,POST-ELECTION RAKED WEIGHT: FACE-TO-FACE (FTF) SAMPLE [FINAL],,,
V240101c,PSU: FACE-TO-FACE (FTF) SAMPLE [FINAL] WEIGHTING VARIABLES 21,,,
V240101d,STRATUM: FACE-TO-FACE (FTF) SAMPLE [FINAL],,,
V240102a,PRE-ELECTION RAKED WEIGHT: WEB SAMPLE [FINAL],,,
V240102b,POST-ELECTION RAKED WEIGHT: WEB SAMPLE [FINAL],,,
V240102c,PSU: WEB SAMPLE [FINAL],,,
V240102d,STRATUM: WEB SAMPLE [FINAL],,,
V240103a,PRE-ELECTION RAKED WEIGHT: FACE-TO-FACE (FTF) & WEB SAMPLES COMBINED [FINAL],,,
V240103b,POST-ELECTION RAKED WEIGHT: FACE-TO-FACE (FTF) & WEB SAMPLES COMBINED [FINAL],,,
V240103c,PSU: FACE-TO-FACE (FTF) & WEB SAMPLE COMBINED [FINAL],,,
V240103d,STRATUM: FACE-TO-FACE (FTF) & WEB SAMPLE COMBINED [FINAL] 22 CODEBOOK: VARIABLES,,,
V240104a,PRE-ELECTION RAKED WEIGHT: WEB SAMPLE WITH PAPI [FINAL],,,
V240104b,POST-ELECTION RAKED WEIGHT: WEB SAMPLE WITH PAPI [FINAL],,,
V240104c,PSU: WEB SAMPLE WITH PAPI [FINAL],,,
V240104d,STRATUM: WEB SAMPLE WITH PAPI [FINAL],,,
V240105a,PRE-ELECTION RAKED WEIGHT: FACE-TO-FACE (FTF) & WEB SAMPLES COMBINED W/PAPI [FINAL],,,
V240105b,POST-ELECTION RAKED WEIGHT: FACE-TO-FACE (FTF) & WEB SAMPLES COMBINED W/PAPI [FINAL],,,
V240105c,PSU: FACE-TO-FACE (FTF) & WEB SAMPLES COMBINED W/PAPI [FINAL],,,
V240105d,STRATUM: FACE-TO-FACE (FTF) & WEB SAMPLES COMBINED W/PAPI [FINAL],,,
V240106a,PRE-ELECTION RAKED WEIGHT: 2016-2024 PANEL SAMPLE [FINAL] WEIGHTING VARIABLES 23,,,
V240106b,POST-ELECTION RAKED WEIGHT: 2016-2024 PANEL SAMPLE [FINAL],,,
V240106c,PSU: 2016-2024 PANEL SAMPLE [FINAL],,,
V240106d,STRATUM: 2016-2024 PANEL SAMPLE [FINAL],,,
V240107a,"PRE-ELECTION RAKED WEIGHT: 2016-2024 PANEL, FACE-TO-FACE (FTF) & WEB SAMPLES COMBINED W/PAPI [FINAL]",,,
V240107b,"POST-ELECTION RAKED WEIGHT: 2016-2024 PANEL, FACE-TO-FACE (FTF) & WEB SAMPLES COMBINED W/PAPI [FINAL]",,,
V240107c,"PSU: 2016-2024 PANEL, FACE-TO-FACE (FTF) & WEB SAMPLES COMBINED W/PAPI [FINAL]",,,
V240107d,"STRATUM: 2016-2024 PANEL, FACE-TO-FACE (FTF) & WEB SAMPLES COMBINED W/PAPI [FINAL]",,,
V240108a,"PRE-ELECTION RAKED WEIGHT: FACE-TO-FACE (FTF), WEB, & 2016-2024 PANEL SAMPLES COMBINED [FINAL] 24 CODEBOOK: VARIABLES",,,
V240108b,"POST-ELECTION RAKED WEIGHT: FACE-TO-FACE (FTF), WEB, & 2016-2024 PANEL SAMPLES COMBINED [FINAL]",,,
V240108c,"PSU: FACE-TO-FACE (FTF), WEB, & 2016-2024 PANEL SAMPLES COMBINED [FINAL]",,,
V240108d,"STRATUM: FACE-TO-FACE (FTF), WEB, & 2016-2024 PANEL SAMPLES COMBINED [FINAL] PRE- ELECTION SURVEY VARIABLES",,,
V241001,PRE: SELECT LANGUAGE Survey Question(s)START_LANGUAGESELECT,Would you like to complete this survey in English or Spanish? ¿Quisiera completar esta encuesta en inglés o español?,"-9. Refused
-1. Inapplicable","1. English / Ingles
2. Spanish / Espanol"
V241002,PRE: PRE-ELECTION INTERVIEW AUDIO CONSENT Survey Question(s)CONSENT_AUDCONS Universe IF INTERVIEW TYPE IS FACE-TO-FACE: PRE- ELECTION SURVEY VARIABLES 25,This interview may be monitored for training and data quality purposes.,-1. Inapplicable,"1. Continue with audio recording
2. Continue do not record"
V241003,PRE: INTERVIEWER: IS R MAN OR WOMAN (OBSERVATION) Survey Question(s)GEND_GENDOBS Universe IF INTERVIEW TYPE IS FACE-TO-FACE OR VIDEO:,"IS THE RESPONDENT A MAN OR A WOMAN? IF UNSURE, CODE DK.","-8. Don’t know
-1. Inapplicable","1. Man
2. Woman"
V241004,"PRE: HOW OFTEN DOES R PAY ATTENTION TO POLITICS AND ELECTIONS Survey Question(s) CAMPINT_POLATTREV, Q4 Note: The following speciﬁcations were implemented exclusively in the computerized survey instrument and are not applicable to the paper questionnaire. Response OrderForward/Reverse order","How often do you pay attention to what’s going on in government and politics? [Always, most of the time, about half the time, some of the time, or never / Never, some of the time, about half the time, most of the time, or always]?",-9. Refused,"1. Always
2. Most of the time
3. About half the time
4. Some of the time
5. Never"
V241005,PRE: HOW INTERESTED IN FOLLOWING CAMPAIGNS Survey Question(s)CAMPINT_CAMPINTSTD Response OrderForward/Reverse order,"Some people don’t pay much attention to political campaigns. How about you? Would you say that you have been [very much interested, somewhat interested or not much interested/ not much interested, somewhat interested or very much interested] in the political campaigns so far this year? 26 CODEBOOK: VARIABLES","-9. Refused
-1. Inapplicable","1. Very much interested
2. Somewhat interested
3. Not much interested"
V241006,PRE: APPROVE OR DISAPPROVE DEMOCRATIC PARTY CHOOSING NEW CANDIDATE Survey Question(s)PRESREPL_PTYAPPR,Do you approve or disapprove of the way the Democratic party handled choosing a new presidential candidate?,"-9. Refused
-8. Don’t know
-1. Inapplicable","1. Approve
2. Disapprove"
V241007,PRE: HOW STRONGLY APPROVE OR DISAPPROVE DEMOCRATIC PARTY CHOOSING NEW CANDIDATE Survey Question(s)PRESREPL_PTYAPPRSTR Universe IF R APPROVES OF HOW DEM PARTY HANDLED CHOOSING NEW CANDIDATE / IF R DISAPPROVES OF HOW DEM PARTY HANDLED CHOPSING NEW CANDIDATE:,Do you approve strongly or not strongly? / Do you disapprove strongly or not strongly?,"-9. Refused
-8. Don’t know
-1. Inapplicable","1. Strongly
2. Not strongly"
V241008x,"PRE: SUMMARY: APPROVE/DISAPPROVE DEMOCRATIC PARTY CHOOSING NEW CANDIDATE PRE- ELECTION SURVEY VARIABLES 27 Survey Question(s)PRESREPL_PTYAPPR, PRESREPL_PTYAPPRSTR",,"-2. DK/RF in V241006 or V241007
-1. Inapplicable","1. Approve strongly
2. Approve not strongly
3. Disapprove not strongly
4. Disapprove strongly"
V241009,PRE: VOTE SECTION - ORDER OF MAJOR PARTY CANDIDATE NAMES,,-1. Inapplicable,"1. Harris / Trump
2. Trump / Harris"
V241010,PRE: VOTE SECTION - HOUSEHOLD ADDRESS PRELOADED (SAMPLE ADDRESS),,-1. Inapplicable,"0. Sample address not preloaded
1. Sample address preloaded"
V241012,PRE: IS R REGISTERED TO VOTE Survey Question(s)PREVOTE_REGSTATUS Universe IF R’S PRELOAD ADDRESS IS NOT IN NORTH DAKOTA:,Now on a diﬀerent topic. Are you registered to vote?,"-9. Refused
-8. Don’t know
-1. Inapplicable","1. Yes
2. No"
V241013,PRE: PAPER: IS R REGISTERED TO VOTE Survey Question(s)PAPI PRE Q5,Are you registered to vote? Mark one answer that best describes you. 28 CODEBOOK: VARIABLES,"-9. Refused
-4. Error
-1. Inapplicable","1. Not registered and do not intend to register
2. Not registered but intend to register
3. Registered as a Democrat
4. Registered as a Republican
5. Registered with another party
6. Registered with no party, or unsure which party"
V241014,PRE: CONFIRM R’S PRELOAD ADDRESS IS ADDRESS USED FOR VOTING Survey Question(s)PREVOTE_ADDR,I’d like to ensure that our records are accurate for election-related questions. The following is the address we currently have on ﬁle for you: [Respondent’s preloaded address] Is the following location the one you use for voting?,"-9. Refused
-8. Don’t know
-1. Inapplicable","1. Yes, this is the correct address
2. No, this is not the correct address"
V241015,PRE: PAPER: DOES R LIVE AT SAMPLE ADDRESS OR SOMEWHERE ELSE Survey Question(s)PAPI PRE Q1 PRE- ELECTION SURVEY VARIABLES 29,Do you live at [Address on File] or somewhere else?,"-9. Refused
-1. Inapplicable","1. I live here
2. I live somewhere else"
V241016,RESTRICTED: PRE: R’S ACTUAL ADDRESS USED FOR VOTING PURPOSES Survey Question(s)PREVOTE_NEWADDR Universe IF PRELOAD ADDRESS IS NOT THE ADDRESS FOR VOTING:,What is the address you use for voting?,-3. RESTRICTED [STAFF ONLY],
V241017,PRE: CONFIRM R’S STATE Survey Question(s)PREVOTE_NEWWHST Universe IF R DID NOT PROVIDE STATE NAME WHEN ASKED FOR NEW ADDRESS:,It appears that the state name is missing from the address you provided. In what state is your address for voting?,-1. Inapplicable,"1. Alabama
2. Alaska
4. Arizona
5. Arkansas
6. California
8. Colorado
9. Connecticut
10. Delaware
11. District of Columbia (Washington DC)
12. Florida
13. Georgia
15. Hawaii
16. Idaho
17. Illinois
18. Indiana
19. Iowa
20. Kansas
21. Kentucky
22. Louisiana
23. Maine
24. Maryland
25. Massachusetts
26. Michigan
27. Minnesota
28. Mississippi
29. Missouri
30. Montana
31. Nebraska
32. Nevada
33. New Hampshire
34. New Jersey
35. New Mexico
36. New York
37. North Carolina
38. North Dakota
39. Ohio
40. Oklahoma
41. Oregon
42. Pennsylvania
44. Rhode Island
45. South Carolina
46. South Dakota
47. Tennessee
48. Texas
49. Utah
50. Vermont
51. Virginia
53. Washington
54. West Virginia
55. Wisconsin
56. Wyoming"
V241018,PRE: ADDRESS OF REGISTRATION GIVEN (NOT REGISTERED AT SAMPLE ADDRESS) Survey Question(s)PREVOTE_NEWADDR 30 CODEBOOK: VARIABLES,,-1. Inapplicable,1. Registration address given
V241019,PRE: STATE INCLUDED IN ADDRESS OF REGISTRATION (NOT REGISTERED AT SAMP ADDR) Survey Question(s)PREVOTE_NEWADDR,,-1. Inapplicable,"0. State not included with registration address
1. State included with registration address"
V241020,PRE: CITY INCLUDED IN ADDRESS OF REGISTRATION (NOT REGISTERED AT SAMP ADDR) Survey Question(s)PREVOTE_NEWADDR,,-1. Inapplicable,1. City included with registration address
V241021,PRE: RESTRICTED: HOW LONG HAS R BEEN REGISTERED AT LOCATION (YEARS) Survey Question(s)PREVOTE_REGYRS Universe IF R IS REGISTERED: IF R’S NEW STATE OF RESIDENCE IS NOT NORTH DAKOTA:,"How many years have you been registered to vote at [this/that] address? If you are not sure, please use your best guess.",-3. RESTRICTED,
V241022,PRE: REGISTRATION STATE SAME AS SAMPLE ADDRESS STATE (ALL REGISTRATIONS),,-1. Inapplicable,"0. State of registration not the same as sample state
1. State of registration the same as sample state"
V241023,PRE: REGISTRATION STATE (ALL REGISTRATIONS) PRE- ELECTION SURVEY VARIABLES 31,,-1. Inapplicable,"1. Alabama  2. Alaska  4. Arizona
5. Arkansas  6. California  8. Colorado
9. Connecticut  10. Delaware
11. District of Columbia (Washington DC)
12. Florida  13. Georgia   15. Hawaii
16. Idaho   17. Illinois   18. Indiana
19. Iowa   20. Kansas   21. Kentucky
22. Louisiana   23. Maine   24. Maryland
25. Massachusetts   26. Michigan   27. Minnesota
28. Mississippi   29. Missouri   30. Montana
31. Nebraska   32. Nevada   33. New Hampshire
34. New Jersey   35. New Mexico   36. New York
37. North Carolina   38. North Dakota   39. Ohio
40. Oklahoma   41. Oregon   42. Pennsylvania
44. Rhode Island   45. South Carolina   46. South Dakota
47. Tennessee   48. Texas   49. Utah
50. Vermont   51. Virginia   53. Washington
54. West Virginia   55. Wisconsin   56. Wyoming"
V241024,RESTRICTED: PRE: NAME UNDER WHICH R REGISTERED TO VOTE Survey Question(s)PREVOTE_REGNAME Universe IF R IS REGISTERED: IF R’S NEW STATE OF RESIDENCE IS NOT NORTH DAKOTA:,Some people register to vote under their full name and others use diﬀerent versions of their name. Others might have changed their name since they registered. What about you? Under what name are you registered to vote?,-3. RESTRICTED [STAFF ONLY],
V241025,PRE: PARTY OF REGISTRATION 32 CODEBOOK: VARIABLES Survey Question(s)PREVOTE_REGPTY Universe IF R IS REGISTERED TO VOTE IN STATE WHERE PARTY MAY BE REGISTERED:,"What political party are you registered with, if any?","-9. Refused
-8. Don’t know
-1. Inapplicable","1. Democratic party
2. Republican party
4. None or independent
5. Another party {SPECIFY}"
V241025z,RESTRICTED: PRE: PARTY OF REGISTRATION - OTHER {SPECIFY},,-3. RESTRICTED,
V241027,PRE: SENATE RACE IN STATE OF REGISTRATION (ALL REGISTRATIONS),,-1. Inapplicable,"0. No Senate race in state of registration
1. Senate race in state of registration"
V241028,PRE: GOVERNOR RACE IN STATE OF REGISTRATION (ALL REGISTRATIONS),,-1. Inapplicable,"0. No Governor race in state of registration
1. Governor race in state of registration"
V241029,PRE: PARTY REGISTRATION IN STATE OF REGISTRATION (ALL REGISTRATIONS),,-1. Inapplicable,"0. No party registration in s tate of registration
1. Party registration in state of registration"
V241030,PRE: DOES R INTEND TO REGISTER TO VOTE Survey Question(s)PREVOTE_REGINT Universe IF R SAID NOT REGISTERED OR DK IF REGISTERED TO VOTE: IF R’S NEW STATE OF RESIDENCE IS NOT NORTH DAKOTA:,"Do you intend to register to vote before the November 5 elections, or do you not intend to register? PRE- ELECTION SURVEY VARIABLES 33","-9. Refused
-8. Don’t know
-1. Inapplicable","1. Yes, intend to register
2. No, do not intend to register"
V241031,PRE: DID R VOTE IN A PRESIDENTIAL PRIMARY OR CAUCUS Survey Question(s)PREVOTE_PRIMV,Did you vote in a Presidential primary election or caucus this year?,"-9. Refused
-8. Don’t know
-1. Inapplicable","1. Yes, voted in Democratic primary or caucus
2. Yes, voted in Republican primary or caucus
3. No, didn’t vote in a primary or caucus"
V241032,PRE: FOR WHICH CANDIDATE DID R VOTE IN THE DEMOCRATIC PRESIDENTIAL PRIMARY Survey Question(s)PREVOTE_PRIMVWHOD Universe IF R VOTED IN A DEMOCRATIC PRESIDENTIAL PRIMARY OR CAUCUS:,"In the Democratic Presidential primary or caucus, who did you vote for?","-9. Refused
-8. Don’t know
-1. Inapplicable","1. Joe Biden
2. Dean Phillips
3. Another Democrat
9. None of these candidates/uncommitted/left blank"
V241033,PRE: FOR WHICH CANDIDATE DID R VOTE IN THE REPUBLICAN PRESIDENTIAL PRIMARY 34 CODEBOOK: VARIABLES Survey Question(s)PREVOTE_PRIMVWHOR Universe IF R VOTED IN REPUBLICAN PRESIDENTIAL PRIMARY OR CAUCUS:,"In the Republican Presidential primary or caucus, who did you vote for?","-9. Refused
-8. Don’t know
-1. Inapplicable","1. Donald Trump
2. Ron DeSantis
3. Nikki Haley
4. Vivek Ramaswamy
5. Another Republican
9. None of these candidates/uncommitted/left blank"
V241034,PRE: PAPER: FOR WHICH CANDIDATE DID R VOTE IN THE PRESIDENTIAL PRIMARY/CAUCUS Survey Question(s)PAPI PRE Q6,"In the presidential primary or caucus, who did you vote for, or did you not vote?","-9. Refused
-4. Error
-1. Inapplicable","1. Didn’t vote in primary or caucus
2. Joe Biden
3. Another Democrat
4. Donald Trump
5. Nikki Haley
6. Another Republican"
V241035,PRE: ALREADY VOTED IN GENERAL ELECTION Survey Question(s)PREVOTE_VOTED Randomization Order of names in question text,"This next question is not about the primary elections and caucuses that were held a few months ago. Instead, we’d like to ask you about the election for President to be held on November 5, in which [Donald Trump is running against Kamala Harris / Kamala Harris is running against Donald Trump]. Have you already voted in that election, or have you not voted? PRE- ELECTION SURVEY VARIABLES 35","-9. Refused
-8. Don’t know
-1. Inapplicable","1. Have voted
2. Have not voted"
V241036,PRE: CONFIRMATION VOTED (EARLY) IN NOVEMBER 5 ELECTION Survey Question(s)PREVOTE_VCONF Universe IF R INDICATED VOTED EARLY IN THE 2024 GENERAL ELECTION:,"Just to be clear, I’m recording that you already voted in the election that is scheduled to take place on November 5. Is that right?","-9. Refused
-1. Inapplicable","1. Yes, voted
2. No, have not voted"
V241037,PRE: IN WHAT MANNER DID R VOTE Survey Question(s)PREVOTE_HOWVOTE Universe IF R CONFIRMED ALREADY VOTED FOR THE 2024 GENERAL ELECTIONS: 36 CODEBOOK: VARIABLES,Which one of the following best describes how you voted? - Deﬁnitely voted in person at a polling place before election day - Deﬁnitely voted by mailing a ballot before election day - Deﬁnitely voted in some other way - Not completely sure whether I voted or not,-1. Inapplicable,"1. Deﬁnitely voted in person at a polling place before election day
2. Deﬁnitely voted by mailing a ballot before election day
3. Deﬁnitely voted in some other way
4. Not completely sure whether I voted or not"
V241038,PRE: DID R VOTE FOR PRESIDENT Survey Question(s)PREVOTE_PRESVT Universe IF R REPORTED THAT R VOTED:,How about the election for President? Did you vote for a candidate for President?,-1. Inapplicable,"1. Yes, voted for President
2. No, didn’t vote for President"
V241039,PRE: FOR WHOM DID R VOTE FOR PRESIDENT Survey Question(s)PREVOTE_PRESVTWHO Universe IF R VOTED FOR PRESIDENT: Randomization Order of names in question text according to value in var candidateorder. Order of response options 1-2 according to value in var candidateorder. Response OrderRandomize 2 major parties,"Who did you vote for? [ Kamala Harris (Democrat), Donald Trump (Republican) / Donald Trump (Republican), Kamala Harris (Democrat)], Robert F . Kennedy Jr. (Independent), Cornel West (Independent), Jill Stein (Green), or someone else?","-9. Refused
-1. Inapplicable","1. Kamala Harris
2. Donald Trump
3. Robert F . Kennedy, Jr.
4. Cornel West
5. Jill Stein
6. Another candidate {SPECIFY}"
V241039z,PRE: FOR WHOM DID R VOTE FOR PRESIDENT - OTHER {SPECIFY} Survey Question(s)PREVOTE_PRESVTWHO PRE- ELECTION SURVEY VARIABLES 37 Universe IF R VOTED FOR PRESIDENT: Randomization Order of names in question text according to value in var candidateorder. Order of response options 1-2 according to value in var candidateorder. Response OrderRandomize 2 major parties,"Who did you vote for? [ Kamala Harris (Democrat), Donald Trump (Republican) / Donald Trump (Republican), Kamala Harris (Democrat)], Robert F . Kennedy Jr. (Independent), Cornel West (Independent), Jill Stein (Green), or someone else?",-2. Open-end responses available in separate ﬁle,
V241040,PRE: PREFERENCE STRONG FOR PRES CAND FOR WHOM R VOTED Survey Question(s)PREVOTE_PRESSTR Universe IF R ANSWERED WHICH PRESIDENTIAL CANDIDATE THEY VOTED FOR:,Would you say your preference for this candidate was strong or not strong?,-1. Inapplicable,"1. Strong
2. Not strong"
V241041,PRE: HOW LONG BEFORE ELECTION R MADE DECISION PRES VOTE Survey Question(s)PREVOTE_VTPRESDEC Universe IF R ANSWERED WHICH PRESIDENTIAL CANDIDATE THEY VOTED FOR:,How long before Election day did you decide that you were going to vote the way you did?,"-8. Don’t know
-1. Inapplicable","1. 0-2 weeks
2. 3-4 weeks
3. 2 months
4. 3 months
5. 4 months
6. 5 months
7. 6+ months"
V241042,PRE: DOES R INTEND TO VOTE FOR PRESIDENT Survey Question(s)PREVOTE_INTPRES Universe IF R DID NOT VOTE EARLY IN THE 2024 GENERAL ELECTIONS:,Do you intend to vote in the November election for President? 38 CODEBOOK: VARIABLES,"-9. Refused
-8. Don’t know
-1. Inapplicable","1. Yes
2. No"
V241043,PRE: FOR WHOM DOES R INTEND TO VOTE FOR PRESIDENT Survey Question(s)PREVOTE_INTPRESWHO Universe IF R DID NOT VOTE BUT INTENDS TO VOTE IN THE ELECTION FOR PRESIDENT: Randomization Order of names in question text according to value in var candidateorder. Order of response options 1-2 according to value in var candidateorder. Response OrderRandomize 2 major parties,"Who do you think you will vote for? [ Kamala Harris (Democrat), Donald Trump (Republican) / Donald Trump (Republican), Kamala Harris (Democrat)], Robert F . Kennedy Jr. (Independent), Cornel West (Independent), Jill Stein (Green), or someone else?","-9. Refused
-8. Don’t know
-1. Inapplicable","1. Kamala Harris
2. Donald Trump
3. Robert F . Kennedy, Jr.
4. Cornel West
5. Jill Stein
6. Another candidate {SPECIFY}"
V241043z,PRE: FOR WHOM DOES R INTEND TO VOTE FOR PRESIDENT - OTHER {SPECIFY} Survey Question(s)PREVOTE_INTPRESWHO Universe IF R DID NOT VOTE BUT INTENDS TO VOTE IN THE ELECTION FOR PRESIDENT: PRE- ELECTION SURVEY VARIABLES 39 Randomization Order of names in question text according to value in var candidateorder. Order of response options 1-2 according to value in var candidateorder. Response OrderRandomize 2 major parties,"Who do you think you will vote for? [ Kamala Harris (Democrat), Donald Trump (Republican) / Donald Trump (Republican), Kamala Harris (Democrat)], Robert F . Kennedy Jr. (Independent), Cornel West (Independent), Jill Stein (Green), or someone else?",-2. Open-end responses available in separate ﬁle,
V241044,PRE: PREFERENCE STRONG FOR PRESIDENTIAL CANDIDATE FOR WHOM R INTENDS TO VOTE Survey Question(s)PREVOTE_INTPRESST Universe IF R ANSWERED WHICH PRESIDENTIAL CANDIDATE THEY INTENDED TO VOTE FOR:,Would you say your preference for this candidate is strong or not strong?,"-9. Refused
-8. Don’t know
-1. Inapplicable","1. Strong
2. Not strong"
V241045,PRE: DOES R PREFER PRESIDENTIAL CANDIDATE Survey Question(s)PREVOTE_PREFPRES Universe IF R DID NOT SAY THEY INTENDED TO VOTE FOR PRESIDENT:,Do you prefer one of the candidates in the November election for President?,"-9. Refused
-8. Don’t know
-1. Inapplicable","1. Yes
2. No"
V241046,PRE: PREFERENCE FOR PRESIDENTIAL CANDIDATE Survey Question(s)PREVOTE_PREFPRWHO Universe IF R DID NOT INTEND TO VOTE FOR PRESIDENT BUT PREFERS A PRESIDENTIAL CANDIDATE: Randomization Order of names in question text according to value in var candidateorder. Order of response options 1-2 according to value in var candidateorder. Response OrderRandomize 2 major parties,"Who do you prefer? [ Kamala Harris (Democrat), Donald Trump (Republican) / Donald Trump (Republican), Kamala Harris (Democrat)], Robert F . Kennedy Jr. (Independent), Cornel West (Independent), Jill Stein (Green), or someone else? 40 CODEBOOK: VARIABLES","-8. Don’t know
-1. Inapplicable","1. Kamala Harris
2. Donald Trump
3. Robert F . Kennedy, Jr.
4. Cornel West
5. Jill Stein
6. Another candidate {SPECIFY}"
V241046z,PRE: PREFERENCE FOR PRESIDENTIAL CANDIDATE - OTHER {SPECIFY} Survey Question(s)PREVOTE_PREFPRWHO Universe IF R DID NOT INTEND TO VOTE FOR PRESIDENT BUT PREFERS A PRESIDENTIAL CANDIDATE: Randomization Order of names in question text according to value in var candidateorder. Order of response options 1-2 according to value in var candidateorder. Response OrderRandomize 2 major parties,"Who do you prefer? [ Kamala Harris (Democrat), Donald Trump (Republican) / Donald Trump (Republican), Kamala Harris (Democrat)], Robert F . Kennedy Jr. (Independent), Cornel West (Independent), Jill Stein (Green), or someone else?",-2. Open-end responses available in separate ﬁle,
V241047,PRE: PAPER: PREFERENCE FOR PRESIDENTIAL CANDIDATE PRE- ELECTION SURVEY VARIABLES 41 Survey Question(s)PAPI PRE Q7,,"-9. Refused
-4. Error
-1. Inapplicable","1. Donald Trump
2. Kamala Harris
3. Robert F . Kennedy
4. Cornel West
5. Jill Stein
6. Another candidate
7. No preference"
V241048,"PRE: PREFERENCE STRONG FOR PRESIDENTIAL CANDIDATE Survey Question(s) PREVOTE_PREFPRSTR, PAPI PRE Q8 Note: The following speciﬁcations were implemented exclusively in the computerized survey instrument and are not applicable to the paper questionnaire. Universe IF R ANSWERED WHICH PRESIDENTIAL CANDIDATE THEY PREFERRED:",Would you say your preference for this candidate is strong or not strong?,"-9. Refused
-8. Don’t know
-1. Inapplicable","1. Strong
2. Not strong"
V241049,"PRE: IF ELECTION JUST BETWEEN HARRIS AND TRUMP , WHO WOULD R VOTE FOR 42 CODEBOOK: VARIABLES Survey Question(s) PREVOTE_VTPRES2, PAPI PRE Q9 Note: The following speciﬁcations were implemented exclusively in the computerized survey instrument and are not applicable to the paper questionnaire. Randomization Order of names in question text according to value in var candidateorder. Order of response options 1-2 according to value in var candidateorder. Response OrderRandomize 2 major parties","If the election were just between Kamala Harris (Democrat) and Donald Trump (Republican) / Donald Trump (Republican) and Kamala Harris (Democrat), who would you vote for, or would you not vote?","-9. Refused
-8. Don’t know
-4. Error","1. Kamala Harris
2. Donald Trump
3. Would not vote"
V241050,PRE: DID R VOTE FOR US HOUSE OF REPRESENTATIVES Survey Question(s)PREVOTE_VOTEHS Universe IF R REPORTED THAT R VOTED:,How about the election for the House of Representatives in Washington D.C.? Did you vote for a candidate for the U.S. House of Representatives?,"-8. Don’t know
-1. Inapplicable","1. Yes, voted for House of Representatives
2. No, didn’t vote for House of Representatives"
V241051,PRE: FOR WHOM DID R VOTE FOR US HOUSE Survey Question(s)PREVOTE_HSVTWHO Universe IF R VOTED FOR U.S. HOUSE OF REPRESENTATIVES: Randomization Order of response options 1-2 according to value in var candidateorder. Response OrderRandomize 2 major parties,What is the party of the House candidate you voted for?,"-9. Refused
-8. Don’t know
-1. Inapplicable","1. Democratic Party
2. Republican Party
5. Another party {SPECIFY}"
V241051z,PRE: FOR WHOM DID R VOTE FOR US HOUSE - OTHER {SPECIFY} PRE- ELECTION SURVEY VARIABLES 43 Survey Question(s)PREVOTE_HSVTWHO Universe IF R VOTED FOR U.S. HOUSE OF REPRESENTATIVES: Randomization Order of response options 1-2 according to value in var candidateorder. Response OrderRandomize 2 major parties,What is the party of the House candidate you voted for?,-2. Open-end responses available in separate ﬁle,
V241052,PRE: DOES R INTEND TO VOTE FOR US HOUSE Survey Question(s)PREVOTE_INTHS Universe IF R DID NOT VOTE EARLY IN THE CURRENT YEAR GENERAL ELECTIONS:,How about the election for the House of Representatives in Washington D.C.? Do you intend to vote in the election for the U.S. House of Representatives?,"-9. Refused
-8. Don’t know
-1. Inapplicable","1. Yes
2. No"
V241053,PRE: PARTY OF HOUSE CANDIDATE R INTENDS TO VOTE FOR Survey Question(s)PREVOTE_INTHSWHO Universe IF R DID NOT VOTE YET BUT INTENDS TO VOTE IN THE ELECTION FOR THE U.S. HOUSE: Randomization Order of response options 1-2 according to value in var candidateorder. Response OrderRandomize 2 major parties 44 CODEBOOK: VARIABLES,What is the party of the House candidate you think you will vote for?,"-9. Refused
-8. Don’t know
-1. Inapplicable","1. Democratic Party
2. Republican Party
5. Another party {SPECIFY}"
V241053z,PRE: PARTY OF HOUSE CANDIDATE R INTENDS TO VOTE FOR - OTHER {SPECIFY} Survey Question(s)PREVOTE_INTHSWHO Universe IF R DID NOT VOTE YET BUT INTENDS TO VOTE IN THE ELECTION FOR THE U.S. HOUSE: Randomization Order of response options 1-2 according to value in var candidateorder. Response OrderRandomize 2 major parties,What is the party of the House candidate you think you will vote for?,-2. Open-end responses available in separate ﬁle,
V241054,PRE: DOES R PREFER US HOUSE CANDIDATE Survey Question(s)PREVOTE_HSPREF Universe IF R DID NOT SAY THEY INTENDED TO VOTE FOR U.S. HOUSE:,Do you prefer one of the candidates for the U.S. House of Representatives?,"-9. Refused
-8. Don’t know
-1. Inapplicable","1. Yes
2. No"
V241055,PRE: PARTY OF HOUSE CANDIDATE R PREFERS Survey Question(s)PREVOTE_HSPREFWHO Universe IF R DOES NOT INTEND TO VOTE BUT PREFERS A CANDIDATE FOR U.S. HOUSE: Randomization Order of response options 1-2 according to value in var candidateorder. Response OrderRandomize 2 major parties PRE- ELECTION SURVEY VARIABLES 45,What is the party of the House candidate you prefer?,"-9. Refused
-1. Inapplicable","1. Democratic Party
2. Republican Party
5. Another party {SPECIFY}"
V241055z,PRE: PARTY OF HOUSE CANDIDATE R PREFERS - OTHER {SPECIFY} Survey Question(s)PREVOTE_HSPREFWHO Universe IF R DOES NOT INTEND TO VOTE BUT PREFERS A CANDIDATE FOR U.S. HOUSE: Randomization Order of response options 1-2 according to value in var candidateorder. Response OrderRandomize 2 major parties,What is the party of the House candidate you prefer?,-2. Open-end responses available in separate ﬁle,
V241057,PRE: DID R VOTE FOR US SENATE Survey Question(s)PREVOTE_VOTESEN Universe IF R REPORTED THAT R VOTED: IF A SENATE RACE WAS HELD IN REGISTRATION STATE:,How about the election for the United States Senate? Did you vote for a candidate for the U.S. Senate?,"-8. Don’t know
-1. Inapplicable","1. Yes, voted for Senate
2. No, didn’t vote for Senate"
V241058,PRE: R’S VOTE FOR US SENATE Survey Question(s)PREVOTE_VTSENWHO Universe IF R VOTED FOR U.S. SENATE: Randomization Order of response options 1-2 according to value in var candidateorder. Response OrderRandomize 2 major parties 46 CODEBOOK: VARIABLES,Who did you vote for?,"-9. Refused
-8. Don’t know
-1. Inapplicable","1. Democratic Senate candidate
2. Republican Senate candidate
3. Independent Senate candidate
5. Another candidate {SPECIFY}"
V241058z,PRE: R’S VOTE FOR US SENATE - OTHER {SPECIFY} Survey Question(s)PREVOTE_VTSENWHO Universe IF R VOTED FOR U.S. SENATE: Randomization Order of response options 1-2 according to value in var candidateorder. Response OrderRandomize 2 major parties,Who did you vote for?,-2. Open-end responses available in separate ﬁle,
V241059,PRE: DOES R INTEND TO VOTE FOR US SENATE Survey Question(s)PREVOTE_INTSEN Universe IF R DID NOT VOTE EARLY IN THE CURRENT YEAR GENERAL ELECTIONS: IF A SENATE RACE WAS HELD IN REGISTRATION STATE:,How about the election for the United States Senate? Do you intend to vote in the election for the U.S. Senate?,"-9. Refused
-8. Don’t know
-1. Inapplicable","1. Yes
2. No"
V241060,PRE: FOR WHOM DOES R INTEND TO VOTE FOR US SENATE Survey Question(s)PREVOTE_INTSENWHO Universe IF R DID NOT VOTE YET BUT INTENDS TO VOTE FOR U.S. SENATE: Randomization Order of response options 1-2 according to value in var candidateorder. Response OrderRandomize 2 major parties PRE- ELECTION SURVEY VARIABLES 47,Who do you think you will vote for?,"-9. Refused
-8. Don’t know
-1. Inapplicable","1. Democratic Senate candidate
2. Republican Senate candidate
3. Independent Senate candidate
5. Another candidate {SPECIFY}"
V241060z,PRE: FOR WHOM DOES R INTEND TO VOTE FOR US SENATE - OTHER {SPECIFY} Survey Question(s)PREVOTE_INTSENWHO Universe IF R DID NOT VOTE YET BUT INTENDS TO VOTE FOR U.S. SENATE: Randomization Order of response options 1-2 according to value in var candidateorder. Response OrderRandomize 2 major parties,Who do you think you will vote for?,-2. Open-end responses available in separate ﬁle,
V241061,PRE: DOES R PREFER US SENATE CANDIDATE Survey Question(s)PREVOTE_SENPREF Universe IF R DID NOT SAY THEY INTENDED TO VOTE FOR U.S. SENATE:,Do you prefer one of the candidates for the U.S. Senate?,"-9. Refused
-8. Don’t know
-1. Inapplicable","1. Yes
2. No"
V241062,PRE: WHOM DOES R PREFER US SENATE CANDIDATE Survey Question(s)PREVOTE_SENPREFWHO Universe IF R DOES NOT INTEND TO VOTE BUT PREFERS A CANDIDATE FOR U.S. SENATE: IF PRELOAD CANDIDATE NAMES FOR R’S STATE CAN BE USED: Randomization Order of response options 1-2 according to value in var candidateorder. Response OrderRandomize 2 major parties 48 CODEBOOK: VARIABLES,Who do you prefer?,"-9. Refused
-1. Inapplicable","1. Democratic Senate candidate
2. Republican Senate candidate
3. Independent Senate candidate
5. Another candidate {SPECIFY}"
V241062z,PRE: WHOM DOES R PREFER US SENATE CANDIDATE - OTHER {SPECIFY} Survey Question(s)PREVOTE_SENPREFWHO Universe IF R DOES NOT INTEND TO VOTE BUT PREFERS A CANDIDATE FOR U.S. SENATE: IF PRELOAD CANDIDATE NAMES FOR R’S STATE CAN BE USED: Randomization Order of response options 1-2 according to value in var candidateorder. Response OrderRandomize 2 major parties,Who do you prefer?,-2. Open-end responses available in separate ﬁle,
V241063,PRE: DID R VOTE FOR US SENATE [SPECIAL ELECTION] Survey Question(s)PREVOTE_VOTESEN2 Universe IF R REPORTED THAT R VOTED: IF A SPECIAL SENATE RACE WAS HELD IN REGISTRATION STATE:,How about the special election for the United States Senate seat now held by the Republican Pete Ricketts? Did you vote for a candidate for the U.S. Senate?,-1. Inapplicable,"1. Yes, voted for Senate
2. No, didn’t vote for Senate"
V241064,PRE: R’S VOTE FOR US SENATE [SPECIAL ELECTION] Survey Question(s)PREVOTE_VTSEN2WHO Universe IF R VOTED IN U.S. SPECIAL SENATE ELECTION: Randomization Order of response options 1-2 according to value in var candidateorder. Response OrderRandomize 2 major parties PRE- ELECTION SURVEY VARIABLES 49,Who did you vote for?,-1. Inapplicable,"1. Democratic Senate candidate
2. Republican Senate candidate
3. Independent Senate candidate
5. Another candidate {SPECIFY}"
V241064z,PRE: R’S VOTE FOR US SENATE [SPECIAL ELECTION] - OTHER {SPECIFY} Survey Question(s)PREVOTE_VTSEN2WHO Universe IF R VOTED IN U.S. SPECIAL SENATE ELECTION: Randomization Order of response options 1-2 according to value in var candidateorder. Response OrderRandomize 2 major parties,Who did you vote for?,-2. Open-end responses available in separate ﬁle,
V241065,PRE: DOES R INTEND TO VOTE FOR US SENATE [SPECIAL ELECTION] Survey Question(s)PREVOTE_INTSEN2 Universe IF R DID NOT VOTE EARLY IN THE CURRENT YEAR GENERAL ELECTIONS: IF A SPECIAL SENATE RACE WAS HELD IN REGISTRATION STATE:,How about the special election for the United States Senate seat now held by the Republican Pete Ricketts? Do you intend to vote in the election for the U.S. Senate?,-1. Inapplicable,"1. Yes
2. No"
V241066,PRE: FOR WHOM DOES R INTEND TO VOTE FOR US SENATE [SPECIAL ELECTION] Survey Question(s)PREVOTE_INTSEN2WHO Universe IF R DID NOT VOTE YET BUT INTENDS TO VOTE IN U.S. SPECIAL SENATE ELECTION: Randomization Order of response options 1-2 according to value in var candidateorder. Response OrderRandomize 2 major parties 50 CODEBOOK: VARIABLES,Who do you think you will vote for?,-1. Inapplicable,"1. Democratic Senate candidate
2. Republican Senate candidate
3. Independent Senate candidate
5. Another candidate {SPECIFY}"
V241066z,PRE: FOR WHOM DOES R INTEND TO VOTE US SENATE [SPECIAL ELECTION] - OTHER {SPECIFY} Survey Question(s)PREVOTE_INTSEN2WHO Universe IF R DID NOT VOTE YET BUT INTENDS TO VOTE IN U.S. SPECIAL SENATE ELECTION: Randomization Order of response options 1-2 according to value in var candidateorder. Response OrderRandomize 2 major parties,Who do you think you will vote for?,-2. Open-end responses available in separate ﬁle,
V241067,PRE: DOES R PREFER US SENATE CANDIDATE [SPECIAL ELECTION] Survey Question(s)PREVOTE_SENPREF2 Universe IF R DID NOT SAY THEY INTENDED TO VOTE IN U.S. SPECIAL SENATE ELECTION:,Do you prefer one of the candidates for the U.S. Senate?,-1. Inapplicable,"1. Yes
2. No"
V241068,PRE: WHOM DOES R PREFER US SENATE CANDIDATE [SPECIAL ELECTION] Survey Question(s)PREVOTE_SENPREF2WHO Universe IF R DOES NOT INTEND TO VOTE BUT PREFERS A CANDIDATE FOR U.S. SPECIAL SENATE ELECTION: Randomization Order of response options 1-2 according to value in var candidateorder. Response OrderRandomize 2 major parties PRE- ELECTION SURVEY VARIABLES 51,Who do you prefer?,-1. Inapplicable,"1. Democratic Senate candidate
2. Republican Senate candidate
3. Independent Senate candidate
5. Another candidate {SPECIFY}"
V241068z,PRE: WHOM DOES R PREFER US SENATE CANDIDATE [SPECIAL ELECTION] - OTHER {SPECIFY} Survey Question(s)PREVOTE_SENPREF2WHO Universe IF R DOES NOT INTEND TO VOTE BUT PREFERS A CANDIDATE FOR U.S. SPECIAL SENATE ELECTION: Randomization Order of response options 1-2 according to value in var candidateorder. Response OrderRandomize 2 major parties,Who do you prefer?,-2. Open-end responses available in separate ﬁle,
V241069,PRE: DID R VOTE FOR GOVERNOR Survey Question(s)PREVOTE_VOTEGOV Universe IF R REPORTED THAT R VOTED: IF A GUBERNATORIAL RACE WAS HELD IN STATE OF REGISTRATION:,How about the election for Governor? Did you vote for a candidate for Governor?,-1. Inapplicable,"1. Yes, voted for governor
2. No, didn’t vote for governor"
V241070,PRE: R’S VOTE FOR GOVERNOR Survey Question(s)PREVOTE_VTGOVWHO Universe IF R VOTED FOR GOVERNOR: Randomization Order of response options 1-2 according to value in var candidateorder. Response OrderRandomize 2 major parties 52 CODEBOOK: VARIABLES,Who did you vote for?,"-9. Refused
-1. Inapplicable","1. Democratic Gubernatorial candidate
2. Republican Gubernatorial candidate
3. Indpendent Gubernatorial candidate
5. Another candidate {SPECIFY}"
V241070z,PRE: R’S VOTE FOR GOVERNOR - OTHER {SPECIFY} Survey Question(s)PREVOTE_VTGOVWHO Universe IF R VOTED FOR GOVERNOR: Randomization Order of response options 1-2 according to value in var candidateorder. Response OrderRandomize 2 major parties,Who did you vote for?,-2. Open-end responses available in separate ﬁle,
V241071,PRE: DOES R INTEND TO VOTE FOR GOVERNOR Survey Question(s)PREVOTE_INTGOV Universe IF R DID NOT VOTE EARLY IN THE CURRENT YEAR GENERAL ELECTIONS: IF A GUBERNATORIAL RACE WAS HELD IN STATE OF REGISTRATION:,How about the election for Governor? Do you intend to vote for a candidate for Governor?,"-9. Refused
-8. Don’t know
-1. Inapplicable","1. Yes
2. No"
V241072,PRE: FOR WHOM DOES R INTEND TO VOTE FOR GOVERNOR Survey Question(s)PREVOTE_INTGOVWHO Universe IF R DID NOT VOTE YET BUT INTENDS TO VOTE FOR GOVERNOR: Randomization Order of response options 1-2 according to value in var candidateorder. Response OrderRandomize 2 major parties PRE- ELECTION SURVEY VARIABLES 53,Who do you think you will vote for?,"-9. Refused
-8. Don’t know
-1. Inapplicable","1. Democratic Gubernatorial candidate
2. Republican Gubernatorial candidate
3. Indpendent Gubernatorial candidate
5. Another candidate {SPECIFY}"
V241072z,PRE: FOR WHOM DOES R INTEND TO VOTE FOR GOVERNOR - OTHER {SPECIFY} Survey Question(s)PREVOTE_INTGOVWHO Universe IF R DID NOT VOTE YET BUT INTENDS TO VOTE FOR GOVERNOR: Randomization Order of response options 1-2 according to value in var candidateorder. Response OrderRandomize 2 major parties,Who do you think you will vote for?,-2. Open-end responses available in separate ﬁle,
V241073,PRE: DOES R PREFER GUBERNATORIAL CANDIDATE Survey Question(s)PREVOTE_GOVPREF Universe IF R DID NOT SAY THEY INTENDED TO VOTE FOR GOVERNOR:,Do you prefer one of the candidates for Governor?,-1. Inapplicable,"1. Yes
2. No"
V241074,PRE: WHOM DOES R PREFER FOR GOVERNOR Survey Question(s)PREVOTE_GOVPREFWHO Universe IF R DOES NOT INTEND TO VOTE BUT PREFERS A CANDIDATE FOR GOVERNOR: Randomization Order of response options 1-2 according to value in var candidateorder. Response OrderRandomize 2 major parties 54 CODEBOOK: VARIABLES,Who do you prefer?,-1. Inapplicable,"1. Democratic Gubernatorial candidate
2. Republican Gubernatorial candidate
3. Indpendent Gubernatorial candidate
5. Another candidate {SPECIFY}"
V241074z,PRE: WHOM DOES R PREFER FOR GOVERNOR - OTHER {SPECIFY} Survey Question(s)PREVOTE_GOVPREFWHO Universe IF R DOES NOT INTEND TO VOTE BUT PREFERS A CANDIDATE FOR GOVERNOR: Randomization Order of response options 1-2 according to value in var candidateorder. Response OrderRandomize 2 major parties,Who do you prefer?,-2. Open-end responses available in separate ﬁle,
V241075x,"PRE: SUMMARY: PARTY OF PRE-ELECTION PRESIDENTIAL VOTE/INTENT/PREFERENCE Survey Question(s)PREVOTE_PRESVTWHO, PREVOTE_INTPRESWHO, PREVOTE_PREFPRWHO, PAPI PRE Q7",,"-2. Missing - did not vote; no intent/preference given
-1. Inapplicable","10. Democratic candidate selected (vote)
11. Republican candidate selected (vote)
12. Other candidate selected (vote)
20. Democratic candidate selected (intent to vote)
21. Republican candidate selected (intent to vote)
22. Other candidate selected (intent to vote)
30. Democratic candidate selected (preference)
31. Republican candidate selected (preference)
32. Other candidate selected (preference)"
V241076x,"PRE: SUMMARY: PARTY OF PRE-ELECTION U.S. HOUSE VOTE/INTENT/PREFERENCE PRE- ELECTION SURVEY VARIABLES 55 Survey Question(s)PREVOTE_HSVTWHO, PREVOTE_INTHSWHO,PREVOTE_HSPREFWHO",,"-2. Missing - did not vote; no intent/preference given
-1. Inapplicable","10. Democratic candidate selected (vote)
11. Republican candidate selected (vote)
12. Other candidate selected (vote)
20. Democratic candidate selected (intent to vote)
21. Republican candidate selected (intent to vote)
22. Other candidate selected (intent to vote)
30. Democratic candidate selected (preference)
31. Republican candidate selected (preference)
32. Other candidate selected (preference)"
V241077x,"PRE: SUMMARY: PARTY OF PRE-ELECTION U.S. SENATE VOTE/INTENT/PREFERENCE Survey Question(s)PREVOTE_VTSENWHO, PREVOTE_INTSENWHO, PREVOTE_SENPREFWHO",,"-2. Missing - did not vote; no intent/preference given
-1. Inapplicable","10. Democratic candidate selected (vote)
11. Republican candidate selected (vote)
12. Other candidate selected (vote)
20. Democratic candidate selected (intent to vote)
21. Republican candidate selected (intent to vote)
22. Other candidate selected (intent to vote)
30. Democratic candidate selected (preference)
31. Republican candidate selected (preference)
32. Other candidate selected (preference)"
V241078x,"PRE: SUMMARY: PARTY OF PRE-ELECTION GUBERNATORIAL VOTE/INTENT/PREFERENCE 56 CODEBOOK: VARIABLES Survey Question(s)PREVOTE_VTGOVWHO, PREVOTE_INTGOVWHO, PREVOTE_GOVPREFWHO",,"-2. Missing - did not vote; no intent/preference given
-1. Inapplicable","10. Democratic candidate selected (vote)
11. Republican candidate selected (vote)
12. Other candidate selected (vote)
20. Democratic candidate selected (intent to vote)
21. Republican candidate selected (intent to vote)
22. Other candidate selected (intent to vote)
30. Democratic candidate selected (preference)
31. Republican candidate selected (preference)
32. Other candidate selected (preference)"
V241100,PRE: HOW LIKELY IS IT THAT R WILL VOTE IN NOVEMBER Survey Question(s)LIKELY_HOWLIKVT Universe IF R HAS NOT INDICATED DEFINITELY VOTED EARLY IN THE 2024 ELECTIONS: Response OrderForward/Reverse order,"How likely is it that you will vote in the general election this November? [Extremely likely, very likely, moderately likely, slightly likely, or not likely at all / Not likely at all, slightly likely, moderately likely, very likely, or extremely likely]?",-1. Inapplicable,"1. Extremely likely
2. Very likely
3. Moderately likely
4. Slightly likely
5. Not likely at all"
V241101,PRE: PAPER: HOW LIKELY IS THAT R WILL VOTE IN NOVEMBER Survey Question(s)PAPI PRE Q10,How likely is it that you will vote in the general election this November? PRE- ELECTION SURVEY VARIABLES 57,"-9. Refused
-4. Error
-1. Inapplicable","1. I’ve already voted
2. Extremely likely
3. Very likely
4. Moderately likely
5. Slightly likely
6. Not likely at all"
V241102x,"PRE: SUMMARY: HOW LIKELY R IS TO VOTE Survey Question(s)PREVOTE_HOWVOTE, LIKELY_HOWLIKVT, PAPI PRE Q10",,"-9. Refused
-4. Error","1. I’ve already voted
2. Extremely likely
3. Very likely
4. Moderately likely
5. Slightly likely
6. Not likely at all"
V241103,PRE: DID R VOTE FOR PRESIDENT IN 2020 [REVISED] Survey Question(s)RETROVOTE_PRESVTLASTREV 58 CODEBOOK: VARIABLES,"Four years ago, in 2020, Joe Biden ran on the Democratic ticket against Donald Trump for the Republicans. We talk to many people who tell us they did not vote. And we talk to a few people who tell us they did vote, who really did not. We can tell they did not vote by checking with oﬃcial government records. What about you? If we check the oﬃcial government voter records, will they show that you voted in the 2020 presidential election, or that you did not vote in that election?","-9. Refused
-8. Don’t know
-1. Inapplicable","1. Yes, voted
2. No, didn’t vote"
V241104,PRE: RECALL OF LAST (2020) PRESIDENTIAL VOTE CHOICE Survey Question(s)RETROVOTE_PREVVTWHO Universe IF R SAYS VOTED FOR PRESIDENT IN 2020 PRESIDENTIAL ELECTION:,Which one did you vote for in 2020?,"-9. Refused
-8. Don’t know
-1. Inapplicable","1. Joe Biden
2. Donald Trump
5. Another candidate {SPECIFY}"
V241104z,PRE: RECALL OF LAST (2020) PRESIDENTIAL VOTE CHOICE - OTHER {SPECIFY} Survey Question(s)RETROVOTE_PREVVTWHO Universe IF R SAYS VOTED FOR PRESIDENT IN 2020 PRESIDENTIAL ELECTION:,Which one did you vote for in 2020?,-2. Open-end responses available in separate ﬁle,
V241105,PRE: PAPER: RECALL OF LAST (2020) PRESIDENTIAL VOTE Survey Question(s)PAPI PRE Q11,"Four years ago, in 2020, Joe Biden ran against Donald Trump. Did you vote in that election four years ago?","-9. Refused
-1. Inapplicable","1. No, didn’t vote for president in 2020
2. Yes, for Donald Trump
3. Yes, for Joe Biden
4. Yes, for another candidate"
V241106x,"PRE: SUMMARY: RECALL OF LAST (2020) PRESIDENTIAL VOTE PRE- ELECTION SURVEY VARIABLES 59 Survey Question(s)RETROVOTE_PRESVTLASTREV, RETROVOTE_PREVVTWHO, PAPI PRE Q11",,"-4. Error
-2. DK/RF in V241103, V241104, or V241105","1. No, didn’t vote for president in 2020
2. Yes, for Joe Biden
3. Yes, for Donald Trump
4. Yes, for another candidate"
V241107,PRE: DID R VOTE FOR PRESIDENT IN 2016 ELECTION Survey Question(s)RETROVOTE_PRESVT8YRAGO,"Eight years ago, in 2016, Hillary Clinton ran on the Democratic ticket against Donald Trump for the Republicans. Do you remember for sure whether or not you voted in that election?","-9. Refused
-8. Don’t know
-1. Inapplicable","1. Yes, voted
2. No, didn’t vote"
V241108,PRE: RECALL OF 2016 PRESIDENTIAL VOTE CHOICE Survey Question(s)RETROVOTE_PREVVT8YRWHO Universe IF R SAYS VOTED FOR PRESIDENT IN PRESIDENTIAL 2016 ELECTION:,Which one did you vote for in 2016?,"-9. Refused
-8. Don’t know
-1. Inapplicable","1. Hillary Clinton
2. Donald Trump
5. Another candidate {SPECIFY}"
V241108z,PRE: RECALL OF 2016 PRESIDENTIAL VOTE CHOICE - OTHER {SPECIFY} 60 CODEBOOK: VARIABLES Survey Question(s)RETROVOTE_PREVVT8YRWHO Universe IF R SAYS VOTED FOR PRESIDENT IN PRESIDENTIAL 2016 ELECTION:,Which one did you vote for in 2016?,-2. Open-end responses available in separate ﬁle,
V241109,PRE: IS THERE ANYTHING R LIKES ABOUT DEMOCRATIC PRESIDENTIAL CANDIDATE Survey Question(s)CANDLIK_LIKEDPC Randomization Order of Presidential candidates for the likes-dislikes set of questions.,Is there anything in particular about Kamala Harris that might make you want to vote for her?,"-9. Refused
-8. Don’t know
-1. Inapplicable","1. Yes
2. No"
V241110,PRE: WHAT IS IT THAT R LIKES ABOUT DEMOCRATIC PRESIDENTIAL CANDIDATE [TEXT] Survey Question(s)CANDLIK_LIKEWHATDPC Universe IF THERE IS SOMETHING THAT WOULD MAKE R VOTE FOR DEMOCRATIC PRES CAND: Randomization Order of Presidential candidates for the likes-dislikes set of questions.,(What is that?),-2. Open-end responses available in separate ﬁle,
V241111,PRE: IS THERE ANYTHING R DISLIKES ABOUT DEMOCRATIC PRESIDENTIAL CANDIDATE Survey Question(s)CANDLIK_DISLDPC Randomization Order of Presidential candidates for the likes-dislikes set of questions.,Is there anything in particular about Kamala Harris that might make you want to vote against her? PRE- ELECTION SURVEY VARIABLES 61,"-9. Refused
-8. Don’t know
-1. Inapplicable","1. Yes
2. No"
V241112,PRE: WHAT IS IT THAT R DISLIKES ABOUT DEMOCRATIC PRESIDENTIAL CANDIDATE [TEXT] Survey Question(s)CANDLIK_DISLWHATDPC Universe IF THERE IS SOMETHING THAT WOULD MAKE R VOTE AGAINST DEMOCRATIC PRES CAND: Randomization Order of Presidential candidates for the likes-dislikes set of questions.,(What is that?),-2. Open-end responses available in separate ﬁle,
V241113,PRE: IS THERE ANYTHING R LIKES ABOUT REPUBLICAN PRESIDENTIAL CANDIDATE Survey Question(s)CANDLIK_LIKERPC Randomization Order of Presidential candidates for the likes-dislikes set of questions.,Is there anything in particular about Donald Trump that might make you want to vote for him?,"-9. Refused
-8. Don’t know
-1. Inapplicable","1. Yes
2. No"
V241114,PRE: WHAT IS IT THAT R LIKES ABOUT REPUBLICAN PRESIDENTIAL CANDIDATE [TEXT] 62 CODEBOOK: VARIABLES Survey Question(s)CANDLIK_LIKEWHATRPC Universe IF THERE IS SOMETHING THAT WOULD MAKE R VOTE FOR REPUBLICAN PRES CAND: Randomization Order of Presidential candidates for the likes-dislikes set of questions.,(What is that?),-2. Open-end responses available in separate ﬁle,
V241115,PRE: IS THERE ANYTHING R DISLIKES ABOUT REPUBLICAN PRESIDENTIAL CANDIDATE Survey Question(s)CANDLIK_DISLRPC Randomization Order of Presidential candidates for the likes-dislikes set of questions.,Is there anything in particular about Donald Trump that might make you want to vote against him?,"-9. Refused
-1. Inapplicable","1. Yes
2. No"
V241116,PRE: WHAT IS IT THAT R DISLIKES ABOUT REPUBLICAN PRESIDENTIAL CANDIDATE [TEXT] Survey Question(s)CANDLIK_DISLWHATRPC Universe IF THERE IS SOMETHING THAT WOULD MAKE R VOTE AGAINST REPUBLICAN PRES CAND: Randomization Order of Presidential candidates for the likes-dislikes set of questions.,(What is that?),-2. Open-end responses available in separate ﬁle,
V241117,PRE: ARE THINGS IN THE COUNTRY ON RIGHT TRACK Survey Question(s)EMOTION_TRACK,"Do you feel things in this country are generally going in the right direction, or do you feel things have pretty seriously gotten oﬀ on the wrong track? PRE- ELECTION SURVEY VARIABLES 63","-9. Refused
-8. Don’t know
-1. Inapplicable","1. Right direction
2. Wrong track"
V241118,"PRE: HOW HOPEFUL R FEELS ABOUT HOW THINGS ARE GOING IN THE COUNTRY Survey Question(s)EMOTION_EMOTHOPE Randomization Order of all items in EMOTION submodule after TRACK (EMOTHOPE, EMOTAFRAID, EMOTRAGE, EMOTANGRY , EMOTHAPPY , EMOTWORRY , EMOTPROUD, EMOTIRRIT, EMOTNERV) Response OrderForward/Reverse order","How hopeful do you feel about how things are going in the country? [Not at all, a little, somewhat, very, extremely / Extremely, very, somewhat, a little, not at all]?","-9. Refused
-8. Don’t know
-1. Inapplicable","1. Not at all
2. A little
3. Somewhat
4. Very
5. Extremely"
V241119,"PRE: HOW AFRAID R FEELS ABOUT HOW THINGS ARE GOING IN THE COUNTRY 64 CODEBOOK: VARIABLES Survey Question(s)EMOTION_EMOTAFRAID Randomization Order of all items in EMOTION submodule after TRACK (EMOTHOPE, EMOTAFRAID, EMOTRAGE, EMOTANGRY , EMOTHAPPY , EMOTWORRY , EMOTPROUD, EMOTIRRIT, EMOTNERV) Response OrderForward/Reverse order","How afraid do you feel about how things are going in the country? [Not at all, a little, somewhat, very, extremely / Extremely, very, somewhat, a little, not at all]?","-9. Refused
-8. Don’t know
-1. Inapplicable","1. Not at all
2. A little
3. Somewhat
4. Very
5. Extremely"
V241120,"PRE: HOW OUTRAGED R FEELS ABOUT HOW THINGS ARE GOING IN THE COUNTRY Survey Question(s)EMOTION_EMOTRAGE Randomization Order of all items in EMOTION submodule after TRACK (EMOTHOPE, EMOTAFRAID, EMOTRAGE, EMOTANGRY , EMOTHAPPY , EMOTWORRY , EMOTPROUD, EMOTIRRIT, EMOTNERV) Response OrderForward/Reverse order","How outraged do you feel about how things are going in the country? [Not at all, a little, somewhat, very, extremely / Extremely, very, somewhat, a little, not at all]?","-9. Refused
-8. Don’t know
-1. Inapplicable","1. Not at all
2. A little
3. Somewhat
4. Very
5. Extremely"
V241121,"PRE: HOW ANGRY R FEELS ABOUT HOW THINGS ARE GOING IN THE COUNTRY Survey Question(s)EMOTION_EMOTANGRY PRE- ELECTION SURVEY VARIABLES 65 Randomization Order of all items in EMOTION submodule after TRACK (EMOTHOPE, EMOTAFRAID, EMOTRAGE, EMOTANGRY , EMOTHAPPY , EMOTWORRY , EMOTPROUD, EMOTIRRIT, EMOTNERV) Response OrderForward/Reverse order","How angry do you feel about how things are going in the country? [Not at all, a little, somewhat, very, extremely / Extremely, very, somewhat, a little, not at all]?","-9. Refused
-8. Don’t know
-1. Inapplicable","1. Not at all
2. A little
3. Somewhat
4. Very
5. Extremely"
V241122,"PRE: HOW HAPPY R FEELS ABOUT HOW THINGS ARE GOING IN THE COUNTRY Survey Question(s)EMOTION_EMOTHAPPY Randomization Order of all items in EMOTION submodule after TRACK (EMOTHOPE, EMOTAFRAID, EMOTRAGE, EMOTANGRY , EMOTHAPPY , EMOTWORRY , EMOTPROUD, EMOTIRRIT, EMOTNERV) Response OrderForward/Reverse order","How happy do you feel about how things are going in the country? [Not at all, a little, somewhat, very, extremely / Extremely, very, somewhat, a little, not at all]?","-9. Refused
-8. Don’t know
-1. Inapplicable","1. Not at all
2. A little
3. Somewhat
4. Very
5. Extremely"
V241123,"PRE: HOW WORRIED R FEELS ABOUT HOW THINGS ARE GOING IN THE COUNTRY Survey Question(s)EMOTION_EMOTWORRY 66 CODEBOOK: VARIABLES Randomization Order of all items in EMOTION submodule after TRACK (EMOTHOPE, EMOTAFRAID, EMOTRAGE, EMOTANGRY , EMOTHAPPY , EMOTWORRY , EMOTPROUD, EMOTIRRIT, EMOTNERV) Response OrderForward/Reverse order","How worried do you feel about how things are going in the country? [Not at all, a little, somewhat, very, extremely / Extremely, very, somewhat, a little, not at all]?","-9. Refused
-8. Don’t know
-1. Inapplicable","1. Not at all
2. A little
3. Somewhat
4. Very
5. Extremely"
V241124,"PRE: HOW PROUD R FEELS ABOUT HOW THINGS ARE GOING IN THE COUNTRY Survey Question(s)EMOTION_EMOTPROUD Randomization Order of all items in EMOTION submodule after TRACK (EMOTHOPE, EMOTAFRAID, EMOTRAGE, EMOTANGRY , EMOTHAPPY , EMOTWORRY , EMOTPROUD, EMOTIRRIT, EMOTNERV) Response OrderForward/Reverse order","How proud do you feel about how things are going in the country? [Not at all, a little, somewhat, very, extremely / Extremely, very, somewhat, a little, not at all]?","-9. Refused
-8. Don’t know
-1. Inapplicable","1. Not at all
2. A little
3. Somewhat
4. Very
5. Extremely"
V241125,"PRE: HOW IRRITATED R FEELS ABOUT HOW THINGS ARE GOING IN THE COUNTRY Survey Question(s)EMOTION_EMOTIRRIT PRE- ELECTION SURVEY VARIABLES 67 Randomization Order of all items in EMOTION submodule after TRACK (EMOTHOPE, EMOTAFRAID, EMOTRAGE, EMOTANGRY , EMOTHAPPY , EMOTWORRY , EMOTPROUD, EMOTIRRIT, EMOTNERV) Response OrderForward/Reverse order","How irritated do you feel about how things are going in the country? [Not at all, a little, somewhat, very, extremely / Extremely, very, somewhat, a little, not at all]?","-9. Refused
-8. Don’t know
-1. Inapplicable","1. Not at all
2. A little
3. Somewhat
4. Very
5. Extremely"
V241126,"PRE: HOW NERVOUS R FEELS ABOUT HOW THINGS ARE GOING IN THE COUNTRY Survey Question(s)EMOTION_EMOTNERV Randomization Order of all items in EMOTION submodule after TRACK (EMOTHOPE, EMOTAFRAID, EMOTRAGE, EMOTANGRY , EMOTHAPPY , EMOTWORRY , EMOTPROUD, EMOTIRRIT, EMOTNERV) Response OrderForward/Reverse order","How nervous do you feel about how things are going in the country? [Not at all, a little, somewhat, very, extremely / Extremely, very, somewhat, a little, not at all]?","-9. Refused
-8. Don’t know
-1. Inapplicable","1. Not at all
2. A little
3. Somewhat
4. Very
5. Extremely"
V241127,PRE: APPROVAL OF CONGRESS HANDLING ITS JOB Survey Question(s)CONGAPP_CONGJOB,Do you approve or disapprove of the way the U.S. Congress has been handling its job?,"-9. Refused
-8. Don’t know
-1. Inapplicable","1. Approve
2. Disapprove"
V241128,PRE: HOW MUCH APPROVE/DISAPPROVE CONGRESS HANDLING ITS JOB 68 CODEBOOK: VARIABLES Survey Question(s)CONGAPP_CONGJOBST Universe IF R APPROVES U.S. CONGRESS HANDLING ITS JOB / IF R DISAPPROVES U.S. CONGRESS HANDLING ITS JOB:,Do you [approve/disapprove] strongly or not strongly?,"-9. Refused
-8. Don’t know
-1. Inapplicable","1. Strongly
2. Not strongly"
V241129x,"PRE: SUMMARY: APPROVAL OF CONGRESS HANDLING ITS JOB Survey Question(s)CONGAPP_CONGJOB, CONGAPP_CONGJOBST",,"-2. DK/RF in V241127 or V241128
-1. Inapplicable","1. Approve strongly
2. Approve not strongly
3. Disapprove not strongly
4. Disapprove strongly"
V241130,PRE: APPROVAL OF SUPREME COURT HANDLING ITS JOB Survey Question(s)COURTAPP_COURTJOB,Do you approve or disapprove of the way the Supreme Court has been handling its job?,"-9. Refused
-8. Don’t know
-1. Inapplicable","1. Approve
2. Disapprove"
V241131,PRE: HOW MUCH APPROVE/DISAPPROVE SUPREME COURT HANDLING ITS JOB Survey Question(s)COURTAPP_COURTJOBSTR Universe IF R APPROVES SUPREME COURT HANDLING ITS JOB / IF R DISAPPROVES SUPREME COURT HANDLING ITS JOB:,Do you [approve/disapprove] strongly or not strongly? PRE- ELECTION SURVEY VARIABLES 69,"-9. Refused
-8. Don’t know
-1. Inapplicable","1. Strongly
2. Not strongly"
V241132,PRE: PAPER: APPROVE OR DISAPPROVE SUPREME COURT HANDLING ITS JOB Survey Question(s)PAPI PRE Q29,Do you approve or disapprove of the way the Supreme Court has been handling its job?,"-9. Refused
-1. Inapplicable","1. Approve strongly
2. Approve not strongly
3. Disapprove not strongly
4. Disapprove strongly"
V241133x,"PRE: SUMMARY: APPROVAL OF SUPREME COURT HANDLING ITS JOB Survey Question(s)CONGAPP_CONGJOB, CONGAPP_CONGJOBST, PAPI PRE Q29",,"-2. DK/RF in V241130, V241131, or V241132","1. Approve strongly
2. Approve not strongly
3. Disapprove not strongly
4. Disapprove strongly"
V241134,PRE: APPROVE OR DISAPPROVE PRESIDENT HANDLING JOB Survey Question(s)PRESAPP_APPPRES,Do you approve or disapprove of the way Joe Biden is handling his job as President? 70 CODEBOOK: VARIABLES,"-9. Refused
-8. Don’t know
-1. Inapplicable","1. Approve
2. Disapprove"
V241135,PRE: HOW MUCH APPROVE/DISAPPROVE PRESIDENT HANDLING JOB Survey Question(s)PRESAPP_APPDISSTR Universe IF R APPROVES JOE BIDEN HANDLING JOB AS PRESIDENT / IF R DISAPPROVES JOE BIDEN HANDLING JOB AS PRESIDENT:,Do you approve strongly or not strongly? / Do you disapprove strongly or not strongly?,"-9. Refused
-8. Don’t know
-1. Inapplicable","1. Strongly
2. Not strongly"
V241136,PRE: PAPER: APPROVE OR DISAPPROVE PRESIDENT HANDLING JOB Survey Question(s)PAPI PRE Q12,How strongly do you approve or disapprove of the way Joe Biden is handling his job as President?,"-9. Refused
-1. Inapplicable","1. Approve strongly
2. Approve not strongly
3. Disapprove not strongly
4. Disapprove strongly"
V241137x,"PRE: SUMMARY: APPROVE OR DISAPPROVE PRESIDENT HANDLING JOB PRE- ELECTION SURVEY VARIABLES 71 Survey Question(s)PRESAPP_APPPRES, PRESAPP_APPDISSTR, PAPI PRE Q12",,"-2. DK/RF in V241134, V241135 or V241136","1. Approve strongly
2. Approve not strongly
3. Disapprove not strongly
4. Disapprove strongly"
V241138,PRE: APPROVAL OF VICE PRESIDENT HANDLING JOB Survey Question(s)PRESAPP_APPVP,Do you approve or disapprove of the way Kamala Harris is handling her job as Vice President?,"-9. Refused
-8. Don’t know
-1. Inapplicable","1. Approve
2. Disapprove"
V241139,PRE: HOW MUCH APPROVE/DISAPPROVE VICE PRESIDENT HANDLING JOB Survey Question(s)PRESAPP_APPVPSTR Universe IF R APPROVES KAMALA HARRIS HANDLING JOB AS VICE PRESIDENT / IF R DISAPPROVES KAMALA HARRIS HANDLING JOB AS VICE PRESIDENT:,Do you approve strongly or not strongly? / Do you disapprove strongly or not strongly?,"-9. Refused
-8. Don’t know
-1. Inapplicable","1. Strongly
2. Not strongly"
V241140x,"PRE: SUMMARY: APPROVAL OF VICE PRESIDENT HANDLING JOB 72 CODEBOOK: VARIABLES Survey Question(s)PRESAPP_APPVP , PRESAPP_APPVPSTR",,"-2. DK/RF in V241138 or V241139
-1. Inapplicable","1. Approve strongly
2. Approve not strongly
3. Disapprove not strongly
4. Disapprove strongly"
V241141,PRE: APPROVE OR DISAPPROVE PRESIDENT HANDLING ECONOMY Survey Question(s)PRESAPP_ECONPRES,Do you approve or disapprove of the way Joe Biden is handling the economy?,"-9. Refused
-8. Don’t know
-1. Inapplicable","1. Approve
2. Disapprove"
V241142,PRE: HOW MUCH APPROVE/DISAPPROVE PRESIDENT HANDLING ECONOMY Survey Question(s)PRESAPP_ECONPRESST Universe IF R APPROVES JOE BIDEN HANDLING ECONOMY / IF R DISAPPROVES JOE BIDEN HANDLING ECONOMY:,Do you approve strongly or not strongly? / Do you disapprove strongly or not strongly?,"-9. Refused
-8. Don’t know
-1. Inapplicable","1. Strongly
2. Not strongly"
V241143x,"PRE: SUMMARY: APPROVE OR DISAPPROVE PRESIDENT HANDLING ECONOMY PRE- ELECTION SURVEY VARIABLES 73 Survey Question(s)PRESAPP_ECONPRES, PRESAPP_ECONPRESST",,"-2. DK/RF in V241141 or V241142
-1. Inapplicable","1. Approve strongly
2. Approve not strongly
3. Disapprove not strongly
4. Disapprove strongly"
V241144,PRE: APPROVE OR DISAPPROVE PRESIDENT HANDLING FOREIGN RELATIONS Survey Question(s)PRESAPP_FRNPRES,Do you approve or disapprove of the way Joe Biden is handling relations with foreign countries?,"-9. Refused
-8. Don’t know
-1. Inapplicable","1. Approve
2. Disapprove"
V241145,PRE: HOW MUCH APPROVE/DISAPPROVE PRESIDENT HANDLING FOREIGN RELATIONS Survey Question(s)PRESAPP_FRNPRESST Universe IF R APPROVES JOE BIDEN HANDLING FOREIGN RELATIONS / IF R DISAPPROVES JOE BIDEN HANDLING FOREIGN RELATIONS:,Do you approve strongly or not strongly? / Do you disapprove strongly or not strongly?,"-9. Refused
-1. Inapplicable","1. Strongly
2. Not strongly"
V241146x,"PRE: SUMMARY: APPROVE OR DISAPPROVE PRESIDENT HANDLING FOREIGN RELATIONS 74 CODEBOOK: VARIABLES Survey Question(s)PRESAPP_FRNPRES, PRESAPP_FRNPRESST",,"-2. DK/RF in V241144 or V241145
-1. Inapplicable","1. Approve strongly
2. Approve not strongly
3. Disapprove not strongly
4. Disapprove strongly"
V241147,PRE: APPROVE OR DISAPPROVE PRESIDENT HANDLING ABORTION POLICY Survey Question(s)PRESAPP_ABRTPRES,Do you approve or disapprove of the way Joe Biden is handling abortion policy?,"-9. Refused
-8. Don’t know
-1. Inapplicable","1. Approve
2. Disapprove"
V241148,PRE: HOW MUCH APPROVE/DISAPPROVE PRESIDENT HANDLING ABORTION POLICY Survey Question(s)PRESAPP_ABRTPRESST Universe IF R APPROVES JOE BIDEN HANDLING ABORTION POLICY / IF R DISAPPROVES JOE BIDEN HANDLING ABORTION POLICY:,Do you approve strongly or not strongly? / Do you disapprove strongly or not strongly?,"-9. Refused
-8. Don’t know
-1. Inapplicable","1. Strongly
2. Not strongly"
V241149x,"PRE: SUMMARY: APPROVE OR DISAPPROVE PRESIDENT HANDLING ABORTION POLICY PRE- ELECTION SURVEY VARIABLES 75 Survey Question(s)PRESAPP_ABRTPRES, PRESAPP_ABRTPRESST",,"-2. DK/RF in V241147 or V241148
-1. Inapplicable","1. Approve strongly
2. Approve not strongly
3. Disapprove not strongly
4. Disapprove strongly"
V241150,PRE: APPROVE OR DISSAPROVE PRESIDENT HANDLING IMMIGRATION Survey Question(s)PRESAPP_IMMIGPRES,Do you approve or disapprove of the way Joe Biden is handling immigration?,"-9. Refused
-8. Don’t know
-1. Inapplicable","1. Approve
2. Disapprove"
V241151,PRE: HOW MUCH APPROVE/DISAPPROVE PRESIDENT HANDLING IMMIGRATION Survey Question(s)PRESAPP_IMMIGPRESST Universe IF R APPROVES JOE BIDEN HANDLING OF IMMIGRATION / IF R DISAPPROVES JOE BIDEN HANDLING OF IMMIGRATION:,Do you approve strongly or not strongly? / Do you disapprove strongly or not strongly?,"-9. Refused
-8. Don’t know
-1. Inapplicable","1. Strongly
2. Not strongly"
V241152x,"PRE: SUMMARY: APPROVE OR DISSAPROVE PRESIDENT HANDLING IMMIGRATION 76 CODEBOOK: VARIABLES Survey Question(s)PRESAPP_IMMIGPRES, PRESAPP_IMMIGPRESST",,"-2. DK/RF in V241150 or V241151
-1. Inapplicable","1. Approve strongly
2. Approve not strongly
3. Disapprove not strongly
4. Disapprove strongly"
V241153,PRE: APPROVE OR DISAPPROVE PRESIDENT HANDLING CRIME Survey Question(s)PRESAPP_CRIMEPRES,Do you approve or disapprove of the way Joe Biden is handling crime?,"-9. Refused
-8. Don’t know
-1. Inapplicable","1. Approve
2. Disapprove"
V241154,PRE: HOW MUCH APPROVE/DISAPPROVE PRESIDENT HANDLING CRIME Survey Question(s)PRESAPP_CRIMEPRESSTR Universe ASK IF R APPROVES JOE BIDEN HANDLING OF CRIME / ASK IF R DISAPPROVES JOE BIDEN HANDLING OF CRIME:,Do you approve strongly or not strongly? / Do you disapprove strongly or not strongly?,"-9. Refused
-8. Don’t know
-1. Inapplicable","1. Strongly
2. Not strongly"
V241155x,"PRE: SUMMARY: APPROVE OR DISAPPROVE PRESIDENT HANDLING CRIME PRE- ELECTION SURVEY VARIABLES 77 Survey Question(s)PRESAPP_CRIMEPRES, PRESAPP_CRIMEPRESSTR",,"-2. DK/RF in V241153 or V241154
-1. Inapplicable","1. Approve strongly
2. Approve not strongly
3. Disapprove not strongly
4. Disapprove strongly"
V241156,"PRE: FEELING THERMOMETER: KAMALA HARRIS, DEMOCRATIC PRESIDENTIAL CANDIDATE Survey Question(s) THERMPRE_THDPC, PAPI PRE Q15 Note: The following speciﬁcations were implemented exclusively in the computerized survey instrument and are not applicable to the paper questionnaire. Randomization Order of Presidential cand + Biden thermometers (ﬁrst three items of the THERMPRE submodule)",(How would you rate:) Kamala Harris,"-9. Refused
-8. Don’t know",
V241157,"PRE: FEELING THERMOMETER: DONALD TRUMP , REPUBLICAN PRESIDENTIAL CANDIDATE Survey Question(s) THERMPRE_THRPC, PAPI PRE Q14 Note: The following speciﬁcations were implemented exclusively in the computerized survey instrument and are not applicable to the paper questionnaire. Randomization Order of Presidential cand + Biden thermometers (ﬁrst three items of the THERMPRE submodule)",(How would you rate:) Donald Trump,"-9. Refused
-8. Don’t know
-1. Inapplicable",
V241158,"PRE: FEELING THERMOMETER: JOE BIDEN Survey Question(s) THERMPRE_THBIDEN, PAPI PRE Q13 Note: The following speciﬁcations were implemented exclusively in the computerized survey instrument and are not applicable to the paper questionnaire. Randomization Order of Presidential cand + Biden thermometers (ﬁrst three items of the THERMPRE submodule)",(How would you rate:) Joe Biden 78 CODEBOOK: VARIABLES,"-9. Refused
-8. Don’t know",
V241159,"PRE: FEELING THERMOMETER: ROBERT KENNEDY , JR. Survey Question(s) THERMPRE_THRRFK, PAPI PRE Q21 Note: The following speciﬁcations were implemented exclusively in the computerized survey instrument and are not applicable to the paper questionnaire. Randomization Randomize order of the following group: THRRFK, THSHAPIRO, THWHITMER, THKELLY , THCOOPER, THDVPC, THRVPC",(How would you rate:) Robert F . Kennedy Jr.,"-9. Refused
-8. Don’t know
-1. Inapplicable",
V241160,"PRE: FEELING THERMOMETER: JOSH SHAPIRO Survey Question(s)THERMPRE_THSHAPIRO Randomization Randomize order of the following group: THRRFK, THSHAPIRO, THWHITMER, THKELLY , THCOOPER, THDVPC, THRVPC",(How would you rate:) Josh Shapiro,"-9. Refused
-8. Don’t know
-1. Inapplicable",
V241161,"PRE: FEELING THERMOMETER: GRETCHEN WHITMER Survey Question(s)THERMPRE_THWHITMER Randomization Randomize order of the following group: THRRFK, THSHAPIRO, THWHITMER, THKELLY , THCOOPER, THDVPC, THRVPC",(How would you rate:) Gretchen Whitmer PRE- ELECTION SURVEY VARIABLES 79,"-9. Refused
-8. Don’t know
-1. Inapplicable",
V241162,"PRE: FEELING THERMOMETER: MARK KELLY Survey Question(s)THERMPRE_THKELLY Randomization Randomize order of the following group: THRRFK, THSHAPIRO, THWHITMER, THKELLY , THCOOPER, THDVPC, THRVPC",(How would you rate:) Mark Kelly,"-9. Refused
-8. Don’t know
-1. Inapplicable",
V241163,"PRE: FEELING THERMOMETER: ROY COOPER Survey Question(s)THERMPRE_THCOOPER Randomization Randomize order of the following group: THRRFK, THSHAPIRO, THWHITMER, THKELLY , THCOOPER, THDVPC, THRVPC",(How would you rate:) Roy Cooper,"-9. Refused
-8. Don’t know
-1. Inapplicable",
V241164,"PRE: FEELING THERMOMETER: J.D. VANCE, REPUBLICAN VICE-PRESIDENTIAL CANDIDATE Survey Question(s) THERMPRE_THRVPC, PAPI PRE Q16 Note: The following speciﬁcations were implemented exclusively in the computerized survey instrument and are not applicable to the paper questionnaire. 80 CODEBOOK: VARIABLES Randomization Randomize order of the following group: THRRFK, THSHAPIRO, THWHITMER, THKELLY , THCOOPER, THDVPC, THRVPC",(How would you rate:) J.D. Vance,"-9. Refused
-8. Don’t know",
V241165,"PRE: FEELING THERMOMETER: TIM WALZ, DEMOCRATIC VICE-PRESIDENTIAL CANDIDATE Survey Question(s) THERMPRE_THDVPC, PAPI PRE Q17 Note: The following speciﬁcations were implemented exclusively in the computerized survey instrument and are not applicable to the paper questionnaire. Randomization Randomize order of the following group: THRRFK, THSHAPIRO, THWHITMER, THKELLY , THCOOPER, THDVPC, THRVPC",(How would you rate:) Tim Walz,"-9. Refused
-8. Don’t know
-1. Inapplicable",
V241166,"PRE: FEELING THERMOMETER: DEMOCRATIC PARTY Survey Question(s) THERMPRE_THDPTY , PAPI PRE Q18 Note: The following speciﬁcations were implemented exclusively in the computerized survey instrument and are not applicable to the paper questionnaire. Randomization Order of major party thermometers after all individual ﬁgure thermometers",(How would you rate:) the Democratic Party,"-9. Refused
-8. Don’t know",
V241167,"PRE: FEELING THERMOMETER: REPUBLICAN PARTY Survey Question(s) THERMPRE_THRPTY , PAPI PRE Q19 Note: The following speciﬁcations were implemented exclusively in the computerized survey instrument and are not applicable to the paper questionnaire. PRE- ELECTION SURVEY VARIABLES 81 Randomization Order of major party thermometers after all individual ﬁgure thermometers",(How would you rate:) the Republican Party,"-9. Refused
-8. Don’t know
-1. Inapplicable",
V241168,PRE: PAPER: FEELING THERMOMETER: MAGA MOVEMENT Survey Question(s)PAPI PRE Q20,How would you rate the MAGA movement?,-1. Inapplicable,
V241169,PRE: IS THERE ANYTHING R LIKES ABOUT DEMOCRATIC PARTY Survey Question(s)PTYLIK_LIKDP Randomization Order of major parties for the likes-dislikes set of questions.,Is there anything in particular that you like about the Democratic party?,"-9. Refused
-8. Don’t know
-1. Inapplicable","1. Yes
2. No"
V241170,PRE: WHAT DOES R LIKE ABOUT DEMOCRATIC PARTY [TEXT] Survey Question(s)PTYLIK_LWHATDP Universe IF R SAYS THERE IS SOMETHING THAT R LIKES ABOUT DEMOCRATIC PARTY: Randomization Order of major parties for the likes-dislikes set of questions.,(What is that?),-2. Open-end responses available in separate ﬁle,
V241171,PRE: IS THERE ANYTHING R DISLIKES ABOUT DEMOCRATIC PARTY 82 CODEBOOK: VARIABLES Survey Question(s)PTYLIK_DISLDP Randomization Order of major parties for the likes-dislikes set of questions.,Is there anything in particular that you don’t like about the Democratic party?,"-9. Refused
-8. Don’t know
-1. Inapplicable","1. Yes
2. No"
V241172,PRE: WHAT DOES R DISLIKE ABOUT THE DEMOCRATIC PARTY [TEXT] Survey Question(s)PTYLIK_DWHATDP Universe IF R SAYS THERE IS SOMETHING THAT R DISLIKES ABOUT DEMOCRATIC PARTY: Randomization Order of major parties for the likes-dislikes set of questions.,(What is that?),-2. Open-end responses available in separate ﬁle,
V241173,PRE: IS THERE ANYTHING R LIKES ABOUT REPUBLICAN PARTY Survey Question(s)PTYLIK_LIKRP Randomization Order of major parties for the likes-dislikes set of questions.,Is there anything in particular that you like about the Republican party?,"-9. Refused
-8. Don’t know
-1. Inapplicable","1. Yes
2. No"
V241174,PRE: WHAT DOES R LIKE ABOUT REPUBLICAN PARTY [TEXT] Survey Question(s)PTYLIK_LWHATRP Universe IF R SAYS THERE IS SOMETHING THAT R LIKES ABOUT REPUBLICAN PARTY: Randomization Order of major parties for the likes-dislikes set of questions.,(What is that?) PRE- ELECTION SURVEY VARIABLES 83,-2. Open-end responses available in separate ﬁle,
V241175,PRE: IS THERE ANYTHING R DISLIKES ABOUT REPUBLICAN PARTY Survey Question(s)PTYLIK_DISLRP Randomization Order of major parties for the likes-dislikes set of questions.,Is there anything in particular that you don’t like about the Republican party?,"-9. Refused
-8. Don’t know
-1. Inapplicable","1. Yes
2. No"
V241176,PRE: WHAT DOES R DISLIKE ABOUT THE REPUBLICAN PARTY [TEXT] Survey Question(s)PTYLIK_DWHATRP Universe IF R SAYS THERE IS SOMETHING THAT R DISLIKES ABOUT REPUBLICAN PARTY: Randomization Order of major parties for the likes-dislikes set of questions.,(What is that?),-2. Open-end responses available in separate ﬁle,
V241177,"PRE: 7PT SCALE LIBERAL-CONSERVATIVE SELF- PLACEMENT Survey Question(s) LIBCPRE_LCSELF , PAPI PRE Q44 Note: The following speciﬁcations were implemented exclusively in the computerized survey instrument and are not applicable to the paper questionnaire.","Where would you place yourself on this scale, or haven’t you thought much about this? 84 CODEBOOK: VARIABLES","-9. Refused
-4. Error","1. Extremely liberal
2. Liberal
3. Slightly liberal
4. Moderate; middle of the road
5. Slightly conservative
6. Conservative
7. Extremely conservative
99. Haven’t thought much about this"
V241178,"PRE: IF R HAD TO CHOOSE LIBERAL OR CONSERVATIVE SELF-PLACEMENT Survey Question(s)LIBCPRE_LCCHOOSE Universe IF LIBERAL-CONSERVATIVE SELF-PLACEMENT IS MODERATE, DK, OR HAVEN’T THOUGHT:","If you had to choose, would you consider yourself a liberal or a conservative?","-9. Refused
-8. Don’t know
-1. Inapplicable","1. Liberal
2. Conservative"
V241179,"PRE: 7PT SCALE LIBERAL-CONSERVATIVE: DEMOCRATIC PRESIDENTIAL CANDIDATE Survey Question(s) LIBCPRE_LCDPC, PAPI PRE Q44 Note: The following speciﬁcations were implemented exclusively in the computerized survey instrument and are not applicable to the paper questionnaire. Randomization Order of Presidential cand liberal-conservative scale placements",Where would you place Kamala Harris on this scale? PRE- ELECTION SURVEY VARIABLES 85,"-9. Refused
-8. Don’t know
-4. Error
-1. Inapplicable","1. Extremely liberal
2. Liberal
3. Slightly liberal
4. Moderate; middle of the road
5. Slightly conservative
6. Conservative
7. Extremely conservative
99. Haven’t thought much about this"
V241180,"PRE: 7PT SCALE LIBERAL-CONSERVATIVE: REPUBLICAN PRESIDENTIAL CANDIDATE Survey Question(s) LIBCPRE_LCRPC, PAPI PRE Q44 Note: The following speciﬁcations were implemented exclusively in the computerized survey instrument and are not applicable to the paper questionnaire. Randomization Order of Presidential cand liberal-conservative scale placements",Where would you place Donald Trump on this scale?,"-9. Refused
-8. Don’t know
-4. Error
-1. Inapplicable","1. Extremely liberal
2. Liberal
3. Slightly liberal
4. Moderate; middle of the road
5. Slightly conservative
6. Conservative
7. Extremely conservative
99. Haven’t thought much about this"
V241181,PRE: 7PT SCALE LIBERAL-CONSERVATIVE: DEMOCRATIC HOUSE CANDIDATE 86 CODEBOOK: VARIABLES Survey Question(s)LIBCPRE_LIBCHDC Randomization Order of House candidate liberal-conservative placements Response OrderRandomize 2 major parties,Where would you place the Democratic Party candidate in your district for the U.S. House of Representatives on this scale?,"-9. Refused
-8. Don’t know
-1. Inapplicable","1. Extremely liberal
2. Liberal
3. Slightly liberal
4. Moderate; middle of the road
5. Slightly conservative
6. Conservative
7. Extremely conservative
9. No such candidate"
V241182,PRE: 7PT SCALE LIBERAL-CONSERVATIVE: REPUBLICAN HOUSE CANDIDATE Survey Question(s)LIBCPRE_LIBCHRC Randomization Order of House candidate liberal-conservative placements Response OrderRandomize 2 major parties,Where would you place the Republican Party candidate in your district for the U.S. House of Representatives on this scale?,"-9. Refused
-8. Don’t know
-1. Inapplicable","1. Extremely liberal
2. Liberal
3. Slightly liberal
4. Moderate; middle of the road
5. Slightly conservative
6. Conservative
7. Extremely conservative
9. No such candidate"
V241183,PRE: 7PT SCALE LIBERAL-CONSERVATIVE: DEMOCRATIC PARTY Survey Question(s)LIBCPRE_LCPTYD Randomization Order of party liberal-conservative scale placements,Where would you place the Democratic Party on this scale? PRE- ELECTION SURVEY VARIABLES 87,"-9. Refused
-8. Don’t know
-1. Inapplicable","1. Extremely liberal
2. Liberal
3. Slightly liberal
4. Moderate; middle of the road
5. Slightly conservative
6. Conservative
7. Extremely conservative"
V241184,PRE: 7PT SCALE LIBERAL-CONSERVATIVE: REPUBLICAN PARTY Survey Question(s)LIBCPRE_LCPTYR Randomization Order of party liberal-conservative scale placements,Where would you place the Republican Party on this scale?,"-9. Refused
-8. Don’t know
-1. Inapplicable","1. Extremely liberal
2. Liberal
3. Slightly liberal
4. Moderate; middle of the road
5. Slightly conservative
6. Conservative
7. Extremely conservative"
V241185,PRE: APPROVE OR DISAPPROVE OF JOE BIDEN DROPPING FROM PRESIDENTIAL RACE Survey Question(s)CAND_BIDENDROP 88 CODEBOOK: VARIABLES,Do you approve or disapprove of Joe Biden dropping out of the presidential race?,"-9. Refused
-8. Don’t know
-1. Inapplicable","1. Approve
2. Disapprove"
V241186,PRE: HOW STRONGLY APPROVE/DISAPPROVE OF BIDEN DROPPING FROM PRESIDENTIAL RACE Survey Question(s)CAND_BIDENDROPSTR Universe IF R APPROVES BIDEN DROPPING OUT OF PRESIDENTIAL RACE / IF R DISAPPROVES BIDEN DROPPING OUT OF PRESIDENTIAL RACE: Response OrderForward/Reverse order,Do you approve strongly or not strongly? / Do you disapprove strongly or not strongly?,"-9. Refused
-8. Don’t know
-1. Inapplicable","1. Strongly
2. Not strongly"
V241187x,"PRE: SUMMARY: APPROVE OR DISAPPROVE OF BIDEN DROPPING FROM PRESIDENTIAL RACE Survey Question(s)CAND_BIDENDROP , CAND_BIDENDROPSTR",,"-2. DK/RF in V241185 or V241186
-1. Inapplicable","1. Approve strongly
2. Approve not strongly
3. Disapprove not strongly
4. Disapprove strongly"
V241200,PRE: DEMOCRATIC PRESIDENTIAL CANDIDATE TRAIT: STRONG LEADERSHIP Survey Question(s)CTRAIT_DPCLEAD Universe IF TRAIT IS 1ST TRAIT FOR DEMOCRATIC PRESIDENTIAL CANDIDATE / IF TRAIT IS NOT 1ST TRAIT FOR DEMOCRATIC PRESIDENTIAL CANDIDATE: Randomization Order of Presidential cands for sets of traits; order of traits administered for each candidate. Traits should be randomized in the same order for each candidate. Response OrderForward/Reverse order,"[Think about Kamala Harris. In your opinion, does the phrase ‘she provides strong leadership’ describe Kamala Harris [extremely well, very well, moderately well, slightly well, or not well at all/ not well at all, slightly well, moderately well, very well, or extremely well]? / (What about) ‘provides strong leadership’? Does this phrase describe Kamala Harris [extremely well, very well, moderately well, slightly well, or not well at all/ not well at all, slightly well, moderately well, very well, or extremely well]?] PRE- ELECTION SURVEY VARIABLES 89","-9. Refused
-8. Don’t know
-1. Inapplicable","1. Extremely well
2. Very well
3. Moderately well
4. Slightly well
5. Not well at all"
V241201,PRE: DEMOCRATIC PRESIDENTIAL CANDIDATE TRAIT: REALLY CARES Survey Question(s)CTRAIT_DPCCARE Universe IF TRAIT IS 1ST TRAIT FOR DEMOCRATIC PRESIDENTIAL CANDIDATE / IF TRAIT IS NOT 1ST TRAIT FOR DEMOCRATIC PRESIDENTIAL CANDIDATE: Randomization Order of Presidential cands for sets of traits; order of traits administered for each candidate. Traits should be randomized in the same order for each candidate. Response OrderForward/Reverse order 90 CODEBOOK: VARIABLES,"[Think about Kamala Harris. In your opinion, does the phrase ‘she really cares about people like you’ describe Kamala Harris [extremely well, very well, moderately well, slightly well, or not well at all/ not well at all, slightly well, moderately well, very well, or extremely well]? / (What about) ‘really cares about people like you’? Does this phrase describe Kamala Harris [extremely well, very well, moderately well, slightly well, or not well at all/ not well at all, slightly well, moderately well, very well, or extremely well]?]","-9. Refused
-8. Don’t know
-1. Inapplicable","1. Extremely well
2. Very well
3. Moderately well
4. Slightly well
5. Not well at all"
V241202,PRE: DEMOCRATIC PRESIDENTIAL CANDIDATE TRAIT: KNOWLEDGEABLE Survey Question(s)CTRAIT_DPCKNOW Universe IF TRAIT IS 1ST TRAIT FOR DEMOCRATIC PRESIDENTIAL CANDIDATE / IF TRAIT IS NOT 1ST TRAIT FOR DEMOCRATIC PRESIDENTIAL CANDIDATE: Randomization Order of Presidential cands for sets of traits; order of traits administered for each candidate. Traits should be randomized in the same order for each candidate. Response OrderForward/Reverse order,"[Think about Kamala Harris. In your opinion, does the phrase ‘she is knowledgeable’ describe Kamala Harris [extremely well, very well, moderately well, slightly well, or not well at all/ not well at all, slightly well, moderately well, very well, or extremely well]? / (What about) ‘is knowledgeable’? Does this phrase describe Kamala Harris [extremely well, very well, moderately well, slightly well, or not well at all/ not well at all, slightly well, moderately well, very well, or extremely well]?]","-9. Refused
-8. Don’t know
-1. Inapplicable","1. Extremely well
2. Very well
3. Moderately well
4. Slightly well
5. Not well at all"
V241203,PRE: DEMOCRATIC PRESIDENTIAL CANDIDATE TRAIT: HONEST PRE- ELECTION SURVEY VARIABLES 91 Survey Question(s)CTRAIT_DPCHONST Universe IF TRAIT IS 1ST TRAIT FOR DEMOCRATIC PRESIDENTIAL CANDIDATE / IF TRAIT IS NOT 1ST TRAIT FOR DEMOCRATIC PRESIDENTIAL CANDIDATE: Randomization Order of Presidential cands for sets of traits; order of traits administered for each candidate. Traits should be randomized in the same order for each candidate. Response OrderForward/Reverse order,"[Think about Kamala Harris. In your opinion, does the phrase ‘she is honest’ describe Kamala Harris [extremely well, very well, moderately well, slightly well, or not well at all/ not well at all, slightly well, moderately well, very well, or extremely well]? / (What about) ‘is honest’? Does this phrase describe Kamala Harris [extremely well, very well, moderately well, slightly well, or not well at all/ not well at all, slightly well, moderately well, very well, or extremely well]?]","-9. Refused
-8. Don’t know
-1. Inapplicable","1. Extremely well
2. Very well
3. Moderately well
4. Slightly well
5. Not well at all"
V241204,PRE: DEMOCRATIC PRESIDENTIAL CANDIDATE TRAIT: ENERGETIC Survey Question(s)CTRAIT_DPCENERG Universe IF TRAIT IS 1ST TRAIT FOR DEMOCRATIC PRESIDENTIAL CANDIDATE / IF TRAIT IS NOT 1ST TRAIT FOR DEMOCRATIC PRESIDENTIAL CANDIDATE: Randomization Order of Presidential cands for sets of traits; order of traits administered for each candidate. Traits should be randomized in the same order for each candidate. Response OrderForward/Reverse order,"[Think about Kamala Harris. In your opinion, does the phrase ‘she is energetic’ describe Kamala Harris [extremely well, very well, moderately well, slightly well, or not well at all/ not well at all, slightly well, moderately well, very well, or extremely well]? / (What about) ‘is energetic’? Does this phrase describe Kamala Harris [extremely well, very well, moderately well, slightly well, or not well at all/ not well at all, slightly well, moderately well, very well, or extremely well]?]","-9. Refused
-8. Don’t know
-1. Inapplicable","1. Extremely well
2. Very well
3. Moderately well
4. Slightly well
5. Not well at all"
V241205,PRE: REPUBLICAN PRESIDENTIAL CANDIDATE TRAIT: STRONG LEADERSHIP 92 CODEBOOK: VARIABLES Survey Question(s)CTRAIT_RPCLEAD Universe IF TRAIT IS 1ST TRAIT FOR REPUBLICAN PRESIDENTIAL CANDIDATE / IF TRAIT IS NOT 1ST TRAIT FOR REPUBLICAN PRESIDENTIAL CANDIDATE: Randomization Order of Presidential cands for sets of traits; order of traits administered for each candidate. Traits should be randomized in the same order for each candidate. Response OrderForward/Reverse order,"[Think about Donald Trump. In your opinion, does the phrase ‘he provides strong leadership’ describe Donald Trump [extremely well, very well, moderately well, slightly well, or not well at all/ not well at all, slightly well, moderately well, very well, or extremely well]? / (What about) ‘provides strong leadership’? Does this phrase describe Donald Trump [extremely well, very well, moderately well, slightly well, or not well at all/ not well at all, slightly well, moderately well, very well, or extremely well]?]","-9. Refused
-8. Don’t know
-1. Inapplicable","1. Extremely well
2. Very well
3. Moderately well
4. Slightly well
5. Not well at all"
V241206,PRE: REPUBLICAN PRESIDENTIAL CANDIDATE TRAIT: REALLY CARES Survey Question(s)CTRAIT_RPCCARE PRE- ELECTION SURVEY VARIABLES 93 Universe IF TRAIT IS 1ST TRAIT FOR REPUBLICAN PRESIDENTIAL CANDIDATE / IF TRAIT IS NOT 1ST TRAIT FOR REPUBLICAN PRESIDENTIAL CANDIDATE: Randomization Order of Presidential cands for sets of traits; order of traits administered for each candidate. Traits should be randomized in the same order for each candidate. Response OrderForward/Reverse order,"[Think about Donald Trump. In your opinion, does the phrase ‘he really cares about people like you’ describe Donald Trump [extremely well, very well, moderately well, slightly well, or not well at all/ not well at all, slightly well, moderately well, very well, or extremely well]? / (What about) ‘really cares about people like you’? Does this phrase describe Donald Trump [extremely well, very well, moderately well, slightly well, or not well at all/ not well at all, slightly well, moderately well, very well, or extremely well]?]","-9. Refused
-8. Don’t know
-1. Inapplicable","1. Extremely well
2. Very well
3. Moderately well
4. Slightly well
5. Not well at all"
V241207,PRE: REPUBLICAN PRESIDENTIAL CANDIDATE TRAIT: KNOWLEDGEABLE Survey Question(s)CTRAIT_RPCKNOW Universe IF TRAIT IS 1ST TRAIT FOR REPUBLICAN PRESIDENTIAL CANDIDATE / IF TRAIT IS NOT 1ST TRAIT FOR REPUBLICAN PRESIDENTIAL CANDIDATE: Randomization Order of Presidential cands for sets of traits; order of traits administered for each candidate. Traits should be randomized in the same order for each candidate. Response OrderForward/Reverse order,"[Think about Donald Trump. In your opinion, does the phrase ‘he is knowledgeable’ describe Donald Trump [extremely well, very well, moderately well, slightly well, or not well at all/ not well at all, slightly well, moderately well, very well, or extremely well]? / (What about) ‘is knowledgeable’? Does this phrase describe Donald Trump [extremely well, very well, moderately well, slightly well, or not well at all/ not well at all, slightly well, moderately well, very well, or extremely well]?]","-9. Refused
-8. Don’t know
-1. Inapplicable","1. Extremely well
2. Very well
3. Moderately well
4. Slightly well
5. Not well at all"
V241208,PRE: REPUBLICAN PRESIDENTIAL CANDIDATE TRAIT: HONEST Survey Question(s)CTRAIT_RPCHONST Universe IF TRAIT IS 1ST TRAIT FOR REPUBLICAN PRESIDENTIAL CANDIDATE / IF TRAIT IS NOT 1ST TRAIT FOR REPUBLICAN PRESIDENTIAL CANDIDATE: Randomization Order of Presidential cands for sets of traits; order of traits administered for each candidate. Traits should be randomized in the same order for each candidate. Response OrderForward/Reverse order,"[Think about Donald Trump. In your opinion, does the phrase ‘he is honest’ describe Donald Trump [extremely well, very well, moderately well, slightly well, or not well at all/ not well at all, slightly well, moderately well, very well, or extremely well]? / (What about) ‘is honest’? Does this phrase describe Donald Trump [extremely well, very well, moderately well, slightly well, or not well at all/ not well at all, slightly well, moderately well, very well, or extremely well]?] 94 CODEBOOK: VARIABLES","-9. Refused
-8. Don’t know
-1. Inapplicable","1. Extremely well
2. Very well
3. Moderately well
4. Slightly well
5. Not well at all"
V241209,PRE: REPUBLICAN PRESIDENTIAL CANDIDATE TRAIT: ENERGETIC Survey Question(s)CTRAIT_RPCENERG Universe IF TRAIT IS 1ST TRAIT FOR REPUBLICAN PRESIDENTIAL CANDIDATE / IF TRAIT IS NOT 1ST TRAIT FOR REPUBLICAN PRESIDENTIAL CANDIDATE: Randomization Order of Presidential cands for sets of traits; order of traits administered for each candidate. Traits should be randomized in the same order for each candidate. Response OrderForward/Reverse order PRE- ELECTION SURVEY VARIABLES 95,"[Think about Donald Trump. In your opinion, does the phrase ‘he is energetic’ describe Donald Trump [extremely well, very well, moderately well, slightly well, or not well at all/ not well at all, slightly well, moderately well, very well, or extremely well]? / (What about) ‘is energetic’? Does this phrase describe Donald Trump [extremely well, very well, moderately well, slightly well, or not well at all/ not well at all, slightly well, moderately well, very well, or extremely well]?]","-9. Refused
-8. Don’t know
-1. Inapplicable","1. Extremely well
2. Very well
3. Moderately well
4. Slightly well
5. Not well at all"
V241210,PRE: HOW MUCH R CARES WHO WINS PRESIDENTIAL ELECTION [REVISED] Survey Question(s)PRESWIN_CAREWIN Response OrderForward/Reverse order,"How much do you care who wins the presidential election this fall? [A great deal, a lot, a moderate amount, a little, or not at all / Not at all, a little, a moderate amount, a lot, or a great deal]?","-9. Refused
-8. Don’t know
-1. Inapplicable","1. A great deal
2. A lot
3. A moderate amount
4. A little
5. Not at all"
V241211,PRE: WHO DOES R THINK WILL BE ELECTED PRESIDENT Survey Question(s)PRESWIN_PRESPRED,Who do you think will be elected President in November?,"-9. Refused
-8. Don’t know
-1. Inapplicable","1. Kamala Harris
2. Donald Trump
5. Other {SPECIFY} {VOL, FtF}"
V241211z,PRE: WHO DOES R THINK WILL BE ELECTED PRESIDENT - OTHER {SPECIFY} Survey Question(s)PRESWIN_PRESPRED,Who do you think will be elected President in November?,-2. Open-end responses available in separate ﬁle,
V241212,PRE: WILL PRESIDENTIAL RACE BE CLOSE OR WILL (WINNER) WIN BY A LOT 96 CODEBOOK: VARIABLES Survey Question(s)PRESWIN_PRCLOSE Universe IF R THINKS DEMOCRATIC PRES CANDIDATE WILL WIN ELECTION / IF R THINKS REPUBLICAN PRES CANDIDATE WILL WIN ELECTION / IF R THINKS OTHER PRES CAND WILL WIN ELECTION / IF R DOESN’T KNOW WHO WILL WIN PRESIDENTIAL ELECTION:,Do you think the Presidential race will be close or will [Kamala Harris / Donald Trump / one candidate] win by quite a bit?,"-9. Refused
-8. Don’t know
-1. Inapplicable","1. Will be close
2. Win by quite a bit"
V241213,PRE: WHICH PRESIDENTIAL CANDIDATE WILL CARRY STATE Survey Question(s)PRESWIN_PRWINST,What about here in [Respondent’s state for voting]? Which candidate for President do you think will carry this state?,"-9. Refused
-8. Don’t know
-1. Inapplicable","1. Kamala Harris
2. Donald Trump
5. Other {SPECIFY} {VOL, FtF}"
V241213z,PRE: WHICH PRESIDENTIAL CANDIDATE WILL CARRY STATE - OTHER {SPECIFY} Survey Question(s)PRESWIN_PRWINST,What about here in [Respondent’s state for voting]? Which candidate for President do you think will carry this state?,-2. Open-end responses available in separate ﬁle,
V241214,PRE: WILL PRESIDENTIAL RACE BE CLOSE IN STATE PRE- ELECTION SURVEY VARIABLES 97 Survey Question(s)PRESWIN_PRCLOSEST Universe IF R THINKS DEMOCRATIC PRES CANDIDATE WILL WIN ELECTION / IF R THINKS REPUBLICAN PRES CANDIDATE WILL WIN ELECTION / IF R THINKS OTHER PRES CAND WILL WIN ELECTION / IF R DOESN’T KNOW WHO WILL WIN PRESIDENTIAL ELECTION:,Do you think the Presidential race will be close here in [Respondent’s state for voting] or will [Kamala Harris / Donald Trump / one candidate] win by quite a bit?,"-9. Refused
-8. Don’t know
-1. Inapplicable","1. Will be close
2. Win by quite a bit"
V241215,PRE: VERSION 1A DOES R CONSIDER VOTING A DUTY OR CHOICE Survey Question(s)PRESWIN_DUTYCHOICE,"Diﬀerent people feel diﬀerently about voting. For some, voting is a duty - they feel they should vote in every election no matter how they feel about the candidates and parties. For others voting is a choice - they feel free to vote or not to vote, depending on how they feel about the candidates and parties. For you personally, is voting mainly a duty, mainly a choice, or neither a duty nor a choice?","-9. Refused
-8. Don’t know
-1. Inapplicable","1. Mainly a duty
2. Mainly a choice
3. Neither a duty nor a choice"
V241216,PRE: HOW STRONGLY DOES R FEEL THAT VOTING IS A DUTY 98 CODEBOOK: VARIABLES Survey Question(s)PRESWIN_DUTYST Universe IF R CONSIDERS VOTING A DUTY: Response OrderForward/Reverse order,"How strongly do you feel that voting is a duty? [Very strongly, somewhat strongly, or not strongly / Not strongly, somewhat strongly, or very strongly]?",-1. Inapplicable,"1. Very strongly
2. Somewhat strongly
3. Not strongly"
V241217,PRE: HOW STRONGLY DOES R FEEL THAT VOTING IS A CHOICE Survey Question(s)PRESWIN_CHOICEST Universe IF R CONSIDERS VOTING A CHOICE: Response OrderForward/Reverse order,"How strongly do you feel that voting is a choice? [Very strongly, somewhat strongly, or not strongly / Not strongly, somewhat strongly, or very strongly]?",-1. Inapplicable,"1. Very strongly
2. Somewhat strongly
3. Not strongly"
V241218x,"PRE: SUMMARY: VOTING AS DUTY OR CHOICE Survey Question(s)PRESWIN_DUTYCHOICE, PRESWIN_DUTYST, PRESWIN_CHOICEST",,"-2. DK/RF in V241215, V241216, or V241217
-1. Inapplicable","1. Very strongly a duty
2. Moderately strongly a duty
3. A little strongly a duty
4. Neither a duty nor a choice
5. A little strongly a choice
6. Moderately strongly a choice
7. Very strongly a choice"
V241219,PRE: SPLIT-TICKET VOTING PRE- ELECTION SURVEY VARIABLES 99 depending on the oﬃce and the candidates 4. Something else Survey Question(s)DIVGOV_SPLITTICKET Response OrderRand exc last,"Thinking about the 2024 general election, if your ballot has an option to vote for a straight-party ticket, that is, a single mark would allow you to vote for all of the candidates from a single party, would you most likely vote straight [Democrat / Republican], vote straight [Republican / Democrat], split your ballot between Democrats and Republicans depending on the oﬃce and the candidates, or something else?","-9. Refused
-8. Don’t know
-1. Inapplicable","1. Vote straight Democrat
2. Vote straight Republican
3. Split my ballot between Democrats and Republicans"
V241220,PRE: PARTY CONTROL OR SPLIT GOVERNMENT Survey Question(s)DIVGOV_SPLITGOV,"Do you think it is better when one party controls both the presidency and Congress, better when control is split between the Democrats and Republicans, or doesn’t it matter?","-9. Refused
-8. Don’t know
-1. Inapplicable","1. Better when one party controls both
2. Better when control is split
3. It doesn’t matter"
V241221,"PRE: PARTY ID: DOES R THINK OF SELF AS DEMOCRAT, REPUBLICAN, OR INDEPENDENT Survey Question(s)PTYID_RPTYID Randomization Order of parties in question text and in response options 1 and 2 (randomized same, do not use candidateorder) Response OrderRandomize 2 major parties","Generally speaking, do you usually think of yourself as [a Democrat, a Republican / a Republican, a Democrat], an independent, or what? 100 CODEBOOK: VARIABLES","-9. Refused
-8. Don’t know
-1. Inapplicable","0. No preference {VOL, FtF}
1. Democrat
2. Republican
3. Independent
5. Other party {SPECIFY}"
V241221z,"PRE: PARTY ID: DOES R THINK OF SELF AS DEM, REP , OR IND - OTHER {SPECIFY} [TEXT] Survey Question(s)PTYID_RPTYID Randomization Order of parties in question text and in response options 1 and 2 (randomized same, do not use candidateorder) Response OrderRandomize 2 major parties","Generally speaking, do you usually think of yourself as [a Democrat, a Republican / a Republican, a Democrat], an independent, or what?",-2. Open-end responses available in separate ﬁle,
V241222,PRE: PARTY IDENTIFICATION STRONG - DEMOCRAT REPUBLICAN Survey Question(s)PTYID_STRPTYID Universe IF R CONSIDERS SELF A DEMOCRAT: / IF R CONSIDERS SELF A REPUBLICAN : PRE- ELECTION SURVEY VARIABLES 101,Would you call yourself a strong [Democrat / Republican] or a not very strong [Democrat / Republican]?,"-9. Refused
-1. Inapplicable","1. Strong
2. Not very strong"
V241223,"PRE: NO PARTY IDENTIFICATION - CLOSER TO DEMOCRATIC PARTY OR REPUBLICAN PARTY Survey Question(s)PTYID_LEANPTY Universe IF R’S PARTY IDENTIFICATION IS INDEPENDENT, NO PREFERENCE, OTHER, DK:",Do you think of yourself as closer to the Republican Party or to the Democratic Party?,"-9. Refused
-8. Don’t know
-1. Inapplicable","1. Closer to Republican
2. Neither {VOL, FtF}
3. Closer to Democratic"
V241224,PRE: R A SUPPORTER OF THE MAGA MOVEMENT OR THE REPUBLICAN PARTY GENERALLY Survey Question(s)PTYID_REPUBID Universe IF R CONSIDERS SELF A REPUBLICAN / IF R CONSIDERS SELF CLOSER TO REPUBLICAN PARTY:,Would you describe yourself as more of a supporter of the MAGA movement or more of a supporter of the Republican Party generally?,"-9. Refused
-8. Don’t know
-1. Inapplicable","1. MAGA movement
2. Republican Party generally"
V241225,"PRE: WEB: R CLOSER TO DEMOCRATS OR REPUBLICANS OR NO DIFFERENCE BETWEEN THEM Survey Question(s)PTYID_NEITHERID Universe IF MODE IS WEB / IF R INDEPENDENT / IF R DOES NOT LEAN REPUBLICAN OR DEMOCRAT: Variable Note This question should only have been asked of Web respondents; however, 52 FTF respondents received this question by mistake. Those cases have been recoded to -4 (Error)","If you had to choose, are you closer to the Democrats or the Republicans? Or is there no diﬀerence at all between them? 102 CODEBOOK: VARIABLES","-9. Refused
-8. Don’t know
-4. Error
-1. Inapplicable","1. Closer to Democrats
2. Closer to Republicans
3. No diﬀerence at all"
V241226,PRE: PAPER: PARTY ID Survey Question(s)PAPI PRE Q23,Here is a seven-point scale that describes the way many people think of themselves in terms of the major parties. Where would you place yourself on the following scale?,"-9. Refused
-4. Error
-1. Inapplicable","1. Strong Democrat
2. Not very strong Democrat
3. independent leaning toward Democrat
4. independent
5. independent leaning toward Republican
6. Not very strong Republican
7. Strong Republican"
V241227x,"PRE: SUMMARY: PARTY ID PRE- ELECTION SURVEY VARIABLES 103 Survey Question(s)PTYID_RPTYID, PTYID_STRPTYID, PTYID_LEANPTY , PTYID_NEITHERID, PAPI PRE Q23",,"-9. Refused
-8. Don’t know
-4. Error","1. Strong Democrat
2. Not very strong Democrat
3. Independent-Democrat
4. Independent
5. Independent-Republican
6. Not very strong Republican
7. Strong Republican"
V241228,PRE: PARTY IDENTITY IMPORTANCE Survey Question(s)PTYID_PTYIDIMP Universe IF R CONSIDERS SELF A DEMOCRAT / IF R CONSIDERS SELF A REPUBLICAN / IF R CONSIDERS SELF AN INDEPENDENT: Response OrderForward/Reverse order,"How important is being [a Democrat/a Republican/an Independent] to your identity? [Extremely important, very important, moderately important, a little important, or not at all important / Not at all important, a little important, moderately important, very important, or extremely important]?","-9. Refused
-1. Inapplicable","1. Extremely important
2. Very important
3. Moderately important
4. A little important
5. Not at all important"
V241229,"PRE: HOW OFTEN TRUST GOVERNMENT IN WASHINGTON TO DO WHAT IS RIGHT [REVISED] Survey Question(s) TRUSTGOV_TRUSTGREV, PAPI PRE Q24 Note: The following speciﬁcations were implemented exclusively in the computerized survey instrument and are not applicable to the paper questionnaire. Response OrderForward/Reverse order","How often can you trust the federal government in Washington to do what is right? [Always, most of the time, about half the time, some of the time, or never / Never, some of the time, about half the time, most of the time, or always]? 104 CODEBOOK: VARIABLES","-9. Refused
-8. Don’t know
-1. Inapplicable","1. Always
2. Most of the time
3. About half the time
4. Some of the time
5. Never"
V241230,PRE: HOW OFTEN CAN YOU TRUST THE COURT SYSTEM TO DO WHAT IS RIGHT Survey Question(s)TRUSTGOV_TRUSTCOURT Response OrderForward/Reverse order,"How often can you trust the court system to do what is right? [Always, most of the time, about half the time, some of the time, or never / Never, some of the time, about half the time, most of the time, or always]?","-9. Refused
-8. Don’t know
-1. Inapplicable","1. Always
2. Most of the time
3. About half the time
4. Some of the time
5. Never"
V241231,PRE: GOVERNMENT RUN BY A FEW BIG INTERESTS OR FOR BENEFIT OF ALL Survey Question(s)TRUSTGOV_BIGINTRST,Would you say the government is pretty much run by a few big interests looking out for themselves or that it is run for the beneﬁt of all the people? PRE- ELECTION SURVEY VARIABLES 105,"-9. Refused
-8. Don’t know
-1. Inapplicable","1. Run by a few big interests
2. For the beneﬁt of all the people"
V241232,PRE: DOES GOVERNMENT WASTE MUCH TAX MONEY Survey Question(s)TRUSTGOV_WASTE Response OrderForward/Reverse order,"Do you think that people in government [waste a lot of the money we pay in taxes, waste some of it, or don’t waste very much of it / don’t waste very much of the money we pay in taxes, waste some of it, or waste a lot of it]?","-9. Refused
-8. Don’t know
-1. Inapplicable","1. Waste a lot
2. Waste some
3. Don’t waste very much"
V241233,PRE: HOW MANY IN GOVERNMENT ARE CORRUPT Survey Question(s)TRUSTGOV_CORRPT Response OrderForward/Reverse order 106 CODEBOOK: VARIABLES,"How many of the people running the government are corrupt? [All, most, about half, a few, or none? / None, a few, about half, most, or all?]","-9. Refused
-8. Don’t know
-1. Inapplicable","1. All
2. Most
3. About half
4. A few
5. None"
V241234,"PRE: HOW OFTEN CAN PEOPLE BE TRUSTED Survey Question(s) TRUST_SOCTRUST, PAPI PRE Q25 Note: The following speciﬁcations were implemented exclusively in the computerized survey instrument and are not applicable to the paper questionnaire. Response OrderForward/Reverse order","Generally speaking, how often can you trust other people? [Always, most of the time, about half the time, some of the time, or never / Never, some of the time, about half the time, most of the time, or always]?","-9. Refused
-1. Inapplicable","1. Always
2. Most of the time
3. About half the time
4. Some of the time
5. Never"
V241235,PRE: ELECTIONS MAKE GOVERNMENT PAY ATTENTION Survey Question(s)RESPONS_ELECTCARE Response OrderForward/Reverse order,"How much do you feel that having elections makes the government pay attention to what the people think? [A good deal, some, or not much / Not much, some, or a good deal]?","-9. Refused
-8. Don’t know
-1. Inapplicable","1. A good deal
2. Some
3. Not much"
V241236,"PRE: WHICH PARTY BETTER: HANDLING NATIONS ECONOMY PRE- ELECTION SURVEY VARIABLES 107 Survey Question(s) PTYPERF_PTYECON, PAPI PRE Q27 Note: The following speciﬁcations were implemented exclusively in the computerized survey instrument and are not applicable to the paper questionnaire. Response OrderForward/Reverse order","Which party do you think would do a better job of handling the nation’s economy? [Democrats would do a much better job, Democrats would do a somewhat better job, not much diﬀerence between them, Republicans would do a somewhat better job, Republicans would do a much better job / Republicans would do a much better job, Republicans would do a somewhat better job, not much diﬀerence between them, Democrats would do a somewhat better job, Democrats would do a much better job]","-9. Refused
-8. Don’t know
-1. Inapplicable","1. Democrats would do a much better job
2. Democrats would do a somewhat better job
3. Not much diﬀerence between them
4. Republicans would do a somewhat better job
5. Republicans would do a much better job"
V241237,"PRE: WHICH PARTY BETTER: HANDLING IMMIGRATION 108 CODEBOOK: VARIABLES Survey Question(s) PTYPERF_PTYIMMIG, PAPI PRE Q26 Note: The following speciﬁcations were implemented exclusively in the computerized survey instrument and are not applicable to the paper questionnaire. Response OrderForward/Reverse order","Which party do you think would do a better job of handling immigration? {READ IF NECESSARY} [Democrats would do a much better job, Democrats would do a somewhat better job, not much diﬀerence between them, Republicans would do a somewhat better job, Republicans would do a much better job / Republicans would do a much better job, Republicans would do a somewhat better job, not much diﬀerence between them, Democrats would do a somewhat better job, Democrats would do a much better job]","-9. Refused
-8. Don’t know
-1. Inapplicable","1. Democrats would do a much better job
2. Democrats would do a somewhat better job
3. Not much diﬀerence between them
4. Republicans would do a somewhat better job
5. Republicans would do a much better job"
V241238,PRE: WHICH PARTY BETTER: HANDLING ENVIRONMENT Survey Question(s)PTYPERF_PTYENV Response OrderForward/Reverse order,"Which party do you think would do a better job of handling the environment? {READ IF NECESSARY} [Democrats would do a much better job, Democrats would do a somewhat better job, not much diﬀerence between them, Republicans would do a somewhat better job, Republicans would do a much better job / Republicans would do a much better job, Republicans would do a somewhat better job, not much diﬀerence between them, Democrats would do a somewhat better job, Democrats would do a much better job]","-9. Refused
-8. Don’t know
-1. Inapplicable","1. Democrats would do a much better job
2. Democrats would do a somewhat better job
3. Not much diﬀerence between them
4. Republicans would do a somewhat better job
5. Republicans would do a much better job"
V241239,"PRE: 7PT SCALE SPENDING & SERVICES: SELF- PLACEMENT PRE- ELECTION SURVEY VARIABLES 109 Survey Question(s) SPSRVPR_SSSELF , PAPI PRE Q45 Note: The following speciﬁcations were implemented exclusively in the computerized survey instrument and are not applicable to the paper questionnaire.","Where would you place yourself on this scale, or haven’t you thought much about this?","-9. Refused
-8. Don’t know
-4. Error","1. Government should provide many fewer services
7. Government should provide many more services
99. Haven’t thought much about this"
V241240,"PRE: 7PT SCALE SPENDING & SERVICES: DEMOCRATIC PRESIDENTIAL CANDIDATE Survey Question(s) SPSRVPR_SSDPC, PAPI PRE Q45 Note: The following speciﬁcations were implemented exclusively in the computerized survey instrument and are not applicable to the paper questionnaire. Randomization Order of Presidential cand services-spending scale placements",Where would you place Kamala Harris on this issue?,"-9. Refused
-8. Don’t know
-4. Error
-1. Inapplicable","1. Government should provide many fewer services
7. Government should provide many more services
99. Haven’t thought much about this"
V241241,"PRE: 7PT SCALE SPENDING & SERVICES: REPUBLICAN PRESIDENTIAL CANDIDATE Survey Question(s) SPSRVPR_SSRPC, PAPI PRE Q45 Note: The following speciﬁcations were implemented exclusively in the computerized survey instrument and are not applicable to the paper questionnaire. Randomization Order of Presidential cand services-spending scale placements 110 CODEBOOK: VARIABLES",Where would you place Donald Trump on this issue?,"-9. Refused
-8. Don’t know
-4. Error
-1. Inapplicable","1. Government should provide many fewer services
7. Government should provide many more services
99. Haven’t thought much about this"
V241242,PRE: 7PT SCALE DEFENSE SPENDING: SELF- PLACEMENT Survey Question(s)DEFSPPR_DEFSPSELF,"Where would you place yourself on this scale, or haven’t you thought much about this?","-9. Refused
-8. Don’t know
-1. Inapplicable","1. Greatly decrease defense spending
7. Greatly increase defense spending
99. Haven’t thought much about this"
V241243,PRE: 7PT SCALE DEFENSE SPENDING: DEMOCRATIC PRESIDENTIAL CANDIDATE Survey Question(s)DEFSPPR_DEFSPDPC Randomization Order of Presidential cand defense spending scale placements,Where would you place Kamala Harris on this issue?,"-9. Refused
-8. Don’t know
-1. Inapplicable","1. Greatly decrease defense spending
7. Greatly increase defense spending"
V241244,PRE: 7PT SCALE DEFENSE SPENDING: REPUBLICAN PRESIDENTIAL CANDIDATE Survey Question(s)DEFSPPR_DSPRERPC Randomization Order of Presidential cand defense spending scale placements PRE- ELECTION SURVEY VARIABLES 111,Where would you place Donald Trump on this issue?,"-9. Refused
-8. Don’t know
-1. Inapplicable","1. Greatly decrease defense spending
7. Greatly increase defense spending"
V241245,PRE: 7PT SCALE GOV-PRIVATE MEDICAL INSURANCE SCALE: SELF-PLACEMENT Survey Question(s)INSPRE_INSSELF,"Where would you place yourself on this scale, or haven’t you thought much about this?","-9. Refused
-8. Don’t know
-1. Inapplicable","1. Government insurance plan
7. Private insurance plan
99. Haven’t thought much about this"
V241246,PRE: 7PT SCALE GOV-PRIVATE MEDICAL INSURANCE SCALE: DEM PRESIDENTIAL CANDIDATE Survey Question(s)INSPRE_INSDPC Randomization Order of Presidential cand govt-private insurance scale placements,Where would you place Kamala Harris on this issue?,"-9. Refused
-8. Don’t know
-1. Inapplicable","1. Government insurance plan
7. Private insurance plan"
V241247,PRE: 7PT SCALE GOV-PRIVATE MEDICAL INSURANCE SCALE: REP PRESIDENTIAL CANDIDATE Survey Question(s)INSPRE_INSRPC Randomization Order of Presidential cand govt-private insurance scale placements 112 CODEBOOK: VARIABLES,Where would you place Donald Trump on this issue?,"-9. Refused
-8. Don’t know
-1. Inapplicable","1. Government insurance plan
7. Private insurance plan"
V241248,PRE: 7PT SCALE ABORTION: SELF-PLACEMENT Survey Question(s)ABRTPRE_ABRTSELF,"Where would you place yourself on this scale, or haven’t you thought much about this?","-9. Refused
-8. Don’t know
-1. Inapplicable","1. Abortion should always be permitted without restrictions
7. Abortion should never be permitted
99. Haven’t thought much about this"
V241249,PREL: PAPER: 7PT SCALE ABORTION: SELF- PLACEMENT Survey Question(s)PAPI PRE Q30,"On this scale from 1 to 7, where 1 means abortion should always be legal for any reason, and 7 means abortion should always be illegal with no exceptions, where would you place yourself?","-9. Refused
-1. Inapplicable","1. 1 Abortion always legal for any reason
7. Abortion always illegal with no exceptions"
V241250,PRE: 7PT SCALE ABORTION: DEM PRESIDENTIAL CANDIDATE Survey Question(s)ABRTPRE_ABRTDPC Randomization Randomize the order of ABRTDPC and ABRTRPC,Where would you place Kamala Harris on this issue?,"-9. Refused
-8. Don’t know
-1. Inapplicable","1. Abortion should always be permitted without restrictions
7. Abortion should never be permitted"
V241251,PRE: 7PT SCALE ABORTION: REP PRESIDENTIAL CANDIDATE PRE- ELECTION SURVEY VARIABLES 113 Survey Question(s)ABRTPRE_ABRTRPC Randomization Randomize the order of ABRTDPC and ABRTRPC,Where would you place Donald Trump on this issue?,"-9. Refused
-8. Don’t know
-1. Inapplicable","1. Abortion should always be permitted without restrictions
7. Abortion should never be permitted"
V241252,PRE: 7PT SCALE GUARANTEED JOB-INCOME SCALE: SELF-PLACEMENT Survey Question(s)GUARPR_GUARSELF,"Where would you place yourself on this scale, or haven’t you thought much about this?","-9. Refused
-8. Don’t know
-1. Inapplicable","1. Government should see to jobs and standard of living
7. Government should let each person get ahead on own
99. Haven’t thought much about this"
V241253,PRE: 7PT SCALE GUARANTEED JOB-INCOME SCALE: DEM PRESIDENTIAL CANDIDATE Survey Question(s)GUARPR_GUARDPC Randomization Order of Presidential cand guaranteed job scale placements,Where would you place Kamala Harris on this issue?,"-9. Refused
-8. Don’t know
-1. Inapplicable","1. Government should see to jobs and standard of living
7. Government should let each person get ahead on own"
V241254,PRE: 7PT SCALE GUARANTEED JOB-INCOME SCALE: REP PRESIDENTIAL CANDIDATE Survey Question(s)GUARPR_GUARRPC Randomization Order of Presidential cand guaranteed job scale placements,Where would you place Donald Trump on this issue? 114 CODEBOOK: VARIABLES,"-9. Refused
-8. Don’t know
-1. Inapplicable","1. Government should see to jobs and standard of living
7. Government should let each person get ahead on own"
V241255,"PRE: 7PT SCALE GOV ASSISTANCE TO BLACKS SCALE: SELF-PLACEMENT Survey Question(s) AIDBPR_AIDBSELF , PAPI PRE Q46 Note: The following speciﬁcations were implemented exclusively in the computerized survey instrument and are not applicable to the paper questionnaire.","Where would you place yourself on this scale, or haven’t you thought much about this?","-9. Refused
-8. Don’t know
-4. Error","1. Government should help blacks
7. Blacks should help themselves
99. Haven’t thought much about this"
V241256,"PRE: 7PT SCALE GOV ASSISTANCE TO BLACKS SCALE: DEM PRESIDENTIAL CANDIDATE Survey Question(s) AIDBPR_AIDBDPC, PAPI PRE Q46 Note: The following speciﬁcations were implemented exclusively in the computerized survey instrument and are not applicable to the paper questionnaire. Randomization Order of Presidential cand aid to blacks scale placements PRE- ELECTION SURVEY VARIABLES 115",Where would you place Kamala Harris on this issue?,"-9. Refused
-8. Don’t know
-4. Error
-1. Inapplicable","1. Government should help blacks
7. Blacks should help themselves
99. Haven’t thought much about this"
V241257,"PRE: 7PT SCALE GOV ASSISTANCE TO BLACKS SCALE: REP PRESIDENTIAL CANDIDATE Survey Question(s) AIDBPR_AIDBRPC, PAPI PRE Q46 Note: The following speciﬁcations were implemented exclusively in the computerized survey instrument and are not applicable to the paper questionnaire. Randomization Order of Presidential cand aid to blacks scale placements",Where would you place Donald Trump on this issue?,"-9. Refused
-8. Don’t know
-1. Inapplicable","1. Government should help blacks
7. Blacks should help themselves
99. Haven’t thought much about this"
V241258,PRE: 7PT SCALE ENVIRONMENT-BUSINESS TRADEOFF: SELF-PLACEMENT environment 7. Regulations to protect environment already too much a burden on business 99. Haven’t thought much about this Survey Question(s)ENVBUS_ENVBUSSELF,"Where would you place yourself on this scale, or haven’t you thought much about this?","-9. Refused
-8. Don’t know
-1. Inapplicable",1. Tougher regulations on business needed to protect
V241259,PRE: 7PT SCALE ENVIRONMENT-BUSINESS TRADEOFF: DEM PRESIDENTIAL CANDIDATE environment 7. Regulations to protect environment already too much a burden on business 116 CODEBOOK: VARIABLES Survey Question(s)ENVBUS_ENVBUSDPC Randomization Order of Presidential cand environment-jobs scale placements,Where would you place Kamala Harris on this scale?,"-9. Refused
-8. Don’t know
-1. Inapplicable",1. Tougher regulations on business needed to protect
V241260,PRE: 7PT SCALE ENVIRONMENT-BUSINESS TRADEOFF: REP PRESIDENTIAL CANDIDATE environment 7. Regulations to protect environment already too much a burden on business Survey Question(s)ENVBUS_ENVBUSRPC Randomization Order of Presidential cand environment-jobs scale placements,Where would you place Donald Trump on this scale?,"-9. Refused
-8. Don’t know
-1. Inapplicable",1. Tougher regulations on business needed to protect
V241261,PRE: FEDERAL BUDGET SPENDING: SOCIAL SECURITY Survey Question(s)FEDSPEND_FSSS Randomization Randomize order of federal spending items,"(What about) Social Security (Should federal spending on Social Security be increased, decreased, or kept the same?)","-9. Refused
-8. Don’t know
-1. Inapplicable","1. Increased
2. Decreased
3. Kept the same"
V241262,PRE: FEDERAL BUDGET SPENDING: SOCIAL SECURITY (STRENGTH) Survey Question(s)FEDSPEND_FSSSSTR Universe IF R THINKS SPENDING ON SOCIAL SECURITY SHOULD BE INCREASED / IF R THINKS SPENDING ON SOCIAL SECURITY SHOULD BE DECREASED:,Should it be [increased / decreased] a lot or a little? PRE- ELECTION SURVEY VARIABLES 117,"-9. Refused
-1. Inapplicable","1. A lot
2. A little"
V241263x,"PRE: SUMMARY: FEDERAL BUDGET SPENDING: SOCIAL SECURITY Survey Question(s)FEDSPEND_FSSS, FEDSPEND_FSSSSTR",,"-2. DK/RF in V241261 or V241262
-1. Inapplicable","1. Increased a lot
2. Increased a little
3. Kept the same
4. Decreased a little
5. Decreased a lot"
V241264,PRE: FEDERAL BUDGET SPENDING: PUBLIC SCHOOLS Survey Question(s)FEDSPEND_FSPUBS Randomization Randomize order of federal spending items,"(What about) Public schools (Should federal spending on public schools be increased, decreased, or kept the same?)","-9. Refused
-8. Don’t know
-1. Inapplicable","1. Increased
2. Decreased
3. Kept the same"
V241265,PRE: FEDERAL BUDGET SPENDING: PUBLIC SCHOOLS (STRENGTH) 118 CODEBOOK: VARIABLES Survey Question(s)FEDSPEND_FSPUBSSTR Universe IF R THINKS SPENDING ON PUBLIC SCHOOLS SHOULD BE INCREASED / IF R THINKS SPENDING ON PUBLIC SCHOOLS SHOULD BE DECREASED:,Should it be [increased / decreased] a lot or a little?,"-9. Refused
-8. Don’t know
-1. Inapplicable","1. A lot
2. A little"
V241266x,"PRE: SUMMARY: FEDERAL BUDGET SPENDING: PUBLIC SCHOOLS Survey Question(s)FEDSPEND_FSPUBS, FEDSPEND_FSPUBSSTR",,"-2. DK/RF in V241264 or V241265
-1. Inapplicable","1. Increased a lot
2. Increased a little
3. Kept the same
4. Decreased a little
5. Decreased a lot"
V241267,PRE: FEDERAL BUDGET SPENDING: TIGHTENING BORDER SECURITY Survey Question(s)FEDSPEND_FSBRDR Randomization Randomize order of federal spending items PRE- ELECTION SURVEY VARIABLES 119,"(What about) Tightening border security to prevent illegal immigration (Should federal spending on tightening border security to prevent illegal immigration be increased, decreased, or kept the same?)","-9. Refused
-8. Don’t know
-1. Inapplicable","1. Increased
2. Decreased
3. Kept the same"
V241268,PRE: FEDERAL BUDGET SPENDING: TIGHTENING BORDER SECURITY (STRENGTH) Survey Question(s)FEDSPEND_FSBRDRSTR Universe IF R THINKS SPENDING ON BORDER SECURITY SHOULD BE INCREASED / IF R THINKS SPENDING ON BORDER SECURITY SHOULD BE DECREASED:,Should it be [increased / decreased] a lot or a little?,"-9. Refused
-8. Don’t know
-1. Inapplicable","1. A lot
2. A little"
V241269x,"PRE: SUMMARY: FEDERAL BUDGET SPENDING: TIGHTENING BORDER SECURITY Survey Question(s)FEDSPEND_FSBRDR, FEDSPEND_FSBRDRSTR",,"-2. DK/RF in V241267 or V241268
-1. Inapplicable","1. Increased a lot
2. Increased a little
3. Kept the same
4. Decreased a little
5. Decreased a lot"
V241270,PRE: FEDERAL BUDGET SPENDING: DEALING WITH CRIME Survey Question(s)FEDSPEND_FSCRM Randomization Randomize order of federal spending items 120 CODEBOOK: VARIABLES,"(What about) Dealing with crime (Should federal spending on dealing with crime be increased, decreased, or kept the same?)","-9. Refused
-8. Don’t know
-1. Inapplicable","1. Increased
2. Decreased
3. Kept the same"
V241271,PRE: FEDERAL BUDGET SPENDING: DEALING WITH CRIME (STRENGTH) Survey Question(s)FEDSPEND_FSCRMSTR Universe IF R THINKS SPENDING ON DEALING WITH CRIME SHOULD BE INCREASED / IF R THINKS SPENDING ON DEALING WITH CRIME SHOULD BE DECREASED:,Should it be [increased / decreased] a lot or a little?,"-9. Refused
-8. Don’t know
-1. Inapplicable","1. A lot
2. A little"
V241272x,"PRE: SUMMARY: FEDERAL BUDGET SPENDING: DEALING WITH CRIME Survey Question(s)FEDSPEND_FSCRM, FEDSPEND_FSCRMSTR",,"-2. DK/RF in V241270 or V241271
-1. Inapplicable","1. Increased a lot
2. Increased a little
3. Kept the same
4. Decreased a little
5. Decreased a lot"
V241273,PRE: FEDERAL BUDGET SPENDING: WELFARE PROGRAMS Survey Question(s)FEDSPEND_FSWELF Randomization Randomize order of federal spending items PRE- ELECTION SURVEY VARIABLES 121,"(What about) Welfare programs (Should federal spending on welfare programs be increased, decreased, or kept the same?)","-9. Refused
-8. Don’t know
-1. Inapplicable","1. Increased
2. Decreased
3. Kept the same"
V241274,PRE: FEDERAL BUDGET SPENDING: WELFARE PROGRAMS (STRENGTH) Survey Question(s)FEDSPEND_FSWELFSTR Universe IF R THINKS SPENDING ON WELFARE PROGRAMS SHOULD BE INCREASED / IF R THINKS SPENDING ON WELFARE PROGRAMS SHOULD BE DECREASED:,Should it be [increased / decreased] a lot or a little?,"-9. Refused
-8. Don’t know
-1. Inapplicable","1. A lot
2. A little"
V241275x,"PRE: SUMMARY: FEDERAL BUDGET SPENDING: WELFARE PROGRAMS Survey Question(s)FEDSPEND_FSWELF , FEDSPEND_FSWELFSTR",,"-2. DK/RF in V241273 or V241274
-1. Inapplicable","1. Increased a lot
2. Increased a little
3. Kept the same
4. Decreased a little
5. Decreased a lot"
V241276,PRE: FEDERAL BUDGET SPENDING: BUILDING AND REPAIRING HIGHWAYS Survey Question(s)FEDSPEND_FSHIGH Randomization Randomize order of federal spending items 122 CODEBOOK: VARIABLES,"(What about) Building and repairing highways (Should federal spending on building and repairing highways be increased, decreased, or kept the same?)","-9. Refused
-8. Don’t know
-1. Inapplicable","1. Increased
2. Decreased
3. Kept the same"
V241277,PRE: FEDERAL BUDGET SPENDING: BUILDING AND REPAIRING HIGHWAYS (STRENGTH) Survey Question(s)FEDSPEND_FSHIGHSTR Universe IF R THINKS SPENDING ON HIGHWAYS SHOULD BE INCREASED / IF R THINKS SPENDING ON HIGHWAYS SHOULD BE DECREASED:,Should it be [increased / decreased] a lot or a little?,"-9. Refused
-8. Don’t know
-1. Inapplicable","1. A lot
2. A little"
V241278x,"PRE: SUMMARY: FEDERAL BUDGET SPENDING: BUILDING AND REPAIRING HIGHWAYS Survey Question(s)FEDSPEND_FSHIGH, FEDSPEND_FSHIGHSTR",,"-2. DK/RF in V241276 or V241277
-1. Inapplicable","1. Increased a lot
2. Increased a little
3. Kept the same
4. Decreased a little
5. Decreased a lot"
V241279,PRE: FEDERAL BUDGET SPENDING: AID TO THE POOR Survey Question(s)FEDSPEND_FSPR Randomization Randomize order of federal spending items PRE- ELECTION SURVEY VARIABLES 123,"(What about) Aid to the poor (Should federal spending on aid to the poor be increased, decreased, or kept the same?)","-9. Refused
-8. Don’t know
-1. Inapplicable","1. Increased
2. Decreased
3. Kept the same"
V241280,PRE: FEDERAL BUDGET SPENDING: AID TO THE POOR (STRENGTH) Survey Question(s)FEDSPEND_FSPRSTR Universe IF R THINKS SPENDING ON AID TO THE POOR SHOULD BE INCREASED / IF R THINKS SPENDING ON AID TO THE POOR SHOULD BE DECREASED:,Should it be [increased / decreased] a lot or a little?,"-9. Refused
-1. Inapplicable","1. A lot
2. A little"
V241281x,"PRE: SUMMARY: FEDERAL BUDGET SPENDING: AID TO THE POOR Survey Question(s)FEDSPEND_FSPR, FEDSPEND_FSPRSTR",,"-2. DK/RF in V241279 or V241280
-1. Inapplicable","1. Increased a lot
2. Increased a little
3. Kept the same
4. Decreased a little
5. Decreased a lot"
V241282,PRE: FEDERAL BUDGET SPENDING: PROTECTING THE ENVIRONMENT Survey Question(s)FEDSPEND_FSENV Randomization Randomize order of federal spending items 124 CODEBOOK: VARIABLES,"(What about) Protecting the environment (Should federal spending on protecting the environment be increased, decreased, or kept the same?)","-9. Refused
-8. Don’t know
-1. Inapplicable","1. Increased
2. Decreased
3. Kept the same"
V241283,PRE: FEDERAL BUDGET SPENDING: PROTECTING THE ENVIRONMENT (STRENGTH) Survey Question(s)FEDSPEND_FSENVSTR Universe IF R THINKS SPENDING ON PROTECTING THE ENVIRONMENT SHOULD BE INCREASED / IF R THINKS SPENDING ON PROTECTING THE ENVIRONMENT SHOULD BE DECREASED:,Should it be [increased / decreased] a lot or a little?,"-9. Refused
-8. Don’t know
-1. Inapplicable","1. A lot
2. A little"
V241284x,"PRE: SUMMARY: FEDERAL BUDGET SPENDING: PROTECTING THE ENVIRONMENT Survey Question(s)FEDSPEND_FSENV, FEDSPEND_FSENVSTR",,"-2. DK/RF in V241282 or V241283
-1. Inapplicable","1. Increased a lot
2. Increased a little
3. Kept the same
4. Decreased a little
5. Decreased a lot"
V241285,PRE: APPROVE OR DISAPPROVE HOW COLLEGES AND UNIVERSITIES ARE RUN Survey Question(s)UNI_UNIRUN PRE- ELECTION SURVEY VARIABLES 125,"Do you approve, disapprove, or neither approve nor disapprove of how most colleges and universities are run these days?","-9. Refused
-8. Don’t know
-1. Inapplicable","1. Approve
2. Disapprove
3. Neither approve nor disapprove"
V241286,PRE: HOW STRONGLY APPROVE OR DISAPPROVE HOW COLLEGES AND UNIVERSITIES ARE RUN Survey Question(s)UNI_UNIRUNSTR Universe IF R APPROVES HOW COLLEGES ARE RUN / IF R DISAPPROVES HOW COLLEGES ARE RUN: Response OrderForward/Reverse order,"How strongly do you feel that way? [Very strongly, somewhat strongly, or not strongly / Not strongly, somewhat strongly, or very strongly]?","-9. Refused
-8. Don’t know
-1. Inapplicable","1. Very strongly
2. Somewhat strongly
3. Not strongly"
V241287x,"PRE: SUMMARY APPROVE/DISAPPROVE HOW COLLEGES AND UNIVERSITIES ARE RUN -2 DK/RF in V241285 or V241285 -1. Inapplicable 1. Approve very strongly 2. Approve somewhat strongly 3. Approve not very strongly 4. Neither approve nor disapprove 5. Disapprove not very strongly 6. Disapprove somewhat strongly 7. Disapprove strongly Survey Question(s)UNI_UNIRUN, UNI_UNIRUNSTR",,,
V241288,"PRE: APPROVE OR DISAPPROVE DIVERSITY , EQUITY , AND INCLUSION (DEI) Survey Question(s)UNI_DEI","Do you favor, oppose, or neither favor nor oppose Diversity, Equity, and Inclusion (DEI) policies on college campuses that inﬂuence admission, hiring, and promotion? 126 CODEBOOK: VARIABLES","-9. Refused
-8. Don’t know
-1. Inapplicable","1. Favor
2. Oppose
3. Neither favor nor oppose"
V241289,"PRE: HOW STRONGLY APPROVE OR DISAPPROVE DIVERSITY , EQUITY , AND INCLUSION (DEI) Survey Question(s)UNI_DEISTR Universe IF R FAVORS DEI POLICIES / IF R OPPOSES DEI POLICIES: Response OrderForward/Reverse order","Do you [favor / oppose] that [a great deal, a moderate amount, or a little / a little, a moderate amount, or a great deal]?","-9. Refused
-8. Don’t know
-1. Inapplicable","1. A great deal
2. A moderate amount
3. A little"
V241290x,"PRE: SUMMARY APPROVE/DISAPPROVE DIVERSITY , EQUITY , AND INCLUSION (DEI) Survey Question(s)UNI_DEI, UNI_DEISTR PRE- ELECTION SURVEY VARIABLES 127",,"-2. DK/RF in V241288 or V241289
-1. Inapplicable","1. Favor a great deal
2. Favor a moderate amount
3. Favor a little
4. Neither favor nor oppose
5. Oppose a little
6. Oppose a moderate amount
7. Oppose a great deal"
V241291,PRE: NATIONAL ECONOMY BETTER OR WORSE IN LAST YEAR Survey Question(s)ECON_ECPAST,"Now thinking about the economy in the country as a whole, would you say that over the past year the nation’s economy has gotten better, stayed about the same, or gotten worse?","-9. Refused
-8. Don’t know
-1. Inapplicable","1. Gotten better
2. Stayed about the same
3. Gotten worse"
V241292,PRE: HOW MUCH NATIONAL ECONOMY BETTER OR WORSE IN LAST YEAR Survey Question(s)ECON_ECPASTAMT Universe IF R THINKS THE ECONOMY HAS GOTTEN BETTER IN THE PAST YEAR / IF R THINKS THE ECONOMY HAS GOTTEN WORSE IN THE PAST YEAR:,[Much better or somewhat better? / Much worse or somewhat worse?],"-9. Refused
-1. Inapplicable","1. Much
2. Somewhat"
V241293,PRE: PAPER: NATIONAL ECONOMY BETTER OR WORSE IN LAST YEAR 128 CODEBOOK: VARIABLES Survey Question(s)PAPI PRE Q28,"Now thinking about the economy in the country as a whole, would you say that over the past year the nation’s economy has gotten better, stayed about the same, or gotten worse?","-9. Refused
-4. Error
-1. Inapplicable","1. Gotten much better
2. Gotten somewhat better
3. Stayed about the same
4. Gotten somewhat worse
5. Gotten much worse"
V241294x,"PRE: SUMMARY: NATIONAL ECONOMY BETTER OR WORSE IN LAST YEAR Survey Question(s)ECON_ECPAST, ECON_ECPASTAMT, PAPI PRE Q28",,"-4. Error
-2. DK/RF in V241291, V241292, or V241293","1. Gotten much better
2. Gotten somewhat better
3. Stayed about the same
4. Gotten somewhat worse
5. Gotten much worse"
V241295,PRE: ECONOMY BETTER OR WORSE IN NEXT 12 MONTHS Survey Question(s)ECON_ECNEXT,"What about the next 12 months? Do you expect the economy, in the country as a whole, to get better, stay about the same, or get worse?","-9. Refused
-8. Don’t know
-1. Inapplicable","1. Get better
2. Stay about the same
3. Get worse"
V241296,PRE: ECONOMY HOW MUCH BETTER OR WORSE NEXT 12 MONTHS Survey Question(s)ECON_ECNEXTAMT Universe IF R THINKS ECONOMY WILL BE BETTER IN NEXT 12 MONTHS / IF R THINKS ECONOMY WILL BE WORSE IN NEXT 12 MONTHS: PRE- ELECTION SURVEY VARIABLES 129,[Much better or somewhat better / Much worse or somewhat worse]?,"-9. Refused
-1. Inapplicable","1. Much
2. Somewhat"
V241297x,"PRE: SUMMARY: ECONOMY BETTER OR WORSE IN NEXT 12 MONTHS Survey Question(s)ECON_ECNEXT, ECON_ECNEXTAMT",,"-2. DK/RF in V241295 or V241296
-1. Inapplicable","1. Get much better
2. Get somewhat better
3. Stayed about the same
4. Get somewhat worse
5. Get much worse"
V241298,PRE: UNEMPLOYMENT BETTER OR WORSE IN LAST YEAR Survey Question(s)ECON_UNPAST,"Would you say that over the past year, the level of unemployment in the country has gotten better, stayed about the same, or gotten worse?","-9. Refused
-8. Don’t know
-1. Inapplicable","1. Better
2. About the same
3. Worse"
V241299,PRE: UNEMPLOYMENT HOW MUCH BETTER OR WORSE IN LAST YEAR Survey Question(s)ECON_UNAMT Universe IF R SAYS UNEMPLOYMENT HAS GOTTEN BETTER / IF R SAYS UNEMPLOYMENT HAS GOTTEN WORSE: 130 CODEBOOK: VARIABLES,[Would you say much better or somewhat better / Would you say much worse or somewhat worse]?,"-9. Refused
-8. Don’t know
-4. Error
-1. Inapplicable","1. Much
2. Somewhat"
V241300x,"PRE: SUMMARY: UNEMPLOYMENT BETTER OR WORSE IN LAST YEAR Survey Question(s)ECON_UNPAST, ECON_UNAMT",,"-2. DK/RF in V241298 or V241299
-1. Inapplicable","1. Much better
2. Somewhat better
3. About the same
4. Somewhat worse
5. Much worse"
V241301,PRE: MORE OR LESS UNEMPLOYMENT IN NEXT YEAR Survey Question(s)ECON_UNNEXT,"How about people out of work during the coming 12 months – do you think that there will be more unemployment than now, about the same, or less?","-9. Refused
-8. Don’t know
-1. Inapplicable","1. More
2. About the same
3. Less"
V241302,"PRE: STD ABORTION: SELF-PLACEMENT when the woman’s life is in danger 3. The law should permit abortion other than for rape/incest/danger to woman but only after need clearly established 4. By law, a woman should always be able to obtain an abortion as a matter of personal choice 5. Other {SPECIFY} Survey Question(s)ABORTPRE_ABSELFSTD",There has been some discussion about abortion during recent years. Which one of the opinions on this page best agrees with your view? You can just tell me the number of the opinion you choose. PRE- ELECTION SURVEY VARIABLES 131,"-9. Refused
-8. Don’t know
-1. Inapplicable","1. By law, abortion should never be permitted
2. The law should permit abortion only in case of rape, incest, or"
V241302z,PRE: STD ABORTION: SELF-PLACEMENT - OTHER {SPECIFY} Survey Question(s)ABORTPRE_ABSELFSTD,There has been some discussion about abortion during recent years. Which one of the opinions on this page best agrees with your view? You can just tell me the number of the opinion you choose.,-2. Open-end responses available in separate ﬁle,
V241303,PRE: IMPORTANCE OF ABORTION ISSUE TO R Survey Question(s)ABORTPRE_ABSELFIMP Response OrderForward/Reverse order 132 CODEBOOK: VARIABLES,"How important is this issue to you personally? [Not at all important, not too important, somewhat important, very important, or extremely important / extremely important, very important, somewhat important, not too important, not at all important]?","-9. Refused
-8. Don’t know
-1. Inapplicable","1. Not at all important
2. Not too important
3. Somewhat important
4. Very important
5. Extremely important"
V241304,"PRE: STD ABORTION: DEMOCRATIC PRESIDENTIAL CANDIDATE PLACEMENT when the woman’s life is in danger 3. The law should permit abortion other than for rape/incest/danger to woman but only after need clearly established 4. By law, a woman should always be able to obtain an abortion as a matter of personal choice Survey Question(s)ABORTPRE_ABDPCSTD Randomization Order of Pres cand abortion placements",Where would you place Kamala Harris (on abortion)?,"-9. Refused
-8. Don’t know
-1. Inapplicable","1. By law, abortion should never be permitted
2. The law should permit abortion only in case of rape, incest, or"
V241305,"PRE: STD ABORTION: REPUBLICAN PRESIDENTIAL CANDIDATE PLACEMENT when the woman’s life is in danger 3. The law should permit abortion other than for rape/incest/danger to woman but only after need clearly established 4. By law, a woman should always be able to obtain an abortion as a matter of personal choice Survey Question(s)ABORTPRE_ABRPCSTD Randomization Order of Pres cand abortion placements",Where would you place Donald Trump (on abortion)?,"-9. Refused
-8. Don’t know
-1. Inapplicable","1. By law, abortion should never be permitted
2. The law should permit abortion only in case of rape, incest, or"
V241306,PRE: R FAVOR OR OPPOSE DEATH PENALTY Survey Question(s)PENALTY_FAVDPEN,Do you favor or oppose the death penalty for persons convicted of murder? PRE- ELECTION SURVEY VARIABLES 133,"-9. Refused
-8. Don’t know
-1. Inapplicable","1. Favor
2. Oppose"
V241307,PRE: R FAVOR OR OPPOSE DEATH PENALTY (STRENGTH) Survey Question(s)PENALTY_DPENSTR Universe IF R FAVORS DEATH PENALTY FOR PERSONS CONVICTED OF MURDER / IF R OPPOSES DEATH PENALTY FOR PERSONS CONVICTED OF MURDER:,Do you [favor / oppose] the death penalty for persons convicted of murder strongly or not strongly?,"-9. Refused
-8. Don’t know
-1. Inapplicable","1. Strongly
2. Not strongly"
V241308x,"PRE: SUMMARY: R FAVOR/OPPOSE DEATH PENALTY Survey Question(s)PENALTY_FAVDPEN, PENALTY_DPENSTR",,"-2. DK/RF in V241306 or V241307
-1. Inapplicable","1. Favor strongly
2. Favor not strongly
3. Oppose not strongly
4. Oppose strongly"
V241309,"PRE: DURING LAST YEAR, US POSITION IN WORLD WEAKER OR STRONGER Survey Question(s)USWORLD_USSTR Response OrderForward/Reverse order","Turning to some questions about America’s role in the world: During the past year, would you say that the United States’ position in the world has grown [weaker, stayed about the same, or has it grown stronger / stronger, stayed about the same, or has it grown weaker]? 134 CODEBOOK: VARIABLES","-9. Refused
-8. Don’t know
-1. Inapplicable","1. Weaker
2. Stayed about the same
3. Stronger"
V241310,PRE: COUNTRY WOULD BE BETTER OFF IF WE JUST STAYED HOME Survey Question(s)USWORLD_USISOL,Do you agree or disagree with this statement: ‘This country would be better oﬀ if we just stayed home and did not concern ourselves with problems in other parts of the world.’,"-9. Refused
-8. Don’t know
-1. Inapplicable","1. Agree
2. Disagree"
V241311,PRE: COUNTRY WOULD BE BETTER OFF IF WE JUST STAYED HOME (STRENGTH) Survey Question(s)USWORLD_USISOLSTR Universe IF R AGREES COUNTRY BETTER IF WE STAYED HOME / IF R DISAGREES COUNTRY BETTER IF WE STAYED HOME:,Do you agree strongly or agree somewhat with this statement? / Do you disagree strongly or disagree somewhat with this statement?,"-9. Refused
-1. Inapplicable","1. Strongly
2. Somewhat"
V241312x,"PRE: SUMMARY: COUNTRY WOULD BE BETTER OFF IF WE JUST STAYED HOME PRE- ELECTION SURVEY VARIABLES 135 Survey Question(s)USWORLD_USISOL, USWORLD_USISOLSTR",,"-2. DK/RF in V241309 or V241310
-1. Applicable","1. Agree strongly
2. Agree somewhat
3. Disagree somewhat
4. Disagree strongly"
V241313,PRE: FORCE TO SOLVE INTERNATIONAL PROBLEMS Survey Question(s)USWORLD_MILFORCE Response OrderForward/Reverse order,"How willing should the United States be to use military force to solve international problems? [Extremely willing, very willing, moderately willing, a little willing, or not at all willing / Not at all willing, a little willing, moderately willing, very willing, or extremely willing]?","-9. Refused
-8. Don’t know
-1. Inapplicable","1. Extremely willing
2. Very willing
3. Moderately willing
4. A little willing
5. Not at all willing"
V241314,"PRE: VOTES COUNTED ACCURATELY 136 CODEBOOK: VARIABLES Survey Question(s) ELECTINTPRE_VOTECOUNT, PAPI PRE Q22 Note: The following speciﬁcations were implemented exclusively in the computerized survey instrument and are not applicable to the paper questionnaire. Response OrderForward/Reverse order","In the November 2024 general election, how accurately do you think the votes will be counted? [Not at all accurately, a little accurately, moderately accurately, very accurately, or completely accurately / Completely accurately, very accurately, moderately accurately, a little accurately, or not at all accurately]?","-9. Refused
-8. Don’t know
-4. Error
-1. Inapplicable","1. Not at all accurately
2. A little accurately
3. Moderately accurately
4. Very accurately
5. Completely accurately"
V241315,PRE: TRUST ELECTION OFFICIALS Survey Question(s)ELECTINTPRE_VOTETRUST Response OrderForward/Reverse order,"How much do you trust the oﬃcials who oversee elections where you live? [Not at all, a little, a moderate amount, a lot, or a great deal / A great deal, a lot, a moderate amount, a little, or not at all]?","-9. Refused
-8. Don’t know
-1. Inapplicable","1. Not at all
2. A little
3. A moderate amount
4. A lot
5. A great deal"
V241316,PRE: HOW OFTEN PEOPLE DENIED RIGHT TO VOTE Survey Question(s)ELECTINTPRE_VOTESTOP Response OrderForward/Reverse order PRE- ELECTION SURVEY VARIABLES 137,"How often are people who are eligible to vote denied the right to vote? [Never, rarely, occasionally, fairly often, or very often / Very often, fairly often, occasionally, rarely, or never]?","-9. Refused
-8. Don’t know
-1. Inapplicable","1. Never
2. Rarely
3. Occasionally
4. Fairly often
5. Very often"
V241317,PRE: FAVOR OR OPPOSE REQUIRING ID WHEN VOTING Survey Question(s)ELECTINTPRE_VOTESHOWID,"Do you favor, oppose, or neither favor nor oppose requiring all people to show a government issued photo ID when they vote?","-9. Refused
-8. Don’t know
-1. Inapplicable","1. Favor
2. Oppose
3. Neither favor nor oppose"
V241318,PRE: FAVOR OR OPPOSE REQUIRING ID WHEN VOTING (STRENGTH) Survey Question(s)ELECTINTPRE_VOTESHOWIDSTR Universe IF R FAVORS SHOWING GOVT PHOTO ID / IF R OPPOSES SHOWING GOVT PHOTO ID: Response OrderForward/Reverse order,"Do you [favor / oppose] that [a great deal, moderately, or a little / a little, moderately, or a great deal]?","-9. Refused
-8. Don’t know
-1. Inapplicable","1. A great deal
2. Moderately
3. A little"
V241319x,"PRE: SUMMARY: FAVOR/OPPOSE REQUIRING ID WHEN VOTING 138 CODEBOOK: VARIABLES Survey Question(s)ELECTINTPRE_VOTESHOWID, ELECTINTPRE_VOTESHOWIDSTR",,"-2. DK/RF in V241317 or V241318
-1. Inapplicable","1. Favor a great deal
2. Favor moderately
3. Favor a little
4. Neither favor nor oppose
5. Oppose a little
6. Oppose moderately
7. Oppose a great deal"
V241320,PRE: FAVOR OR OPPOSE ALLOWING FELONS TO VOTE Survey Question(s)ELECTINTPRE_VOTEFELON,"Do you favor, oppose, or neither favor nor oppose allowing convicted felons to vote once they complete their sentence?","-9. Refused
-8. Don’t know
-1. Inapplicable","1. Favor
2. Oppose
3. Neither favor nor oppose"
V241321,PRE: FAVOR OR OPPOSE ALLOWING FELONS TO VOTE (STRENGTH) Survey Question(s)ELECTINTPRE_VOTEFELONSTR Universe IF R FAVORS ALLOWING FELONS TO VOTE / IF R OPPOSES ALLOWING FELONS TO VOTE: Response OrderForward/Reverse order,"Do you [favor / oppose] that [a great deal, moderately, or a little / a little, moderately, or a great deal]?","-9. Refused
-1. Inapplicable","1. A great deal
2. Moderately
3. A little"
V241322x,"PRE: SUMMARY: FAVOR/OPPOSE ALLOWING FELONS TO VOTE PRE- ELECTION SURVEY VARIABLES 139 Survey Question(s)ELECTINTPRE_VOTEFELON, ELECTINTPRE_VOTEFELONSTR",,"-2. DK/RF in V241319 or V241320
-1. Inapplicable","1. Favor a great deal
2. Favor moderately
3. Favor a little
4. Neither favor nor oppose
5. Oppose a little
6. Oppose moderately
7. Oppose a great deal"
V241323,PRE: DOES R’S STATE ASK FOR ID TO VOTE Survey Question(s)ELECTINTPRE_VOTEIDSTATE,"In your state, are people required to show identiﬁcation when voting? Would you say yes, no, or are you unsure?","-9. Refused
-8. Don’t know
-1. Inapplicable","1. Yes
2. No
3. Unsure"
V241324,PRE: HOW IMPORTANT THAT NEWS ORGANIZATIONS FREE TO CRITICIZE Survey Question(s)DEMNORMS_DEMCRIT Response OrderForward/Reverse order,"For the next few items, we would like to know how important you think each one is to the United States maintaining a strong democracy. First, how important is it that news organizations are free to criticize political leaders? [Not important at all, a little important, moderately important, very important, or extremely important / Extremely important, very important, moderately important, a little important, not important at all]? 140 CODEBOOK: VARIABLES","-9. Refused
-8. Don’t know
-1. Inapplicable","1. Not important at all
2. A little important
3. Moderately important
4. Very important
5. Extremely important"
V241325,PRE: HOW IMPORTANT BRANCHES OF GOVERNMENT KEEP ONE ANOTHER FROM TOO MUCH POWER Survey Question(s)DEMNORMS_DEMBRANCH Response OrderForward/Reverse order,"How important is it that the executive, legislative, and judicial branches of government keep one another from having too much power? [Not important at all, a little important, moderately important, very important, or extremely important / Extremely important, very important, moderately important, a little important, not important at all]?","-9. Refused
-8. Don’t know
-1. Inapplicable","1. Not important at all
2. A little important
3. Moderately important
4. Very important
5. Extremely important"
V241326,PRE: HOW IMPORTANT ELECTED OFFICIALS FACE SERIOUS CONSEQUENCES FOR MISCONDUCT Survey Question(s)DEMNORMS_DEMCONSEQ Response OrderForward/Reverse order,"How important is it that elected oﬃcials face serious consequences if they engage in misconduct? [Not important at all, a little important, moderately important, very important, or extremely important / Extremely important, very important, moderately important, a little important, not important at all]? PRE- ELECTION SURVEY VARIABLES 141","-9. Refused
-8. Don’t know
-1. Inapplicable","1. Not important at all
2. A little important
3. Moderately important
4. Very important
5. Extremely important"
V241327,PRE: HOW IMPORTANT THAT PEOPLE AGREE ON BASIC FACTS Survey Question(s)DEMNORMS_DEMFACTS Response OrderForward/Reverse order,"How important is it that people agree on basic facts even if they disagree politically? [Not important at all, a little important, moderately important, very important, or extremely important / Extremely important, very important, moderately important, a little important, not important at all]?","-9. Refused
-8. Don’t know
-1. Inapplicable","1. Not important at all
2. A little important
3. Moderately important
4. Very important
5. Extremely important"
V241328,PRE: HELPFUL OR HARMFUL IF PRES DIDN’T HAVE TO WORRY ABOUT CONGRESS/COURTS 142 CODEBOOK: VARIABLES Survey Question(s)DEMNORMS_STRPRES,"Would it be helpful, harmful, or neither helpful nor harmful if U.S. presidents could work on the country’s problems without paying attention to what Congress and the courts say?","-9. Refused
-8. Don’t know
-1. Inapplicable","1. Helpful
2. Harmful
3. Neither helpful nor harmful"
V241329,PRE: HELPFUL OR HARMFUL IF PRES DIDN’T HAVE TO WORRY ABOUT CONG/COURTS (STRENGTH) Survey Question(s)DEMNORMS_STRPRESSTR Universe IF R SAID HELPFUL / IF R SAID HARMFUL: Response OrderForward/Reverse order,"How [helpful / harmful]? [Extremely, moderately, or a little / A little, moderately, or extremely]?","-9. Refused
-8. Don’t know
-1. Inapplicable","1. Extremely
2. Moderately
3. A little"
V241330x,"PRE: SUMMARY: HELPFUL/HARMFUL IF PRES DIDN’T HAVE TO WORRY ABOUT CONGRESS/COURTS Survey Question(s)DEMNORMS_STRPRES, DEMNORMS_STRPRESSTR",,"-2. DK/RF in V241328 or V241329
-1. Inapplicable","1. Extremely helpful
2. Moderately helpful
3. A little helpful
4. Neither helpful nor harmful
5. A little harmful
6. Moderately harmful
7. Extremely harmful"
V241331,PRE: FAVOR OR OPPOSE RESTRICTING JOURNALIST ACCESS PRE- ELECTION SURVEY VARIABLES 143 Survey Question(s)DEMNORMS_JOURNACCESS,"Do you favor, oppose, or neither favor nor oppose elected oﬃcials restricting journalists’ access to information about government decision-making?","-9. Refused
-8. Don’t know
-1. Inapplicable","1. Favor
2. Oppose
3. Neither favor nor oppose"
V241332,PRE: FAVOR OR OPPOSE RESTRICTING JOURNALIST ACCESS (STRENGTH) Survey Question(s)DEMNORMS_JOURNACCESSSTR Universe IF R FAVORS RESTRICTING JOURNALIST ACCESS / IF R OPPOSES RESTRICTING JOURNALIST ACCESS: Response OrderForward/Reverse order,"Do you [favor / oppose] that [a great deal, moderately, or a little / a little, moderately, or a great deal]?","-9. Refused
-1. Inapplicable","1. A great deal
2. Moderately
3. A little"
V241333x,"PRE: SUMMARY: FAVOR OR OPPOSE RESTRICTING JOURNALIST ACCESS Survey Question(s)DEMNORMS_JOURNACCESS, DEMNORMS_JOURNACCESSSTR 144 CODEBOOK: VARIABLES",,"-2. DK/RF in V241331 or V241332
-1. Inapplicable","1. Favor a great deal
2. Favor moderately
3. Favor a little
4. Neither favor nor oppose
5. Oppose a little
6. Oppose moderately
7. Oppose a great deal"
V241334,PRE: HOW CONCERNED GOVERNMENT MIGHT UNDERMINE MEDIA Survey Question(s)DEMNORMS_MEDIACHECK Response OrderForward/Reverse order,"How concerned are you that some people in the government today might want to undermine the news media’s ability to serve as a check on governmental power? [Not at all concerned, a little concerned, moderately concerned, very concerned, or extremely concerned / Extremely concerned, very concerned, moderately concerned, a little concerned, or not at all concerned]?","-9. Refused
-8. Don’t know
-1. Inapplicable","1. Not at all concerned
2. A little concerned
3. Moderately concerned
4. Very concerned
5. Extremely concerned"
V241335,PRE: HOW MUCH TRUST IN NEWS MEDIA Survey Question(s)DEMNORMS_MEDIATRUST Response OrderForward/Reverse order,"In general, how much trust and conﬁdence do you have in the news media when it comes to reporting the news fully, accurately, and fairly? [None, a little, a moderate amount, a lot, or a great deal / A great deal, a lot, a moderate amount, a little, or none]?","-9. Refused
-8. Don’t know
-1. Inapplicable","1. None
2. A little
3. A moderate amount
4. A lot
5. A great deal"
V241336,PRE: PREFER GOVERNMENT OFFICIAL WHO COMPROMISES OR STICKS TO PRINCIPLES PRE- ELECTION SURVEY VARIABLES 145 Survey Question(s)COMPROMISE_PREFCOMP,"Would you prefer a government oﬃcial who compromises to get things done, or who sticks to their principles no matter what?","-9. Refused
-8. Don’t know
-1. Inapplicable","1. Compromises to get things done
2. Sticks to their principles no matter what"
V241337,PRE: HOW STRONGLY PREFER GOV OFFICIAL WHO COMPROMISES OR STICKS TO PRINCIPLES Survey Question(s)COMPROMISE_PREFCOMPSTR Universe IF R PREFERS GOVERNMENT OFFICIALS TO COMPROMISE TO GET THINGS DONE / IF R PREFERS GOVERNMENT OFFICIALS TO STICK TO THEIR PRINCIPALS: Response OrderForward/Reverse order,"How strongly do you feel this way? [Very strongly, moderately strongly, or slightly strongly / slightly strongly, moderately strongly, or very strongly]","-9. Refused
-8. Don’t know
-1. Inapplicable","1. Very strongly
2. Moderately strongly
3. Slightly strongly"
V241338x,"PRE: SUMMARY: PREFER GOV OFFICIAL WHO COMPROMISES/STICKS TO PRINCIPLES strongly 6. Prefers gov oﬃcial who sticks to principles very strongly Survey Question(s)COMPROMISE_PREFCOMP , COMPROMISE_PREFCOMPSTR 146 CODEBOOK: VARIABLES",,"-2. DK/RF in V241336 or V241337
-1. Inapplicable","1. Prefers gov oﬃcial who compromises very strongly
2. Prefers gov oﬃcial who compromises moderately strongly
3. Prefers gov oﬃcial who compromises slightly strongly
4. Prefers gov oﬃcial who sticks to principles slightly strongly
5. Prefers gov oﬃcial who sticks to principles moderately"
V241339,"PRE: HOW LIKELY TO KEEP YOU FROM VOTING FOR A CANDIDATE - FELONY CONVICTION Survey Question(s)DISQUAL_FELON Randomization Randomize items in DISQUAL submodule after INTRO (FELON, DOCS, SEXHAR) Response OrderForward/Reverse order",How likely would the following be to keep you from voting for a candidate you otherwise liked? The candidate has been convicted of a felony,"-9. Refused
-8. Don’t know
-1. Inapplicable","1. Extremely likely
2. Very likely
3. Moderately likely
4. Slightly likely
5. Not likely at all"
V241340,"PRE: HOW LIKELY TO KEEP YOU FROM VOTING FOR A CANDIDATE - MISHANDLE SECRET DOCS Survey Question(s)DISQUAL_DOCS Randomization Randomize items in DISQUAL submodule after INTRO (FELON, DOCS, SEXHAR)",How likely would the following be to keep you from voting for a candidate you otherwise liked? The candidate mishandled top secret documents,"-9. Refused
-8. Don’t know
-1. Inapplicable","1. Extremely likely
2. Very likely
3. Moderately likely
4. Slightly likely
5. Not likely at all"
V241341,"PRE: HOW LIKELY TO KEEP YOU FROM VOTING FOR A CANDIDATE - SEXUAL HARASSMENT PRE- ELECTION SURVEY VARIABLES 147 Survey Question(s)DISQUAL_SEXHAR Randomization Randomize items in DISQUAL submodule after INTRO (FELON, DOCS, SEXHAR)",How likely would the following be to keep you from voting for a candidate you otherwise liked? Evidence of sexual harassment by the candidate,"-9. Refused
-8. Don’t know
-1. Inapplicable","1. Extremely likely
2. Very likely
3. Moderately likely
4. Slightly likely
5. Not likely at all"
V241342,PRE: HAS CORRUPTION INCREASED OR DECREASED SINCE BIDEN BECAME PRESIDENT Survey Question(s)BIDENIMPEACH_CORRUPTJB,"Has corruption in government increased, decreased, or stayed the same since Joe Biden became president?","-9. Refused
-8. Don’t know
-1. Inapplicable","1. Increased
2. Decreased
3. Stayed the same"
V241343,PRE: HOW MUCH HAS CORRUPTION INCREASED/DECREASED SINCE BIDEN BECAME PRESIDENT 148 CODEBOOK: VARIABLES Survey Question(s)BIDENIMPEACH_CORRUPTJBSTR Universe IF R SAYS CORRUPTION INCREASED / IF R SAYS CORRUPTION DECREASED: Response OrderForward/Reverse order,"Has corruption [increased / decreased] [a great deal, a moderate amount, or a little / a little, a moderate amount, or a great deal]?","-9. Refused
-8. Don’t know
-1. Inapplicable","1. A great deal
2. A moderate amount
3. A little"
V241344x,"PRE: SUMMARY: CORRUPTION INCREASED/DECREASED SINCE BIDEN BECAME PRESIDENT Survey Question(s)BIDENIMPEACH_CORRUPTJB, BIDENIMPEACH_CORRUPTJBSTR",,"-2. DK/RF in V241341 or V241342
-1. Inapplicable","1. Increased a great deal
2. Increased a moderate amount
3. Increased a little
4. Stayed the same
5. Decreased a little
6. Decreased a moderate amount
7. Decreased a great deal"
V241345,PRE: DID MANHATTAN JURY THAT FOUND TRUMP GUILTY MAKE RIGHT OR WRONG DECISION Survey Question(s)TRUMP_MHTN,Do you think the Manhattan jury that found Donald Trump guilty of felonies made the right decision or the wrong decision?,"-9. Refused
-8. Don’t know
-1. Inapplicable","1. Right decision
2. Wrong decision"
V241346,PRE: HOW STRONGLY FEEL THAT MANHATTAN JURY MADE RIGHT OR WRONG DECISION Survey Question(s)TRUMP_MHTNSTR Universe IF R THINKS MANHATTAN JURY DECISION WAS RIGHT DECISION / IF R THINKS MANHATTAN JURY DECISION WAS WRONG DECISION: Response OrderForward/Reverse order,"How strongly do you feel that way? [Very strongly, somewhat strongly, or not strongly / Not strongly, somewhat strongly, or very strongly]? PRE- ELECTION SURVEY VARIABLES 149","-9. Refused
-1. Inapplicable","1. Very strongly
2. Somewhat strongly
3. Not strongly"
V241347x,"PRE: SUMMARY: MANHATTAN JURY THAT FOUND TRUMP GUILTY MADE RIGHT/WRONG DECISION decision 6. Thinks very strongly Manhattan jury made wrong decision Survey Question(s)TRUMP_MHTN, TRUMP_MHTNSTR",,"-2. DK/RF in V241345 or V241346
-1. Inapplicable","1. Thinks very strongly Manhattan jury made right decision
2. Thinks somewhat strongly Manhattan jury made right decision
3. Thinks not strongly Manhattan jury made right decision
4. Thinks not strongly Manhattan jury made wrong decision
5. Thinks somewhat strongly Manhattan jury made wrong"
V241348,PRE: APPROVE/DISAPPROVE SUPREME COURT DECISION PRESIDENT IMMUNE FROM PROSECUTION Survey Question(s)TRUMP_SCIMMUNE 150 CODEBOOK: VARIABLES,Do you approve or disapprove of the Supreme Court decision that a former president is immune from criminal prosecution for oﬃcial acts performed as president?,"-9. Refused
-8. Don’t know
-1. Inapplicable","1. Approve
2. Disapprove"
V241349,PRE: HOW STRONGLY APPR/DISAPP SUPREME COURT DECISION PRESIDENT IMMUNE FROM PROSECUTION Survey Question(s)TRUMP_SCIMMUNESTR Universe IF R APPROVES SUPREME COURT DECISION / IF R DISAPPROVES SUPREME COURT DECISION: Response OrderForward/Reverse order,"How strongly do you feel that way? [Very strongly, somewhat strongly, or not strongly / Not strongly, somewhat strongly, or very strongly]?","-9. Refused
-1. Inapplicable","1. Very strongly
2. Somewhat strongly
3. Not strongly"
V241350x,"PRE: SUMMARY: APPROVE/DISAPPROVE SUPREME COURT DECISION PRESIDENT IMMUNE Survey Question(s)TRUMP_SCIMMUNE, TRUMP_SCIMMUNESTR",,"-2. DK/RF in V241348 or V241349
-1. Inapplicable","1. Approve very strongly
2. Approve somewhat strongly
3. Approve not strongly
4. Disapprove not strongly
5. Disapprove somewhat strongly
6. Disapprove very strongly"
V241351,PRE: HAVE COURTS TREATED DONALD TRUMP FAIRLY OR UNFAIRLY Survey Question(s)TRUMP_COURTFAIR PRE- ELECTION SURVEY VARIABLES 151,Have the courts treated Donald Trump fairly or unfairly?,"-9. Refused
-8. Don’t know
-1. Inapplicable","1. Fairly
2. Unfairly"
V241352,PRE: HOW STRONGLY FEEL COURTS HAVE TREATED DONALD TRUMP FAIRLY OR UNFAIRLY Survey Question(s)TRUMP_COURTFAIRSTR Universe IF R THINKS COURTS HAVE TREATED TRUMP FAIRLY / IF R THINKS COURTS HAVE TREATED TRUMP UNFAIRLY: Response OrderForward/Reverse order,"How strongly do you feel that way? [Very strongly, somewhat strongly, or not strongly / Not strongly, somewhat strongly, or very strongly.]","-9. Refused
-8. Don’t know
-1. Inapplicable","1. Very strongly
2. Somewhat strongly
3. Not strongly"
V241353x,"PRE: SUMMARY: COURTS TREATED DONALD TRUMP FAIRLY/UNFAIRLY unfairly 6. Believes very strongly courts have treated Trump unfairly Survey Question(s)TRUMP_COURTFAIR, TRUMP_COURTFAIRSTR",,"-2. DK/RF in V241351 or V241352
-1. Inapplicable","1. Believes very strongly courts have treated Trump fairly
2. Believes somewhat strongly courts have treated Trump fairly
3. Believes not strongly courts have treated Trump fairly
4. Believes not strongly courts have treated Trump unfairly
5. Believes somewhat strongly courts have treated Trump"
V241360,PRE: INCOME GAP TODAY MORE OR LESS THAN 20 YEARS AGO Survey Question(s)INEQ_INCGAP,"Do you think the diﬀerence in incomes between rich people and poor people in the United States today is larger, smaller, or about the same as it was 20 years ago? 152 CODEBOOK: VARIABLES","-9. Refused
-8. Don’t know
-1. Inapplicable","1. Larger
2. Smaller
3. About the same"
V241361,PRE: HOW MUCH LARGER IS INCOME GAP TODAY Survey Question(s)INEQ_GAPMORE Universe IF INCOME GAP TODAY IS LARGER THAN IT WAS 20 YEARS AGO:,Would you say the diﬀerence in incomes is much larger or somewhat larger?,"-9. Refused
-1. Inapplicable","1. Much
2. Somewhat"
V241362,PRE: HOW MUCH SMALLER IS INCOME GAP TODAY Survey Question(s)INEQ_GAPLESS Universe IF INCOME GAP TODAY IS SMALLER THAN IT WAS 20 YEARS AGO:,Would you say the diﬀerence in incomes is much smaller or somewhat smaller?,"-8. Don’t know
-1. Inapplicable","1. Much
2. Somewhat"
V241363x,"PRE: SUMMARY: HOW MUCH LARGER IS INCOME GAP TODAY PRE- ELECTION SURVEY VARIABLES 153 Survey Question(s)INEQ_INCGAP , INEQ_GAPMORE, INEQ_GAPLESS",,"-2. DK/RF in V241360, V241361, or V241362
-1. Inapplicable","1. Much larger
2. Somewhat larger
3. About the same
4. Somewhat smaller
5. Much smaller"
V241364,PRE: GOVERNMENT ACTION ABOUT RISING TEMPERATURES Survey Question(s)ENVIR_WARMDO,"Do you think the federal government should be doing more about rising temperatures, should be doing less, or is it currently doing the right amount?","-9. Refused
-8. Don’t know
-1. Inapplicable","1. Should be doing more
2. Should be doing less
3. Is currently doing the right amount"
V241365,PRE: GOVERNMENT ACTION ABOUT RISING TEMPERATURES (STRENGTH) Survey Question(s)ENVIR_WARMDOAMT Universe IF R SAYS GOVERNMENT SHOULD DO MORE ABOUT RISING TEMPERATURES / IF R SAYS GOVERNMENT SHOULD DO LESS ABOUT RISING TEMPERATURES: Response OrderForward/Reverse order 154 CODEBOOK: VARIABLES,"Should it be doing a great deal [more/less], a moderate amount [more/less], or a little [more/less]? / Should it be doing a little [more/less], a moderate amount [more/less], or a great deal [more/less]?","-9. Refused
-1. Inapplicable","1. A great deal
2. A moderate amount
3. A little"
V241366x,"PRE: SUMMARY: GOVERNMENT ACTION ABOUT RISING TEMPERATURES Survey Question(s)ENVIR_WARMDO, ENVIR_WARMDOAMT",,"-2. DK/RF in V241364 or V241365
-1. Inapplicable","1. Should be doing a great deal more
2. Should be doing a moderate amount more
3. Should be doing a little more
4. Currently doing the right amount
5. Should be doing a little less
6. Should be doing a moderate amount less
7. Should be doing a great deal less"
V241367,PRE: REQUIRE EMPLOYERS TO OFFER PAID LEAVE TO PARENTS OF NEW CHILDREN Survey Question(s)GENDPOL_PARLEAVE,"Do you favor, oppose, or neither favor nor oppose requiring employers to oﬀer paid leave to parents of new children?","-9. Refused
-8. Don’t know
-1. Inapplicable","1. Favor
2. Oppose
3. Neither favor nor oppose"
V241368,PRE: REQUIRE EMPLOYERS TO OFFER PAID LEAVE TO PARENTS OF NEW CHILDREN (STRENGTH) Survey Question(s)GENDPOL_PARLEAVESTR PRE- ELECTION SURVEY VARIABLES 155 Universe IF R FAVORS REQUIRING EMPLOYERS TO OFFER PAID LEAVE FOR NEW CHILDREN / IF R OPPOSES REQUIRING EMPLOYERS TO OFFER PAID LEAVE FOR NEW CHILDREN :,"Do you favor that a great deal, a moderate amount, or a little ? / Do you oppose that a great deal, a moderate amount, or a little?","-9. Refused
-8. Don’t know
-1. Inapplicable","1. A great deal
2. A moderate amount
3. A little"
V241369x,"PRE: SUMMARY: REQUIRE EMPLOYERS TO OFFER PAID LEAVE TO PARENTS OF NEW CHILDREN Survey Question(s)GENDPOL_PARLEAVE, GENDPOL_PARLEAVESTR",,"-2. DK/RF in V241367 or V241368
-1. Inapplicable","1. Favor a great deal
2. Favor moderately
3. Favor a little
4. Neither favor nor oppose
5. Oppose a little
6. Oppose moderately
7. Oppose a great deal"
V241370,PRE: APPROVE/DISAPPROVE TRANSGENDER PEOPLE USE BATHROOM THAT MATCHES GENDER IDENTITY Survey Question(s)TRANSPOLICY_RESTRM,"Do you favor, oppose, or neither favor nor oppose allowing transgender people to use public bathrooms that match the gender they identify with?","-9. Refused
-8. Don’t know
-1. Inapplicable","1. Favor
2. Oppose
3. Neither favor nor oppose"
V241371,PRE: HOW STRONGLY APPROVE/DISAPPROVE TRANSGENDER PEOPLE USE BATHROOM THAT MATCHES GENDER IDENTITY Survey Question(s)TRANSPOLICY_RESTRMSTR Universe IF R FAVORS ALLOWING TRANSGENDER PEOPLE TO USE BATHROOM THAT MATCHES THE GENDER THEY IDENIFY WITH / IF R OPPOSES ALLOWING TRANSGENDER PEOPLE TO USE BATHROOM THAT MATCHES THE GENDER THEY IDENTIFY WITH: Response OrderForward/Reverse order,"Do you [favor / oppose] that [a great deal, a moderate amount, or a little / a little, a moderate amount, or a great deal]? 156 CODEBOOK: VARIABLES","-9. Refused
-1. Inapplicable","1. A great deal
2. A moderate amount
3. A little"
V241372x,"PRE: SUMMARY: APPROVE/DISAPPROVE TRANSGENDER PEOPLE USE BATHROOM THAT MATCHES GENDER IDENTITY Survey Question(s)TRANSPOLICY_RESTRM, TRANSPOLICY_RESTRMSTR",,"-2. DK/RF in V241370 or V241371
-1. Inapplicable","1. Favor a great deal
2. Favor a moderate amount
3. Favor a little
4. Neither favor nor oppose
5. Oppose a little
6. Oppose a moderate amount
7. Oppose a great deal"
V241373,PRE: FAVOR OR OPPOSE BANNING TRANSGENDER GIRLS FROM PARTICIPATING IN K- 12 GIRLS SPORTS PRE- ELECTION SURVEY VARIABLES 157 Survey Question(s)TRANSPOLICY_TRANSPRT Variable Note PAPI respondents received this question in the post-election interview. A pre-post summary variable has been created to summarize the responses from all modes.,"Several states have considered laws that would ban transgender girls from participating in K-12 girls’ sports. Do you favor, oppose, or neither favor nor oppose such a law?","-9. Refused
-8. Don’t know
-1. Inapplicable","1. Favor
2. Oppose
3. Neither favor nor oppose"
V241374,PRE: HOW STRONGLY FAVOR OR OPPOSING BANNING TRANSGENDER GIRLS FROM K-12 GIRLS SPORTS Survey Question(s)TRANSPOLICY_TRANSPRTSTR Universe IF R FAVORS BAN / IF R OPPOSES BAN: Response OrderForward/Reverse order Variable Note PAPI respondents received this question in the post-election interview. A pre-post summary variable has been created to summarize the responses from all modes.,"Do you [favor / oppose] that [a great deal, a moderate amount, or a little/ a little, a moderate amount, or a great deal]?","-9. Refused
-1. Inapplicable","1. A great deal
2. A moderate amount
3. A little"
V241375x,"PRE: SUMMARY: FAVOR/OPPOSE BANNING TRANSGENDER GIRLS FROM K-12 GIRLS SPORTS Survey Question(s)TRANSPOLICY_TRANSPRT, TRANSPOLICY_TRANSPRTSTR 158 CODEBOOK: VARIABLES",,"-2. DK/RF in V241373 or V241374
-1. Inapplicable","1. Favor a great deal
2. Favor a moderate amount
3. Favor a little
4. Neither favor nor oppose
5. Oppose a little
6. Oppose a moderate amount
7. Oppose a great deal"
V241376,PRE: DOES R FAVOR/OPPOSE LAWS PROTECT GAYS/LESBIANS AGAINST JOB DISCRIMINATION Survey Question(s)GAYRT_GDISCREV,Do you favor or oppose laws to protect gays and lesbians against job discrimination?,"-9. Refused
-8. Don’t know
-1. Inapplicable","1. Favor
2. Oppose"
V241377,PRE: HOW MUCH R FAV/OPP LAWS PROTECT GAYS/LESBIANS AGAINST JOB DISCRIMINATION Survey Question(s)GAYRT_GDISCSTREV Universe IF R FAVORS PROTECTING GAYS AND LESBIANS AGAINST JOB DISCRIMINATION/ IF R OPPOSES PROTECTING GAYS AND LESBIANS AGAINST JOB DISCRIMINATION:,[Do you favor such laws strongly or not strongly? / Do you oppose such laws strongly or not strongly?],"-9. Refused
-1. Inapplicable","1. Strongly
2. Not strongly"
V241378x,"PRE: SUMMARY: FAVOR/OPPOSE LAWS PROTECT GAYS/LESBIANS AGAINST JOB DISCRIMINATION Survey Question(s)GAYRT_GDISCREV, GAYRT_GDISCSTREV PRE- ELECTION SURVEY VARIABLES 159",,"-2. DK/RF in V241376 or V241377
-1. Inapplicable","1. Favor strongly
2. Favor not strongly
3. Oppose not strongly
4. Oppose strongly"
V241379,PRE: SHOULD GAY AND LESBIAN COUPLES BE ALLOWED TO ADOPT CHILDREN OR NOT Survey Question(s)GAYRT_GAYADOPT,Do you think gay or lesbian couples should be legally permitted to adopt children?,"-9. Refused
-8. Don’t know
-1. Inapplicable","1. Yes
2. No"
V241380,PRE: HOW STRONGLY FEEL GAY/LESBIAN COUPLES SHOULD BE ALLOWED TO ADOPT OR NOT Survey Question(s)GAYRT_GAYADOPTSTR Universe IF R SAYS YES GAY OR LESBIAN COUPLES SHOULD BE LEGALLY PERMITTED TO ADOPT CHILDREN / IF R SAYS NO GAY OR LESBIAN COUPLES SHOULD NOT BE LEGALLY PERMITTED TO ADOPT CHILDREN: Response OrderForward/Reverse order,"How strongly do you feel that way? [Very strongly, somewhat strongly, or not strongly / Not strongly, somewhat strongly, or very strongly]?","-9. Refused
-8. Don’t know
-1. Inapplicable","1. Very strongly
2. Somewhat strongly
3. Not strongly"
V241381x,"PRE: SUMMARY SHOULD GAY/LESBIAN COUPLES BE ALLOWED TO ADOPT CHILDREN OR NOT 160 CODEBOOK: VARIABLES adopt 2. Feels somewhat strongly gay/lesbian couples should be permitted to adopt 3. Feels not strongly gay/lesbian couples should be permitted to adopt 4. Feels not strongly gay/lesbian couples should not be permitted to adopt 5. Feels somewhat strongly gay/lesbian couples should not be permitted to adopt 6. Feels very strongly gay/lesbian couples should not be permitted to adopt Survey Question(s)GAYRT_GAYADOPT, GAYRT_GAYADOPTSTR",,"-2. DK/RF in V241379 or V241380
-1. Inapplicable",1. Feels very strongly gay/lesbian couples should be permitted to
V241382,PRE: R POSITION ON GAY MARRIAGE but not legally marry 3. There should be no legal recognition of gay or lesbian couples’ relationship Survey Question(s)GAYRT_GAYMARR Universe IF R SELECTED FOR VERSION 1A OF VERSION 1A / VERSION 1B SPLICE:,Which comes closest to your view? You can just tell me the number of your choice.,"-9. Refused
-8. Don’t know
-1. Inapplicable","1. Gay and lesbian couples should be allowed to legally marry
2. Gay and lesbian couples should be allowed to form civil unions"
V241383,PRE: FAVOR OR OPPOSE RIGHT OF GAY AND LESBIAN COUPLES TO LEGALLY MARRY PRE- ELECTION SURVEY VARIABLES 161 Survey Question(s)GAYRT_GAYMARR2 Universe IF R SELECTED FOR VERSION 1B OF VERSION 1A / VERSION 1B SPLICE:,"Do you favor or oppose, or neither favor nor oppose the right of gay and lesbian couples to legally marry?","-9. Refused
-8. Don’t know
-1. Inapplicable","1. Favor
2. Oppose
3. Neither favor nor oppose"
V241384,PRE: HOW STRONGLY FAVOR OR OPPOSE RIGHT OF GAY AND LESBIAN COUPLES TO LEGALLY MARRY Survey Question(s)GAYRT_GAYMARR2STR Universe IF R SELECTED FOR VERSION 1B OF VERSION 1A / VERSION 1B SPLICE / IF R FAVORS THE RIGHT OF GAY/LESBIAN COUPLES TO LEGALLY MARRY / IF R OPPOSES THE RIGHT OF GAY/LESBIAN COUPLES TO LEGALLY MARRY: Response OrderForward/Reverse order,"Do you [favor / oppose] that [a great deal, a moderate amount, or a little / a little, a moderate amount, or a great deal]?","-9. Refused
-1. Inapplicable","1. A great deal
2. A moderate amount
3. A little"
V241385x,"PRE: SUMMARY: FAVOR/OPPOSE RIGHT OF GAY AND LESBIAN COUPLES TO LEGALLY MARRY Survey Question(s)GAYRT_GAYMARR2, GAYRT_GAYMARR2STR",,"-2. DK/RF in V241383 or V241384
-1. Inapplicable","1. Favor a great deal
2. Favor a moderate amount
3. Favor a little
4. Neither favor nor oppose
5. Oppose a little
6. Oppose a moderate amount
7. Oppose a great deal"
V241386,PRE: US GOVERNMENT POLICY TOWARD UNAUTHORIZED IMMIGRANTS 162 CODEBOOK: VARIABLES to their home country 2. Have guest worker program that allows unauthorized immigrants to remain in the US to work but only for a limited amount of time 3. Allow unauthorized immigrants to remain in US & qualify for citizenship if they meet certain requirements 4. Allow unauthorized immigrants to remain in US & qualify for citizenship without penalties Survey Question(s)IMMIG_IMMPOL,Which comes closest to your view about what government policy should be toward unauthorized immigrants now living in the United States? You can just tell me the number of your choice.,"-9. Refused
-8. Don’t know
-1. Inapplicable",1. Make all unauthorized immigrants felons and send them back
V241387,PRE: FAVOR OR OPPOSE ENDING BIRTHRIGHT CITIZENSHIP Survey Question(s)IMMIG_BRTCITRT,"Some people have proposed that the U.S. Constitution should be changed so that the children of unauthorized immigrants do not automatically get citizenship if they are born in this country. Do you favor, oppose, or neither favor nor oppose this proposal?","-9. Refused
-8. Don’t know
-1. Inapplicable","1. Favor
2. Oppose
3. Neither favor nor oppose"
V241388,PRE: FAVOR OR OPPOSE ENDING BIRTHRIGHT CITIZENSHIP (STRENGTH) Survey Question(s)IMMIG_BIRTHRTSTR Universe IF R FAVORS CHANGING CONSTITUTION - US-BORN CHILDREN OF OF ILLEGAL IMMIGRANTS / IF R OPPOSES CHANGING CONSTITUTION - US-BORN CHILDREN OF OF ILLEGAL IMMIGRANTS: Response OrderForward/Reverse order,"Do you favor that [a great deal, a moderate amount, or a little / a little, a moderate amount, or a great deal]? / Do you oppose that [a great deal, a moderate amount, or a little / a little, a moderate amount, or a great deal]? PRE- ELECTION SURVEY VARIABLES 163","-9. Refused
-1. Inapplicable","1. A great deal
2. A moderate amount
3. A little"
V241389x,"PRE: SUMMARY: FAVOR OR OPPOSE ENDING BIRTHRIGHT CITIZENSHIP Survey Question(s)IMMIG_BRTCITRT, IMMIG_BIRTHRTSTR",,"-2. DK/RF in V241387 or V241388
-1. Inapplicable","1. Favor a great deal
2. Favor moderately
3. Favor a little
4. Neither favor nor oppose
5. Oppose a little
6. Oppose moderately
7. Oppose a great deal"
V241390,PRE: SHOULD CHILDREN BROUGHT ILLEGALLY BE SENT BACK OR ALLOWED TO STAY Survey Question(s)IMMIG_CHILD 164 CODEBOOK: VARIABLES,"What should happen to immigrants who were brought to the U.S. illegally as children and have lived here for at least 10 years and graduated high school here? Should they be sent back where they came from, or should they be allowed to live and work in the United States?","-9. Refused
-8. Don’t know
-1. Inapplicable","1. Should be sent back where they came from
2. Should be allowed to live and work in the US"
V241391,PRE: SHOULD CHILDREN BROUGHT ILLEGALLY BE SENT BACK/ALLOWED TO STAY (STRENGTH) Survey Question(s)IMMIG_CHILDSTR Universe IF R R OPINION ON ILLEGAL IMMIGRANT CHILDREN RAISED IN U.S. IS NOT DK/RF: Response OrderForward/Reverse order,"Do you favor that [a great deal, a moderate amount, or a little / a little, a moderate amount, a great deal]?","-9. Refused
-1. Inapplicable","1. A great deal
2. A moderate amount
3. A little"
V241392x,"PRE: SUMMARY: SHOULD CHILDREN BROUGHT ILLEGALLY BE SENT BACK OR ALLOWED TO STAY US 5. Believes a moderate amount immigrants should be allowed to live & work in US 6. Believes a great deal immigrants should be allowed to live & work in US Survey Question(s)IMMIG_CHILD, IMMIG_CHILDSTR",,"-2. DK/RF in V241390 or V241391
-1. Inapplicable","1. Believes a great deal immigrants should be sent back
2. Believes a moderate amount immigrants should be sent back
3. Believes a little immigrants should be sent back
4. Believes a little immigrants should be allowed to live & work in"
V241393,PRE: FAVOR OR OPPOSE BUILDING A WALL ON BORDER WITH MEXICO PRE- ELECTION SURVEY VARIABLES 165 Survey Question(s)IMMIG_WALL,"Do you favor, oppose, or neither favor nor oppose building a wall on the U.S. border with Mexico?","-9. Refused
-8. Don’t know
-1. Inapplicable","1. Favor
2. Oppose
3. Neither favor nor oppose"
V241394,PRE: FAVOR OR OPPOSE BUILDING A WALL ON BORDER WITH MEXICO (STRENGTH) Survey Question(s)IMMIG_WALLSTR Universe IF R FAVORS BUILDING A WALL ON THE U.S. BORDER WITH MEXICO / IF R OPPOSES BUILDING A WALL ON THE U.S. BORDER WITH MEXICO: Response OrderForward/Reverse order,"Do you favor that [a great deal, a moderate amount, or a little / a little, a moderate amount, or a great deal]? / Do you oppose that [a great deal, a moderate amount, or a little / a little, a moderate amount, or a great deal]?","-9. Refused
-1. Inapplicable","1. A great deal
2. A moderate amount
3. A little"
V241395x,"PRE: SUMMARY: FAVOR OR OPPOSE BUILDING A WALL ON BORDER WITH MEXICO Survey Question(s)IMMIG_WALL, IMMIG_WALLSTR",,"-2. DK/RF in V241393 or V241394
-1. Inapplicable","1. Favor a great deal
2. Favor moderately
3. Favor a little
4. Neither favor nor oppose
5. Oppose a little
6. Oppose moderately
7. Oppose a great deal"
V241396,PRE: HOW IMPORTANT TO SPEAK ENGLISH IN US Survey Question(s)USLANG_SPEAKENG Response OrderForward/Reverse order,"How important do you think it is that everyone in the United States learn to speak English? [Very important, somewhat important, not very important, or not at all important / Not at all important, not very important, somewhat important, or very important?] 166 CODEBOOK: VARIABLES","-9. Refused
-1. Inapplicable","1. Very important
2. Somewhat important
3. Not very important
4. Not at all important"
V241397,PRE: BEST WAY TO DEAL WITH URBAN UNREST Survey Question(s)PROTEST_UNREST,"What is the best way to deal with the problem of urban unrest and rioting? Some say it is more important to use all available force to maintain law and order, no matter what results. Others say it is more important to correct the problems of racism and police violence that give rise to the disturbances. And, of course, other people have opinions in between. On this scale from 1 to 7, where 1 means solve problems of racism and police violence, and 7 means use all available force to maintain law and order, where would you place yourself on this scale, or haven’t you thought much about this?","-9. Refused
-8. Don’t know
-1. Inapplicable","1. Solve problems of racism and police violence
7. Use all available force to maintain law and order
99. Haven’t thought much about this"
V241398,PRE: FAVOR OR OPPOSE U.S. GIVING WEAPONS TO HELP UKRAINE FIGHT RUSSIA PRE- ELECTION SURVEY VARIABLES 167 Survey Question(s)FORPOL_UKRAINE,"Do you favor, oppose, or neither favor nor oppose the United States giving weapons to help Ukraine ﬁght Russia?","-9. Refused
-8. Don’t know
-1. Inapplicable","1. Favor
2. Oppose
3. Neither favor nor oppose"
V241399,PRE: HOW STRONGLY FAVOR OR OPPOSE U.S. GIVING WEAPONS TO UKRAINE Survey Question(s)FORPOL_UKRAINESTR Universe IF R FAVORS GIVING WEAPONS TO HELP UKRAINE / IF R OPPOSES GIVING WEAPONS TO HELP UKRAINE: Response OrderForward/Reverse order,"Do you (favor/oppose) that [a great deal, a moderate amount, or a little/ a little, a moderate amount, or a great deal]?","-9. Refused
-1. Inapplicable","1. A great deal
2. A moderate amount
3. A little"
V241400x,"PRE: SUMMARY: FAVOR/OPPOSE U.S. GIVING WEAPONS TO HELP UKRAINE FIGHT RUSSIA Survey Question(s)FORPOL_UKRAINE, FORPOL_UKRAINESTR",,"-2. DK/RF in V241398 or V241399
-1. Inapplicable","1. Favor a great deal
2. Favor moderately
3. Favor a little
4. Neither favor nor oppose
5. Oppose a little
6. Oppose moderately
7. Oppose a great deal"
V241401,PRE: FAVOR OR OPPOSE U.S. GIVING MILITARY ASSISTANCE TO ISRAEL Survey Question(s)FORPOL_ISRAEL,"Do you favor, oppose, or neither favor nor oppose the United States giving military assistance to Israel? 168 CODEBOOK: VARIABLES","-9. Refused
-8. Don’t know
-1. Inapplicable","1. Favor
2. Oppose
3. Neither favor nor oppose"
V241402,PRE: HOW STRONGLY FAVOR OR OPPOSE U.S. GIVING MILITARY ASSISTANCE TO ISRAEL Survey Question(s)FORPOL_ISRAELSTR Universe IF R FAVORS GIVING MILITARY ASSISTANCE TO ISRAEL / IF R OPPOSES GIVING MILITARY ASSISTANCE TO ISRAEL: Response OrderForward/Reverse order,"Do you (favor/oppose) that [a great deal, a moderate amount, or a little/ a little, a moderate amount, or a great deal]?","-9. Refused
-8. Don’t know
-1. Inapplicable","1. A great deal
2. A moderate amount
3. A little"
V241403x,"PRE: SUMMARY: FAVOR/OPPOSE U.S. GIVING MILITARY ASSISTANCE TO ISRAEL Survey Question(s)FORPOL_ISRAEL, FORPOL_ISRAELSTR PRE- ELECTION SURVEY VARIABLES 169",,"-2. DK/RF in V241401 or V241402
-1. Inapplicable","1. Favor a great deal
2. Favor moderately
3. Favor a little
4. Neither favor nor oppose
5. Oppose a little
6. Oppose moderately
7. Oppose a great deal"
V241404,PRE: FAVOR OR OPPOSE U.S. GIVING HUMANITARIAN AID TO PALESTINIANS Survey Question(s)FORPOL_GAZA,"Do you favor or oppose, or neither favor nor oppose the United States providing humanitarian assistance to Palestinians in the Gaza Strip?","-9. Refused
-8. Don’t know
-1. Inapplicable","1. Favor
2. Oppose
3. Neither favor nor oppose"
V241405,PRE: HOW STRONGLY FAVOR OR OPPOSE U.S. GIVING HUMANITARIAN AID TO PALESTINIANS Survey Question(s)FORPOL_GAZASTR Universe IF R FAVORS HUMANITARIAN ASSISTANCE TO PALESTINIANS IN GAZA / IF R OPPOSES HUMANITARIAN ASSISTANCE TO PALESTINIANS IN GAZA: Response OrderForward/Reverse order,"Do you (favor/oppose) that [a great deal, a moderate amount, or a little/ a little, a moderate amount, or a great deal]?","-9. Refused
-8. Don’t know
-1. Inapplicable","1. A great deal
2. A moderate amount
3. A little"
V241406x,"PRE: SUMMARY: FAVOR/OPPOSE U.S. GIVING HUMANITARIAN AID TO PALESTINIANS 170 CODEBOOK: VARIABLES Survey Question(s)FORPOL_GAZA, FORPOL_GAZASTR",,"-2. DK/RF in V241404 or V241405
-1. Inapplicable","1. Favor a great deal
2. Favor moderately
3. Favor a little
4. Neither favor nor oppose
5. Oppose a little
6. Oppose moderately
7. Oppose a great deal"
V241407,"PRE: DOES R SIDE MORE WITH ISRAELIS, PALESTINIANS OR NEITHER Survey Question(s)FORPOL_ISRPAL","In the Middle East conﬂict, do you side more with [the Israelis, the Palestinians/the Palestinians, the Israelis], both equally, or neither?","-9. Refused
-8. Don’t know
-1. Inapplicable","1. Israelis
2. Palestinians
3. Both equally
4. Neither"
V241408,PRE: HOW MUCH MORE DOES R SIDE WITH ISRAELIS OR PALESTINIANS Survey Question(s)FORPOL_ISRPALSTR Universe IF R SIDES WITH ISRAELIS OR PALESTINIANS:,"How much more do you side with the [Israelis / Palestinians]? A little, a moderate amount, or a lot?","-9. Refused
-1. Inapplicable","1. A little
2. A moderate amount
3. A lot"
V241409x,"PRE: SUMMARY: DOES R SIDE MORE WITH ISRAELIS OR PALESTINIANS PRE- ELECTION SURVEY VARIABLES 171 Survey Question(s)FORPOL_ISRPAL, FORPOL_ISRPALSTR",,"-2. DK/RF in V241407 or V241408
-1. Inapplicable","1. Side a lot with Israelis
2. Side a moderate amount with Israelis
3. Side a little with Israelis
4. Side with both equally
5. Side a little with Palestinians
6. Side a moderate amount with Palestinians
7. Side a lot with Palestinians
8. Side with neither"
V241410,PRE: APPROVE OR DISAPPROVE OF PROTESTS AGAINST WAR IN GAZA Survey Question(s)FORPOL_GAZAPROTEST,"Do you approve, disapprove, or neither approve nor disapprove of the protests on college campuses against the war in Gaza?","-9. Refused
-8. Don’t know
-1. Inapplicable","1. Approve of the protests
2. Disapprove of the protests
3. Neither approve nor disapprove"
V241411,PRE: HOW MUCH APPROVE OR DISAPPROVE OF PROTESTS AGAINST WAR IN GAZA Survey Question(s)FORPOL_GAZAPROTESTSTR Universe IF R APPROVES OF PROTESTS / IF R DISAPPROVES OF PROTESTS: 172 CODEBOOK: VARIABLES,"How much do you [approve / disapprove] of the protests? A little, a moderate amount, or a lot?","-9. Refused
-1. Inapplicable","1. A little
2. A moderate amount
3. A lot"
V241412x,"PRE: SUMMARY: APPROVE/DISAPPROVE OF PROTESTS AGAINST WAR IN GAZA Survey Question(s)FORPOL_GAZAPROTEST, FORPOL_GAZAPROTESTSTR",,"-2. DK/RF in V241410 or V241411
-1. Inapplicable","1. Approve a lot of protests
2. Approve a moderate amount of protests
3. Approve a little of protests
4. Neither approve nor disapprove of protests
5. Disapprove a little of protests
6. Disapprove a moderate amount of protests
7. Disapprove a lot of protests"
V241420,"PRE: IS RELIGION IMPORTANT PART OF R LIFE [REVISED] Survey Question(s) RELIG_RELIMPREV, PAPI PRE Q31 Note: The following speciﬁcations were implemented exclusively in the computerized survey instrument and are not applicable to the paper questionnaire. Response OrderForward/Reverse order","Now on another topic: How important is religion in your life? [Extremely important, very important, moderately important, a little important, or not important at all? / Not important at all, a little important, moderately important, very important, or extremely important?]","-9. Refused
-8. Don’t know
-1. Inapplicable","1. Extremely important
2. Very important
3. Moderately important
4. A little important
5. Not important at all"
V241421,"PRE: IS BIBLE WORD OF GOD OR MEN word for word 2. The Bible is the word of God but not everything in it should be taken literally, word for word 3. The Bible is a book written by men and is not the word of God 5. Other {SPECIFY} Survey Question(s)RELIG_RELBIBLE",Which of these statements comes closest to describing your feelings about the Bible? You can just give me the number of your choice. PRE- ELECTION SURVEY VARIABLES 173,"-9. Refused
-8. Don’t know
-1. Inapplicable","1. The Bible is the actual word of God and is to be taken literally,"
V241421z,PRE: IS BIBLE WORD OF GOD OR MEN - OTHER {SPECIFY} Survey Question(s)RELIG_RELBIBLE,Which of these statements comes closest to describing your feelings about the Bible? You can just give me the number of your choice.,-2. Open-end responses available in separate ﬁle,
V241422,PRE: WHAT IS PRESENT RELIGION OF R Survey Question(s)RELIG_RELGRREV 174 CODEBOOK: VARIABLES,"What is your present religion, if any?","-9. Refused
-8. Don’t know
-1. Inapplicable","1. Protestant
2. Roman Catholic
3. Orthodox Christian (such as Greek or Russian Orthodox)
4. Latter-Day Saints (LDS)
5. Jewish
6. Muslim
7. Buddhist
8. Hindu
9. Atheist
10. Agnostic
11. Something else
12. Nothing in particular"
V241423,PRE: IF R HAS NO PARTICULAR RELIGION DOES R MEAN ATHEIST OR AGNOSTIC Survey Question(s)RELIG_RELGRNO Universe IF R RELIGIOUS GROUP ‘NOTHING IN PARTICULAR’:,"Would you say that is atheist, agnostic, Christian, or nothing in particular?","-9. Refused
-8. Don’t know
-1. Inapplicable","1. Atheist
2. Agnostic
3. Christian
4. Nothing in particular"
V241424,RESTRICTED: PRE: MAJOR RELIG DENOM IF R RELIG GROUP PROTESTANT OR SOMETHING ELSE Survey Question(s)RELIG_RELDENOM Universe IF R RELIGIOUS GROUP PROTESTANT OR ‘SOMETHING ELSE’ / IF R RELIGIOUS GROUP ‘NOTHING IN PARTICULAR’ BUT FURTHER DESCRIBED AS CHRISTIAN:,"What speciﬁc religion, church or denomination is that?",-3. RESTRICTED,
V241424z,RESTRICTED: PRE: MAJOR RELIG DENOM IF PROTESTANT OR SOMETHING ELSE-OTH {SPECIFY} Survey Question(s)RELIG_RELDENOM Universe IF R RELIGIOUS GROUP PROTESTANT OR ‘SOMETHING ELSE’ / IF R RELIGIOUS GROUP ‘NOTHING IN PARTICULAR’ BUT FURTHER DESCRIBED AS CHRISTIAN: PRE- ELECTION SURVEY VARIABLES 175,"What speciﬁc religion, church or denomination is that?",-3. RESTRICTED,
V241425,RESTRICTED: PRE: SPECIFIC BAPTIST DENOMINATION Survey Question(s)RELIG_BAPT Universe IF R RELIGIOUS GROUP PROTESTANT OR ‘SOMETHING ELSE’ / IF R RELIGIOUS GROUP ‘NOTHING IN PARTICULAR’ BUT FURTHER DESCRIBED AS CHRISTIAN: IF R DENOMINATION IS BAPTIST:,"With which Baptist group is your church associated? Is it the Southern Baptist Convention, the American Baptist Churches in the U.S.A., the American Baptist Association, the National Baptist Convention, an independent Baptist church, or some other Baptist group?",-3. RESTRICTED,
V241425z,RESTRICTED: PRE: SPECIFIC BAPTIST DENOMINATION - OTHER {SPECIFY} Survey Question(s)RELIG_BAPT Universe IF R RELIGIOUS GROUP PROTESTANT OR ‘SOMETHING ELSE’ / IF R RELIGIOUS GROUP ‘NOTHING IN PARTICULAR’ BUT FURTHER DESCRIBED AS CHRISTIAN: IF R DENOMINATION IS BAPTIST:,"With which Baptist group is your church associated? Is it the Southern Baptist Convention, the American Baptist Churches in the U.S.A., the American Baptist Association, the National Baptist Convention, an independent Baptist church, or some other Baptist group?",-3. RESTRICTED,
V241426,RESTRICTED: PRE: SPECIFIC INDEP . BAPTIST DENOMINATION Survey Question(s)RELIG_INDBAPT 176 CODEBOOK: VARIABLES Universe IF R RELIGIOUS GROUP PROTESTANT OR ‘SOMETHING ELSE’ / IF R RELIGIOUS GROUP ‘NOTHING IN PARTICULAR’ BUT FURTHER DESCRIBED AS CHRISTIAN: IF R DENOMINATION IS BAPTIST: IF R’S CHURCH IS INDEPENDENT BAPTIST:,Are you aﬃliated with any larger Baptist group or is this strictly a local church?,-3. RESTRICTED,
V241426z,RESTRICTED: PRE: SPECIFIC INDEP . BAPTIST DENOMINATION - OTHER {SPECIFY} Survey Question(s)RELIG_INDBAPT Universe IF R RELIGIOUS GROUP PROTESTANT OR ‘SOMETHING ELSE’ / IF R RELIGIOUS GROUP ‘NOTHING IN PARTICULAR’ BUT FURTHER DESCRIBED AS CHRISTIAN: IF R DENOMINATION IS BAPTIST: IF R’S CHURCH IS INDEPENDENT BAPTIST:,Are you aﬃliated with any larger Baptist group or is this strictly a local church?,-3. RESTRICTED,
V241427,RESTRICTED: PRE: SPECIFIC LUTHERAN DENOMINATION Survey Question(s)RELIG_LUTH Universe IF R RELIGIOUS GROUP PROTESTANT OR ‘SOMETHING ELSE’ / IF R RELIGIOUS GROUP ‘NOTHING IN PARTICULAR’ BUT FURTHER DESCRIBED AS CHRISTIAN: IF R DENOMINATION IS LUTHERAN:,"Is this church part of the Evangelical Lutheran Church in America, the Missouri Synod, or some other Lutheran group?",-3. RESTRICTED,
V241427z,RESTRICTED: PRE: SPECIFIC LUTHERAN DENOMINATION - OTHER {SPECIFY} Survey Question(s)RELIG_LUTH PRE- ELECTION SURVEY VARIABLES 177 Universe IF R RELIGIOUS GROUP PROTESTANT OR ‘SOMETHING ELSE’ / IF R RELIGIOUS GROUP ‘NOTHING IN PARTICULAR’ BUT FURTHER DESCRIBED AS CHRISTIAN: IF R DENOMINATION IS LUTHERAN:,"Is this church part of the Evangelical Lutheran Church in America, the Missouri Synod, or some other Lutheran group?",-3. RESTRICTED,
V241428,RESTRICTED: PRE: SPECIFIC METHODIST DENOMINATION Survey Question(s)RELIG_METH Universe IF R RELIGIOUS GROUP PROTESTANT OR ‘SOMETHING ELSE’ / IF R RELIGIOUS GROUP ‘NOTHING IN PARTICULAR’ BUT FURTHER DESCRIBED AS CHRISTIAN: IF R DENOMINATION IS METHODIST:,"Is your church part of the United Methodist Church, African Methodist Episcopal Church, African Methodist Episcopal Zion Church, or some other Methodist group?",-3. RESTRICTED,
V241428z,RESTRICTED: PRE: SPECIFIC METHODIST DENOMINATION - OTHER {SPECIFY} Survey Question(s)RELIG_METH Universe IF R RELIGIOUS GROUP PROTESTANT OR ‘SOMETHING ELSE’ / IF R RELIGIOUS GROUP ‘NOTHING IN PARTICULAR’ BUT FURTHER DESCRIBED AS CHRISTIAN: IF R DENOMINATION IS METHODIST:,"Is your church part of the United Methodist Church, African Methodist Episcopal Church, African Methodist Episcopal Zion Church, or some other Methodist group?",-3. RESTRICTED,
V241429,RESTRICTED: PRE: SPECIFIC PRESBYTERIAN DENOMINATION Survey Question(s)RELIG_PRESB 178 CODEBOOK: VARIABLES Universe IF R RELIGIOUS GROUP PROTESTANT OR ‘SOMETHING ELSE’ / IF R RELIGIOUS GROUP ‘NOTHING IN PARTICULAR’ BUT FURTHER DESCRIBED AS CHRISTIAN: IF R DENOMINATION IS PRESBYTERIAN:,Is this the Presbyterian Church in the U.S.A. or some other Presbyterian group?,-3. RESTRICTED,
V241429z,RESTRICTED: PRE: SPECIFIC PRESBYTERIAN DENOMINATION - OTHER {SPECIFY} Survey Question(s)RELIG_PRESB Universe IF R RELIGIOUS GROUP PROTESTANT OR ‘SOMETHING ELSE’ / IF R RELIGIOUS GROUP ‘NOTHING IN PARTICULAR’ BUT FURTHER DESCRIBED AS CHRISTIAN: IF R DENOMINATION IS PRESBYTERIAN:,Is this the Presbyterian Church in the U.S.A. or some other Presbyterian group?,-3. RESTRICTED,
V241430,RESTRICTED: PRE: SPECIFIC REFORMED DENOMINATION Survey Question(s)RELIG_REFRM Universe IF R RELIGIOUS GROUP PROTESTANT OR ‘SOMETHING ELSE’ / IF R RELIGIOUS GROUP ‘NOTHING IN PARTICULAR’ BUT FURTHER DESCRIBED AS CHRISTIAN: IF R DENOMINATION IS REFORMED:,"Is this the Christian Reformed Church, the Reformed Church in America or some other Reformed group?",-3. RESTRICTED,
V241430z,RESTRICTED: PRE: SPECIFIC REFORMED DENOMINATION - OTHER {SPECIFY} Survey Question(s)RELIG_REFRM PRE- ELECTION SURVEY VARIABLES 179 Universe IF R RELIGIOUS GROUP PROTESTANT OR ‘SOMETHING ELSE’ / IF R RELIGIOUS GROUP ‘NOTHING IN PARTICULAR’ BUT FURTHER DESCRIBED AS CHRISTIAN: IF R DENOMINATION IS REFORMED:,"Is this the Christian Reformed Church, the Reformed Church in America or some other Reformed group?",-3. RESTRICTED,
V241431,RESTRICTED: PRE: SPECIFIC BRETHREN DENOMINATION Survey Question(s)RELIG_BRETHR Universe IF R RELIGIOUS GROUP PROTESTANT OR ‘SOMETHING ELSE’ / IF R RELIGIOUS GROUP ‘NOTHING IN PARTICULAR’ BUT FURTHER DESCRIBED AS CHRISTIAN: IF R DENOMINATION IS BRETHREN:,"Is this the church of the Brethren, the Plymouth Brethren, or what?",-3. RESTRICTED,
V241431z,RESTRICTED: PRE: SPECIFIC BRETHREN DENOMINATION - OTHER {SPECIFY} Survey Question(s)RELIG_BRETHR Universe IF R RELIGIOUS GROUP PROTESTANT OR ‘SOMETHING ELSE’ / IF R RELIGIOUS GROUP ‘NOTHING IN PARTICULAR’ BUT FURTHER DESCRIBED AS CHRISTIAN: IF R DENOMINATION IS BRETHREN:,"Is this the church of the Brethren, the Plymouth Brethren, or what?",-3. RESTRICTED,
V241432,RESTRICTED: PRE: SPECIFIC DISCIPLES DENOMINATION Survey Question(s)RELIG_DISCP Universe IF R RELIGIOUS GROUP PROTESTANT OR ‘SOMETHING ELSE’ / IF R RELIGIOUS GROUP ‘NOTHING IN PARTICULAR’ BUT FURTHER DESCRIBED AS CHRISTIAN: IF R SAYS DENOMINATION IS ‘CHRISTIAN’: 180 CODEBOOK: VARIABLES,"When you say ‘Christian’ does that mean the denomination called the ‘Christian Church Disciples of Christ,’ or some other Christian denomination, or do you mean to say ‘I am just a Christian’?",-3. RESTRICTED,
V241432z,RESTRICTED: PRE: SPECIFIC DISCIPLES DENOMINATION - OTHER {SPECIFY} Survey Question(s)RELIG_DISCP Universe IF R RELIGIOUS GROUP PROTESTANT OR ‘SOMETHING ELSE’ / IF R RELIGIOUS GROUP ‘NOTHING IN PARTICULAR’ BUT FURTHER DESCRIBED AS CHRISTIAN: IF R SAYS DENOMINATION IS ‘CHRISTIAN’:,"When you say ‘Christian’ does that mean the denomination called the ‘Christian Church Disciples of Christ,’ or some other Christian denomination, or do you mean to say ‘I am just a Christian’?",-3. RESTRICTED,
V241433,RESTRICTED: PRE: SPECIFIC CHURCH OF CHRIST DENOMINATION Survey Question(s)RELIG_CHCHRST Universe IF R RELIGIOUS GROUP PROTESTANT OR ‘SOMETHING ELSE’ / IF R RELIGIOUS GROUP ‘NOTHING IN PARTICULAR’ BUT FURTHER DESCRIBED AS CHRISTIAN: IF R DENOMINATION IS CHURCH OF CHRIST:,Is this the Church of Christ or the United Church of Christ?,-3. RESTRICTED,
V241434,RESTRICTED: PRE: SPECIFIC CHURCH OF GOD DENOMINATION Survey Question(s)RELIG_CHGOD Universe IF R RELIGIOUS GROUP PROTESTANT OR ‘SOMETHING ELSE’ / IF R RELIGIOUS GROUP ‘NOTHING IN PARTICULAR’ BUT FURTHER DESCRIBED AS CHRISTIAN: IF R DENOMINATION IS CHURCH OF GOD: PRE- ELECTION SURVEY VARIABLES 181,"Is this the Church of God of Anderson, Indiana; the Church of God of Cleveland, Tennessee; the Church of God in Christ; or some other Church of God?",-3. RESTRICTED,
V241434z,RESTRICTED: PRE: SPECIFIC CHURCH OF GOD DENOMINATION - OTHER {SPECIFY} Survey Question(s)RELIG_CHGOD Universe IF R RELIGIOUS GROUP PROTESTANT OR ‘SOMETHING ELSE’ / IF R RELIGIOUS GROUP ‘NOTHING IN PARTICULAR’ BUT FURTHER DESCRIBED AS CHRISTIAN: IF R DENOMINATION IS CHURCH OF GOD:,"Is this the Church of God of Anderson, Indiana; the Church of God of Cleveland, Tennessee; the Church of God in Christ; or some other Church of God?",-3. RESTRICTED,
V241435,RESTRICTED: PRE: SPECIFIC HOLINESS PENTECOSTAL DENOMINATION Survey Question(s)RELIG_PENT Universe IF R RELIGIOUS GROUP PROTESTANT OR ‘SOMETHING ELSE’ / IF R RELIGIOUS GROUP ‘NOTHING IN PARTICULAR’ BUT FURTHER DESCRIBED AS CHRISTIAN: IF R DENOMINATION IS HOLINESS OR PENTECOSTAL:,What kind of church is that? What is it called exactly? Is that part of a larger church or denomination? What is the church called?,-3. RESTRICTED,
V241436,RESTRICTED: PRE: SPECIFIC OTHER DENOMINATION Survey Question(s)RELIG_DENOTHER Universe IF R RELIGIOUS GROUP PROTESTANT OR ‘SOMETHING ELSE’ / IF R RELIGIOUS GROUP ‘NOTHING IN PARTICULAR’ BUT FURTHER DESCRIBED AS CHRISTIAN: IF R SPECIFIC DENOMINATION ‘OTHER’:,What is it called exactly? Is that church part of a denomination?,-3. RESTRICTED,
V241437,RESTRICTED: PRE: SPECIFIC OTHER DENOMINATION CHRISTIAN 182 CODEBOOK: VARIABLES Survey Question(s)RELIG_OTHXIAN Universe IF R RELIGIOUS GROUP PROTESTANT OR ‘SOMETHING ELSE’ / IF R RELIGIOUS GROUP ‘NOTHING IN PARTICULAR’ AND FURTHER DESCRIBED AS CHRISTIAN: IF R SPECIFIC DENOMINATION ‘OTHER’:,Is that group Christian?,-3. RESTRICTED,
V241438,RESTRICTED: PRE: SPECIFIC JEWISH DENOMINATION Survey Question(s)RELIG_JEWISH Universe IF R GAVE RELIGIOUS GROUP AS JEWISH :,"Do you consider yourself Orthodox, Conservative, Reform or what?",-3. RESTRICTED,
V241438z,RESTRICTED: PRE: SPECIFIC JEWISH DENOMINATION - OTHER {SPECIFY} Survey Question(s)RELIG_JEWISH Universe IF R GAVE RELIGIOUS GROUP AS JEWISH :,"Do you consider yourself Orthodox, Conservative, Reform or what?",-3. RESTRICTED,
V241439,PRE: EVER ATTEND CHURCH OR RELIGIOUS SERVICES PRE- ELECTION SURVEY VARIABLES 183 Survey Question(s)RELIG_CHURCH,"Lots of things come up that keep people from attending religious services even if they want to. Thinking about your life these days, do you ever attend religious services, apart from occasional weddings, baptisms or funerals?","-9. Refused
-8. Don’t know
-1. Inapplicable","1. Yes
2. No"
V241440,PRE: ATTEND RELIGIOUS SERVICES HOW OFTEN Survey Question(s)RELIG_CHURCHOFT Universe IF R ATTENDS RELIGIOUS SERVICES: Response OrderForward/Reverse order,"Do you go to religious services [every week, almost every week, once or twice a month, a few times a year, or never/ never, a few times a year, once or twice a month, almost every week, or every week]?","-9. Refused
-1. Inapplicable","1. Every week
2. Almost every week
3. Once or twice a month
4. A few times a year
5. Never"
V241441,PRE: ATTEND CHURCH MORE OFTEN THAN ONCE A WEEK Survey Question(s)RELIG_CHURCHWK Universe IF R ATTENDS RELIGIOUS SERVICES: IF R SAYS ATTENDS RELIGIOUS SERVICES ‘EVERY WEEK’:,Would you say you go to religious services once a week or more often than once a week?,-1. Inapplicable,"1. Once a week
2. More often than once a week"
V241442,PRE: DOES CHRISTIAN R CONSIDER SELF BORN AGAIN Survey Question(s)RELIG_BORNAGN Universe IF R IS CHRISTIAN:,"Would you call yourself a born-again Christian, that is, have you personally had a conversion experience related to Jesus Christ? 184 CODEBOOK: VARIABLES","-9. Refused
-8. Don’t know
-1. Inapplicable","1. Yes
2. No"
V241443a,PRE: RELIGIOUS IDENTIFICATION - CHARISMATIC/PENTECOSTAL Survey Question(s)RELIG_RELIGIDENT,Which of the following terms describe your religious beliefs? - Charismatic/Pentecostal - Traditional - Mainline - Progressive - Non-traditional believer - Secular - Spiritual but not religious - None of the above,"-9. Refused
-8. Don’t know
-1. Inapplicable","0. Not mentioned
1. Mentioned"
V241443b,PRE: RELIGIOUS IDENTIFICATION - TRADITIONAL Survey Question(s)RELIG_RELIGIDENT,Which of the following terms describe your religious beliefs? - Charismatic/Pentecostal - Traditional - Mainline - Progressive - Non-traditional believer - Secular - Spiritual but not religious - None of the above PRE- ELECTION SURVEY VARIABLES 185,"-9. Refused
-8. Don’t know
-1. Inapplicable","0. Not mentioned
1. Mentioned"
V241443c,PRE: RELIGIOUS IDENTIFICATION - MAINLINE Survey Question(s)RELIG_RELIGIDENT,Which of the following terms describe your religious beliefs? - Charismatic/Pentecostal - Traditional - Mainline - Progressive - Non-traditional believer - Secular - Spiritual but not religious - None of the above,"-9. Refused
-8. Don’t know
-1. Inapplicable","0. Not mentioned
1. Mentioned"
V241443d,PRE: RELIGIOUS IDENTIFICATION - PROGRESSIVE Survey Question(s)RELIG_RELIGIDENT 186 CODEBOOK: VARIABLES,Which of the following terms describe your religious beliefs? - Charismatic/Pentecostal - Traditional - Mainline - Progressive - Non-traditional believer - Secular - Spiritual but not religious - None of the above,"-9. Refused
-8. Don’t know
-1. Inapplicable","0. Not mentioned
1. Mentioned"
V241443,ePRE: RELIGIOUS IDENTIFICATION - NON TRADITIONAL Survey Question(s)RELIG_RELIGIDENT,Which of the following terms describe your religious beliefs? - Charismatic/Pentecostal - Traditional - Mainline - Progressive - Non-traditional believer - Secular - Spiritual but not religious - None of the above,"-9. Refused
-8. Don’t know
-1. Inapplicable","0. Not mentioned
1. Mentioned"
V241443,fPRE: RELIGIOUS IDENTIFICATION - SECULAR Survey Question(s)RELIG_RELIGIDENT,Which of the following terms describe your religious beliefs? - Charismatic/Pentecostal - Traditional - Mainline - Progressive - Non-traditional believer - Secular - Spiritual but not religious - None of the above,"-9. Refused
-8. Don’t know
-1. Inapplicable","0. Not mentioned
1. Mentioned"
V241443g,PRE: RELIGIOUS IDENTIFICATION - SPIRITUAL PRE- ELECTION SURVEY VARIABLES 187 Survey Question(s)RELIG_RELIGIDENT,Which of the following terms describe your religious beliefs? - Charismatic/Pentecostal - Traditional - Mainline - Progressive - Non-traditional believer - Secular - Spiritual but not religious - None of the above,"-9. Refused
-8. Don’t know
-1. Inapplicable","0. Not mentioned
1. Mentioned"
V241443,hPRE: RELIGIOUS IDENTIFICATION - NONE Survey Question(s)RELIG_RELIGIDENT,Which of the following terms describe your religious beliefs? - Charismatic/Pentecostal - Traditional - Mainline - Progressive - Non-traditional believer - Secular - Spiritual but not religious - None of the above,"-9. Refused
-8. Don’t know
-1. Inapplicable","0. Not mentioned
1. Mentioned"
V241444x,PRE: SUMMARY: FULL RELIGION SUMMARY 188 CODEBOOK: VARIABLES,,,
V241445x,PRE: SUMMARY: MAJOR GROUP RELIGION SUMMARY,,"-2. Missing: DK, RF , Did not specify
-1. Inapplicable","1. Mainline Protestant
2. Evangelical Protestant
3. Black Protestant
4. Roman Catholic
5. Undiﬀerentiated Christian
6. Jewish
7. Other religion
8. Not religious"
V241450,PRE: R LIVING WITH HOW MANY FAMILY MEMBERS Survey Question(s)DEM_FINFAM,Now on another topic. How many family members are living with you?,"-9. Refused
-8. Don’t know
-1. Inapplicable",6. Six or more
V241451,PRE: R HOW MUCH BETTER OR WORSE OFF FINANCIALLY THAN 1 YEAR AGO PRE- ELECTION SURVEY VARIABLES 189 Survey Question(s)DEM_FINRETRO Universe IF R IS NOT LIVING AT HOME WITH FAMILY MEMBERS / IF R IS LIVING AT HOME WITH 1 OR MORE FAMILY MEMBERS: Response OrderForward/Reverse order,"We are interested in how people are getting along ﬁnancially these days. Would you say that [you /you and your family living here] are [much better oﬀ ﬁnancially, somewhat better oﬀ, about the same, somewhat worse oﬀ, or much worse oﬀ / much worse oﬀ ﬁnancially, somewhat worse oﬀ, about the same, somewhat better oﬀ, or much better oﬀ] than you were a year ago?","-9. Refused
-8. Don’t know
-1. Inapplicable","1. Much better oﬀ
2. Somewhat better oﬀ
3. About the same
4. Somewhat worse oﬀ
5. Much worse oﬀ"
V241452,PRE: R HOW MUCH BETTER OR WORSE OFF FINANCIALLY NEXT YEAR Survey Question(s)DEM_FINPROSP Universe IF R IS NOT LIVING AT HOME WITH FAMILY MEMBERS / IF R IS LIVING AT HOME WITH 1 OR MORE FAMILY MEMBERS: Response OrderForward/Reverse order,"Now looking ahead, do you think that a year from now [you /you and your family living here] will be [much better oﬀ ﬁnancially, somewhat better oﬀ, about the same, somewhat worse oﬀ, or much worse oﬀ / much worse oﬀ ﬁnancially, somewhat worse oﬀ, about the same, somewhat better oﬀ, or much better oﬀ] than now?","-9. Refused
-8. Don’t know
-1. Inapplicable","1. Much better oﬀ
2. Somewhat better oﬀ
3. About the same
4. Somewhat worse oﬀ
5. Much worse oﬀ"
V241453,RESTRICTED: PRE: BIRTHDATE: MONTH OF BIRTH Survey Question(s)DEM_BIRTHMO,"What is the month, day and year of your birth? MONTH:",-3. RESTRICTED,
V241454,RESTRICTED: PRE: BIRTHDATE: DAY OF BIRTH Survey Question(s)DEM_BIRTHDY 190 CODEBOOK: VARIABLES,DAY:,-3. RESTRICTED,
V241455,RESTRICTED: PRE: BIRTHDATE: YEAR OF BIRTH Survey Question(s)DEM_BIRTHYR,YEAR:,-3. RESTRICTED,
V241456,RESTRICTED: PRE: PAPER: RESPONDENT DATE OF BIRTH Survey Question(s)PAPI PRE Q33,What is your age and what is your date of birth? Print numbers in boxes.,-3. RESTRICTED,
V241457,PRE: PAPER: RESPONDENT AGE WHEN SURVEY COMPLETED Survey Question(s)PAPI PRE Q33,What is your age and what is your date of birth? Print numbers in boxes.,"-4. Error
-2. Missing, exact birth date not given
-1. Inapplicable",80. Eighty years old or older
V241458x,"PRE: SUMMARY: RESPONDENT AGE ON ELECTION DAY Survey Question(s)DEM_BIRTHMO, DEM_BIRTHDY , DEM_BIRTHYR, PAPI PRE Q33",,"-2. Missing, exact birth date not given",80. Eighty years old or older
V241459,PRE: MARITAL STATUS PRE- ELECTION SURVEY VARIABLES 191 Survey Question(s)DEM_MARITAL,"Are you now married, widowed, divorced, separated or never married?","-9. Refused
-1. Inapplicable","1. Married: spouse present
2. Married: spouse absent {VOL, FtF}
3. Widowed
4. Divorced
5. Separated
6. Never married"
V241460,PRE: PAPER: MARITAL STATUS Survey Question(s)PAPI PRE Q38,,"-9. Refused
-4. Error
-1. Inapplicable","1. Married
2. Widowed
3. Divorced
4. Separated
5. Never married"
V241461x,"PRE: SUMMARY: MARITAL STATUS (5 CATEGORY) Survey Question(s)DEM_MARITAL, PAPI PRE Q38",,-2. Missing in V241459 or V241460,"1. Married
2. Widowed
3. Divorced
4. Separated
5. Never married"
V241462,"PRE: DOMESTIC PARTNERSHIP STATUS Survey Question(s)DEM_PARTN Universe IF R MARITAL STATUS IS NEVER MARRIED, WIDOWED, DIVORCED OR SEPARATED:","Are you currently living with a partner, or not? 192 CODEBOOK: VARIABLES","-9. Refused
-8. Don’t know
-1. Inapplicable","1. Yes, living with a partner
2. No, not living with a partner"
V241463,"PRE: HIGHEST LEVEL OF EDUCATION example: GED) 10. Some college but no degree 11. Associate degree in college - Occupational/vocational program 12. Associate degree in college - Academic program 13. Bachelor’s degree (For example: BA, AB, BS) 14. Master’s degree (For example: MA, MS, MEng, MEd, MSW, MBA) 15. Professional school Degree (For example: MD,DDS,DVM,LLB,JD) 16. Doctorate degree (For example: PhD, EdD) 95. Other {SPECIFY} Survey Question(s)DEM_EDUCR",What is the highest level of school you have completed or the highest degree you have received?,"-9. Refused
-8. Don’t know
-1. Inapplicable","1. Less than 1st grade
2. 1st, 2nd, 3rd or 4th grade
3. 5th or 6th grade
4. 7th or 8th grade
5. 9th grade
6. 10th grade
7. 11th grade
8. 12th grade no diploma
9. High school graduate - High school diploma or equivalent (for"
V241463z,RESTRICTED: PRE: HIGHEST LEVEL OF EDUCATION - OTHER {SPECIFY} PRE- ELECTION SURVEY VARIABLES 193 Survey Question(s)DEM_EDUCR,What is the highest level of school you have completed or the highest degree you have received?,-3. RESTRICTED,
V241464,PRE: PAPER: HIGHEST LEVEL OF EDUCATION Survey Question(s)PAPI PRE Q39,What is the highest level of school you have completed or the highest degree you received?,"-9. Refused
-4. Error
-1. Inapplicable","1. Less than high school diploma
2. High school diploma or equivalent
3. Some college
4. Bachelor’s degree
5. Advanced degree above bachelor’s"
V241465x,"PRE: SUMMARY: RESPONDENT 5 CATEGORY LEVEL OF EDUCATION response 1. Less than high school credential 2. High school credential 3. Some post-high school, no bachelor’s degree 4. Bachelor’s degree 5. Graduate degree Survey Question(s)DEM_EDUCR, PAPI PRE Q39 Variable Note An additional 31 cases were coded and added to the education summary variable based on rother/specify responses given by the respondent.",,"-9. Refused
-8. Don’t know
-4. Error
-2. Insuﬃcent information to code other/specify open-ended",
V241466,PRE: R: DIPLOMA OR GED 194 CODEBOOK: VARIABLES Survey Question(s)DEM_DIPGED Universe IF R’S HIGHEST EDUCATIONAL LEVEL IS DIPLOMA OR EQUIVALENT:,"People can get a high school diploma in a variety of ways, such as graduating from high school or by getting a GED or other equivalent. How did you get your high school diploma?","-9. Refused
-1. Inapplicable","1. Graduation from High School
2. GED or other equivalent"
V241467,"PRE: SPOUSE PARTNER: HIGHEST LEVEL OF EDUCATION example: GED) 10. Some college but no degree 11. Associate degree in college - Occupational/vocational program 12. Associate degree in college - Academic program 13. Bachelor’s degree (For example: BA, AB, BS) 14. Master’s degree (For example: MA, MS, Meng, Med, MSW, MBA) 15. Professional school Degree (For example: MD,DDS,DVM,LLB,JD) 16. Doctorate degree (For example: PhD, EdD) 95. Other {SPECIFY} Survey Question(s)DEM_EDUCSP Universe IF R IS MARRIED/ IF R IS PARTNERED: PRE- ELECTION SURVEY VARIABLES 195",What is the highest level of school your [husband or wife / partner] has completed or the highest degree your [husband or wife / partner] has received?,"-9. Refused
-8. Don’t know
-1. Inapplicable","1. Less than 1st grade
2. 1st, 2nd, 3rd or 4th grade
3. 5th or 6th grade
4. 7th or 8th grade
5. 9th grade
6. 10th grade
7. 11th grade
8. 12th grade no diploma
9. High school graduate- High school diploma or equivalent (for"
V241467z,RESTRICTED: PRE: SPOUSE PARTNER: HIGHEST LEVEL OF EDUCATION - OTHER {SPECIFY} Survey Question(s)DEM_EDUCSP Universe IF R IS MARRIED/ IF R IS PARTNERED:,What is the highest level of school your [husband or wife / partner] has completed or the highest degree your [husband or wife / partner] has received?,-3. RESTRICTED,
V241468,PRE: SPOUSE: DIPLOMA OR GED Survey Question(s)DEM_DIPGEDSP Universe IF R IS MARRIED AND SPOUSE’S HIGHEST EDUCATIONAL LEVEL IS DIPLOMA OR EQUIVALENT / IF R IS PARTNERED AND PARTNER’S HIGHEST EDUCATIONAL LEVEL IS DIPLOMA OR EQUIVALENT:,How did your [husband or wife / partner] get their high school diploma?,-1. Inapplicable,"1. Graduation from High School
2. GED or other equivalent"
V241469x,"PRE: SUMMARY: RESPONDENT SPOUSE/PARTNER 5 CATEGORY LEVEL OF EDUCATION response -1. Inapplicable 1. Less than high school credential 2. High school credential 3. Some post-high school, no bachelor’s degree 4. Bachelor’s degree 5. Graduate degree Survey Question(s)DEM_EDUCSP 196 CODEBOOK: VARIABLES",,"-9. Refused
-8. Don’t know
-2. Insuﬃcent information to code other/specify open-ended",
V241470,PRE: ARMED FORCES ACTIVE DUTY Survey Question(s)DEM_ACTIVDUTY,"Are you now serving on active duty in the U.S. armed forces – the U.S. Air Force, Army, Coast Guard, Marine Corps, Navy, or Space Force – or have you previously served on active duty in the U.S. armed forces, or have you never served on active duty in the U.S. armed forces?","-9. Refused
-1. Inapplicable","1. Now serving on active duty
2. Previously served on active duty but not now on active duty
3. Have never served on active duty"
V241471,"PRE: R WORKED FOR PAY LAST WEEK Survey Question(s) DEM_JOB30A, PAPI PRE Q43 Note: The following speciﬁcations were implemented exclusively in the computerized survey instrument and are not applicable to the paper questionnaire.","Last week, did you work for pay at a job (or business)?","-9. Refused
-8. Don’t know
-1. Inapplicable","1. Yes
2. No, did not work (or retired)"
V241472,PRE: ANY WORK FOR PAY LAST WEEK Survey Question(s)DEM_JOB30B Universe IF INITIAL STATUS NOT WORKING NOW: PRE- ELECTION SURVEY VARIABLES 197,"Last week, did you do any work for pay, even for as little as one hour?","-9. Refused
-1. Inapplicable","1. Yes
2. No"
V241473,PRE: R ON LAYOFF FROM A JOB LAST WEEK Survey Question(s)DEM_JOB36A Universe IF INITIAL STATUS NOT WORKING NOW / IF INITIAL STATUS NOT WORKING NOW CONFIRMED:,"Last week, were you on layoﬀ from a job?","-9. Refused
-1. Inapplicable","1. Yes
2. No"
V241474,PRE: R TEMPORARILY ABSENT FROM JOB LAST WEEK Survey Question(s)DEM_JOB36B Universe IF INITIAL STATUS NOT WORKING NOW / IF INITIAL STATUS NOT WORKING NOW CONFIRMED / IF R NOT ON LAYOFF FROM JOB LAST WEEK:,"Last week, were you temporarily absent from a job or business? Reasons for temporary absence could include vacation, temporary illness, maternity leave or other family or personal reasons, bad weather, etc.","-9. Refused
-8. Don’t know
-1. Inapplicable","1. Yes, temporarily absent
2. No"
V241475,PRE: R HAS BEEN INFORMED ABOUT RETURNING TO WORK Survey Question(s)DEM_JOB36C Universe IF INITIAL STATUS NOT WORKING NOW / IF INITIAL STATUS NOT WORKING NOW CONFIRMED / IF R IS ON LAYOFF FROM JOB LAST WEEK: 198 CODEBOOK: VARIABLES,Have you been informed that you will be recalled to work within the next 6 months or been given a date to return to work?,-1. Inapplicable,"1. Yes
2. No"
V241476,PRE: R ACTIVELY LOOKING FOR WORK Survey Question(s)DEM_JOB37 Universe IF INITIAL STATUS NOT WORKING NOW / IF INITIAL STATUS NOT WORKING NOW CONFIRMED / IF R IS ON LAYOFF FROM JOB LAST WEEK AND NOT GIVEN DATE TO RETURN TO WORK / IF R NOT ON LAYOFF FROM JOB LAST WEEK AND NOT TEMPORARILY ABSENT FROM JOB:,"During the last 4 weeks, have you been actively looking for work?","-9. Refused
-1. Inapplicable","1. Yes
2. No"
V241477,PRE: R COULD HAVE STARTED JOB OR RETURNED TO WORK LAST WEEK Survey Question(s)DEM_JOB38 Universe IF INITIAL STATUS NOT WORKING NOW / IF INITIAL STATUS NOT WORKING NOW CONFIRMED / IF R IS ON LAYOFF FROM JOB LAST WEEK AND GIVEN DATE TO RETURN TO WORK / IF R IS ON LAYOFF FROM JOB LAST WEEK AND NOT GIVEN DATE TO RETURN TO WORK AND ACTIVELY LOOKING FOR WORK / IF R NOT ON LAYOFF FROM JOB LAST WEEK AND NOT TEMPORARILY ABSENT FROM JOB AND ACTIVELY LOOKING FOR WORK:,"Last week, could you have started a job if oﬀered one, or returned to work if recalled?",-1. Inapplicable,"1. Yes, could have gone to work
2. No, could not have gone to work"
V241478,PRE: WHEN DID R LAST WORK Survey Question(s)DEM_JOB39 Universe IF INITIAL STATUS NOT WORKING NOW / IF INITIAL STATUS NOT WORKING NOW CONFIRMED / IF R IS NOT ON LAYOFF FROM JOB AND TEMPORARILY ABSENT / IF R IS NOT ON LAYOFF FROM JOB LAST WEEK AND NOT TEMPORARILY ABSENT FROM JOB AND NOT ACTIVELY LOOKING FOR WORK / IF R IS NOT ON LAYOFF FROM JOB AND NOT TEMPORARILY ABSENT FROM JOB AND ACTIVELY LOOKING FOR WORK AND COULD OR COULD NOT HAVE WORKED LAST WEEK / IF R IS ON LAYOFF FROM JOB LAST WEEK AND GIVEN DATE TO RETURN TO WORK AND COULD OR COULD NOT HAVE WORKED LAST WEEK / IF R IS ON LAYOFF FROM JOB LAST WEEK AND NOT GIVEN DATE TO RETURN TO WORK AND ACTIVELY LOOKING FOR WORK AND COULD OR COULD NOT HAVE WORKED LAST WEEK / IF R IS ON LAYOFF FROM JOB LAST WEEK AND NOT GIVEN DATE TO RETURN TO WORK AND NOT ACTIVELY LOOKING FOR WORK:,"When did you last work, even for a few days? Within the past 12 months, 1 to 5 years ago, over 5 years ago, or never worked? PRE- ELECTION SURVEY VARIABLES 199","-9. Refused
-8. Don’t know
-1. Inapplicable","1. Within the past 12 months
2. 1 to 5 years ago
3. Over 5 years ago
4. Never worked"
V241479,PRE: DID R WORK EVERY WEEK PAST 12 MONTHS Survey Question(s)DEM_JOB40A Universe IF INITIAL STATUS WORKING WORKING NOW / IF INITIAL STATUS NOT WORKING BUT R DETERMINED TO BE WORKING NOW / IF R WORKED AT ALL WITHIN PAST 12 MONTHS:,"During the past 12 months, 52 weeks, did you work every week? Count paid vacation, paid sick leave, and military service as work.","-9. Refused
-8. Don’t know
-1. Inapplicable","1. Yes
2. No"
V241480,PRE: HOW MANY WEEKS R WORKED PAST 12 MONTHS Survey Question(s)DEM_JOB40B Universe IF INITIAL STATUS WORKING WORKING NOW / IF INITIAL STATUS NOT WORKING BUT R DETERMINED TO BE WORKING NOW / IF R WORKED AT ALL IN PAST 12 MONTHS / IF R DID NOT WORK EVERY WEEK PAST 12 MONTHS:,"During the past 12 months, 52 weeks, how many weeks did you work? Include paid time oﬀ and include weeks when you only worked for a few hours. 200 CODEBOOK: VARIABLES","-9. Refused
-8. Don’t know
-1. Inapplicable",
V241481,PRE: HOW MANY HOURS R WORKED PER WEEK Survey Question(s)DEM_JOB41 Universe IF INITIAL STATUS WORKING WORKING NOW AND R WORKED EVERY WEEK IN PAST 12 MONTHS / IF INITIAL STATUS WORKING WORKING NOW AND R DID NOT WORK EVERY WEEK IN PAST 12 MONTHS AND R WORKED AT LEAST 1 WEEK / IF INITIAL STATUS NOT WORKING BUT R DETERMINED TO BE WORKING NOW AND WORKED EVERY WEEK IN PAST 12 MONTHS/ IF INITIAL STATUS NOT WORKING BUT R DETERMINED TO BE WORKING NOW AND AND R DID NOT EVERY WEEK IN PAST 12 MONTHS AND R WORKED AT LEAST 1 WEEK/ IF R WORKED AT ALL IN PAST 12 MONTHS AND R WORKED EVERY WEEK IN PAST 12 MONTHS / IF R WORKED AT ALL IN PAST 12 MONTHS AND R DID NOT WORK EVERY WEEK IN PAST 12 MONTHS AND R WORKED AT LEAST 1 WEEK:,"During the past 12 months, in the weeks worked, how many hours did you usually work each week?","-9. Refused
-8. Don’t know
-1. Inapplicable",
V241482,PRE: HOURS WORKED PER WEEK PAST 12 MONTHS OK Survey Question(s)DEM_OKHRSNOW PRE- ELECTION SURVEY VARIABLES 201 Universe IF INITIAL STATUS IS WORKING NOW / IF INITIAL STATUS NOT WORKING NOW BUT R DETERMINED TO BE WORKING NOW / IF NUMBER OF HOURS WORKED GREATER THAN ZERO:,"Is that more hours than you want to work, fewer hours than you want to work, or generally about right?","-9. Refused
-1. Inapplicable","1. More
2. Fewer
3. About right"
V241483,"PRE: DESCRIBE R’S EMPLOYMENT organizations) 3. Local government (for example: city or county school district) 4. State government (including state colleges/universities) 5. Active duty US Armed Forces or Commissioned Corps 6. Federal government civilian employee 7. Owner of non-incorporated business, professional practice, or farm 8. Owner of incorporated business, professional practice, or farm 9. Worked without pay in a for-proﬁt family business or farm for 15 hours or more per week Survey Question(s)DEM_JOB42A Universe IF INITIAL STATUS IS WORKING NOW / IF INITIAL STATUS NOT WORKING NOW BUT R DETERMINED TO BE WORKING NOW / IF INITIAL STATUS NOT WORKING NOW BUT WORKED IN THE PAST:","IF WORKED IN LAST WEEK: The next series of questions is about the type of employment you have had last week. If you had more than one job, describe the one at which the most hours were worked. IF DID NOT WORK IN THE LAST WEEK: Please describe your most recent employment. Which one of the following best describes your employment?","-9. Refused
-8. Don’t know
-1. Inapplicable","1. For-proﬁt company or organization
2. Non-proﬁt organization (including tax-exempt and charitable"
V241484,RESTRICTED: PRE: WHAT KIND OF BUSINESS/INDUSTRY 202 CODEBOOK: VARIABLES Survey Question(s)DEM_JOB42C Universe IF INITIAL STATUS IS WORKING NOW / IF INITIAL STATUS NOT WORKING NOW BUT R DETERMINED TO BE WORKING NOW / IF INITIAL STATUS NOT WORKING NOW BUT WORKED IN THE PAST:,"What kind of business or industry is this? Include the main activity, product, or service provided at the location where employed. For example: elementary school, or residential construction.",-3. RESTRICTED,
V241485,RESTRICTED: PRE: WHAT WAS R’S MAIN OCCUPATION Survey Question(s)DEM_JOB42E Universe IF INITIAL STATUS IS WORKING NOW / IF INITIAL STATUS NOT WORKING NOW BUT R DETERMINED TO BE WORKING NOW / IF INITIAL STATUS NOT WORKING NOW BUT WORKED IN THE PAST / IF INDUSTRY IS NOT DK/RF,"What is your main occupation? For example, 4th grade teacher, entry-level plumber.",-3. RESTRICTED,
V241486,RESTRICTED: PRE: R’S MOST IMPORTANT ACTIVITIES OR DUTIES Survey Question(s)DEM_JOB42F Universe IF INITIAL STATUS IS WORKING NOW / IF INITIAL STATUS NOT WORKING NOW BUT R DETERMINED TO BE WORKING NOW / IF INITIAL STATUS NOT WORKING NOW BUT WORKED IN THE PAST / IF INDUSTRY IS NOT DK/RF / IF MAIN OCCUPATION IS NOT DK/RF:,What are your most important activities or duties?,-3. RESTRICTED,
V241488x,"PRE: SUMMARY: R OCCUPATION STATUS 1 DIGIT PRE- ELECTION SURVEY VARIABLES 203 student, working 20 or more hrs/wk) 2. R temporarily laid oﬀ 4. R unemployed 5. R retired (if also working, working < 20 hrs/wk) 6. R permanently disabled (if also working, working < 20 hrs/wk) 7. R homemaker (if also working, working <20 hrs/wk/incl nonworkg rs both homemaker and student) 8. R student (if also working, working <20 hrs/wk)",,"-2. Missing: RF/DK
-1. Inapplicable","1. R working now (if also retired, disabled, homemaker or"
V241489a,PRE: R NON-WORKING STATUS - HOMEMAKER [MENTION] Survey Question(s)DEM_STATUS Universe IF INITIAL STATUS IS WORKING NOW / IF INITIAL STATUS NOT WORKING NOW BUT R DETERMINED TO BE WORKING NOW / IF INITIAL STATUS NOT WORKING NOW BUT WORKED IN THE PAST / IF INDUSTRY IS NOT DK/RF / IF MAIN OCCUPATION IS NOT DK/RF / IF MOST IMPORTANT ACTIVIES/DUTIES NOT DK/RF:,"We’d like to know if you now consider yourself a homemaker, retired, permanently disabled, or a full time student. You may choose more than one, or none.","-9. Refused
-8. Don’t know
-1. Inapplicable","0. Not mentioned
1. Mentioned"
V241489b,PRE: R NON-WORKING STATUS - RETIRED [MENTION] 204 CODEBOOK: VARIABLES Survey Question(s)DEM_STATUS Universe IF INITIAL STATUS IS WORKING NOW / IF INITIAL STATUS NOT WORKING NOW BUT R DETERMINED TO BE WORKING NOW / IF INITIAL STATUS NOT WORKING NOW BUT WORKED IN THE PAST / IF INDUSTRY IS NOT DK/RF / IF MAIN OCCUPATION IS NOT DK/RF / IF MOST IMPORTANT ACTIVIES/DUTIES NOT DK/RF:,"We’d like to know if you now consider yourself a homemaker, retired, permanently disabled, or a full time student. You may choose more than one, or none.","-9. Refused
-8. Don’t know
-1. Inapplicable","0. Not mentioned
1. Mentioned"
V241489c,PRE: R NON-WORKING STATUS - PERMANENTLY DISABLED [MENTION] Survey Question(s)DEM_STATUS Universe IF INITIAL STATUS IS WORKING NOW / IF INITIAL STATUS NOT WORKING NOW BUT R DETERMINED TO BE WORKING NOW / IF INITIAL STATUS NOT WORKING NOW BUT WORKED IN THE PAST / IF INDUSTRY IS NOT DK/RF / IF MAIN OCCUPATION IS NOT DK/RF / IF MOST IMPORTANT ACTIVIES/DUTIES NOT DK/RF:,"We’d like to know if you now consider yourself a homemaker, retired, permanently disabled, or a full time student. You may choose more than one, or none.","-9. Refused
-8. Don’t know
-1. Inapplicable","0. Not mentioned
1. Mentioned"
V241489d,PRE: R NON-WORKING STATUS - FULL TIME STUDENT [MENTION] Survey Question(s)DEM_STATUS PRE- ELECTION SURVEY VARIABLES 205 Universe IF INITIAL STATUS IS WORKING NOW / IF INITIAL STATUS NOT WORKING NOW BUT R DETERMINED TO BE WORKING NOW / IF INITIAL STATUS NOT WORKING NOW BUT WORKED IN THE PAST / IF INDUSTRY IS NOT DK/RF / IF MAIN OCCUPATION IS NOT DK/RF / IF MOST IMPORTANT ACTIVIES/DUTIES NOT DK/RF:,"We’d like to know if you now consider yourself a homemaker, retired, permanently disabled, or a full time student. You may choose more than one, or none.","-9. Refused
-8. Don’t know
-1. Inapplicable","0. Not mentioned
1. Mentioned"
V241489,ePRE: R NON-WORKING STATUS - NONE OF THESE [MENTION] Survey Question(s)DEM_STATUS Universe IF INITIAL STATUS IS WORKING NOW / IF INITIAL STATUS NOT WORKING NOW BUT R DETERMINED TO BE WORKING NOW / IF INITIAL STATUS NOT WORKING NOW BUT WORKED IN THE PAST / IF INDUSTRY IS NOT DK/RF / IF MAIN OCCUPATION IS NOT DK/RF / IF MOST IMPORTANT ACTIVIES/DUTIES NOT DK/RF:,"We’d like to know if you now consider yourself a homemaker, retired, permanently disabled, or a full time student. You may choose more than one, or none.","-9. Refused
-8. Don’t know
-1. Inapplicable","0. Not mentioned
1. Mentioned"
V241490,PRE: INITIAL STATUS RETIREE - YEAR RETIRED Survey Question(s)DEM_RETIREYR Universe IF R INITIAL STATUS RETIRED: 206 CODEBOOK: VARIABLES,What year did you retire? YEAR:,"-9. Refused
-8. Don’t know
-1. Inapplicable",
V241491,PRE: WORKING NOW: OUT OF WORK OR LAID OFF IN LAST 6 MONTHS Survey Question(s)DEM_OFFWORK Universe IF INITIAL STATUS IS WORKING NOW / IF INITIAL STATUS NOT WORKING NOW BUT R IS DETERMINED TO BE CURRENTLY WORKING IF R IS TEMPORARILY ABSENT / IF R HAS WORKED IN PAST 12 MONTHS:,Were you out of work or laid oﬀ at any time during the last six months?,"-9. Refused
-8. Don’t know
-1. Inapplicable","1. Yes
2. No"
V241492,PRE: WORKING NOW: WORRY ABOUT LOSING JOB IN NEAR FUTURE Survey Question(s)DEM_LOSEJOB Universe IF INITIAL STATUS IS WORKING NOW / IF INITIAL STATUS NOT WORKING NOW BUT R IS DETERMINED TO BE CURRENTLY WORKING / IF R ON LAYOFF FROM A JOB / IF R TEMPOARILY ABSENT FROM JOB: Response OrderForward/Reverse order,"How worried are you about losing your job in the near future? [Not at all, a little, moderately, very, or extremely worried / Extremely, very, moderately, a little, or not at all worried]?","-9. Refused
-8. Don’t know
-1. Inapplicable","1. Not at all
2. A little
3. Moderately
4. Very
5. Extremely"
V241493,PRE: WORKING NOW: HAD REDUCTION IN WORK HRS OR PAY CUT PRE- ELECTION SURVEY VARIABLES 207 Survey Question(s)DEM_HRSREDUCE Universe IF INITIAL STATUS IS WORKING NOW / IF INITIAL STATUS NOT WORKING NOW BUT R IS DETERMINED TO BE CURRENTLY WORKING / IF R ON LAYOFF FROM A JOB / IF R TEMPOARILY ABSENT FROM JOB:,"During the last six months, have you had a reduction in your work hours or had to take a cut in pay at any time for reasons other than illness or personal choice?","-9. Refused
-8. Don’t know
-1. Inapplicable","1. Reduced hours or pay in the last 6 months
2. Neither reduced hours nor reduced pay in last 6 months"
V241494,PRE: HOW SATISFIED OR DISSATISFIED IS R WITH CURRENT JOB? Survey Question(s)DEM_JOBSAT Universe IF INITIAL STATUS IS WORKING NOW / IF INITIAL STATUS NOT WORKING NOW BUT R DETERMINED TO BE WORKING NOW:,"Overall, how satisﬁed or dissatisﬁed are you with your current job?","-9. Refused
-8. Don’t know
-1. Inapplicable","1. Extremely satisﬁed
2. Moderately satisﬁed
3. Slightly satisﬁed
4. Neither satisﬁed nor dissatisﬁed
5. Slightly dissatisﬁed
6. Moderately dissatisﬁed
7. Extremely dissatisﬁed"
V241495a,PRE: SPOUSE PARTNER WORKING STATUS - WORKING [MENTION] Survey Question(s)DEM_EMPTYPESP Universe IF R IS MARRIED/ IF R IS PARTNERED:,"We’d like to know about your [husband or wife / partner]. Is your [husband or wife / partner] working now, temporarily laid oﬀ, or is your [husband or wife /partner] unemployed, retired, permanently disabled, a homemaker, a student, or what? 208 CODEBOOK: VARIABLES","-9. Refused
-8. Don’t know
-1. Inapplicable","0. Not mentioned
1. Mentioned"
V241495b,PRE: SPOUSE PARTNER WORKING STATUS - LAID OFF [MENTION] Survey Question(s)DEM_EMPTYPESP Universe IF R IS MARRIED/ IF R IS PARTNERED:,"We’d like to know about your [husband or wife / partner]. Is your [husband or wife / partner] working now, temporarily laid oﬀ, or is your [husband or wife /partner] unemployed, retired, permanently disabled, a homemaker, a student, or what?","-9. Refused
-8. Don’t know
-1. Inapplicable","0. Not mentioned
1. Mentioned"
V241495c,PRE: SPOUSE PARTNER WORKING STATUS - UNEMPLOYED [MENTION] Survey Question(s)DEM_EMPTYPESP Universe IF R IS MARRIED/ IF R IS PARTNERED: PRE- ELECTION SURVEY VARIABLES 209,"We’d like to know about your [husband or wife / partner]. Is your [husband or wife / partner] working now, temporarily laid oﬀ, or is your [husband or wife /partner] unemployed, retired, permanently disabled, a homemaker, a student, or what?","-9. Refused
-8. Don’t know
-1. Inapplicable","0. Not mentioned
1. Mentioned"
V241495d,PRE: SPOUSE PARTNER WORKING STATUS - RETIRED [MENTION] Survey Question(s)DEM_EMPTYPESP Universe IF R IS MARRIED/ IF R IS PARTNERED:,"We’d like to know about your [husband or wife / partner]. Is your [husband or wife / partner] working now, temporarily laid oﬀ, or is your [husband or wife /partner] unemployed, retired, permanently disabled, a homemaker, a student, or what?","-9. Refused
-8. Don’t know
-1. Inapplicable","0. Not mentioned
1. Mentioned"
V241495,ePRE: SPOUSE PARTNER WORKING STATUS - DISABLED [MENTION] Survey Question(s)DEM_EMPTYPESP Universe IF R IS MARRIED/ IF R IS PARTNERED:,"We’d like to know about your [husband or wife / partner]. Is your [husband or wife / partner] working now, temporarily laid oﬀ, or is your [husband or wife /partner] unemployed, retired, permanently disabled, a homemaker, a student, or what?","-9. Refused
-8. Don’t know
-1. Inapplicable","0. Not mentioned
1. Mentioned"
V241495,fPRE: SPOUSE PARTNER WORKING STATUS - HOMEMAKER [MENTION] Survey Question(s)DEM_EMPTYPESP Universe IF R IS MARRIED/ IF R IS PARTNERED:,"We’d like to know about your [husband or wife / partner]. Is your [husband or wife / partner] working now, temporarily laid oﬀ, or is your [husband or wife /partner] unemployed, retired, permanently disabled, a homemaker, a student, or what? 210 CODEBOOK: VARIABLES","-9. Refused
-8. Don’t know
-1. Inapplicable","0. Not mentioned
1. Mentioned"
V241495g,PRE: SPOUSE PARTNER WORKING STATUS - STUDENT [MENTION] Survey Question(s)DEM_EMPTYPESP Universe IF R IS MARRIED/ IF R IS PARTNERED:,"We’d like to know about your [husband or wife / partner]. Is your [husband or wife / partner] working now, temporarily laid oﬀ, or is your [husband or wife /partner] unemployed, retired, permanently disabled, a homemaker, a student, or what?","-9. Refused
-8. Don’t know
-1. Inapplicable","0. Not mentioned
1. Mentioned"
V241496,RESTRICTED: PRE: SPOUSE PARTNER JOB Survey Question(s)DEM_CSESJOBSP Universe IF R IS MARRIED/PARTNERED AND HAS MENTIONED SPOUSE/PARTNER IS WORKING:,What is your [spouse’s/partner’s] main occupation? (What kind of work does your [spouse/partner] do? What are the most important activities or duties?),-3. RESTRICTED,
V241497,PRE: ANYONE IN HH BELONG TO LABOR UNION PRE- ELECTION SURVEY VARIABLES 211 Survey Question(s)DEM_UNION,Do you or anyone else in this household belong to a labor union or to an employee association similar to a union?,"-9. Refused
-8. Don’t know
-1. Inapplicable","1. Yes
2. No"
V241498a,PRE: WHO IN HH BELONGS TO UNION - R Survey Question(s)DEM_UNIONWHO Universe IF SOMEONE IN HOUSEHOLD BELONGS TO LABOR UNION:,Who is it that belongs?,"-9. Refused
-1. Inapplicable","0. Not mentioned
1. Mentioned"
V241498b,PRE: WHO IN HH BELONGS TO UNION - R’S SPOUSE/PARTNER Survey Question(s)DEM_UNIONWHO Universe IF SOMEONE IN HOUSEHOLD BELONGS TO LABOR UNION:,Who is it that belongs?,"-9. Refused
-1. Inapplicable","0. Not mentioned
1. Mentioned"
V241498c,PRE: WHO IN HH BELONGS TO UNION - SOMEONE ELSE Survey Question(s)DEM_UNIONWHO Universe IF SOMEONE IN HOUSEHOLD BELONGS TO LABOR UNION:,Who is it that belongs? 212 CODEBOOK: VARIABLES,"-9. Refused
-1. Inapplicable","0. Not mentioned
1. Mentioned"
V241499,"PRE: R: ARE YOU SPANISH, HISPANIC, OR LATINO Survey Question(s) DEM_HISP , PAPI PRE Q35 Note: The following speciﬁcations were implemented exclusively in the computerized survey instrument and are not applicable to the paper questionnaire.","Are you of Hispanic, Latino, or Spanish origin?","-9. Refused
-4. Error
-1. Inapplicable","1. Yes
2. No"
V241500a,"RESTRICTED: PRE: RACE OF R: WHITE [MENTION] Survey Question(s) DEM_RACECPS, PAPI PRE Q36 Note: The following speciﬁcations were implemented exclusively in the computerized survey instrument and are not applicable to the paper questionnaire.","I am going to read you a list of ﬁve race categories. You may choose one or more races. For this survey, Hispanic origin is not a race. Are you White; Black or African American; American Indian or Alaska Native; Asian; or Native Hawaiian or Other Paciﬁc Islander?",-3. RESTRICTED,
V241500b,"RESTRICTED: PRE: RACE OF R: BLACK OR AFRICAN-AMERICAN [MENTION] Survey Question(s) DEM_RACECPS, PAPI PRE Q36 Note: The following speciﬁcations were implemented exclusively in the computerized survey instrument and are not applicable to the paper questionnaire.","I am going to read you a list of ﬁve race categories. You may choose one or more races. For this survey, Hispanic origin is not a race. Are you White; Black or African American; American Indian or Alaska Native; Asian; or Native Hawaiian or Other Paciﬁc Islander? PRE- ELECTION SURVEY VARIABLES 213",-3. RESTRICTED,
V241500c,"RESTRICTED: PRE: RACE OF R: ASIAN [MENTION] Survey Question(s) DEM_RACECPS, PAPI PRE Q36 Note: The following speciﬁcations were implemented exclusively in the computerized survey instrument and are not applicable to the paper questionnaire.","I am going to read you a list of ﬁve race categories. You may choose one or more races. For this survey, Hispanic origin is not a race. Are you White; Black or African American; American Indian or Alaska Native; Asian; or Native Hawaiian or Other Paciﬁc Islander?",-3. RESTRICTED,
V241500d,"RESTRICTED: PRE: RACE OF R: NATIVE HAWAIIAN OR PACIFIC ISLANDER [MENTION] Survey Question(s) DEM_RACECPS, PAPI PRE Q36 Note: The following speciﬁcations were implemented exclusively in the computerized survey instrument and are not applicable to the paper questionnaire.","I am going to read you a list of ﬁve race categories. You may choose one or more races. For this survey, Hispanic origin is not a race. Are you White; Black or African American; American Indian or Alaska Native; Asian; or Native Hawaiian or Other Paciﬁc Islander?",-3. RESTRICTED,
V241500,"eRESTRICTED: PRE: RACE OF R: NATIVE AMERICAN OR ALASKA NATIVE [MENTION] 214 CODEBOOK: VARIABLES Survey Question(s) DEM_RACECPS, PAPI PRE Q36 Note: The following speciﬁcations were implemented exclusively in the computerized survey instrument and are not applicable to the paper questionnaire.","I am going to read you a list of ﬁve race categories. You may choose one or more races. For this survey, Hispanic origin is not a race. Are you White; Black or African American; American Indian or Alaska Native; Asian; or Native Hawaiian or Other Paciﬁc Islander?",-3. RESTRICTED,
V241501x,"PRE: SUMMARY: R SELF-IDENTIFIED RACE/ETHNICITY Survey Question(s)DEM_HISP , DEM_RACECPS",,"-9. Refused
-8. Don’t know
-4. Error","1. White, non-Hispanic
2. Black, non-Hispanic
3. Hispanic
4. Asian or Native Hawaiian/other Paciﬁc Islander, non-Hispanic
5. Native American/Alaska Native or other race, non-Hispanic
6. Multiple races, non-Hispanic"
V241502,PRE: R: ARE YOU OF MIDDLE EASTERN OR NORTH AFRICAN DESCENT Survey Question(s)DEM_MENA,Are you of Middle Eastern or North African descent?,"-9. Refused
-8. Don’t know
-1. Inapplicable","1. Yes
2. No"
V241503,RESTRICTED: PRE: ETHNIC OR NATIONALITY GROUP PRE- ELECTION SURVEY VARIABLES 215 Survey Question(s)DEM_ETHNIC,"What do you consider your main ethnic group or nationality group? (For example: Italian, Jamaican, African American, Cambodian, Cape Verdean, Norwegian, Dominican, French Canadian, Haitian, Korean, Lebanese, Polish, Nigerian, Mexican, Taiwanese, Ukrainian, and so on.)",-3. RESTRICTED,
V241504,PRE: IWR CHECKPOINT: NUMBER OF ETHNIC MENTIONS of own ethnicity 1. One 2. More than one (two or more) 3. Respondent refused to answer or R said no knowledge of own ethnicity Survey Question(s)DEM_NUMETH Universe IF MODE IS FTF:,ENTER NUMBER OF ETHNIC GROUPS MENTIONED BY R:,-1. Inapplicable,0. None (incl DK) and R did not refuse or indicate no knowledge
V241505,RESTRICTED: PRE: ETHNIC GROUP MOST CLOSE Survey Question(s)DEM_MOSTETH Universe IF R MENTIONED MORE THAN 1 NATIONALITY/ETHNIC GROUP:,With which of these groups do you most closely identify?,-3. RESTRICTED,
V241506,PRE: NATIVE STATUS OF PARENTS Survey Question(s)DEM_PARENTS 216 CODEBOOK: VARIABLES,"Where were your parents born? Were they both born in the U.S., was only one born in the U.S., or were both born in another country?","-9. Refused
-8. Don’t know
-1. Inapplicable","1. Both parents born in the US
2. One parent born in the US
3. Both parents born in another country"
V241507,"PRE: RS: BORN US, PUERTO RICO, OR SOME OTHER COUNTRY Survey Question(s)DEM_BIRTHPLACE","In what state, country, or territory were you born?","-9. Refused
-8. Don’t know
-1. Inapplicable","1. A US state or Washington DC
2. Puerto Rico
3. Another US territory
4. Another country {SPECIFY}"
V241507z,"RESTRICTED: PRE: RS: BORN US, PUERTO RICO, OR SOME OTHER COUNTRY - OTHER {SPECIFY} Survey Question(s)DEM_BIRTHPLACE","In what state, country, or territory were you born?",-3. RESTRICTED,
V241508,PRE: PAPER: R CITIZEN OF US OR ANOTHER COUNTRY Survey Question(s)PAPI PRE Q37,"Are you a U.S. citizen, or a citizen of another country? Mark all that apply.","-9. Refused
-1. Inapplicable","1. United States citizen
2. Citizen of another country
3. Both"
V241509,PRE: HOW MANY GRANDPARENTS BORN OUTSIDE THE US Survey Question(s)DEM_GPAR,"How many of your grandparents, if any, were born outside the U.S.? PRE- ELECTION SURVEY VARIABLES 217","-9. Refused
-8. Don’t know
-1. Inapplicable","0. None
1. One
2. Two
3. Three
4. All"
V241510,RESTRICTED: PRE: LATINO RS: COUNTRY OF LATINO HERITAGE REVISED Survey Question(s)DEM_HISPCNTRYREV Universe IF R IS HISPANIC:,Families of Hispanic or Latino background in the United States come from many diﬀerent places. Which Spanish-speaking or Latin American country or territory does most of your family come from?,-3. RESTRICTED,
V241510z,RESTRICTED: PRE: LATINO RS: COUNTRY OF LATINO HERITAGE REVISED - OTHER {SPECIFY} Survey Question(s)DEM_HISPCNTRYREV Universe IF R IS HISPANIC:,Families of Hispanic or Latino background in the United States come from many diﬀerent places. Which Spanish-speaking or Latin American country or territory does most of your family come from?,-3. RESTRICTED,
V241511,RESTRICTED: PRE: LATINO RS: MOST FAMILY FROM WHICH COUNTRY Survey Question(s)DEM_HISPCNTRYMOST 218 CODEBOOK: VARIABLES Universe IF R IS HISPANIC: IF MORE THAN 1 ANSWER OTHER THAN DK/RF GIVEN AS COUNTRIES OF ANCESTRY:,You said your family comes from [DEM_HISPCNTRYREV]. Which one of these does most of your family come from?,-3. RESTRICTED,
V241512x,PRE: SUMMARY: HISPANIC SUMMARY,,"-9. Refused
-8. Don’t know","1. Mexican
2. Puerto Rican
3. Other Hispanic (one or more mentions)
4. Hispanic, type not determined
7. Not Hispanic"
V241513,"PRE: LATINO RS: ANY MEXICAN ANCESTRY Survey Question(s)DEM_HISPMEX Universe IF R IS HISPANIC: IF R MENTIONS HISPANIC ANCESTRY AS SPAIN, U.S. OR UNLISTED ‘OTHER’ COUNTRY:",Do you or your family trace any of your ancestry to Mexico?,"-9. Refused
-8. Don’t know
-1. Inapplicable","1. Yes
2. No"
V241514,RESTRICTED: PRE: WHEN DID R (NON-US BORN) ARRIVE IN US Survey Question(s)DEM_HISPARR Universe IF R WAS NOT BORN IN THE U.S.:,When did you ﬁrst arrive to live in the U.S.?,-3. RESTRICTED,
V241515,"RESTRICTED: PRE: WHEN DID R (NON-US BORN) BECOME A CITIZEN PRE- ELECTION SURVEY VARIABLES 219 Survey Question(s)DEM_HISPCIT Universe IF R WAS NOT BORN IN THE U.S., PUERTO RICO, OR U.S. TERRITORY:",In what year did you become a naturalized U.S. citizen?,-3. RESTRICTED,
V241516,"PRE: LATINO RS: LANGUAGE AT HOME Survey Question(s)DEM_HISPLANG Universe IF R INDICATES SELF AS SPANISH, HISPANIC, OR LATINO:","What language do you primarily speak at home with your family? Is it only English, mostly English, both languages equally, mostly Spanish, or only Spanish?","-9. Refused
-1. Inapplicable","1. Only English
2. Mostly English
3. Both languages equally
4. Mostly Spanish
5. Only Spanish"
V241517,"PRE: R SPOUSE HISPANIC ORIGIN Survey Question(s)DEM_HISPSP Universe IF R IS MARRIED, R IS PARTNERED, R IS WIDOWED, DIVORCED, OR SEPARATED:","Is your [spouse / partner / most recent former spouse] of Hispanic, Latino, or Spanish origin?","-9. Refused
-8. Don’t know
-1. Inapplicable","1. Yes
2. No"
V241518a,"PRE: R SPOUSE/PARTNER RACE: WHITE [MENTION] 220 CODEBOOK: VARIABLES Survey Question(s)DEM_RACECPSSP Universe IF R IS MARRIED, R IS PARTNERED, R IS WIDOWED, DIVORCED, OR SEPARATED:",Is your [spouse / partner / most recent former spouse] White; Black or African American; American Indian or Alaska Native; Asian; or Native Hawaiian or Other Paciﬁc Islander?,-3. RESTRICTED,
V241518b,"PRE: R SPOUSE/PARTNER RACE: BLACK OR AFRICAN-AMERICAN [MENTION] Survey Question(s)DEM_RACECPSSP Universe IF R IS MARRIED, R IS PARTNERED, R IS WIDOWED, DIVORCED, OR SEPARATED:",Is your [spouse / partner / most recent former spouse] White; Black or African American; American Indian or Alaska Native; Asian; or Native Hawaiian or Other Paciﬁc Islander?,-3. RESTRICTED,
V241518c,"PRE: R SPOUSE/PARTNER RACE: ASIAN [MENTION] Survey Question(s)DEM_RACECPSSP Universe IF R IS MARRIED, R IS PARTNERED, R IS WIDOWED, DIVORCED, OR SEPARATED:",Is your [spouse / partner / most recent former spouse] White; Black or African American; American Indian or Alaska Native; Asian; or Native Hawaiian or Other Paciﬁc Islander?,-3. RESTRICTED,
V241518d,"PRE: R SPOUSE/PARTNER RACE: NATIVE HAWAIIAN OR PACIFIC ISLANDER [MENTION] PRE- ELECTION SURVEY VARIABLES 221 Survey Question(s)DEM_RACECPSSP Universe IF R IS MARRIED, R IS PARTNERED, R IS WIDOWED, DIVORCED, OR SEPARATED:",Is your [spouse / partner / most recent former spouse] White; Black or African American; American Indian or Alaska Native; Asian; or Native Hawaiian or Other Paciﬁc Islander?,-3. RESTRICTED,
V241518,"ePRE: R SPOUSE/PARTNER RACE: NATIVE AMERICAN OR ALASKA NATIVE [MENTION] Survey Question(s)DEM_RACECPSSP Universe IF R IS MARRIED, R IS PARTNERED, R IS WIDOWED, DIVORCED, OR SEPARATED:",Is your [spouse / partner / most recent former spouse] White; Black or African American; American Indian or Alaska Native; Asian; or Native Hawaiian or Other Paciﬁc Islander?,-3. RESTRICTED,
V241519x,"PRE: SUMMARY: R SPOUSE OR PARTNER RACE/ETHNICITY Survey Question(s)DEM_HISPSP , DEM_RACECPSSP",,"-9. Refused
-1. Inapplicable","1. White, non-Hispanic
2. Black, non-Hispanic
3. Hispanic
4. Asian or Native Hawaiian/other Paciﬁc Islander, non-Hispanic
5. Native American/Alaska Native or other race, non-Hispanic
6. Multiple races, non-Hispanic"
V241520,"PRE: R SPOUSE/PARTNER GENDER 222 CODEBOOK: VARIABLES Survey Question(s)DEM_GENDSP Universe IF R IS MARRIED, R IS PARTNERED, R IS WIDOWED, DIVORCED, OR SEPARATED:",What is the gender of your [spouse / partner / most recent former spouse]?,"-9. Refused
-8. Don’t know
-1. Inapplicable","1. Male
2. Female
3. Something else"
V241521,"PRE: HOW MANY CHILDREN IN HH AGE 0-17 Survey Question(s) DEM2_HHCHILD, PAPI PRE Q32 Note: The following speciﬁcations were implemented exclusively in the computerized survey instrument and are not applicable to the paper questionnaire.",How many children or teenagers age 0 to 17 live in this household?,"-9. Refused
-1. Inapplicable","0. No children
1. One child
2. Two children
3. Three children
4. Four children
5. Five children
6. Six children
7. Seven children
8. Eight children
9. More than eight children"
V241522a,PRE: CHILDREN’S SCHOOL ENROLLMENT: PUBLIC SCHOOL Survey Question(s)DEM2_SCHENRL Universe IF THERE ARE MORE THAN 1 CHILD AGE 17 OR YOUNGER IN HOUSEHOLD / IF THERE IS 1 CHILD AGE 17 OR YOUNGER IN HOUSEHOLD: PRE- ELECTION SURVEY VARIABLES 223,"[Are the children in your household/ Is the child in your household] enrolled in public school, private religious school, private non- religious school, or home school, or not in school?","-9. Refused
-1. Inapplicable","0. Not mentioned
1. Mentioned"
V241522b,PRE: CHILDREN’S SCHOOL ENROLLMENT: PRIVATE RELIGIOUS SCHOOL Survey Question(s)DEM2_SCHENRL Universe IF THERE ARE MORE THAN 1 CHILD AGE 17 OR YOUNGER IN HOUSEHOLD / IF THERE IS 1 CHILD AGE 17 OR YOUNGER IN HOUSEHOLD:,"[Are the children in your household/ Is the child in your household] enrolled in public school, private religious school, private non- religious school, or home school, or not in school?","-9. Refused
-1. Inapplicable","0. Not mentioned
1. Mentioned"
V241522c,PRE: CHILDREN’S SCHOOL ENROLLMENT: PRIVATE NON-RELIGIOUS SCHOOL Survey Question(s)DEM2_SCHENRL Universe IF THERE ARE MORE THAN 1 CHILD AGE 17 OR YOUNGER IN HOUSEHOLD / IF THERE IS 1 CHILD AGE 17 OR YOUNGER IN HOUSEHOLD:,"[Are the children in your household/ Is the child in your household] enrolled in public school, private religious school, private non- religious school, or home school, or not in school?","-9. Refused
-1. Inapplicable","0. Not mentioned
1. Mentioned"
V241522d,PRE: CHILDREN’S SCHOOL ENROLLMENT: HOME SCHOOL Survey Question(s)DEM2_SCHENRL 224 CODEBOOK: VARIABLES Universe IF THERE ARE MORE THAN 1 CHILD AGE 17 OR YOUNGER IN HOUSEHOLD / IF THERE IS 1 CHILD AGE 17 OR YOUNGER IN HOUSEHOLD:,"[Are the children in your household/ Is the child in your household] enrolled in public school, private religious school, private non- religious school, or home school, or not in school?","-9. Refused
-1. Inapplicable","0. Not mentioned
1. Mentioned"
V241522,ePRE: CHILDREN’S SCHOOL ENROLLMENT: NOT ENROLLED IN SCHOOL Survey Question(s)DEM2_SCHENRL Universe IF THERE ARE MORE THAN 1 CHILD AGE 17 OR YOUNGER IN HOUSEHOLD / IF THERE IS 1 CHILD AGE 17 OR YOUNGER IN HOUSEHOLD:,"[Are the children in your household/ Is the child in your household] enrolled in public school, private religious school, private non- religious school, or home school, or not in school?","-9. Refused
-1. Inapplicable","0. Not mentioned
1. Mentioned"
V241523,PRE: DOES R USE INTERNET AT HOME Survey Question(s)DEM2_INETHOME Universe IF R IS ONLY HOUSEHOLD MEMBER / IF R IS NOT ONLY HOUSEHOLD MEMBER :,"[Do you / Does anyone in this household, including you,] use the Internet at home? This includes accessing the Internet with a cell phone, computer, tablet, or other device.","-9. Refused
-8. Don’t know
-1. Inapplicable","1. Yes
2. No"
V241524,PRE: DOES R USE INTERNET AT ANY OTHER LOCATION Survey Question(s)DEM2_INETANY Universe IF NO INTERNET IN THE HOME IF R IS ONLY HOUSEHOLD MEMBER / IF R IS NOT ONLY HOUSEHOLD MEMBER:,"[Do you / Does anyone in this household, including you,] use the Internet at any other location? PRE- ELECTION SURVEY VARIABLES 225","-9. Refused
-1. Inapplicable","1. Yes
2. No"
V241525,PRE: IS THERE A WORKING HH LANDLINE PHONE Survey Question(s)DEM2_PHLAND,Is there at least one telephone inside your home that is currently working and is not a cell phone?,"-9. Refused
-1. Inapplicable","1. Yes
2. No"
V241526,PRE: DOES R PERSONALLY HAVE A CELL PHONE [REVISED] Survey Question(s)DEM2_CELLPERS,Do you have a working cell phone?,"-9. Refused
-1. Inapplicable","1. Yes
2. No"
V241527,PRE: DOES R LIVE WITH ANYONE WHO HAS A CELL PHONE Survey Question(s)DEM2_PHCELLHH 226 CODEBOOK: VARIABLES Universe IF R DOES NOT HAVE A WORKING CELL PHONE AND R IS NOT THE ONLY HOUSEHOLD MEMBER:,Do you live with anyone at your home who has a working cell phone?,-1. Inapplicable,"1. Yes
2. No"
V241528,PRE: R OR ANYONE IN HH HAS CELL PHONE WITH INTERNET CONNECTION Survey Question(s)DEM2_PHINTERNET Universe IF R HAS A CELL PHONE OR ANYONE IN THE HOUSE HAS A CELL PHONE IF R IS ONLY HOUSEHOLD MEMBER / IF R IS NOT ONLY HOUSEHOLD MEMBER:,"[Do you / Does anyone in this household, including you,] have a cell phone that will run apps and connect to the Internet, like an iPhone or Android?","-9. Refused
-8. Don’t know
-1. Inapplicable","1. Yes
2. No"
V241529,PRE: WHERE R GREW UP Virgin Islands) 59. Another country {SPECIFY} Survey Question(s)DEM3_GREWUP,"In what state, country, or territory did you mainly grow up? PRE- ELECTION SURVEY VARIABLES 227","-9. Refused
-8. Don’t know
-1. Inapplicable","1. Alabama  2. Alaska  4. Arizona
5. Arkansas  6. California  8. Colorado
9. Connecticut  10. Delaware
11. District of Columbia (Washington DC)
12. Florida  13. Georgia   15. Hawaii
16. Idaho   17. Illinois   18. Indiana
19. Iowa   20. Kansas   21. Kentucky
22. Louisiana   23. Maine   24. Maryland
25. Massachusetts   26. Michigan   27. Minnesota
28. Mississippi   29. Missouri   30. Montana
31. Nebraska   32. Nevada   33. New Hampshire
34. New Jersey   35. New Mexico   36. New York
37. North Carolina   38. North Dakota   39. Ohio
40. Oklahoma   41. Oregon   42. Pennsylvania
44. Rhode Island   45. South Carolina   46. South Dakota
47. Tennessee   48. Texas   49. Utah
50. Vermont   51. Virginia   53. Washington
54. West Virginia   55. Wisconsin   56. Wyoming
57. Puerto Rico   58. Another U.S. territory (Guam, Samoa, U.S."
V241529z,RESTRICTED: PRE: WHERE R GREW UP - OTHER {SPECIFY} Survey Question(s)DEM3_GREWUP,"In what state, country, or territory did you mainly grow up?",-3. RESTRICTED,
V241530,"PRE: HOME TENURE CPS Survey Question(s) DEM3_HOMECPS, PAPI PRE Q40 Note: The following speciﬁcations were implemented exclusively in the computerized survey instrument and are not applicable to the paper questionnaire.","Are your living quarters owned or being bought by a household member, rented for cash, or occupied without payment of cash rent? 228 CODEBOOK: VARIABLES","-9. Refused
-8. Don’t know
-4. Error","1. Owned or being bought by a household member
2. Rented for cash
3. Occupied without payment of cash rent"
V241531,PRE: HOME TENURE CPS OWNERSHIP Survey Question(s)DEM3_HOMECPSOWN Universe IF R’S HOME OWNED OR BEING BOUGHT BY HOUSEHOLD MEMBER:,"Does your household make monthly mortgage payments for your home, or is the home owned outright with no payments due?","-9. Refused
-8. Don’t know
-1. Inapplicable","1. Pay mortgage
2. Own home with no payments due"
V241532,PRE: R NAME EVER CHANGED Survey Question(s)DEM3_NAMECH,Has your name ever changed or have you never changed your ﬁrst or last name?,"-9. Refused
-1. Inapplicable","1. Have changed name
2. Never changed name"
V241533,RESTRICTED: PRE: YEAR OF MOST RECENT CHANGE PRE- ELECTION SURVEY VARIABLES 229 Survey Question(s)DEM3_NAMECHYR Universe IF R HAS CHANGED NAME:,What year did you most recently change your name?,-3. RESTRICTED,
V241534,"PRE: YEARS R LIVED AT ADDRESS Survey Question(s) DEM3_LENADDR, PAPI PRE Q3 Note: The following speciﬁcations were implemented exclusively in the computerized survey instrument and are not applicable to the paper questionnaire.",How many years have you lived at this address?,"-9. Refused
-8. Don’t know
-4. Error
-1. Inapplicable","1. 0 to 5 years
2. 6 to 10 years
3. 11 to 15 years
4. 16 to 20 years
5. More than 20 years"
V241535,RESTRICTED: PRE: WHERE DID R LIVE FIVE YEARS AGO Survey Question(s)DEM3_ADD5YR Universe IF R HAS LIVED AT CURRENT ADDRESS LESS THAN 5 YEARS:,"Where did you live ﬁve years ago? Please tell me the city, state, and ZIP code if you remember it.",-3. RESTRICTED,
V241536,"PRE: DOES R HAVE A VALID, NON-EXPIRED DRIVER’S LICENSE Survey Question(s)DEM3_DRIVLIC 230 CODEBOOK: VARIABLES",Do you have a non-expired Driver’s License?,"-9. Refused
-1. Inapplicable","1. Have a non-expired driver’s license
2. Do not have one"
V241537,"PRE: DOES R HAVE A VALID, NON-EXPIRED PASSPORT Survey Question(s)DEM3_PASSPORT","Do you have a valid, non-expired U.S. passport, or do you not have one?","-9. Refused
-8. Don’t know
-1. Inapplicable","1. Have a valid, non-expired US passport
2. Do not have one"
V241538,PRE: DOES R HAVE ANOTHER FORM OF ID Survey Question(s)DEM3_OTHGOVTID Universe IF R DOES NOT HAVE NONEXPIRED DRIVERS LICENSE: IF R DOES NOT HAVE NONEXPIRED PASSPORT:,"Do you have any form of non-expired, government issued photo ID, such as a state ID card or military ID?",-1. Inapplicable,"1. Have another form of ID
2. Do not have one"
V241539,"PRE: HOW WORRIED IS R ABOUT CURRENT FINANCIAL SITUATION PRE- ELECTION SURVEY VARIABLES 231 Survey Question(s) ECPERIL_WORRYFIN, PAPI PRE Q42 Note: The following speciﬁcations were implemented exclusively in the computerized survey instrument and are not applicable to the paper questionnaire. Response OrderForward/Reverse order","So far as you and your family are concerned, how worried are you about your current ﬁnancial situation? [Extremely worried, very worried, moderately worried, a little worried, or not at all worried / Not at all worried, a little worried, moderately worried, very worried, or extremely worried?]","-9. Refused
-8. Don’t know
-1. Inapplicable","1. Extremely worried
2. Very worried
3. Moderately worried
4. A little worried
5. Not at all worried"
V241540,PRE: HOW LIKELY R ABLE TO MAKE ALL HOUSING PAYMENTS IN NEXT 12 MONTHS Survey Question(s)ECPERIL_PAYHOUSE Universe IF R PAYS RENT/ IF R OWNS HIS OR HER HOME AND PAYS A MORTGAGE: Response OrderForward/Reverse order,"During the next 12 months, how likely is it that you will be able to make all of your [rent/mortgage] payments on time? [Extremely likely, very likely, moderately likely, slightly likely, or not likely at all / Not likely at all, slightly likely, moderately likely, very likely, or extremely likely?]","-9. Refused
-8. Don’t know
-1. Inapplicable","1. Extremely likely
2. Very likely
3. Moderately likely
4. Slightly likely
5. Not likely at all"
V241541,PRE: HAVE ANY FAMILY MEMBERS OR CLOSE FRIENDS LOST JOBS IN LAST 12 MONTHS Survey Question(s)ECPERIL_LOSTJOBS 232 CODEBOOK: VARIABLES,"During the past 12 months, has anyone in your family or a close personal friend lost a job, or has no one in your family and no close personal friend lost a job in the past 12 months?","-9. Refused
-8. Don’t know
-1. Inapplicable","1. Someone lost a job
2. No one lost a job"
V241550,"PRE: WHAT IS R’S SEX? [REVISED] Survey Question(s) SELFGEND_GENDTYP , PAPI PRE Q34 Note: The following speciﬁcations were implemented exclusively in the computerized survey instrument and are not applicable to the paper questionnaire.",What is your sex?,"-9. Refused
-4. Error","1. Male
2. Female"
V241551,PRE: WHAT IS R’S GENDER? Survey Question(s)SELFGEND_GENDMULTI,What is your gender?,"-9. Refused
-1. Inapplicable","1. Man
2. Woman
3. Nonbinary
4. Something else, please specify"
V241551z,RESTRICTED: PRE: WHAT IS R’S GENDER? - OTHER {SPECIFY} Survey Question(s)SELFGEND_GENDMULTI,What is your gender?,-3. RESTRICTED,
V241552,PRE: DOES R CONSIDER THEMSELF TO BE TRANSGENDER PRE- ELECTION SURVEY VARIABLES 233 Survey Question(s)SELFGEND_TRANS,Do you consider yourself to be transgender?,"-9. Refused
-1. Inapplicable","1. Yes
2. No"
V241553,PRE: SEXUAL ORIENTATION OF R [REVISED] Survey Question(s)ORIENTN_RGAY Universe IF R IS NOT FEMALE / IF R IS FEMALE:,"Do you consider yourself to be heterosexual or straight, homosexual or gay, or bisexual?/ Do you consider yourself to be heterosexual or straight, homosexual or gay or lesbian, or bisexual?","-9. Refused
-5. Break oﬀ, suﬃcient partial
-1. Inapplicable","1. Heterosexual or straight
2. Homosexual or gay (or lesbian)
3. Bisexual
4. Something else {SPECIFY}"
V241553z,RESTRICTED: PRE: SEXUAL ORIENTATION OF R [REVISED] - OTHER {SPECIFY} Survey Question(s)ORIENTN_RGAY Universe IF R IS NOT FEMALE / IF R IS FEMALE:,"Do you consider yourself to be heterosexual or straight, homosexual or gay, or bisexual?/ Do you consider yourself to be heterosexual or straight, homosexual or gay or lesbian, or bisexual?",-3. RESTRICTED,
V241554,PRE: MONEY INVESTED IN STOCK MARKET Survey Question(s)WEALTH_STOCKS,"Do you personally, or jointly with a spouse, have any money invested in the stock market right now – either in an individual stock or in a mutual fund? 234 CODEBOOK: VARIABLES","-9. Refused
-8. Don’t know
-5. Break oﬀ, suﬃcient partial
-1. Inapplicable","1. Yes
2. No"
V241555,RESTRICTED: PRE: TOTAL INCOME AMOUNT - REVISED Survey Question(s)INC_TOTINC Universe IF R IS NOT ONLY MEMBER OF R’S FAMILY IN RESIDENCE IN R’S HOUSEHOLD / IF R IS ONLY MEMBER OF R’S FAMILY IN RESIDENCE IN HOUSEHOLD:,"The next question is about [the total combined income of all members of your family / your total income] during the past 12 months. This includes money from jobs, net income from business, farm or rent, pensions, dividends, interest, Social Security payments, and any other money income received by members of your family who are 15 years of age or older. What was the total income of your family during the past 12 months?",-3. RESTRICTED,
V241556,RESTRICTED: PRE: INCOME AMT MISSING - GE OR LT 40K Survey Question(s)INC_TOTMISS40 Universe IF TOTAL INCOME NUMBER SKIPPED TWICE (IMPLIED REFUSALS):,"Was it $40,000 or more, or less than that?",-3. RESTRICTED,
V241557,"RESTRICTED: PRE: INCOME AMT MISSING - GE OR LT 20K PRE- ELECTION SURVEY VARIABLES 235 Survey Question(s)INC_TOTMISS20 Universe IF TOTAL INCOME NUMBER SKIPPED TWICE (IMPLIED REFUSALS): IF R INDICATED INCOME LESS THAN $40,000:","Was it $20,000 or more, or less than that?",-3. RESTRICTED,
V241558,"RESTRICTED: PRE: INCOME AMT MISSING - CATEGORIES LT 20K Survey Question(s)INC_TOTL20 Universe IF TOTAL INCOME NUMBER SKIPPED TWICE (IMPLIED REFUSALS): IF R INDICATED INCOME LESS THAN $40,000: IF R INDICATED INCOME LESS THAN $20,000:",Please choose the answer that includes the income of all members of your family during the past 12 months before taxes.,-3. RESTRICTED,
V241559,"RESTRICTED: PRE: INCOME AMT MISSING - CATEGORIES 20-40K Survey Question(s)INC_TOTG20L40 Universe IF TOTAL INCOME NUMBER SKIPPED TWICE (IMPLIED REFUSALS): IF R INDICATED INCOME LESS THAN $40,000: IF R INDICATED INCOME $20,000 OR MORE:",Please choose the answer that includes the income of all members of your family during the past 12 months before taxes.,-3. RESTRICTED,
V241560,"RESTRICTED: PRE: INCOME AMT MISSING - GE OR LT 70K Survey Question(s)INC_TOTMISS70 Universe IF TOTAL INCOME NUMBER SKIPPED TWICE (IMPLIED REFUSALS): IF R INDICATED INCOME $40,000 OR MORE: 236 CODEBOOK: VARIABLES","Was it $70,000 or more, or less than that?",-3. RESTRICTED,
V241561,"RESTRICTED: PRE: INCOME AMT MISSING - CATEGORIES 40-70K Survey Question(s)INC_TOTG40L70 Universe IF TOTAL INCOME NUMBER SKIPPED TWICE (IMPLIED REFUSALS): IF R INDICATED INCOME $40,000 OR MORE: IF R INDICATED INCOME LESS THAN $70,000:",Please choose the answer that includes the income of all members of your family during the past 12 months before taxes.,-3. RESTRICTED,
V241562,"RESTRICTED: PRE: INCOME AMT MISSING - GE OR LT 100K Survey Question(s)INC_TOTMISS100 Universe IF TOTAL INCOME NUMBER SKIPPED TWICE (IMPLIED REFUSALS): IF R INDICATED INCOME $40,000 OR MORE: IF R INDICATED INCOME $70,000 OR MORE:","Was it $100,000 or more, or less than that?",-3. RESTRICTED,
V241563,"RESTRICTED: PRE: INCOME AMT MISSING - CATEGORIES 70-100K Survey Question(s)INC_TOTG70L100 Universe IF TOTAL INCOME NUMBER SKIPPED TWICE (IMPLIED REFUSALS): IF R INDICATED INCOME $40,000 OR MORE: IF R INDICATED INCOME $70,000 OR MORE: IF R INDICATED INCOME LESS THAN $100,000:",Please choose the answer that includes the income of all members of your family during the past 12 months before taxes.,-3. RESTRICTED,
V241564,"RESTRICTED: PRE: INCOME AMT MISSING - CATEGORIES 100+K Survey Question(s)INC_TOTG100 Universe IF TOTAL INCOME NUMBER SKIPPED TWICE (IMPLIED REFUSALS): IF R INDICATED INCOME $40,000 OR MORE: IF R INDICATED INCOME $70,000 OR MORE: IF R INDICATED INCOME $100,000 OR MORE:",Please choose the answer that includes the income of all members of your family during the past 12 months before taxes. PRE- ELECTION SURVEY VARIABLES 237,-3. RESTRICTED,
V241565,PRE: PAPER: TOTAL (HOUSEHOLD) INCOME Survey Question(s)PAPI PRE Q41,"What is the total income of your family during the past 12 months? If you are not completely sure, please give your best guess.",-3. RESTRICTED,"1. Under $9,999
2. $10,000 to $29,999
3. $30,000 to $59,999
4. $60,000 to $99,999
5. $100,000 to $249,999
6. $250,000 or more"
V241566x,"PRE: SUMMARY: TOTAL (HOUSEHOLD) INCOME 238 CODEBOOK: VARIABLES Survey Question(s)INC_TOTINC, INC_TOTL20, INC_TOTG20L40, INC_TOTG40L70, INC_TOTG70L100, INC_TOTG100 Variable Note PAPI cases not included in this income summary variable due to diﬀering response options. Income data for PAPI cases are included in V241567x",,"-9. Refused
-5. Break oﬀ, suﬃcient partial
-4. Error
-1. Inapplicable","1. Under $5,000
2. $5,000-9,999
3. $10,000-12,499
4. $12,500-14,999
5. $15,000-17,499
6. $17,500-19,999
7. $20,000-22,499
8. $22,500-24,999
9. $25,000-27,499
10. $27,500-29,999
11. $30,000-34,999
12. $35,000-39,999
13. $40,000-44,999
14. $45,000-49,999
15. $50,000-54,999
16. $55,000-59,999
17. $60,000-64,999
18. $65,000-69,999
19. $70,000-74,999
20. $75,000-79,999
21. $80,000-89,999
22. $90,000-99,999
23. $100,000-109,999
24. $110,000-124,999
25. $125,000-149,999
26. $150,000-174,999
27. $175,000-249,999
28. $250,000 or more"
V241567x,"PRE: SUMMARY: TOTAL (HOUSEHOLD) INCOME [SIX CATEGORY] PRE- ELECTION SURVEY VARIABLES 239 Survey Question(s) INC_TOTINC, INC_TOTL20, INC_TOTG20L40, INC_TOTG40L70, INC_TOTG70L100, INC_TOTG100, Q41",,"-9. Refused
-5. Break oﬀ, suﬃcient partial
-4. Error","1. Under $9,999
2. $10,000 to $29,999
3. $30,000 to $59,999
4. $60,000 to $99,999
5. $100,000 to $249,999
6. $250,000 or more"
V241568a,PRE: HAS R DONE ANY OF THE FOLLOWING - BORROWED MONEY TO PAY BILLS Survey Question(s)FINANCE_INFLBEHAV,"In the past year, have you done any of the following? Mark all that apply.","-9. Refused
-5. Break oﬀ, suﬃcient partial
-1. Inapplicable","0. Not mentioned
1. Mentioned"
V241568b,PRE: HAS R DONE ANY OF THE FOLLOWING - CUT DOWN SPENDING Survey Question(s)FINANCE_INFLBEHAV 240 CODEBOOK: VARIABLES,"In the past year, have you done any of the following? Mark all that apply.","-9. Refused
-5. Break oﬀ, suﬃcient partial
-1. Inapplicable","0. Not mentioned
1. Mentioned"
V241568c,PRE: HAS R DONE ANY OF THE FOLLOWING - CANCEL/POSTPONE MAJOR PURCHASE Survey Question(s)FINANCE_INFLBEHAV,"In the past year, have you done any of the following? Mark all that apply.","-9. Refused
-5. Break oﬀ, suﬃcient partial
-1. Inapplicable","0. Not mentioned
1. Mentioned"
V241568d,PRE: HAS R DONE ANY OF THE FOLLOWING - DIPPED INTO SAVINGS Survey Question(s)FINANCE_INFLBEHAV,"In the past year, have you done any of the following? Mark all that apply.","-9. Refused
-5. Break oﬀ, suﬃcient partial
-1. Inapplicable","0. Not mentioned
1. Mentioned"
V241568,ePRE: HAS R DONE ANY OF THE FOLLOWING - TOOK ON CREDIT CARD DEBT Survey Question(s)FINANCE_INFLBEHAV,"In the past year, have you done any of the following? Mark all that apply.","-9. Refused
-5. Break oﬀ, suﬃcient partial
-1. Inapplicable","0. Not mentioned
1. Mentioned"
V241568,fPRE: HAS R DONE ANY OF THE FOLLOWING - NONE OF THESE PRE- ELECTION SURVEY VARIABLES 241 Survey Question(s)FINANCE_INFLBEHAV,"In the past year, have you done any of the following? Mark all that apply.","-9. Refused
-5. Break oﬀ, suﬃcient partial
-1. Inapplicable","0. Not mentioned
1. Mentioned"
V241569,PRE: HOW MUCH MONEY DOES R OWE IN STUDENT LOANS Survey Question(s)FINANCE_STDLOAN Universe IF R HAS MORE THAN HIGH SCHOOL DIPLOMA OR EQUIVALENT:,"How much money do you currently owe in student loans? If you are not sure, please provide your best guess. If none, type 0.","-9. Refused
-5. Break oﬀ, suﬃcient partial
-1. Inapplicable",
V241570,PRE: TROUBLE CONCENTRATING IN PAST WEEK Survey Question(s)MENTALHLTH_TRBLCONC Response OrderForward/Reverse order,"On another topic: In the past week, how often have you had trouble keeping your mind on what you were doing?","-9. Refused
-5. Break oﬀ, suﬃcient partial
-1. Inapplicable","1. All the time
2. Often
3. Sometimes
4. Rarely
5. Never"
V241571,PRE: DOES R HAVE HEALTH INSURANCE Survey Question(s)HLTH_HAVEHINS,Do you presently have any kind of health insurance? 242 CODEBOOK: VARIABLES,"-9. Refused
-5. Break oﬀ, suﬃcient partial
-1. Inapplicable","1. Yes
2. No"
V241572,PRE: R CONCERNED ABOUT LOSING HEALTH INSURANCE Survey Question(s)HLTH_LOSEINS Universe IF R HAS HEALTH INSURANCE: Response OrderForward/Reverse order,How concerned are you about losing your health insurance in the next year?,"-9. Refused
-5. Break oﬀ, suﬃcient partial
-1. Inapplicable","1. Not at all concerned
2. A little concerned
3. Moderately concerned
4. Very concerned
5. Extremely concerned"
V241573,PRE: R CONCERNED ABOUT PAYING FOR HEALTH CARE Survey Question(s)HLTH_COSTHLTH Response OrderForward/Reverse order PRE- ELECTION SURVEY VARIABLES 243,How concerned are you about being able to pay health care expenses for you and your family in the next year?,"-9. Refused
-5. Break oﬀ, suﬃcient partial
-1. Inapplicable","1. Not at all concerned
2. A little concerned
3. Moderately concerned
4. Very concerned
5. Extremely concerned"
V241574a,PRE: DOES R HAVE ANY OF THESE CONDITIONS - HEALTH RELATED CONDITION Survey Question(s)HLTH_HEALTHID,Do you have any of the following disabilities or chronic conditions? Mark all that apply.,"-9. Refused
-5. Break oﬀ, suﬃcient partial
-1. Inapplicable","0. Not mentioned
1. Mentioned"
V241574b,PRE: DOES R HAVE ANY OF THESE CONDITIONS - MENTAL HEALTH CONDITION Survey Question(s)HLTH_HEALTHID,Do you have any of the following disabilities or chronic conditions? Mark all that apply.,"-9. Refused
-5. Break oﬀ, suﬃcient partial
-1. Inapplicable","0. Not mentioned
1. Mentioned"
V241574c,PRE: DOES R HAVE ANY OF THESE CONDITIONS - LEARNING DISABILITY OR ADHD Survey Question(s)HLTH_HEALTHID,Do you have any of the following disabilities or chronic conditions? Mark all that apply.,"-9. Refused
-5. Break oﬀ, suﬃcient partial
-1. Inapplicable","0. Not mentioned
1. Mentioned"
V241574d,PRE: DOES R HAVE ANY OF THESE CONDITIONS - AUTISM 244 CODEBOOK: VARIABLES Survey Question(s)HLTH_HEALTHID,Do you have any of the following disabilities or chronic conditions? Mark all that apply.,"-9. Refused
-5. Break oﬀ, suﬃcient partial
-1. Inapplicable","0. Not mentioned
1. Mentioned"
V241574,ePRE: DOES R HAVE ANY OF THESE CONDITIONS - BLIND/VISUALLY IMPAIRED Survey Question(s)HLTH_HEALTHID,Do you have any of the following disabilities or chronic conditions? Mark all that apply.,"-9. Refused
-5. Break oﬀ, suﬃcient partial
-1. Inapplicable","0. Not mentioned
1. Mentioned"
V241574,fPRE: DOES R HAVE ANY OF THESE CONDITIONS - DEAF/HEARING IMPAIRED Survey Question(s)HLTH_HEALTHID,Do you have any of the following disabilities or chronic conditions? Mark all that apply.,"-9. Refused
-5. Break oﬀ, suﬃcient partial
-1. Inapplicable","0. Not mentioned
1. Mentioned"
V241574g,PRE: DOES R HAVE ANY OF THESE CONDITIONS - MOBILITY RELATED DISABILITY Survey Question(s)HLTH_HEALTHID,Do you have any of the following disabilities or chronic conditions? Mark all that apply. PRE- ELECTION SURVEY VARIABLES 245,"-9. Refused
-5. Break oﬀ, suﬃcient partial
-1. Inapplicable","0. Not mentioned
1. Mentioned"
V241574,hPRE: DOES R HAVE ANY OF THESE CONDITIONS - SPEECH RELATED DISABILITY Survey Question(s)HLTH_HEALTHID,Do you have any of the following disabilities or chronic conditions? Mark all that apply.,"-9. Refused
-5. Break oﬀ, suﬃcient partial
-1. Inapplicable","0. Not mentioned
1. Mentioned"
V241574i,PRE: DOES R HAVE ANY OF THESE CONDITIONS - OTHER Survey Question(s)HLTH_HEALTHID,Do you have any of the following disabilities or chronic conditions? Mark all that apply.,"-9. Refused
-5. Break oﬀ, suﬃcient partial
-1. Inapplicable","0. Not mentioned
1. Mentioned"
V241574,jPRE: DOES R HAVE ANY OF THESE CONDITIONS - NO DISABILITY/CHRONIC CONDITION Survey Question(s)HLTH_HEALTHID,Do you have any of the following disabilities or chronic conditions? Mark all that apply. 246 CODEBOOK: VARIABLES,"-9. Refused
-5. Break oﬀ, suﬃcient partial
-1. Inapplicable","0. Not mentioned
1. Mentioned"
V241575,PRE: FELT LITTLE INTEREST OR PLEASURE IN DOING THINGS IN LAST TWO WEEKS Survey Question(s)HLTH_DEPRESS1,"Over the last two weeks, how often have you been bothered by feeling little interest or pleasure in doing things?","-9. Refused
-5. Break oﬀ, suﬃcient partial
-1. Inapplicable","1. None of the time
2. Some of the time
3. About half the time
4. Most of the time
5. All of the time"
V241576,"PRE: FELT DOWN, DEPRESSED, OR HOPELESS IN LAST TWO WEEKS Survey Question(s)HLTH_DEPRESS2","Over the last two weeks, how often have you been bothered by feeling down, depressed, or hopeless?","-9. Refused
-5. Break oﬀ, suﬃcient partial
-1. Inapplicable","1. None of the time
2. Some of the time
3. About half the time
4. Most of the time
5. All of the time"
V241577,PRE: NEED TO BE MORE SENSITIVE TALKING OR PEOPLE TOO EASILY OFFENDED PRE- ELECTION SURVEY VARIABLES 247 Survey Question(s)POLCORRECT_CHGOFFEND,Some people think that the way people talk needs to change with the times to be more sensitive to people from diﬀerent backgrounds. Others think that this has already gone too far and many people are just too easily oﬀended. Which is closer to your opinion?,"-9. Refused
-5. Break oﬀ, suﬃcient partial
-1. Inapplicable","1. The way people talk needs to change a lot
2. The way people talk needs to change a little
3. People are a little too easily oﬀended
4. People are much too easily oﬀended"
V241578,PRE: HOW OFTEN DOES R SELF CENSOR Survey Question(s)POLCORRECT_SELFCENSOR,"How often do you stop yourself from saying something because you think someone might call you a racist, a sexist, or otherwise a bad person?","-9. Refused
-5. Break oﬀ, suﬃcient partial
-1. Inapplicable","1. Never
2. Rarely
3. Occasionally
4. Fairly often
5. Very often"
V241579,PRE: IS IT JUSTIFIED FOR PEOPLE TO USE VIOLENCE TO PURSUE POLITICAL GOALS 248 CODEBOOK: VARIABLES Survey Question(s)POLVIOL_JUSTIFIED Response OrderForward/Reverse order,On another topic: How much do you feel it is justiﬁed for people to use violence to pursue their political goals in this country?,"-9. Refused
-5. Break oﬀ, suﬃcient partial
-1. Inapplicable","1. Not at all
2. A little
3. A moderate amount
4. A lot
5. A great deal"
V241580,PRE: COMPARED TO 4 YRS AGO HAS POLITICAL VIOLENCE INCREASED OR DECREASED Survey Question(s)POLVIOL_VIOLENCE,"Compared to four years ago, do you think violence used to pursue political goals in the United States has:","-9. Refused
-5. Break oﬀ, suﬃcient partial
-1. Inapplicable","1. Increased
2. Decreased
3. Stayed the same"
V241581,PRE: HOW MUCH HAS POLITICAL VIOLENCE INCREASED OR DECREASED COMPARED TO 4 YRS AGO Survey Question(s)POLVIOL_VIOLENCESTR Response OrderForward/Reverse order,"Has it [increased/decreased] [a great deal, a moderate amount, or a little / a little, a moderate amount, or a great deal]?","-9. Refused
-5. Break oﬀ, suﬃcient partial
-1. Inapplicable","1. A great deal
2. A moderate amount
3. A little"
V241582x,"PRE: SUMMARY: HOW MUCH HAS POLITICAL VIOLENCE INCREASED/DECREASED COMPARED TO 4 YRS AGO PRE- ELECTION SURVEY VARIABLES 249 Survey Question(s)POLVIOL_VIOLENCE, POLVIOL_VIOLENCESTR",,"-2. DK/RF in V241580 or V241580
-1. Inapplicable","1. Increased a great deal
2. Increased a moderate amount
3. Increased a little
4. Stayed the same
5. Decreased a little
6. Decreased a moderate amount
7. Decreased a great deal"
V241583,PRE: HOW MANY GUNS IN HOUSEHOLD Survey Question(s)OWNGUN_GUNNUM Variable Note PAPI respondents received this question in the post-election interview. A pre-post summary variable has been created to summarize the responses from all modes.,How many guns do you or anyone else living here own? Type the number.,"-9. Refused
-5. Break oﬀ, suﬃcient partial
-1. Inapplicable",
V241600a,PRE: MEDIA R USED TO FOLLOW PRESIDENTIAL CAMPAIGN: TV PROGRAMS [MENTION] Survey Question(s)MEDSRC_CAMPSRCS 250 CODEBOOK: VARIABLES,From which of the following sources have you heard anything about the presidential campaign? (Mark all that apply),"-9. Refused
-5. Break oﬀ, suﬃcient partial
-1. Inapplicable","0. Not mentioned
1. Mentioned"
V241600b,PRE: MEDIA R USED TO FOLLOW PRESIDENTIAL CAMPAIGN: NEWSPAPERS [MENTION] Survey Question(s)MEDSRC_CAMPSRCS,From which of the following sources have you heard anything about the presidential campaign? (Mark all that apply),"-9. Refused
-5. Break oﬀ, suﬃcient partial
-1. Inapplicable","0. Not mentioned
1. Mentioned"
V241600c,PRE: MEDIA R USED TO FOLLOW PRESIDENTIAL CAMPAIGN: INTERNET SITES [MENTION] Survey Question(s)MEDSRC_CAMPSRCS,From which of the following sources have you heard anything about the presidential campaign? (Mark all that apply),"-9. Refused
-5. Break oﬀ, suﬃcient partial
-1. Inapplicable","0. Not mentioned
1. Mentioned"
V241600d,PRE: MEDIA R USED TO FOLLOW PRESIDENTIAL CAMPAIGN: RADIO NEWS [MENTION] Survey Question(s)MEDSRC_CAMPSRCS PRE- ELECTION SURVEY VARIABLES 251,From which of the following sources have you heard anything about the presidential campaign? (Mark all that apply),"-9. Refused
-5. Break oﬀ, suﬃcient partial
-1. Inapplicable","0. Not mentioned
1. Mentioned"
V241600,e PRE: MEDIA R USED TO FOLLOW PRESIDENTIAL CAMPAIGN: NONE OF THESE SOURCES [MENTION] Survey Question(s)MEDSRC_CAMPSRCS,From which of the following sources have you heard anything about the presidential campaign? (Mark all that apply),"-9. Refused
-5. Break oﬀ, suﬃcient partial
-1. Inapplicable","0. Not mentioned
1. Mentioned"
V241601a,"PRE: TV SHOWS R WATCHES REGULARLY - FBI [MENTION] Survey Question(s)MEDSRC_TVPROGS1 Universe IF HEARD ABOUT PRES CAMPAIGN ON TV NEWS/TALK/PUBLIC AFFAIRS/ NEWS ANALYSIS PROG(S): Randomization Order of TV show names across TVPROGS1, TVPROGS2, and TVPROGS4 (if applicable) Response OrderRand exc last",Which of the following television programs do you watch regularly? Please check any that you watch at least once a month. (Mark all that apply),"-9. Refused
-5. Break oﬀ, suﬃcient partial
-4. Error
-1. Inapplicable","0. Not mentioned
1. Mentioned"
V241601b,"PRE: TV SHOWS R WATCHES REGULARLY - HANNITY [MENTION] 252 CODEBOOK: VARIABLES Survey Question(s)MEDSRC_TVPROGS1 Universe IF HEARD ABOUT PRES CAMPAIGN ON TV NEWS/TALK/PUBLIC AFFAIRS/ NEWS ANALYSIS PROG(S): Randomization Order of TV show names across TVPROGS1, TVPROGS2, and TVPROGS4 (if applicable) Response OrderRand exc last",Which of the following television programs do you watch regularly? Please check any that you watch at least once a month. (Mark all that apply),"-9. Refused
-5. Break oﬀ, suﬃcient partial
-4. Error
-1. Inapplicable","0. Not mentioned
1. Mentioned"
V241601c,"PRE: TV SHOWS R WATCHES REGULARLY - JESSE WATTERS PRIMETIME [MENTION] Survey Question(s)MEDSRC_TVPROGS1 Universe IF HEARD ABOUT PRES CAMPAIGN ON TV NEWS/TALK/PUBLIC AFFAIRS/ NEWS ANALYSIS PROG(S): Randomization Order of TV show names across TVPROGS1, TVPROGS2, and TVPROGS4 (if applicable) Response OrderRand exc last",Which of the following television programs do you watch regularly? Please check any that you watch at least once a month. (Mark all that apply),"-9. Refused
-5. Break oﬀ, suﬃcient partial
-4. Error
-1. Inapplicable","0. Not mentioned
1. Mentioned"
V241601d,"PRE: TV SHOWS R WATCHES REGULARLY - RACHEL MADDOW SHOW [MENTION] PRE- ELECTION SURVEY VARIABLES 253 Survey Question(s)MEDSRC_TVPROGS1 Universe IF HEARD ABOUT PRES CAMPAIGN ON TV NEWS/TALK/PUBLIC AFFAIRS/ NEWS ANALYSIS PROG(S): Randomization Order of TV show names across TVPROGS1, TVPROGS2, and TVPROGS4 (if applicable) Response OrderRand exc last",Which of the following television programs do you watch regularly? Please check any that you watch at least once a month. (Mark all that apply),"-9. Refused
-5. Break oﬀ, suﬃcient partial
-4. Error
-1. Inapplicable","0. Not mentioned
1. Mentioned"
V241601,"ePRE: TV SHOWS R WATCHES REGULARLY - THE LAST WORD LAWRENCE O’DONNELL [MENTION] Survey Question(s)MEDSRC_TVPROGS1 Universe IF HEARD ABOUT PRES CAMPAIGN ON TV NEWS/TALK/PUBLIC AFFAIRS/ NEWS ANALYSIS PROG(S): Randomization Order of TV show names across TVPROGS1, TVPROGS2, and TVPROGS4 (if applicable) Response OrderRand exc last",Which of the following television programs do you watch regularly? Please check any that you watch at least once a month. (Mark all that apply),"-9. Refused
-5. Break oﬀ, suﬃcient partial
-4. Error
-1. Inapplicable","0. Not mentioned
1. Mentioned"
V241601,"fPRE: TV SHOWS R WATCHES REGULARLY - THE FIVE [MENTION] 254 CODEBOOK: VARIABLES Survey Question(s)MEDSRC_TVPROGS1 Universe IF HEARD ABOUT PRES CAMPAIGN ON TV NEWS/TALK/PUBLIC AFFAIRS/ NEWS ANALYSIS PROG(S): Randomization Order of TV show names across TVPROGS1, TVPROGS2, and TVPROGS4 (if applicable) Response OrderRand exc last",Which of the following television programs do you watch regularly? Please check any that you watch at least once a month. (Mark all that apply),"-9. Refused
-5. Break oﬀ, suﬃcient partial
-4. Error
-1. Inapplicable","0. Not mentioned
1. Mentioned"
V241601g,"PRE: TV SHOWS R WATCHES REGULARLY - THE INGRAHAM ANGLE [MENTION] Survey Question(s)MEDSRC_TVPROGS1 Universe IF HEARD ABOUT PRES CAMPAIGN ON TV NEWS/TALK/PUBLIC AFFAIRS/ NEWS ANALYSIS PROG(S): Randomization Order of TV show names across TVPROGS1, TVPROGS2, and TVPROGS4 (if applicable) Response OrderRand exc last",Which of the following television programs do you watch regularly? Please check any that you watch at least once a month. (Mark all that apply),"-9. Refused
-5. Break oﬀ, suﬃcient partial
-4. Error
-1. Inapplicable","0. Not mentioned
1. Mentioned"
V241601,"hPRE: TV SHOWS R WATCHES REGULARLY - GUTFELD! [MENTION] PRE- ELECTION SURVEY VARIABLES 255 Survey Question(s)MEDSRC_TVPROGS1 Universe IF HEARD ABOUT PRES CAMPAIGN ON TV NEWS/TALK/PUBLIC AFFAIRS/ NEWS ANALYSIS PROG(S): Randomization Order of TV show names across TVPROGS1, TVPROGS2, and TVPROGS4 (if applicable) Response OrderRand exc last",Which of the following television programs do you watch regularly? Please check any that you watch at least once a month. (Mark all that apply),"-9. Refused
-5. Break oﬀ, suﬃcient partial
-4. Error
-1. Inapplicable","0. Not mentioned
1. Mentioned"
V241601i,"PRE: TV SHOWS R WATCHES REGULARLY - THE LEAD WITH JACK TAPPER [MENTION] Survey Question(s)MEDSRC_TVPROGS1 Universe IF HEARD ABOUT PRES CAMPAIGN ON TV NEWS/TALK/PUBLIC AFFAIRS/ NEWS ANALYSIS PROG(S): Randomization Order of TV show names across TVPROGS1, TVPROGS2, and TVPROGS4 (if applicable) Response OrderRand exc last",Which of the following television programs do you watch regularly? Please check any that you watch at least once a month. (Mark all that apply),"-9. Refused
-5. Break oﬀ, suﬃcient partial
-4. Error
-1. Inapplicable","0. Not mentioned
1. Mentioned"
V241601,"jPRE: TV SHOWS R WATCHES REGULARLY - SHARK TANK [MENTION] 256 CODEBOOK: VARIABLES Survey Question(s)MEDSRC_TVPROGS1 Universe IF HEARD ABOUT PRES CAMPAIGN ON TV NEWS/TALK/PUBLIC AFFAIRS/ NEWS ANALYSIS PROG(S): Randomization Order of TV show names across TVPROGS1, TVPROGS2, and TVPROGS4 (if applicable) Response OrderRand exc last",Which of the following television programs do you watch regularly? Please check any that you watch at least once a month. (Mark all that apply),"-9. Refused
-5. Break oﬀ, suﬃcient partial
-4. Error
-1. Inapplicable","0. Not mentioned
1. Mentioned"
V241601,"kPRE: TV SHOWS R WATCHES REGULARLY - SPECIAL REPORT WITH BRET BAIER [MENTION] Survey Question(s)MEDSRC_TVPROGS1 Universe IF HEARD ABOUT PRES CAMPAIGN ON TV NEWS/TALK/PUBLIC AFFAIRS/ NEWS ANALYSIS PROG(S): Randomization Order of TV show names across TVPROGS1, TVPROGS2, and TVPROGS4 (if applicable) Response OrderRand exc last",Which of the following television programs do you watch regularly? Please check any that you watch at least once a month. (Mark all that apply),"-9. Refused
-5. Break oﬀ, suﬃcient partial
-4. Error
-1. Inapplicable","0. Not mentioned
1. Mentioned"
V241601,"m PRE: TV SHOWS R WATCHES REGULARLY - CBS EVENING NEWS WITH NORAH O’DONNELL [MENTION] PRE- ELECTION SURVEY VARIABLES 257 Survey Question(s)MEDSRC_TVPROGS1 Universe IF HEARD ABOUT PRES CAMPAIGN ON TV NEWS/TALK/PUBLIC AFFAIRS/ NEWS ANALYSIS PROG(S): Randomization Order of TV show names across TVPROGS1, TVPROGS2, and TVPROGS4 (if applicable) Response OrderRand exc last",Which of the following television programs do you watch regularly? Please check any that you watch at least once a month. (Mark all that apply),"-9. Refused
-5. Break oﬀ, suﬃcient partial
-4. Error
-1. Inapplicable","0. Not mentioned
1. Mentioned"
V241601,"n PRE: TV SHOWS R WATCHES REGULARLY - WORLD NEWS TONIGHT WITH DAVID MUIR [MENTION] Survey Question(s)MEDSRC_TVPROGS1 Universe IF HEARD ABOUT PRES CAMPAIGN ON TV NEWS/TALK/PUBLIC AFFAIRS/ NEWS ANALYSIS PROG(S): Randomization Order of TV show names across TVPROGS1, TVPROGS2, and TVPROGS4 (if applicable) Response OrderRand exc last",Which of the following television programs do you watch regularly? Please check any that you watch at least once a month. (Mark all that apply),"-9. Refused
-5. Break oﬀ, suﬃcient partial
-4. Error
-1. Inapplicable","0. Not mentioned
1. Mentioned"
V241601,"pPRE: TV SHOWS R WATCHES REGULARLY - NIGHTLY NEWS WITH LESTER HOLT [MENTION] 258 CODEBOOK: VARIABLES Survey Question(s)MEDSRC_TVPROGS1 Universe IF HEARD ABOUT PRES CAMPAIGN ON TV NEWS/TALK/PUBLIC AFFAIRS/ NEWS ANALYSIS PROG(S): Randomization Order of TV show names across TVPROGS1, TVPROGS2, and TVPROGS4 (if applicable) Response OrderRand exc last",Which of the following television programs do you watch regularly? Please check any that you watch at least once a month. (Mark all that apply),"-9. Refused
-5. Break oﬀ, suﬃcient partial
-4. Error
-1. Inapplicable","0. Not mentioned
1. Mentioned"
V241601,"qPRE: TV SHOWS R WATCHES REGULARLY - FAREED ZAKARIA GPS [MENTION] Survey Question(s)MEDSRC_TVPROGS1 Universe IF HEARD ABOUT PRES CAMPAIGN ON TV NEWS/TALK/PUBLIC AFFAIRS/ NEWS ANALYSIS PROG(S): Randomization Order of TV show names across TVPROGS1, TVPROGS2, and TVPROGS4 (if applicable) Response OrderRand exc last",Which of the following television programs do you watch regularly? Please check any that you watch at least once a month. (Mark all that apply),"-9. Refused
-5. Break oﬀ, suﬃcient partial
-4. Error
-1. Inapplicable","0. Not mentioned
1. Mentioned"
V241601r,"PRE: TV SHOWS R WATCHES REGULARLY - NCIS [MENTION] PRE- ELECTION SURVEY VARIABLES 259 Survey Question(s)MEDSRC_TVPROGS1 Universe IF HEARD ABOUT PRES CAMPAIGN ON TV NEWS/TALK/PUBLIC AFFAIRS/ NEWS ANALYSIS PROG(S): Randomization Order of TV show names across TVPROGS1, TVPROGS2, and TVPROGS4 (if applicable) Response OrderRand exc last",Which of the following television programs do you watch regularly? Please check any that you watch at least once a month. (Mark all that apply),"-9. Refused
-5. Break oﬀ, suﬃcient partial
-4. Error
-1. Inapplicable","0. Not mentioned
1. Mentioned"
V241601,"sPRE: TV SHOWS R WATCHES REGULARLY - THE DAILY SHOW WITH JON STEWART [MENTION] Survey Question(s)MEDSRC_TVPROGS1 Universe IF HEARD ABOUT PRES CAMPAIGN ON TV NEWS/TALK/PUBLIC AFFAIRS/ NEWS ANALYSIS PROG(S): Randomization Order of TV show names across TVPROGS1, TVPROGS2, and TVPROGS4 (if applicable) Response OrderRand exc last",Which of the following television programs do you watch regularly? Please check any that you watch at least once a month. (Mark all that apply),"-9. Refused
-5. Break oﬀ, suﬃcient partial
-4. Error
-1. Inapplicable","0. Not mentioned
1. Mentioned"
V241602a,"PRE: TV SHOWS R WATCHES REGULARLY - ANDERSON COOPER 360 [MENTION] 260 CODEBOOK: VARIABLES Survey Question(s)MEDSRC_TVPROGS2 Universe IF HEARD ABOUT PRES CAMPAIGN ON TV NEWS/TALK/PUBLIC AFFAIRS/ NEWS ANALYSIS PROG(S): Randomization Order of TV show names across TVPROGS1, TVPROGS2, and TVPROGS4 (if applicable) Response OrderRand exc last",Which of the following television programs do you watch regularly? Please check any that you watch at least once a month. (Mark all that apply),"-9. Refused
-5. Break oﬀ, suﬃcient partial
-4. Error
-1. Inapplicable","0. Not mentioned
1. Mentioned"
V241602b,"PRE: TV SHOWS R WATCHES REGULARLY - ERIN BURNETT OUTFRONT [MENTION] Survey Question(s)MEDSRC_TVPROGS2 Universe IF HEARD ABOUT PRES CAMPAIGN ON TV NEWS/TALK/PUBLIC AFFAIRS/ NEWS ANALYSIS PROG(S): Randomization Order of TV show names across TVPROGS1, TVPROGS2, and TVPROGS4 (if applicable) Response OrderRand exc last",Which of the following television programs do you watch regularly? Please check any that you watch at least once a month. (Mark all that apply),"-9. Refused
-5. Break oﬀ, suﬃcient partial
-4. Error
-1. Inapplicable","0. Not mentioned
1. Mentioned"
V241602c,"PRE: TV SHOWS R WATCHES REGULARLY - 60 MINUTES [MENTION] PRE- ELECTION SURVEY VARIABLES 261 Survey Question(s)MEDSRC_TVPROGS2 Universe IF HEARD ABOUT PRES CAMPAIGN ON TV NEWS/TALK/PUBLIC AFFAIRS/ NEWS ANALYSIS PROG(S): Randomization Order of TV show names across TVPROGS1, TVPROGS2, and TVPROGS4 (if applicable) Response OrderRand exc last",Which of the following television programs do you watch regularly? Please check any that you watch at least once a month. (Mark all that apply),"-9. Refused
-5. Break oﬀ, suﬃcient partial
-4. Error
-1. Inapplicable","0. Not mentioned
1. Mentioned"
V241602d,"PRE: TV SHOWS R WATCHES REGULARLY - 20/20 [MENTION] Survey Question(s)MEDSRC_TVPROGS2 Universe IF HEARD ABOUT PRES CAMPAIGN ON TV NEWS/TALK/PUBLIC AFFAIRS/ NEWS ANALYSIS PROG(S): Randomization Order of TV show names across TVPROGS1, TVPROGS2, and TVPROGS4 (if applicable) Response OrderRand exc last",Which of the following television programs do you watch regularly? Please check any that you watch at least once a month. (Mark all that apply),"-9. Refused
-5. Break oﬀ, suﬃcient partial
-4. Error
-1. Inapplicable","0. Not mentioned
1. Mentioned"
V241602,"ePRE: TV SHOWS R WATCHES REGULARLY - DATELINE [MENTION] 262 CODEBOOK: VARIABLES Survey Question(s)MEDSRC_TVPROGS2 Universe IF HEARD ABOUT PRES CAMPAIGN ON TV NEWS/TALK/PUBLIC AFFAIRS/ NEWS ANALYSIS PROG(S): Randomization Order of TV show names across TVPROGS1, TVPROGS2, and TVPROGS4 (if applicable) Response OrderRand exc last",Which of the following television programs do you watch regularly? Please check any that you watch at least once a month. (Mark all that apply),"-9. Refused
-5. Break oﬀ, suﬃcient partial
-4. Error
-1. Inapplicable","0. Not mentioned
1. Mentioned"
V241602,"fPRE: TV SHOWS R WATCHES REGULARLY - FACE THE NATION [MENTION] Survey Question(s)MEDSRC_TVPROGS2 Universe IF HEARD ABOUT PRES CAMPAIGN ON TV NEWS/TALK/PUBLIC AFFAIRS/ NEWS ANALYSIS PROG(S): Randomization Order of TV show names across TVPROGS1, TVPROGS2, and TVPROGS4 (if applicable) Response OrderRand exc last",Which of the following television programs do you watch regularly? Please check any that you watch at least once a month. (Mark all that apply),"-9. Refused
-5. Break oﬀ, suﬃcient partial
-4. Error
-1. Inapplicable","0. Not mentioned
1. Mentioned"
V241602g,"PRE: TV SHOWS R WATCHES REGULARLY - MEET THE PRESS [MENTION] PRE- ELECTION SURVEY VARIABLES 263 Survey Question(s)MEDSRC_TVPROGS2 Universe IF HEARD ABOUT PRES CAMPAIGN ON TV NEWS/TALK/PUBLIC AFFAIRS/ NEWS ANALYSIS PROG(S): Randomization Order of TV show names across TVPROGS1, TVPROGS2, and TVPROGS4 (if applicable) Response OrderRand exc last",Which of the following television programs do you watch regularly? Please check any that you watch at least once a month. (Mark all that apply),"-9. Refused
-5. Break oﬀ, suﬃcient partial
-4. Error
-1. Inapplicable","0. Not mentioned
1. Mentioned"
V241602,"hPRE: TV SHOWS R WATCHES REGULARLY - THE PRICE IS RIGHT [MENTION] Survey Question(s)MEDSRC_TVPROGS2 Universe IF HEARD ABOUT PRES CAMPAIGN ON TV NEWS/TALK/PUBLIC AFFAIRS/ NEWS ANALYSIS PROG(S): Randomization Order of TV show names across TVPROGS1, TVPROGS2, and TVPROGS4 (if applicable) Response OrderRand exc last",Which of the following television programs do you watch regularly? Please check any that you watch at least once a month. (Mark all that apply),"-9. Refused
-5. Break oﬀ, suﬃcient partial
-4. Error
-1. Inapplicable","0. Not mentioned
1. Mentioned"
V241602i,"PRE: TV SHOWS R WATCHES REGULARLY - GOOD MORNING AMERICA [MENTION] 264 CODEBOOK: VARIABLES Survey Question(s)MEDSRC_TVPROGS2 Universe IF HEARD ABOUT PRES CAMPAIGN ON TV NEWS/TALK/PUBLIC AFFAIRS/ NEWS ANALYSIS PROG(S): Randomization Order of TV show names across TVPROGS1, TVPROGS2, and TVPROGS4 (if applicable) Response OrderRand exc last",Which of the following television programs do you watch regularly? Please check any that you watch at least once a month. (Mark all that apply),"-9. Refused
-5. Break oﬀ, suﬃcient partial
-4. Error
-1. Inapplicable","0. Not mentioned
1. Mentioned"
V241602,"jPRE: TV SHOWS R WATCHES REGULARLY - TODAY [MENTION] Survey Question(s)MEDSRC_TVPROGS2 Universe IF HEARD ABOUT PRES CAMPAIGN ON TV NEWS/TALK/PUBLIC AFFAIRS/ NEWS ANALYSIS PROG(S): Randomization Order of TV show names across TVPROGS1, TVPROGS2, and TVPROGS4 (if applicable) Response OrderRand exc last",Which of the following television programs do you watch regularly? Please check any that you watch at least once a month. (Mark all that apply),"-9. Refused
-5. Break oﬀ, suﬃcient partial
-4. Error
-1. Inapplicable","0. Not mentioned
1. Mentioned"
V241602,"kPRE: TV SHOWS R WATCHES REGULARLY - OUTNUMBERED [MENTION] PRE- ELECTION SURVEY VARIABLES 265 Survey Question(s)MEDSRC_TVPROGS2 Universe IF HEARD ABOUT PRES CAMPAIGN ON TV NEWS/TALK/PUBLIC AFFAIRS/ NEWS ANALYSIS PROG(S): Randomization Order of TV show names across TVPROGS1, TVPROGS2, and TVPROGS4 (if applicable) Response OrderRand exc last",Which of the following television programs do you watch regularly? Please check any that you watch at least once a month. (Mark all that apply),"-9. Refused
-5. Break oﬀ, suﬃcient partial
-4. Error
-1. Inapplicable","0. Not mentioned
1. Mentioned"
V241602,"mPRE: TV SHOWS R WATCHES REGULARLY - DEADLINE: WHITE HOUSE [MENTION] Survey Question(s)MEDSRC_TVPROGS2 Universe IF HEARD ABOUT PRES CAMPAIGN ON TV NEWS/TALK/PUBLIC AFFAIRS/ NEWS ANALYSIS PROG(S): Randomization Order of TV show names across TVPROGS1, TVPROGS2, and TVPROGS4 (if applicable) Response OrderRand exc last",Which of the following television programs do you watch regularly? Please check any that you watch at least once a month. (Mark all that apply),"-9. Refused
-5. Break oﬀ, suﬃcient partial
-4. Error
-1. Inapplicable","0. Not mentioned
1. Mentioned"
V241602,"nPRE: TV SHOWS R WATCHES REGULARLY - ALL IN WITH CHRIS HAYES [MENTION] 266 CODEBOOK: VARIABLES Survey Question(s)MEDSRC_TVPROGS2 Universe IF HEARD ABOUT PRES CAMPAIGN ON TV NEWS/TALK/PUBLIC AFFAIRS/ NEWS ANALYSIS PROG(S): Randomization Order of TV show names across TVPROGS1, TVPROGS2, and TVPROGS4 (if applicable) Response OrderRand exc last",Which of the following television programs do you watch regularly? Please check any that you watch at least once a month. (Mark all that apply),"-9. Refused
-5. Break oﬀ, suﬃcient partial
-4. Error
-1. Inapplicable","0. Not mentioned
1. Mentioned"
V241602,"pPRE: TV SHOWS R WATCHES REGULARLY - THE 11TH HOUR WITH STEPHANIE RUHLE [MENTION] Survey Question(s)MEDSRC_TVPROGS2 Universe IF HEARD ABOUT PRES CAMPAIGN ON TV NEWS/TALK/PUBLIC AFFAIRS/ NEWS ANALYSIS PROG(S): Randomization Order of TV show names across TVPROGS1, TVPROGS2, and TVPROGS4 (if applicable) Response OrderRand exc last",Which of the following television programs do you watch regularly? Please check any that you watch at least once a month. (Mark all that apply),"-9. Refused
-5. Break oﬀ, suﬃcient partial
-4. Error
-1. Inapplicable","0. Not mentioned
1. Mentioned"
V241602,"qPRE: TV SHOWS R WATCHES REGULARLY - PBS NEWSHOUR [MENTION] PRE- ELECTION SURVEY VARIABLES 267 Survey Question(s)MEDSRC_TVPROGS2 Universe IF HEARD ABOUT PRES CAMPAIGN ON TV NEWS/TALK/PUBLIC AFFAIRS/ NEWS ANALYSIS PROG(S): Randomization Order of TV show names across TVPROGS1, TVPROGS2, and TVPROGS4 (if applicable) Response OrderRand exc last",Which of the following television programs do you watch regularly? Please check any that you watch at least once a month. (Mark all that apply),"-9. Refused
-5. Break oﬀ, suﬃcient partial
-4. Error
-1. Inapplicable","0. Not mentioned
1. Mentioned"
V241602r,"PRE: TV SHOWS R WATCHES REGULARLY - SATURDAY NIGHT LIVE [MENTION] Survey Question(s)MEDSRC_TVPROGS2 Universe IF HEARD ABOUT PRES CAMPAIGN ON TV NEWS/TALK/PUBLIC AFFAIRS/ NEWS ANALYSIS PROG(S): Randomization Order of TV show names across TVPROGS1, TVPROGS2, and TVPROGS4 (if applicable) Response OrderRand exc last",Which of the following television programs do you watch regularly? Please check any that you watch at least once a month. (Mark all that apply),"-9. Refused
-5. Break oﬀ, suﬃcient partial
-4. Error
-1. Inapplicable","0. Not mentioned
1. Mentioned"
V241603a,"PRE: TV SHOWS R WATCHES REGULARLY - AL PUNTO [MENTION] 268 CODEBOOK: VARIABLES Survey Question(s)MEDSRC_TVPROGS4 Universe IF HEARD ABOUT PRES CAMPAIGN ON TV NEWS/TALK/PUBLIC AFFAIRS/ NEWS ANALYSIS PROG(S): IF R IS HISPANIC: Randomization Order of TV show names across TVPROGS1, TVPROGS2, and TVPROGS4 (if applicable) Response OrderRand exc last",Which of the following television programs do you watch regularly? Please check any that you watch at least once a month. (Mark all that apply),"-9. Refused
-5. Break oﬀ, suﬃcient partial
-4. Error
-1. Inapplicable","0. Not mentioned
1. Mentioned"
V241603b,"PRE: TV SHOWS R WATCHES REGULARLY - AL ROJO VIVO [MENTION] Survey Question(s)MEDSRC_TVPROGS4 Universe IF HEARD ABOUT PRES CAMPAIGN ON TV NEWS/TALK/PUBLIC AFFAIRS/ NEWS ANALYSIS PROG(S): IF R IS HISPANIC: Randomization Order of TV show names across TVPROGS1, TVPROGS2, and TVPROGS4 (if applicable) Response OrderRand exc last PRE- ELECTION SURVEY VARIABLES 269",Which of the following television programs do you watch regularly? Please check any that you watch at least once a month. (Mark all that apply),"-9. Refused
-5. Break oﬀ, suﬃcient partial
-4. Error
-1. Inapplicable","0. Not mentioned
1. Mentioned"
V241603c,"PRE: TV SHOWS R WATCHES REGULARLY - PRIMERO LO NUESTRO [MENTION] Survey Question(s)MEDSRC_TVPROGS4 Universe IF HEARD ABOUT PRES CAMPAIGN ON TV NEWS/TALK/PUBLIC AFFAIRS/ NEWS ANALYSIS PROG(S): IF R IS HISPANIC: Randomization Order of TV show names across TVPROGS1, TVPROGS2, and TVPROGS4 (if applicable) Response OrderRand exc last",Which of the following television programs do you watch regularly? Please check any that you watch at least once a month. (Mark all that apply),"-9. Refused
-5. Break oﬀ, suﬃcient partial
-4. Error
-1. Inapplicable","0. Not mentioned
1. Mentioned"
V241603d,"PRE: TV SHOWS R WATCHES REGULARLY - AQUI Y AHORA [MENTION] Survey Question(s)MEDSRC_TVPROGS4 Universe IF HEARD ABOUT PRES CAMPAIGN ON TV NEWS/TALK/PUBLIC AFFAIRS/ NEWS ANALYSIS PROG(S): IF R IS HISPANIC: Randomization Order of TV show names across TVPROGS1, TVPROGS2, and TVPROGS4 (if applicable) Response OrderRand exc last 270 CODEBOOK: VARIABLES",Which of the following television programs do you watch regularly? Please check any that you watch at least once a month. (Mark all that apply),"-9. Refused
-5. Break oﬀ, suﬃcient partial
-4. Error
-1. Inapplicable","0. Not mentioned
1. Mentioned"
V241603,"ePRE: TV SHOWS R WATCHES REGULARLY - CRONICAS [MENTION] Survey Question(s)MEDSRC_TVPROGS4 Universe IF HEARD ABOUT PRES CAMPAIGN ON TV NEWS/TALK/PUBLIC AFFAIRS/ NEWS ANALYSIS PROG(S): IF R IS HISPANIC: Randomization Order of TV show names across TVPROGS1, TVPROGS2, and TVPROGS4 (if applicable) Response OrderRand exc last",Which of the following television programs do you watch regularly? Please check any that you watch at least once a month. (Mark all that apply),"-9. Refused
-5. Break oﬀ, suﬃcient partial
-4. Error
-1. Inapplicable","0. Not mentioned
1. Mentioned"
V241603,"fPRE: TV SHOWS R WATCHES REGULARLY - DESPIERTA AMERICA [MENTION] Survey Question(s)MEDSRC_TVPROGS4 Universe IF HEARD ABOUT PRES CAMPAIGN ON TV NEWS/TALK/PUBLIC AFFAIRS/ NEWS ANALYSIS PROG(S): IF R IS HISPANIC: Randomization Order of TV show names across TVPROGS1, TVPROGS2, and TVPROGS4 (if applicable) Response OrderRand exc last PRE- ELECTION SURVEY VARIABLES 271",Which of the following television programs do you watch regularly? Please check any that you watch at least once a month. (Mark all that apply),"-9. Refused
-5. Break oﬀ, suﬃcient partial
-4. Error
-1. Inapplicable","0. Not mentioned
1. Mentioned"
V241603g,"PRE: TV SHOWS R WATCHES REGULARLY - LA CASA DE LOS FAMOSOS [MENTION] Survey Question(s)MEDSRC_TVPROGS4 Universe IF HEARD ABOUT PRES CAMPAIGN ON TV NEWS/TALK/PUBLIC AFFAIRS/ NEWS ANALYSIS PROG(S): IF R IS HISPANIC: Randomization Order of TV show names across TVPROGS1, TVPROGS2, and TVPROGS4 (if applicable) Response OrderRand exc last",Which of the following television programs do you watch regularly? Please check any that you watch at least once a month. (Mark all that apply),"-9. Refused
-5. Break oﬀ, suﬃcient partial
-4. Error
-1. Inapplicable","0. Not mentioned
1. Mentioned"
V241603,"hPRE: TV SHOWS R WATCHES REGULARLY - HOY [MENTION] Survey Question(s)MEDSRC_TVPROGS4 Universe IF HEARD ABOUT PRES CAMPAIGN ON TV NEWS/TALK/PUBLIC AFFAIRS/ NEWS ANALYSIS PROG(S): IF R IS HISPANIC: Randomization Order of TV show names across TVPROGS1, TVPROGS2, and TVPROGS4 (if applicable) Response OrderRand exc last 272 CODEBOOK: VARIABLES",Which of the following television programs do you watch regularly? Please check any that you watch at least once a month. (Mark all that apply),"-9. Refused
-5. Break oﬀ, suﬃcient partial
-4. Error
-1. Inapplicable","0. Not mentioned
1. Mentioned"
V241603i,"PRE: TV SHOWS R WATCHES REGULARLY - EL SENOR DE LOS CIELOS [MENTION] Survey Question(s)MEDSRC_TVPROGS4 Universe IF HEARD ABOUT PRES CAMPAIGN ON TV NEWS/TALK/PUBLIC AFFAIRS/ NEWS ANALYSIS PROG(S): IF R IS HISPANIC: Randomization Order of TV show names across TVPROGS1, TVPROGS2, and TVPROGS4 (if applicable) Response OrderRand exc last",Which of the following television programs do you watch regularly? Please check any that you watch at least once a month. (Mark all that apply),"-9. Refused
-5. Break oﬀ, suﬃcient partial
-4. Error
-1. Inapplicable","0. Not mentioned
1. Mentioned"
V241603,"jPRE: TV SHOWS R WATCHES REGULARLY - NOTICIERO ESTRELLA TV [MENTION] Survey Question(s)MEDSRC_TVPROGS4 Universe IF HEARD ABOUT PRES CAMPAIGN ON TV NEWS/TALK/PUBLIC AFFAIRS/ NEWS ANALYSIS PROG(S): IF R IS HISPANIC: Randomization Order of TV show names across TVPROGS1, TVPROGS2, and TVPROGS4 (if applicable) Response OrderRand exc last PRE- ELECTION SURVEY VARIABLES 273",Which of the following television programs do you watch regularly? Please check any that you watch at least once a month. (Mark all that apply),"-9. Refused
-5. Break oﬀ, suﬃcient partial
-4. Error
-1. Inapplicable","0. Not mentioned
1. Mentioned"
V241603,"kPRE: TV SHOWS R WATCHES REGULARLY - NOTICIERO TELEMUNDO [MENTION] Survey Question(s)MEDSRC_TVPROGS4 Universe IF HEARD ABOUT PRES CAMPAIGN ON TV NEWS/TALK/PUBLIC AFFAIRS/ NEWS ANALYSIS PROG(S): IF R IS HISPANIC: Randomization Order of TV show names across TVPROGS1, TVPROGS2, and TVPROGS4 (if applicable) Response OrderRand exc last",Which of the following television programs do you watch regularly? Please check any that you watch at least once a month. (Mark all that apply),"-9. Refused
-5. Break oﬀ, suﬃcient partial
-4. Error
-1. Inapplicable","0. Not mentioned
1. Mentioned"
V241603,"mPRE: TV SHOWS R WATCHES REGULARLY - NOTICIERO UNIVISION [MENTION] Survey Question(s)MEDSRC_TVPROGS4 Universe IF HEARD ABOUT PRES CAMPAIGN ON TV NEWS/TALK/PUBLIC AFFAIRS/ NEWS ANALYSIS PROG(S): IF R IS HISPANIC: Randomization Order of TV show names across TVPROGS1, TVPROGS2, and TVPROGS4 (if applicable) Response OrderRand exc last 274 CODEBOOK: VARIABLES",Which of the following television programs do you watch regularly? Please check any that you watch at least once a month. (Mark all that apply),"-9. Refused
-5. Break oﬀ, suﬃcient partial
-4. Error
-1. Inapplicable","0. Not mentioned
1. Mentioned"
V241603,"nPRE: TV SHOWS R WATCHES REGULARLY - UN NUEVO DIA [MENTION] Survey Question(s)MEDSRC_TVPROGS4 Universe IF HEARD ABOUT PRES CAMPAIGN ON TV NEWS/TALK/PUBLIC AFFAIRS/ NEWS ANALYSIS PROG(S): IF R IS HISPANIC: Randomization Order of TV show names across TVPROGS1, TVPROGS2, and TVPROGS4 (if applicable) Response OrderRand exc last",Which of the following television programs do you watch regularly? Please check any that you watch at least once a month. (Mark all that apply),"-9. Refused
-5. Break oﬀ, suﬃcient partial
-4. Error
-1. Inapplicable","0. Not mentioned
1. Mentioned"
V241603,"pPRE: TV SHOWS R WATCHES REGULARLY - PRIMER IMPACTO [MENTION] Survey Question(s)MEDSRC_TVPROGS4 Universe IF HEARD ABOUT PRES CAMPAIGN ON TV NEWS/TALK/PUBLIC AFFAIRS/ NEWS ANALYSIS PROG(S): IF R IS HISPANIC: Randomization Order of TV show names across TVPROGS1, TVPROGS2, and TVPROGS4 (if applicable) Response OrderRand exc last PRE- ELECTION SURVEY VARIABLES 275",Which of the following television programs do you watch regularly? Please check any that you watch at least once a month. (Mark all that apply),"-9. Refused
-5. Break oﬀ, suﬃcient partial
-4. Error
-1. Inapplicable","0. Not mentioned
1. Mentioned"
V241603,"qPRE: TV SHOWS R WATCHES REGULARLY - TU VIDA ES MI VIDA [MENTION] Survey Question(s)MEDSRC_TVPROGS4 Universe IF HEARD ABOUT PRES CAMPAIGN ON TV NEWS/TALK/PUBLIC AFFAIRS/ NEWS ANALYSIS PROG(S): IF R IS HISPANIC: Randomization Order of TV show names across TVPROGS1, TVPROGS2, and TVPROGS4 (if applicable) Response OrderRand exc last",Which of the following television programs do you watch regularly? Please check any that you watch at least once a month. (Mark all that apply),"-9. Refused
-5. Break oﬀ, suﬃcient partial
-4. Error
-1. Inapplicable","0. Not mentioned
1. Mentioned"
V241603r,"PRE: TV SHOWS R WATCHES REGULARLY - VIVIR DE AMOR [MENTION] Survey Question(s)MEDSRC_TVPROGS4 Universe IF HEARD ABOUT PRES CAMPAIGN ON TV NEWS/TALK/PUBLIC AFFAIRS/ NEWS ANALYSIS PROG(S): IF R IS HISPANIC: Randomization Order of TV show names across TVPROGS1, TVPROGS2, and TVPROGS4 (if applicable) Response OrderRand exc last 276 CODEBOOK: VARIABLES",Which of the following television programs do you watch regularly? Please check any that you watch at least once a month. (Mark all that apply),"-9. Refused
-5. Break oﬀ, suﬃcient partial
-4. Error
-1. Inapplicable","0. Not mentioned
1. Mentioned"
V241604a,PRE: WHICH RADIO PROGRAMS R LISTENS TO REGULARLY - THE CLAY TRAVIS AND BUCK SEXTON SHOW [MENTION] submodule will be released at a future date Survey Question(s)MEDSRC_RADPROGS Universe IF R HEARD ABOUT PRES CAMPAIGN ON RADIO NEWS OR RADIO TALK PROGRAM(S): Randomization Order of radio program names Response OrderRand exc last,Which of the following radio programs do you listen to regularly? Please check any that you listen to at least once a month. (Mark all that apply),-2. Due to a technical error variables from the RADPROGS,
V241604b,PRE: WHICH RADIO PROGRAMS R LISTENS TO REGULARLY - THE SEAN HANNITY SHOW [MENTION] submodule will be released at a future date Survey Question(s)MEDSRC_RADPROGS Universe IF R HEARD ABOUT PRES CAMPAIGN ON RADIO NEWS OR RADIO TALK PROGRAM(S): Randomization Order of radio program names Response OrderRand exc last,Which of the following radio programs do you listen to regularly? Please check any that you listen to at least once a month. (Mark all that apply),-2. Due to a technical error variables from the RADPROGS,
V241604c,PRE: WHICH RADIO PROGRAMS R LISTENS TO REGULARLY - MARKETPLACE [MENTION] submodule will be released at a future date Survey Question(s)MEDSRC_RADPROGS Universe IF R HEARD ABOUT PRES CAMPAIGN ON RADIO NEWS OR RADIO TALK PROGRAM(S): Randomization Order of radio program names Response OrderRand exc last,Which of the following radio programs do you listen to regularly? Please check any that you listen to at least once a month. (Mark all that apply) PRE- ELECTION SURVEY VARIABLES 277,-2. Due to a technical error variables from the RADPROGS,
V241604d,PRE: WHICH RADIO PROGRAMS R LISTENS TO REGULARLY - ALL THINGS CONSIDERED [MENTION] submodule will be released at a future date Survey Question(s)MEDSRC_RADPROGS Universe IF R HEARD ABOUT PRES CAMPAIGN ON RADIO NEWS OR RADIO TALK PROGRAM(S): Randomization Order of radio program names Response OrderRand exc last,Which of the following radio programs do you listen to regularly? Please check any that you listen to at least once a month. (Mark all that apply),-2. Due to a technical error variables from the RADPROGS,
V241604,ePRE: WHICH RADIO PROGRAMS R LISTENS TO REGULARLY - THE RAMSEY SHOW [MENTION] submodule will be released at a future date Survey Question(s)MEDSRC_RADPROGS Universe IF R HEARD ABOUT PRES CAMPAIGN ON RADIO NEWS OR RADIO TALK PROGRAM(S): Randomization Order of radio program names Response OrderRand exc last 278 CODEBOOK: VARIABLES,Which of the following radio programs do you listen to regularly? Please check any that you listen to at least once a month. (Mark all that apply),-2. Due to a technical error variables from the RADPROGS,
V241604,fPRE: WHICH RADIO PROGRAMS R LISTENS TO REGULARLY - MORNING EDITION [MENTION] submodule will be released at a future date Survey Question(s)MEDSRC_RADPROGS Universe IF R HEARD ABOUT PRES CAMPAIGN ON RADIO NEWS OR RADIO TALK PROGRAM(S): Randomization Order of radio program names Response OrderRand exc last,Which of the following radio programs do you listen to regularly? Please check any that you listen to at least once a month. (Mark all that apply),-2. Due to a technical error variables from the RADPROGS,
V241604g,PRE: WHICH RADIO PROGRAMS R LISTENS TO REGULARLY - THE MARK LEVIN SHOW [MENTION] submodule will be released at a future date Survey Question(s)MEDSRC_RADPROGS Universe IF R HEARD ABOUT PRES CAMPAIGN ON RADIO NEWS OR RADIO TALK PROGRAM(S): Randomization Order of radio program names Response OrderRand exc last,Which of the following radio programs do you listen to regularly? Please check any that you listen to at least once a month. (Mark all that apply),-2. Due to a technical error variables from the RADPROGS,
V241604,h PRE: WHICH RADIO PROGRAMS R LISTENS TO REGULARLY - THE GLENN BECK PROGRAM [MENTION] submodule will be released at a future date Survey Question(s)MEDSRC_RADPROGS Universe IF R HEARD ABOUT PRES CAMPAIGN ON RADIO NEWS OR RADIO TALK PROGRAM(S): Randomization Order of radio program names Response OrderRand exc last,Which of the following radio programs do you listen to regularly? Please check any that you listen to at least once a month. (Mark all that apply) PRE- ELECTION SURVEY VARIABLES 279,-2. Due to a technical error variables from the RADPROGS,
V241604i,PRE: WHICH RADIO PROGRAMS R LISTENS TO REGULARLY - THE MIKE GALLAGHER SHOW [MENTION] submodule will be released at a future date Survey Question(s)MEDSRC_RADPROGS Universe IF R HEARD ABOUT PRES CAMPAIGN ON RADIO NEWS OR RADIO TALK PROGRAM(S): Randomization Order of radio program names Response OrderRand exc last,Which of the following radio programs do you listen to regularly? Please check any that you listen to at least once a month. (Mark all that apply),-2. Due to a technical error variables from the RADPROGS,
V241604,j PRE: WHICH RADIO PROGRAMS R LISTENS TO REGULARLY - THE HUGH HEWITT SHOW [MENTION] submodule will be released at a future date Survey Question(s)MEDSRC_RADPROGS Universe IF R HEARD ABOUT PRES CAMPAIGN ON RADIO NEWS OR RADIO TALK PROGRAM(S): Randomization Order of radio program names 280 CODEBOOK: VARIABLES Response OrderRand exc last,Which of the following radio programs do you listen to regularly? Please check any that you listen to at least once a month. (Mark all that apply),-2. Due to a technical error variables from the RADPROGS,
V241604,k PRE: WHICH RADIO PROGRAMS R LISTENS TO REGULARLY - THE DAN BONGINO SHOW [MENTION] submodule will be released at a future date Survey Question(s)MEDSRC_RADPROGS Universe IF R HEARD ABOUT PRES CAMPAIGN ON RADIO NEWS OR RADIO TALK PROGRAM(S): Randomization Order of radio program names Response OrderRand exc last,Which of the following radio programs do you listen to regularly? Please check any that you listen to at least once a month. (Mark all that apply),-2. Due to a technical error variables from the RADPROGS,
V241604,mPRE: WHICH RADIO PROGRAMS R LISTENS TO REGULARLY - THE DANA SHOW [MENTION] submodule will be released at a future date Survey Question(s)MEDSRC_RADPROGS Universe IF R HEARD ABOUT PRES CAMPAIGN ON RADIO NEWS OR RADIO TALK PROGRAM(S): Randomization Order of radio program names Response OrderRand exc last,Which of the following radio programs do you listen to regularly? Please check any that you listen to at least once a month. (Mark all that apply),-2. Due to a technical error variables from the RADPROGS,
V241604,n PRE: WHICH RADIO PROGRAMS R LISTENS TO REGULARLY - THE BEN SHAPIRO SHOW [MENTION] PRE- ELECTION SURVEY VARIABLES 281 submodule will be released at a future date Survey Question(s)MEDSRC_RADPROGS Universe IF R HEARD ABOUT PRES CAMPAIGN ON RADIO NEWS OR RADIO TALK PROGRAM(S): Randomization Order of radio program names Response OrderRand exc last,Which of the following radio programs do you listen to regularly? Please check any that you listen to at least once a month. (Mark all that apply),-2. Due to a technical error variables from the RADPROGS,
V241604,p PRE: WHICH RADIO PROGRAMS R LISTENS TO REGULARLY - COAST TO COAST AM W/GEORGE NOORY [MENTION] submodule will be released at a future date Survey Question(s)MEDSRC_RADPROGS Universe IF R HEARD ABOUT PRES CAMPAIGN ON RADIO NEWS OR RADIO TALK PROGRAM(S): Randomization Order of radio program names Response OrderRand exc last,Which of the following radio programs do you listen to regularly? Please check any that you listen to at least once a month. (Mark all that apply),-2. Due to a technical error variables from the RADPROGS,
V241605a,"PRE: WHICH WEB SITES R VISITS REGULARLY - YAHOO NEWS [MENTION] Survey Question(s)MEDSRC_WEBSITES Universe IF R HEARD ABOUT PRES CAMPAIGN ON INTERNET SITE(S), CHAT ROOM(S), OR BLOG(S): Randomization Order of website names Response OrderRand exc last",Which of the following websites do you visit regularly? Please check any that you visit at least once a month. (Mark all that apply) 282 CODEBOOK: VARIABLES,"-9. Refused
-5. Break oﬀ, suﬃcient partial
-1. Inapplicable","0. Not mentioned
1. Mentioned"
V241605b,"PRE: WHICH WEB SITES R VISITS REGULARLY - CNN [MENTION] Survey Question(s)MEDSRC_WEBSITES Universe IF R HEARD ABOUT PRES CAMPAIGN ON INTERNET SITE(S), CHAT ROOM(S), OR BLOG(S): Randomization Order of website names Response OrderRand exc last",Which of the following websites do you visit regularly? Please check any that you visit at least once a month. (Mark all that apply),"-9. Refused
-5. Break oﬀ, suﬃcient partial
-1. Inapplicable","0. Not mentioned
1. Mentioned"
V241605c,"PRE: WHICH WEB SITES R VISITS REGULARLY - NEWSMAX [MENTION] Survey Question(s)MEDSRC_WEBSITES Universe IF R HEARD ABOUT PRES CAMPAIGN ON INTERNET SITE(S), CHAT ROOM(S), OR BLOG(S): Randomization Order of website names Response OrderRand exc last",Which of the following websites do you visit regularly? Please check any that you visit at least once a month. (Mark all that apply) PRE- ELECTION SURVEY VARIABLES 283,"-9. Refused
-5. Break oﬀ, suﬃcient partial
-1. Inapplicable","0. Not mentioned
1. Mentioned"
V241605d,"PRE: WHICH WEB SITES R VISITS REGULARLY - PEOPLE [MENTION] Survey Question(s)MEDSRC_WEBSITES Universe IF R HEARD ABOUT PRES CAMPAIGN ON INTERNET SITE(S), CHAT ROOM(S), OR BLOG(S): Randomization Order of website names Response OrderRand exc last",Which of the following websites do you visit regularly? Please check any that you visit at least once a month. (Mark all that apply),"-9. Refused
-5. Break oﬀ, suﬃcient partial
-1. Inapplicable","0. Not mentioned
1. Mentioned"
V241605,"ePRE: WHICH WEB SITES R VISITS REGULGARLY - BREITBART [MENTION] Survey Question(s)MEDSRC_WEBSITES Universe IF R HEARD ABOUT PRES CAMPAIGN ON INTERNET SITE(S), CHAT ROOM(S), OR BLOG(S): Randomization Order of website names Response OrderRand exc last",Which of the following websites do you visit regularly? Please check any that you visit at least once a month. (Mark all that apply) 284 CODEBOOK: VARIABLES,"-9. Refused
-5. Break oﬀ, suﬃcient partial
-1. Inapplicable","0. Not mentioned
1. Mentioned"
V241605,"fPRE: WHICH WEB SITES R VISITS REGULARLY - FOX NEWS [MENTION] Survey Question(s)MEDSRC_WEBSITES Universe IF R HEARD ABOUT PRES CAMPAIGN ON INTERNET SITE(S), CHAT ROOM(S), OR BLOG(S): Randomization Order of website names Response OrderRand exc last",Which of the following websites do you visit regularly? Please check any that you visit at least once a month. (Mark all that apply),"-9. Refused
-5. Break oﬀ, suﬃcient partial
-1. Inapplicable","0. Not mentioned
1. Mentioned"
V241605g,"PRE: WHICH WEB SITES R VISITS REGULARLY - NEW YORK POST [MENTION] Survey Question(s)MEDSRC_WEBSITES Universe IF R HEARD ABOUT PRES CAMPAIGN ON INTERNET SITE(S), CHAT ROOM(S), OR BLOG(S): Randomization Order of website names Response OrderRand exc last",Which of the following websites do you visit regularly? Please check any that you visit at least once a month. (Mark all that apply) PRE- ELECTION SURVEY VARIABLES 285,"-9. Refused
-5. Break oﬀ, suﬃcient partial
-1. Inapplicable","0. Not mentioned
1. Mentioned"
V241605,"hPRE: WHICH WEB SITES R VISITS REGULARLY - THE GUARDIAN [MENTION] Survey Question(s)MEDSRC_WEBSITES Universe IF R HEARD ABOUT PRES CAMPAIGN ON INTERNET SITE(S), CHAT ROOM(S), OR BLOG(S): Randomization Order of website names Response OrderRand exc last",Which of the following websites do you visit regularly? Please check any that you visit at least once a month. (Mark all that apply),"-9. Refused
-5. Break oﬀ, suﬃcient partial
-1. Inapplicable","0. Not mentioned
1. Mentioned"
V241605i,"PRE: WHICH WEB SITES R VISITS REGULARLY - AP NEWS [MENTION] Survey Question(s)MEDSRC_WEBSITES Universe IF R HEARD ABOUT PRES CAMPAIGN ON INTERNET SITE(S), CHAT ROOM(S), OR BLOG(S): Randomization Order of website names Response OrderRand exc last",Which of the following websites do you visit regularly? Please check any that you visit at least once a month. (Mark all that apply) 286 CODEBOOK: VARIABLES,"-9. Refused
-5. Break oﬀ, suﬃcient partial
-1. Inapplicable","0. Not mentioned
1. Mentioned"
V241605,"jPRE: WHICH WEB SITES R VISITS REGULARLY - BBC NEWS [MENTION] Survey Question(s)MEDSRC_WEBSITES Universe IF R HEARD ABOUT PRES CAMPAIGN ON INTERNET SITE(S), CHAT ROOM(S), OR BLOG(S): Randomization Order of website names Response OrderRand exc last",Which of the following websites do you visit regularly? Please check any that you visit at least once a month. (Mark all that apply),"-9. Refused
-5. Break oﬀ, suﬃcient partial
-1. Inapplicable","0. Not mentioned
1. Mentioned"
V241605,"kPRE: WHICH WEB SITES R VISITS REGULARLY - NPR NEWS [MENTION] Survey Question(s)MEDSRC_WEBSITES Universe IF R HEARD ABOUT PRES CAMPAIGN ON INTERNET SITE(S), CHAT ROOM(S), OR BLOG(S): Randomization Order of website names Response OrderRand exc last",Which of the following websites do you visit regularly? Please check any that you visit at least once a month. (Mark all that apply) PRE- ELECTION SURVEY VARIABLES 287,"-9. Refused
-5. Break oﬀ, suﬃcient partial
-1. Inapplicable","0. Not mentioned
1. Mentioned"
V241605,"mPRE: WHICH WEB SITES R VISITS REGULARLY - DAILY CALLER [MENTION] Survey Question(s)MEDSRC_WEBSITES Universe IF R HEARD ABOUT PRES CAMPAIGN ON INTERNET SITE(S), CHAT ROOM(S), OR BLOG(S): Randomization Order of website names Response OrderRand exc last",Which of the following websites do you visit regularly? Please check any that you visit at least once a month. (Mark all that apply),"-9. Refused
-5. Break oﬀ, suﬃcient partial
-1. Inapplicable","0. Not mentioned
1. Mentioned"
V241605,"nPRE: WHICH WEB SITES R VISITS REGULARLY - BLOOMBERG [MENTION] Survey Question(s)MEDSRC_WEBSITES Universe IF R HEARD ABOUT PRES CAMPAIGN ON INTERNET SITE(S), CHAT ROOM(S), OR BLOG(S): Randomization Order of website names Response OrderRand exc last",Which of the following websites do you visit regularly? Please check any that you visit at least once a month. (Mark all that apply) 288 CODEBOOK: VARIABLES,"-9. Refused
-5. Break oﬀ, suﬃcient partial
-1. Inapplicable","0. Not mentioned
1. Mentioned"
V241605,"pPRE: WHICH WEB SITES R VISITS REGULARLY - POLITICO [MENTION] Survey Question(s)MEDSRC_WEBSITES Universe IF R HEARD ABOUT PRES CAMPAIGN ON INTERNET SITE(S), CHAT ROOM(S), OR BLOG(S): Randomization Order of website names Response OrderRand exc last",Which of the following websites do you visit regularly? Please check any that you visit at least once a month. (Mark all that apply),"-9. Refused
-5. Break oﬀ, suﬃcient partial
-1. Inapplicable","0. Not mentioned
1. Mentioned"
V241605,"qPRE: WHICH WEB SITES R VISITS REGULARLY - NBC NEWS [MENTION] Survey Question(s)MEDSRC_WEBSITES Universe IF R HEARD ABOUT PRES CAMPAIGN ON INTERNET SITE(S), CHAT ROOM(S), OR BLOG(S): Randomization Order of website names Response OrderRand exc last",Which of the following websites do you visit regularly? Please check any that you visit at least once a month. (Mark all that apply) PRE- ELECTION SURVEY VARIABLES 289,"-9. Refused
-5. Break oﬀ, suﬃcient partial
-1. Inapplicable","0. Not mentioned
1. Mentioned"
V241605r,"PRE: WHICH WEB SITES R VISITS REGULARLY - ONE AMERICA NEWS [MENTION] Survey Question(s)MEDSRC_WEBSITES Universe IF R HEARD ABOUT PRES CAMPAIGN ON INTERNET SITE(S), CHAT ROOM(S), OR BLOG(S): Randomization Order of website names Response OrderRand exc last",Which of the following websites do you visit regularly? Please check any that you visit at least once a month. (Mark all that apply),"-9. Refused
-5. Break oﬀ, suﬃcient partial
-1. Inapplicable","0. Not mentioned
1. Mentioned"
V241605,"sPRE: WHICH WEB SITES R VISITS REGULARLY - HUFFINGTON POST [MENTION] Survey Question(s)MEDSRC_WEBSITES Universe IF R HEARD ABOUT PRES CAMPAIGN ON INTERNET SITE(S), CHAT ROOM(S), OR BLOG(S): Randomization Order of website names Response OrderRand exc last",Which of the following websites do you visit regularly? Please check any that you visit at least once a month. (Mark all that apply) 290 CODEBOOK: VARIABLES,"-9. Refused
-5. Break oﬀ, suﬃcient partial
-1. Inapplicable","0. Not mentioned
1. Mentioned"
V241605,"tPRE: WHICH WEB SITES R VISITS REGULARLY - OTHER [MENTION] Survey Question(s)MEDSRC_WEBSITES Universe IF R HEARD ABOUT PRES CAMPAIGN ON INTERNET SITE(S), CHAT ROOM(S), OR BLOG(S): Randomization Order of website names Response OrderRand exc last",Which of the following websites do you visit regularly? Please check any that you visit at least once a month. (Mark all that apply),"-9. Refused
-5. Break oﬀ, suﬃcient partial
-1. Inapplicable","0. Not mentioned
1. Mentioned"
V241606a,PRE: WHICH NEWSPAPERS R READS REGULARLY - NEW YORK TIMES [MENTION] Survey Question(s)MEDSRC_INETNEWS Universe IF R HEARD ABOUT PRES CAMPAIGN IN NEWSPAPERS: Randomization Order of newspapers Response OrderRand exc last,Which of the following newspapers do you read online or in print regularly? Please check any that you read at least once a month. (Mark all that apply) PRE- ELECTION SURVEY VARIABLES 291,"-9. Refused
-5. Break oﬀ, suﬃcient partial
-1. Inapplicable","0. Not mentioned
1. Mentioned"
V241606b,PRE: WHICH NEWSPAPERS R READS REGULARLY - USA TODAY [MENTION] Survey Question(s)MEDSRC_INETNEWS Universe IF R HEARD ABOUT PRES CAMPAIGN IN NEWSPAPERS: Randomization Order of newspapers Response OrderRand exc last,Which of the following newspapers do you read online or in print regularly? Please check any that you read at least once a month. (Mark all that apply),"-9. Refused
-5. Break oﬀ, suﬃcient partial
-1. Inapplicable","0. Not mentioned
1. Mentioned"
V241606c,PRE: WHICH NEWSPAPERS R READS REGULARLY - WALL STREET JOURNAL [MENTION] 292 CODEBOOK: VARIABLES Survey Question(s)MEDSRC_INETNEWS Universe IF R HEARD ABOUT PRES CAMPAIGN IN NEWSPAPERS: Randomization Order of newspapers Response OrderRand exc last,Which of the following newspapers do you read online or in print regularly? Please check any that you read at least once a month. (Mark all that apply),"-9. Refused
-5. Break oﬀ, suﬃcient partial
-1. Inapplicable","0. Not mentioned
1. Mentioned"
V241606d,PRE: WHICH NEWSPAPERS R READS REGULARLY - WASHINGTON POST [MENTION] Survey Question(s)MEDSRC_INETNEWS Universe IF R HEARD ABOUT PRES CAMPAIGN IN NEWSPAPERS: Randomization Order of newspapers Response OrderRand exc last,Which of the following newspapers do you read online or in print regularly? Please check any that you read at least once a month. (Mark all that apply),"-9. Refused
-5. Break oﬀ, suﬃcient partial
-1. Inapplicable","0. Not mentioned
1. Mentioned"
V241606,ePRE: WHICH NEWSPAPERS R READS REGULARLY - NEW YORK POST [MENTION] Survey Question(s)MEDSRC_INETNEWS Universe IF R HEARD ABOUT PRES CAMPAIGN IN NEWSPAPERS: Randomization Order of newspapers Response OrderRand exc last PRE- ELECTION SURVEY VARIABLES 293,Which of the following newspapers do you read online or in print regularly? Please check any that you read at least once a month. (Mark all that apply),"-9. Refused
-5. Break oﬀ, suﬃcient partial
-1. Inapplicable","0. Not mentioned
1. Mentioned"
V241606,fPRE: WHICH NEWSPAPERS R READS REGULARLY - LOCAL NEWSPAPER [MENTION] Survey Question(s)MEDSRC_INETNEWS Universe IF R HEARD ABOUT PRES CAMPAIGN IN NEWSPAPERS: Randomization Order of newspapers Response OrderRand exc last,Which of the following newspapers do you read online or in print regularly? Please check any that you read at least once a month. (Mark all that apply),"-9. Refused
-5. Break oﬀ, suﬃcient partial
-1. Inapplicable","0. Not mentioned
1. Mentioned"
V241607,PRE: AGREE/DISAGREE - WOMEN INTERPRET INNOCENT REMARKS AS SEXIST Survey Question(s)GENDRES_INNOCENT Response OrderForward/Reverse order,"‘Many women interpret innocent remarks or acts as being sexist.’ Do you [agree strongly, agree somewhat, neither agree nor disagree, disagree somewhat, or disagree strongly / disagree strongly, disagree somewhat, neither agree nor disagree, agree somewhat, or agree strongly] with this statement?","-9. Refused
-5. Break oﬀ, suﬃcient partial
-1. Inapplicable","1. Agree strongly
2. Agree somewhat
3. Neither agree nor disagree
4. Disagree somewhat
5. Disagree strongly"
V241608,PRE: WOMEN SEEK TO GAIN POWER BY GETTING CONTROL OVER MEN 294 CODEBOOK: VARIABLES Survey Question(s)GENDRES_CONTROL Response OrderForward/Reverse order,"‘Women seek to gain power by getting control over men.’ Do you [agree strongly, agree somewhat, neither agree nor disagree, disagree somewhat, or disagree strongly / disagree strongly, disagree somewhat, neither agree nor disagree, agree somewhat, or agree strongly] with this statement?","-9. Refused
-5. Break oﬀ, suﬃcient partial
-1. Inapplicable","1. Agree strongly
2. Agree somewhat
3. Neither agree nor disagree
4. Disagree somewhat
5. Disagree strongly"
V241609,PRE: POLITICAL KNOWLEDGE INTRO Survey Question(s)PREKNOW_COMMIT,"We are interested in the guesses people make when they do not know the answer to a question. We will ask you several questions. Some may be easy, but others are meant to be so diﬃcult that you will have to guess. In fact, for some of these questions, if you answer correctly, we will know that you probably looked up the answer. Please do not look up the answers you do not know. Instead, please just make your best guess. Will you please promise to try your best without looking up any answers? Or do you not want to make that promise?","-9. Refused
-5. Break oﬀ, suﬃcient partial
-1. Inapplicable","1. I promise to try my best without looking up any answers
2. I do not want to make that promise"
V241610,PRE: POLITICAL KNOWLEDGE CATCH QUESTION PRE- ELECTION SURVEY VARIABLES 295 1894 (correct) Survey Question(s)PREKNOW_CATCH,In what year did the Supreme Court of the United States decide Halstead v. Grinnan? Type the year.,"-9. Refused
-5. Break oﬀ, suﬃcient partial
-1. Inapplicable",
V241611,PRE: POLITICAL KNOWLEDGE CATCH QUESTION FEEDBACK Survey Question(s)PREKNOW_FEEDBACK1 Universe IF R ANSWERED PREKNOW_CATCH CORRECTLY:,"You are right! Did you look up the answer to that question, or did you already know it yourself?","-9. Refused
-5. Break oﬀ, suﬃcient partial
-1. Inapplicable","1. I looked it up
2. I already knew it"
V241612,PRE: HOW MANY YEARS IN FULL TERM FOR US SENATOR Survey Question(s)PREKNOW_SENTERM,"For how many years is a United States Senator elected – that is, how many years are there in one full term of oﬃce for a U.S. Senator? Type the number.","-9. Refused
-5. Break oﬀ, suﬃcient partial
-1. Inapplicable",
V241613,PRE: ON WHICH PROGRAM DOES FEDERAL GOVERNMENT SPEND THE LEAST 296 CODEBOOK: VARIABLES Survey Question(s)PREKNOW_LEASTSP Randomization Order of responses Response OrderRandomized order,On which of the following does the U.S. federal government currently spend the least?,"-9. Refused
-5. Break oﬀ, suﬃcient partial
-1. Inapplicable","1. Foreign aid
2. Medicare
3. National defense
4. Social Security"
V241614,PRE: PARTY WITH MOST MEMBERS IN HOUSE BEFORE ELECTION Survey Question(s)PREKNOW_HSEMEM,Do you happen to know which party currently has the most members in the U.S. House of Representatives in Washington?,"-9. Refused
-5. Break oﬀ, suﬃcient partial
-1. Inapplicable","1. Democrats
2. Republicans"
V241615,PRE: PARTY WITH MOST MEMBERS IN SENATE BEFORE ELECTION Survey Question(s)PREKNOW_SENMEM PRE- ELECTION SURVEY VARIABLES 297,Do you happen to know which party currently has the most members in the U.S. Senate?,"-9. Refused
-5. Break oﬀ, suﬃcient partial
-1. Inapplicable","1. Democrats
2. Republicans"
V241616,"PRE: GSS ONLY: POLITICAL VIEWS OF FAMILY , FRIENDS, NEIGHBORS OR COWORKERS Survey Question(s)GSSPRE_NETWORKPRE Universe IF R IS IN GSS SAMPLE:","People may encounter diﬀerent mixes of political views in conversation. How about you? When you have political conversations with family, friends, neighbors and coworkers are the views you hear…","-9. Refused
-5. Break oﬀ, suﬃcient partial
-1. Inapplicable","1. Almost all liberal views
2. Mostly liberal but some conservative views
3. About an equal mix
4. Mostly conservative but some liberal views
5. Almost all conservative views
6. I don’t have conversations about politics"
V241617,PRE: FTF ONLY: HOW DOES R RATE THE INTERVIEWER’S PERFORMANCE Survey Question(s)IW_IWRRATE Universe IF MODE IS FTF: Response OrderForward/Reverse order,This interview is almost done. How would you rate the interviewer’s performance during the interview today?,"-9. Refused
-5. Break oﬀ, suﬃcient partial
-1. Inapplicable","1. Extremely good
2. Moderately good
3. A little good
4. Neither good nor bad
5. A little bad
6. Moderately bad
7. Extremely bad"
V241618,PRE: R RATING OF INTERVIEW 298 CODEBOOK: VARIABLES Survey Question(s)IW_RATE Response OrderForward/Reverse order,How would you rate this interview for the American National Election Studies?,"-9. Refused
-5. Break oﬀ, suﬃcient partial
-1. Inapplicable","1. Liked a great deal
2. Liked a moderate amount
3. Liked a little
4. Neither liked nor disliked
5. Disliked a little
6. Disliked a moderate amount
7. Disliked a great deal"
V241619,PRE: HOW OFTEN TOOK SURVEY SERIOUSLY Survey Question(s)IW_SERIOUS,"We sometimes ﬁnd people don’t always take surveys seriously,instead providing funny or insincere answers. How often did you give a serious response to the questions on this survey?","-9. Refused
-5. Break oﬀ, suﬃcient partial
-1. Inapplicable","1. Never serious
2. Some of the time serious
3. About half of the time serious
4. Most of the time serious
5. Always serious"
V241620,PRE: WEB ONLY: HOW EASY TO ACCESS COMPUTER WITH INTERNET CONNECTION TO TAKE SURVEY Survey Question(s)IW_ONLINE Universe IF MODE IS WEB: Response OrderForward/Reverse order,"How easy was it for you to get access to a computer with an internet connection to take this survey? Was it [not at all easy, a little easy, moderately easy, very easy, or extremely easy / extremely easy, very easy, moderately easy, a little easy, or not at all easy]? PRE- ELECTION SURVEY VARIABLES 299","-9. Refused
-5. Break oﬀ, suﬃcient partial
-1. Inapplicable","1. Not at all easy
2. A little easy
3. Moderately easy
4. Very easy
5. Extremely easy"
V241621,PRE: HOW SATISFIED IS R WITH LIFE Survey Question(s)HAPP_LIFESATISF Response OrderForward/Reverse order,"All things considered, how satisﬁed are you with your life as a whole these days? Would you say that you are [extremely satisﬁed, very satisﬁed, moderately satisﬁed, slightly satisﬁed, or not satisﬁed at all / not satisﬁed at all, slightly satisﬁed, moderately satisﬁed, very satisﬁed, or extremely satisﬁed]?","-9. Refused
-8. Don’t know
-5. Break oﬀ, suﬃcient partial
-1. Inapplicable","1. Extremely satisﬁed
2. Very satisﬁed
3. Moderately satisﬁed
4. Slightly satisﬁed
5. Not satisﬁed at all"
V241622,PRE: WEB ONLY: RESTRICTED: ANY R COMMENTS Survey Question(s)ENDWEB_COMMT Universe IF MODE IS WEB: 300 CODEBOOK: VARIABLES,Please share any comments you have. We welcome your feedback. Click Next to complete the survey.,-3. RESTRICTED,
V241630,PRE IWR OBS: NUMBER OF WINDOW SIGNS PRESENT WHEN IW COMPLETED Survey Question(s)IWROBSPRE_DU17 Universe IF MODE IS FTF:,Enter number of campaign or political signs visible in the structure’s window(s) at the time the interview was completed.,-1. Inapplicable,99. Unknown
V241632,PRE IWR OBS: OTHER SIGNS PRESENT ON OUTSIDE WHEN IW COMPLETED Survey Question(s)IWROBSPRE_DU19 Universe IF MODE IS FTF:,Enter number of campaign or political signs in front/outside of the structure at the time the interview was completed.,-1. Inapplicable,99. Unknown
V241634,PRE IWR OBS: SIGNS FOR BIDEN PRESENT AT IW COMPLETION Survey Question(s)IWROBSPRE_DU21 Universe IF MODE IS FTF: IF 1 OR MORE POLITICAL SIGNS IN STRUCTURE WINDOW AT THE TIME IW COMPLETED / IF 1 OR MORE POLITICAL SIGNS OUTSIDE/IN FRONT OF STRUCTURE AT TIME IW COMPLETED:,Do any of the signs (in the window or outside the structure) support Joe Biden?,-1. Inapplicable,"1. Yes
2. No"
V241635,PRE IWR OBS: SIGNS FOR HARRIS CAND PRESENT AT IW COMPLETION PRE- ELECTION SURVEY VARIABLES 301 Survey Question(s)IWROBSPRE_DU22 Universe IF MODE IS FTF: IF 1 OR MORE POLITICAL SIGNS IN STRUCTURE WINDOW AT THE TIME IW COMPLETED / IF 1 OR MORE POLITICAL SIGNS OUTSIDE/IN FRONT OF STRUCTURE AT TIME IW COMPLETED:,Do any of the signs (in the window or outside the structure) support ^dem_pcname (NOT including “Biden/Harris” signs)?,-1. Inapplicable,"1. Yes
2. No"
V241636,PRE IWR OBS: SIGNS FOR TRUMP CAND PRESENT AT IW COMPLETION Survey Question(s)IWROBSPRE_DU23 Universe IF MODE IS FTF: IF 1 OR MORE POLITICAL SIGNS IN STRUCTURE WINDOW AT THE TIME IW COMPLETED / IF 1 OR MORE POLITICAL SIGNS OUTSIDE/IN FRONT OF STRUCTURE AT TIME IW COMPLETED:,Do any of the signs (in the window or outside the structure) support ^rep_pcname?,-1. Inapplicable,"1. Yes
2. No"
V241637a,PRE IWR OBS: WHO ELSE WAS PRESENT DURING THE INTERVIEW - NOBODY [MENTION] Survey Question(s)IWROBSPRE_OTHPRES Universe IF MODE IS FTF: 302 CODEBOOK: VARIABLES,"Besides you and the respondent, who else was present during the interview?",-1. Inapplicable,"0. Not mentioned
1. Mentioned"
V241637b,PRE IWR OBS: WHO ELSE WAS PRESENT DURING THE INTERVIEW - CHILD UNDER 6 YEARS OLD [MENTION] Survey Question(s)IWROBSPRE_OTHPRES Universe IF MODE IS FTF:,"Besides you and the respondent, who else was present during the interview?",-1. Inapplicable,"0. Not mentioned
1. Mentioned"
V241637c,PRE IWR OBS: WHO ELSE WAS PRESENT DURING THE INTERVIEW - CHILD BETWEEN 6 AND 17 YEARS OLD [MENTION] Survey Question(s)IWROBSPRE_OTHPRES Universe IF MODE IS FTF:,"Besides you and the respondent, who else was present during the interview?",-1. Inapplicable,
V241637d,PRE IWR OBS: WHO ELSE WAS PRESENT DURING THE INTERVIEW - R’S PARTNER OR SPOUSE [MENTION] Survey Question(s)IWROBSPRE_OTHPRES Universe IF MODE IS FTF: PRE- ELECTION SURVEY VARIABLES 303,"Besides you and the respondent, who else was present during the interview?",-1. Inapplicable,"0. Not mentioned
1. Mentioned"
V241637,e PRE IWR OBS: WHO ELSE WAS PRESENT DURING THE INTERVIEW - OTHER ADULT RELATIVE [MENTION] Survey Question(s)IWROBSPRE_OTHPRES Universe IF MODE IS FTF:,"Besides you and the respondent, who else was present during the interview?",-1. Inapplicable,"0. Not mentioned
1. Mentioned"
V241637,f PRE IWR OBS: WHO ELSE WAS PRESENT DURING THE INTERVIEW - OTHER ADULT NON-RELATIVE [MENTION] Survey Question(s)IWROBSPRE_OTHPRES Universe IF MODE IS FTF:,"Besides you and the respondent, who else was present during the interview?",-1. Inapplicable,"0. Not mentioned
1. Mentioned"
V241637g,PRE IWR OBS: WHO ELSE WAS PRESENT DURING THE INTERVIEW - UNKNOWN PERSONS [MENTION] Survey Question(s)IWROBSPRE_OTHPRES Universe IF MODE IS FTF: 304 CODEBOOK: VARIABLES,"Besides you and the respondent, who else was present during the interview?",-1. Inapplicable,"0. Not mentioned
1. Mentioned"
V241638,PRE: IWR OBS: R’S LEVEL OF COOPERATION Survey Question(s)IWROBSPRE_COOP Universe IF MODE IS FTF:,R’s cooperation was:,-1. Inapplicable,"1. Very good
2. Good
3. Fair
4. Poor
5. Very poor"
V241639,PRE: IWR OBS: R’S GENERAL LEVEL OF INFORMATION ABOUT POLITICS/PUBLIC AFFAIRS Survey Question(s)IWROBSPRE_LEVINF Universe IF MODE IS FTF:,R’s general level of information about politics and public aﬀairs seemed:,-1. Inapplicable,"1. Very high
2. Fairly high
3. Average
4. Fairly low
5. Very low"
V241640,PRE: IWR OBS: R’S APPARENT INTELLIGENCE Survey Question(s)IWROBSPRE_INTELL Universe IF MODE IS FTF: PRE- ELECTION SURVEY VARIABLES 305,R’s apparent intelligence:,-1. Inapplicable,"1. Very high
2. Fairly high
3. Average
4. Fairly low
5. Very low"
V241641,PRE: IWR OBS: HOW SUSPICIOUS DID R SEEM TO BE ABOUT THE STUDY BEFORE THE INTERVIEW? Survey Question(s)IWROBSPRE_SUSPIC Universe IF MODE IS FTF:,How suspicious did R seem to be about the study before the interview?,-1. Inapplicable,"1. Not at all suspicious
2. Somewhat suspicious
3. Very suspicious"
V241642,"PRE: IWR OBS: OVERALL, HOW GREAT WAS R’S INTEREST IN THE INTERVIEW? Survey Question(s)IWROBSPRE_INTIW Universe IF MODE IS FTF:","Overall, how great was R’s interest in the interview?",-1. Inapplicable,"1. Very high
2. Fairly high
3. Average
4. Fairly low
5. Very low"
V241643,PRE: IWR OBS: HOW HONEST DID R SEEM TO BE IN HIS OR HER ANSWERS? Survey Question(s)IWROBSPRE_HONEST Universe IF MODE IS FTF: 306 CODEBOOK: VARIABLES,How honest did R seem to be in his or her answers?,-1. Inapplicable,"1. Completely honest
2. Usually honest
3. Often seemed dishonest"
V241644a,PRE: IWR OBS: R REACTION TO INTERVIEW - NEGATIVE (GENERAL) [MENTION] Survey Question(s)IWROBSPRE_REACT Universe IF MODE IS FTF:,R’s reaction to interview:,-1. Inapplicable,"0. Not mentioned
1. Mentioned"
V241644b,PRE: IWR OBS: R REACTION TO INTERVIEW - NEGATIVE (TOO LONG) [MENTION] Survey Question(s)IWROBSPRE_REACT Universe IF MODE IS FTF:,R’s reaction to interview:,-1. Inapplicable,"0. Not mentioned
1. Mentioned"
V241644c,PRE: IWR OBS: R REACTION TO INTERVIEW - NEGATIVE (TOO COMPLICATED) [MENTION] Survey Question(s)IWROBSPRE_REACT Universe IF MODE IS FTF:,R’s reaction to interview:,-1. Inapplicable,"0. Not mentioned
1. Mentioned"
V241644d,PRE: IWR OBS: R REACTION TO INTERVIEW - NEGATIVE (BORING/TEDIOUS/REPETITIOUS) [MENTION] Survey Question(s)IWROBSPRE_REACT Universe IF MODE IS FTF:,R’s reaction to interview: PRE- ELECTION SURVEY VARIABLES 307,-1. Inapplicable,"0. Not mentioned
1. Mentioned"
V241644,ePRE: IWR OBS: R REACTION TO INTERVIEW - R WANTED TO STOP INTERVIEW [MENTION] Survey Question(s)IWROBSPRE_REACT Universe IF MODE IS FTF:,R’s reaction to interview:,-1. Inapplicable,"0. Not mentioned
1. Mentioned"
V241644,f PRE: IWR OBS: R REACTION TO INTERVIEW - R WAS ILL/DEAF/TIRED/HAD BAD EYESIGHT [MENTION] Survey Question(s)IWROBSPRE_REACT Universe IF MODE IS FTF:,R’s reaction to interview:,-1. Inapplicable,"0. Not mentioned
1. Mentioned"
V241644g,PRE: IWR OBS: R REACTION TO INTERVIEW - R EXPRESSED LACK OF KNOWLEDGE FOR INTERVIEW [MENTION] Survey Question(s)IWROBSPRE_REACT 308 CODEBOOK: VARIABLES Universe IF MODE IS FTF:,R’s reaction to interview:,-1. Inapplicable,"0. Not mentioned
1. Mentioned"
V241644,h PRE: IWR OBS: R REACTION TO INTERVIEW - R STRESSED/AGITATED BY INTERVIEW PROCESS [MENTION] Survey Question(s)IWROBSPRE_REACT Universe IF MODE IS FTF:,R’s reaction to interview:,-1. Inapplicable,"0. Not mentioned
1. Mentioned"
V241644i,PRE: IWR OBS: R REACTION TO INTERVIEW - R BECAME ANGRY AT INTERVIEW CONTENT [MENTION] Survey Question(s)IWROBSPRE_REACT Universe IF MODE IS FTF:,R’s reaction to interview:,-1. Inapplicable,"0. Not mentioned
1. Mentioned"
V241644,j PRE: IWR OBS: R REACTION TO INTERVIEW - R CONCERNED WITH SAMPLING PURPOSE OR BIAS [MENTION] Survey Question(s)IWROBSPRE_REACT Universe IF MODE IS FTF: PRE- ELECTION SURVEY VARIABLES 309,R’s reaction to interview:,-1. Inapplicable,"0. Not mentioned
1. Mentioned"
V241644,k PRE: IWR OBS: R REACTION TO INTERVIEW - R COULD NOT READ RESPONDENT BOOKLET [MENTION] Survey Question(s)IWROBSPRE_REACT Universe IF MODE IS FTF:,R’s reaction to interview:,-1. Inapplicable,"0. Not mentioned
1. Mentioned"
V241644,mPRE: IWR OBS: R REACTION TO INTERVIEW - R APPEARED TO ENJOY INTERVIEW [MENTION] Survey Question(s)IWROBSPRE_REACT Universe IF MODE IS FTF:,R’s reaction to interview:,-1. Inapplicable,"0. Not mentioned
1. Mentioned"
V241644,nPRE: IWR OBS: R REACTION TO INTERVIEW - NEUTRAL OR NO FEEDBACK [MENTION] Survey Question(s)IWROBSPRE_REACT Universe IF MODE IS FTF:,R’s reaction to interview:,-1. Inapplicable,"0. Not mentioned
1. Mentioned"
V241644,p PRE: IWR OBS: R REACTION TO INTERVIEW - R HAD DIFFICULTY WITH SELECTED LANGUAGE [MENTION] Survey Question(s)IWROBSPRE_REACT Universe IF MODE IS FTF:,R’s reaction to interview: 310 CODEBOOK: VARIABLES,-1. Inapplicable,"0. Not mentioned
1. Mentioned"
V241700,SPS: SURVEY TYPE,,-1. Inapplicable,"1. Electronic
2. Paper"
V241701,SPS: NON-INFORMANT CONSENT INTRO Survey Question(s)SPS Q1,,-1. Inapplicable,"0. Not indicated
1. Yes, I am the named person"
V241702,SPS: HOW OFTEN DOES R PAY ATTENTION TO GOVERNMENT AND POLITICS Survey Question(s)SPS Q2,,"-9. Refused
-1. Inapplicable","1. Always
2. Most of the time
3. About half the time
4. Some of the time
5. Never"
V241703,SPS: PREFERENCE FOR PRESIDENTIAL CANDIDATE PRE- ELECTION SURVEY VARIABLES 311 Survey Question(s)SPS Q3,,"-9. Refused
-4. Error
-1. Inapplicable","1. Donald Trump (Republican)
2. Kamala Harris (Democrat)
3. Robert F . Kennedy (independent)
4. Cornel West (independent)
5. Jill Stein (Green)
6. Another candidate
7. No preference"
V241704,SPS: PREFERENCE STRONG FOR PRESIDENTIAL CANDIDATE FOR WHOM R VOTED Survey Question(s)SPS Q4,,"-9. Refused
-4. Error
-1. Inapplicable","1. Strong
2. Not strong"
V241705,SPS: PRESIDENTIAL VOTE TWO-WAY (TRUMP/HARRIS) Survey Question(s)SPS Q5,,"-9. Refused
-1. Inapplicable","1. Donald Trump (Republican)
2. Kamala Harris (Democrat)
3. Would not vote"
V241706,SPS: HOW LIKELY IS IT THAT R WILL VOTE IN NOVEMBER 312 CODEBOOK: VARIABLES Survey Question(s)SPS Q6,,"-9. Refused
-1. Inapplicable","1. I’ve already voted
2. Extremely likely
3. Very likely
4. Moderately likely
5. Slightly likely
6. Not likely at all"
V241707,SPS: R PARTY ID Survey Question(s)SPS Q7,,"-9. Refused
-1. Inapplicable","1. Strong Democrat
2. Not very strong Democrat
3. independent leaning toward Democrat
4. independent
5. independent leaning toward Republican
6. Not very strong Republican
7. Strong Republican"
V241708,SPS: HOW MANY DAYS IN THE PAST WEEK DID YOU TALK ABOUT POLITICS WITH SPOUSE OR PARTNER Survey Question(s)SPS Q8 PRE- ELECTION SURVEY VARIABLES 313,,"-4. Error
-1. Inapplicable","0. Zero days
1. One day
2. Two days
3. Three days
4. Four days
5. Five days
6. Six days
7. Seven days"
V241709,SPS: LIBERAL-CONSERVATIVE SELF-PLACEMENT (7 PT SCALE) Survey Question(s)SPS Q9,,"-9. Refused
-4. Error
-1. Inapplicable","1. Extremely liberal
2. Liberal
3. Slightly liberal
4. Moderate; middle of the road
5. Slightly conservative
6. Conservative
7. Extremely conservative"
V241710,SPS: HOW WORRIED IS R ABOUT CURRENT FINANCIAL SITUATION Survey Question(s)SPS Q10,,"-9. Refused
-1. Inapplicable","1. Extremely worried
2. Very worried
3. Moderately worried
4. A little worried
5. Not at all worried"
V241711,SPS: HOW SATISFIED WITH THE WAY DEMOCRACY WORKS IN THE UNITED STATES? Survey Question(s)SPS Q11 314 CODEBOOK: VARIABLES,,"-9. Refused
-4. Error
-1. Inapplicable","1. Very satisﬁed
2. Fairly satisﬁed
3. Not very satisﬁed
4. Not at all satisﬁed"
V241712,SPS: FEELING THERMOMETER: DEMOCRATIC PRESIDENTIAL CANDIDATE Survey Question(s)SPS Q12,,"-4. Error
-1. Inapplicable",
V241713,SPS: FEELING THERMOMETER: REPUBLICAN PRESIDENTIAL CANDIDATE Survey Question(s)SPS Q13,,"-9. Refused
-1. Inapplicable",
V241714,SPS: FEELING THERMOMETER: DEMOCRATIC PARTY Survey Question(s)SPS Q14,,-1. Inapplicable,
V241715,SPS: FEELING THERMOMETER: REPUBLICAN PARTY Survey Question(s)SPS Q15,,-1. Inapplicable,
V241716,SPS: FEELING THERMOMETER: MAGA MOVEMENT Survey Question(s)SPS Q16,,"-9. Refused
-1. Inapplicable",
V241717,SPS: FEELING THERMOMETER: BLACKS PRE- ELECTION SURVEY VARIABLES 315 Survey Question(s)SPS Q17,,"-9. Refused
-1. Inapplicable",
V241718,SPS: FEELING THERMOMETER: WHITES Survey Question(s)SPS Q18,,"-9. Refused
-1. Inapplicable",
V241719,SPS: FEELING THERMOMETER: TRANSGENDER PEOPLE Survey Question(s)SPS Q19,,"-9. Refused
-1. Inapplicable",
V241720,SPS: FEELING THERMOMETER: CHRISTIAN FUNDAMENTALISTS Survey Question(s)SPS Q20,,"-9. Refused
-1. Inapplicable",
V241721,SPS: WHO DOES SPOUSE/PARTNER PREFER IN ELECTION FOR PRESIDENT Survey Question(s)SPS Q21 316 CODEBOOK: VARIABLES,,"-9. Refused
-1. Inapplicable","1. Donald Trump
2. Kamala Harris
3. Another candidate
4. No preference"
V241722,SPS: HOW IMPORTANT IS RELIGION IN R’S LIFE Survey Question(s)SPS Q22,,"-9. Refused
-1. Inapplicable","1. Extremely important
2. Very important
3. Moderately important
4. A little important
5. Not important at all"
V241723,SPS: WHAT IS PRESENT RELIGION OF R Survey Question(s)SPS Q23,,"-9. Refused
-4. Error
-1. Inapplicable","1. Protestant
2. Roman Catholic
3. Jewish
4. Muslim
5. Atheist
6. Agnostic
7. Something else
8. Nothing in particular"
V241724,RESTRICTED: SPS: WHAT IS PRESENT RELIGION OF R - OTHER SPECIFY Survey Question(s)SPS Q23,,"-3. RESTRICTED
-1. Inapplicable",
V241725,SPS: HOW OFTEN ATTEND RELIGIOUS SERVICES PRE- ELECTION SURVEY VARIABLES 317 Survey Question(s)SPS Q24,,"-9. Refused
-4. Error
-1. Inapplicable","1. Never
2. A few times a year
3. Once or twice a month
4. Almost every week
5. Every week"
V241726,SPS: AGREE/DISAGREE: PUBLIC OFFICIALS DON’T CARE WHAT PEOPLE LIKE ME THINK Survey Question(s)SPS Q25,,"-9. Refused
-1. Inapplicable","1. Agree strongly
2. Agree somewhat
3. Neither agree nor disagree
4. Disagree somewhat
5. Disagree strongly"
V241727,SPS: AGREE/DISAGREE: PEOPLE LIKE ME DON’T HAVE A SAY ABOUT WHAT GOVERNMENT DOES Survey Question(s)SPS Q26,,"-9. Refused
-1. Inapplicable","1. Agree strongly
2. Agree somewhat
3. Neither agree nor disagree
4. Disagree somewhat
5. Disagree strongly"
V241728,SPS: IN AMERICAN SOCIETY DOES BEING WHITE COME WITH MORE ADVANTAGES OR DISADVANTAGES 318 CODEBOOK: VARIABLES Survey Question(s)SPS Q27,,"-9. Refused
-4. Error
-1. Inapplicable","1. Many more advantages
2. Somewhat more advantages
3. Just a few more advantages
4. Equal advantages and disadvantages
5. Just a ew more disadvantages
6. Somewhat more advantages
7. Many more disadvantages"
V241729,SPS: IN AMERICAN SOCIEDY DOES BEING BLACK COME WITH MORE ADVANTAGES OR DISADVANTAGES Survey Question(s)SPS Q28,,"-9. Refused
-4. Error
-1. Inapplicable","1. Many more advantages
2. Somewhat more advantages
3. Just a few more advantages
4. Equal advantages and disadvantages
5. Just a ew more disadvantages
6. Somewhat more advantages
7. Many more disadvantages"
V241730,SPS: 7PT SCALE ABORTION: SELF-PLACEMENT Survey Question(s)SPS Q29,,"-9. Refused
-4. Error
-1. Inapplicable","1. Abortion should always be legal for any reason
7. Abortion should always be illegal with no exceptions"
V241731,SPS: HOW IMPORTANT IS IT FOR THE POLITICAL SYSTEM IN THE U.S. TO REMAIN A DEMOCRACY PRE- ELECTION SURVEY VARIABLES 319 Survey Question(s)SPS Q30,,"-9. Refused
-4. Error
-1. Inapplicable","1. Extremely important
2. Very important
3. Moderately important
4. A little important
5. Not important at all"
V241732,SPS: FAVOR OR OPPOSE REQUIRING CHILDREN TO BE VACCINATED IN ORDER TO ATTEND PUBLIC SCHOOLS Survey Question(s)SPS Q31,,"-9. Refused
-4. Error
-1. Inapplicable","1. Favor
2. Oppose
3. Neither favor nor oppose"
V241733,SPS: WHICH IS MORE IMPORTANT FOR A CHILD TO HAVE: INDEPENDENCE OR RESPECT FOR ELDERS Survey Question(s)SPS Q32,,"-9. Refused
-4. Error
-1. Inapplicable","1. Independence
2. Respect for elders"
V241734,SPS: WHICH IS MORE IMPORTANT FOR A CHILD TO HAVE: CURIOSITY OR GOOD MANNERS 320 CODEBOOK: VARIABLES Survey Question(s)SPS Q33,,"-9. Refused
-4. Error
-1. Inapplicable","1. Curiosity
2. Good manners"
V241735,SPS: WHICH IS MORE IMPORTANT FOR A CHILD TO HAVE: OBEDIENCE OR SELF-RELIANCE Survey Question(s)SPS Q34,,"-9. Refused
-4. Error
-1. Inapplicable","1. Obedience
2. Self-reliance"
V241736,SPS: WHICH IS MORE IMPORTANT FOR A CHILD TO HAVE: BEING CONSIERED OR WELL BEHAVED Survey Question(s)SPS Q35,,"-9. Refused
-4. Error
-1. Inapplicable","1. Being considerate
2. Well behaved"
V241737,SPS: HOW OFTEN TRUST GOVERNMENT IN WASHINGTON TO DO WHAT IS RIGHT Survey Question(s)SPS Q36 PRE- ELECTION SURVEY VARIABLES 321,,"-9. Refused
-1. Inapplicable","1. Always
2. Most of the time
3. About half the time
4. Some of the time
5. Never"
V241738,SPS: HOW MANY PEOPLE RUNNING THE GOVERNMENT ARE CORRUPT Survey Question(s)SPS Q37,,"-9. Refused
-1. Inapplicable","1. All
2. Most
3. About half
4. A few
5. None"
V241739,SPS: HOW MUCH DOES R FEEL HAVING ELECTIONS MAKES GOVERNMENT PAY ATTENTION Survey Question(s)SPS Q38,,"-9. Refused
-1. Inapplicable","1. A good deal
2. Some
3. Not much"
V241740,SPS: FAVOR OR OPPOSE US GIVING WEAPONS TO HELP UKRAINE FIGHT RUSSIA Survey Question(s)SPS Q39,,"-9. Refused
-1. Inapplicable","1. Strongly favor
2. Somewhat favor
3. Neither favor nor oppose
4. Somewhat oppose
5. Strongly oppose"
V241741,SPS: FAVOR OR OPPOSE US GIVING MILITARY ASSISTANCE TO ISRAEL 322 CODEBOOK: VARIABLES Survey Question(s)SPS Q40,,"-9. Refused
-4. Error
-1. Inapplicable","1. Strongly favor
2. Somewhat favor
3. Neither favor nor oppose
4. Somewhat oppose
5. Strongly oppose"
V241742,SPS: FAVOR OR OPPOSE LAWS THAT WOULD BAN TRANSGENDER GIRLS FROM K-12 GIRLS’ SPORTS Survey Question(s)SPS Q41,,"-9. Refused
-4. Error
-1. Inapplicable","1. Strongly favor
2. Somewhat favor
3. Neither favor nor oppose
4. Somewhat oppose
5. Strongly oppose"
V241743,SPS: HOW MUCH DOES R FEEL IT IS JUSTIFIED FOR PEOPLE TO USE VIOLENCE TO PURSUE POLITICAL GOALS Survey Question(s)SPS Q42,,"-9. Refused
-1. Inapplicable","1. Not at all
2. A little
3. A moderate amount
4. A lot
5. A great deal"
V241744,SPS: HOW LIKELY IS YOUR SPOUSE OR PARTNER TO VOTE IN THE GENERAL ELECTION THIS NOVEMBER? PRE- ELECTION SURVEY VARIABLES 323 Survey Question(s)SPS Q43,,"-9. Refused
-4. Error
-1. Inapplicable","1. Already voted
2. Extremely likely
3. Very likely
4. Moderately likely
5. Slightly likely
6. Not likely at all"
V241745,"SPS: GENERALLY SPEAKING, DOES YOUR SPOUSE OR PARTNER THINK OF THEMSELF AS A DEMOCRAT, REPUBLICAN, OR INDEPENDENT? Survey Question(s)SPS Q44",,"-9. Refused
-4. Error
-1. Inapplicable","1. Strong Democrat
2. Not very strong Democrat
3. independent leaning toward Democrat
4. independent
5. independent leaning toward Republican
6. Not very strong Republican
7. Strong Republican"
V241746,SPS: WHAT DOES R THINK IS THE MOST IMPORTANT PROBLEM FACING THIS COUNTRY Survey Question(s)SPS Q45,,"-2. Open-ended responses available in separate ﬁle
-1. Inapplicable",
V241747,SPS: DOES R THINK NUMBER OF IMMIGRANTS FROM FOREIGN COUNTRIES PERMITTED TO COME TO THE US SHOULD BE INCREASED OR DECREASED 324 CODEBOOK: VARIABLES Survey Question(s)SPS Q46,,"-9. Refused
-1. Inapplicable","1. Increased a lot
2. Increased a little
3. Left the same as it is now
4. Decreased a little
5. Decreased a lot"
V241748,SPS: NATIONAL ECONOMY BETTER WORSE IN LAST YEAR Survey Question(s)SPS Q47,,"-9. Refused
-1. Inapplicable","1. Gotten much better
2. Gotten somewhat better
3. Stayed about the same
4. Gotten somewhat worse
5. Gotten much worse"
V241749,SPS: FAVOR OR OPPOSE INCREASED GOV REGULATION ON BUSINESSES THAT PRODUCE GREENHOUSE EMISSIONS LINKED TO CLIMATE CHANGE Survey Question(s)SPS Q48,,"-9. Refused
-1. Inapplicable","1. Favor a great deal
2. Favor a moderate amount
3. Favor a little
4. Neither favor nor oppose
5. Oppose a little
6. Oppose a moderate amount
7. Oppose a great deal"
V241750,SPS: WHICH OF THESE TWO STATEMENTS DO YOU THINK IS MOST LIKELY TO BE TRUE? PRE- ELECTION SURVEY VARIABLES 325 election 2. Joe Biden was the legitimate winner of 2020 presidential election Survey Question(s)SPS Q49,,"-9. Refused
-4. Error
-1. Inapplicable",1. Donald Trump was the legitimate winner of 2020 presidential
V241751a,SPS: DURING PAST 12 MONTHS HAS R: TALKED TO PEOPLE TO SHOW WHY THEY SHOULD VOTE FOR OR AGAINST CANDIDATE/PARTY Survey Question(s)SPS Q50,,-1. Inapplicable,"0. Not mentioned
1. Mentioned"
V241751b,SPS: DURING PAST 12 MONTHS HAS R: WENT TO POLITICAL MEETINGS/RALLIES/SPEECHES IN SUPPORT OF CANDIDATE Survey Question(s)SPS Q50,,-1. Inapplicable,"0. Not mentioned
1. Mentioned"
V241751c,SPS: DURING PAST 12 MONTHS HAS R: WORE CAMPAIGN BUTTON/PUT STICKER ON CAR/SIGN IN WINDOW OR IN FRONT OF HOUSE Survey Question(s)SPS Q50 326 CODEBOOK: VARIABLES,,-1. Inapplicable,"0. Not mentioned
1. Mentioned"
V241751d,SPS: DURING PAST 12 MONTHS HAS R: DID ANY WORK FOR ONE OF THE CANDIDATES OR PARTIES Survey Question(s)SPS Q50,,-1. Inapplicable,"0. Not mentioned
1. Mentioned"
V241751,"e SPS: DURING PAST 12 MONTHS HAS R: GAVE MONEY TO CANDIDATE, PARTY , OR GROUP THAT SUPPORTED/OPPOSED CANDIDATES Survey Question(s)SPS Q50",,-1. Inapplicable,"0. Not mentioned
1. Mentioned"
V241751,fSPS: DURING PAST 12 MONTHS HAS R: GOT INTO A POLITICAL ARGUMENT Survey Question(s)SPS Q50,,-1. Inapplicable,"0. Not mentioned
1. Mentioned"
V241751g,SPS: DURING PAST 12 MONTHS HAS R: SIGNED PEITION ABOUT A POLITICAL OR SOCIAL ISSUE Survey Question(s)SPS Q50,,-1. Inapplicable,"0. Not mentioned
1. Mentioned"
V241751,hSPS: DURING PAST 12 MONTHS HAS R: ATTENDED PUBIC MEETING TO DISCUSS LOCAL ISSUE POST-ELECTION SURVEY VARIABLES 327 Survey Question(s)SPS Q50,,-1. Inapplicable,"0. Not mentioned
1. Mentioned"
V241751i,SPS: DURING PAST 12 MONTHS HAS R: SPENT TIME VOLUNTEERING FOR ANY ORGANIZATION OR ASSOCIATION Survey Question(s)SPS Q50,,-1. Inapplicable,"0. Not mentioned
1. Mentioned"
V241751,j SPS: DURING PAST 12 MONTHS HAS R: POSTED A MESSAGE/COMMENT ONLINE ABOUT A POLITICAL ISSUE/CAMPAIGN Survey Question(s)SPS Q50 POST-ELECTION SURVEY VARIABLES,,-1. Inapplicable,"0. Not mentioned
1. Mentioned"
V242002,POST: R SELECT LANGUAGE Survey Question(s)STARTPO_LANGUAGESELECTPO 328 CODEBOOK: VARIABLES,Would you like to complete this survey in English or Spanish? ¿Quisiera completar esta encuesta en inglés o español?,-1. Inapplicable,"1. English / ingles
2. Spanish / espanol"
V242003,POST: CAN R SEE PARTICIPANT BOOKLET FOR VIDEO IW SHARING} Survey Question(s)BOOKLETPO_VIDEO Universe IF INTERVIEW TYPE IS VIDEO:,"For some of the questions, I’ll share my screen and show you a card with all the answer categories listed. This will help you choose the best answer because you won’t have to try to remember all the choices as I read them. {SHARE SCREEN TO SHOW BOOKLET COVER PAGE} Can you see the “ANES Participant Booklet” now?",-1. Inapplicable,"1. R sees booklet on screen {TURN OFF SCREEN SHARING}
2. R does not see booklet on screen {TURN OFF SCREEN"
V242004,POST: DID PARTY CONTACT R ABOUT 2020 CAMPAIGN [REVISED] 2024 campaign 2. No one from the political parties talked to me about the 2024 campaign Survey Question(s)MOBILPO_PTYMOBREV,"As you know, the political parties try to talk to as many people as they can to get them to vote for their candidate. Has anyone from one of the political parties called you up or come around and talked to you about the 2024 campaign, or has no one from the political parties talked to you?","-9. Refused
-8. Don’t know
-7. Insuﬃcient partial, interview deleted
-6. No post interview
-1. Inapplicable",1. Someone from the political parties talked to me about the
V242005,POST: WHICH PARTY CONTACTED R ABOUT CAMPAIGN Survey Question(s)MOBILPO_WHPTYMOB Universe IF SOMEONE FROM POLITICAL PARTY CONTACTED R ABOUT CAMPAIGN:,Which party was that? POST-ELECTION SURVEY VARIABLES 329,"-8. Don’t know
-7. Insuﬃcient partial, interview deleted
-6. No post interview
-1. Inapplicable","1. Democrats
2. Republicans
3. Both {VOL} - FTF only
5. Other {SPECIFY}"
V242005z,POST: WHICH PARTY CONTACTED R ABOUT CAMPAIGN {OTHER/SPECIFY} Survey Question(s)MOBILPO_WHPTYMOB Universe IF SOMEONE FROM POLITICAL PARTY CONTACTED R ABOUT CAMPAIGN:,Which party was that?,-2. Open-end responses available in separate ﬁle,
V242006,POST: PAPER ONLY: WHICH PARTY CONTACT R ABOUT CAMPAIGN Survey Question(s)PAPI POST Q2 330 CODEBOOK: VARIABLES,"As you know, the political parties try to talk to as many people as they can to get them to vote for their candidate. Has anyone from one of the political parties come around and talked to you about the 2024 campaign, or has no one from the political parties talked to you? Mark all that apply.","-9. Refused
-7. Insuﬃcient partial, interview deleted
-6. No post interview
-1. Inapplicable","1. Someone from the Democratic party
2. Someone from the Republican Party
3. Someone from another party
4. No one from a political party
5. PAPI respondent selected 1 & 2"
V242007x,"POST: SUMMARY: WHICH PARTY CONTACT R ABOUT CAMPAIGN Survey Question(s)MOBILPO_PTYMOBREV, MOBILPO_WHPTYMOB, PAPI POST Q2",,"-7. Insuﬃcient partial, interview deleted
-6. No post interview
-2. DK/RF in V242004, V242005, V242006","1. Someone from the Democratic party
2. Someone from the Republican Party
3. Someone from both Democratic & Republican Parties
4. Someone from another party
5. No one from any political party"
V242008,POST: SOMEONE NOT FROM TWO MAJOR PARTIES CONTACT R ABOUT SUPPORTING CANDIDATES Survey Question(s)MOBILPO_OTHMOB,"Other than someone from the two major parties, did anyone (else) call you up or come around and talk to you about supporting speciﬁc candidates in this last election?","-9. Refused
-7. Insuﬃcient partial, interview deleted
-6. No post interview
-1. Inapplicable","1. Yes
2. No"
V242009,"POST: ANYONE TALK TO R ABOUT REGISTERING OR GETTING OUT TO VOTE POST-ELECTION SURVEY VARIABLES 331 Survey Question(s) MOBILPO_MOBREG, PAPI POST Q3 Note: The following speciﬁcations were implemented exclusively in the computerized survey instrument and are not applicable to the paper questionnaire.","During the campaign this year, did anyone talk to you about registering to vote or getting out to vote?","-9. Refused
-8. Don’t know
-7. Insuﬃcient partial, interview deleted
-6. No post interview
-1. Inapplicable","1. Yes, someone did
2. No, no one did"
V242010,"POST: R TALK TO ANYONE ABOUT VOTING FOR OR AGAINST A PARTY OR CANDIDATE Survey Question(s) MOBILPO_RMOB, PAPI POST Q4 Note: The following speciﬁcations were implemented exclusively in the computerized survey instrument and are not applicable to the paper questionnaire.","We would like to ﬁnd out about some of the things people do to help a party or a candidate win an election. During the campaign, did you talk to any people and try to show them why they should vote for or against one of the parties or candidates?","-9. Refused
-8. Don’t know
-7. Insuﬃcient partial, interview deleted
-6. No post interview
-1. Inapplicable","1. Yes
2. No"
V242011,"POST: R ATTEND ONLINE POLITICAL MEETINGS, RALLIES, SPEECHES, FUNDRAISERS Survey Question(s)MOBILPO_RRALLYONLINE","Did you participate in any online political meetings, rallies, speeches, fundraisers, or things like that in support of a particular candidate?","-9. Refused
-7. Insuﬃcient partial, interview deleted
-6. No post interview
-1. Inapplicable","1. Yes
2. No"
V242012,"POST: R GO TO ANY POLITICAL MEETINGS, RALLIES, SPEECHES, DINNERS 332 CODEBOOK: VARIABLES Survey Question(s) MOBILPO_RRALLY , PAPI POST Q5 Note: The following speciﬁcations were implemented exclusively in the computerized survey instrument and are not applicable to the paper questionnaire.","Did you go to any political meetings, rallies, speeches, dinners, or things like that in support of a particular candidate?","-9. Refused
-7. Insuﬃcient partial, interview deleted
-6. No post interview
-1. Inapplicable","1. Yes
2. No"
V242013,"POST: R WEAR CAMPAIGN BUTTON OR POST SIGN OR BUMPER STICKER Survey Question(s) MOBILPO_RBUTTN, PAPI POST Q6 Note: The following speciﬁcations were implemented exclusively in the computerized survey instrument and are not applicable to the paper questionnaire.","Did you wear a campaign button, put a campaign sticker on your car, or place a sign in your window or in front of your house?","-9. Refused
-7. Insuﬃcient partial, interview deleted
-6. No post interview
-1. Inapplicable","1. Yes
2. No"
V242014,"POST: R DO ANY (OTHER) WORK FOR PARTY OR CANDIDATE Survey Question(s) MOBILPO_RCAMPWK, PAPI POST Q7 Note: The following speciﬁcations were implemented exclusively in the computerized survey instrument and are not applicable to the paper questionnaire. POST-ELECTION SURVEY VARIABLES 333",Did you do any (other) work for one of the parties or candidates?,"-9. Refused
-7. Insuﬃcient partial, interview deleted
-6. No post interview
-1. Inapplicable","1. Yes
2. No"
V242015,POST: DID R CONTRIBUTE MONEY TO INDIVIDUAL CANDIDATE RUNNING FOR PUBLIC OFFICE Survey Question(s)MOBILPO_CTBCAND,During an election year people are often asked to make a contribution to support campaigns. Did you give money to an individual candidate running for public oﬃce in this year’s election?,"-9. Refused
-8. Don’t know
-7. Insuﬃcient partial, interview deleted
-6. No post interview
-1. Inapplicable","1. Yes, one candidate
2. Yes, more than one candidate
3. No candidates"
V242016,RESTRICTED: POST: PARTY OF CANDIDATE TO WHOM R CONTRIBUTED MONEY Survey Question(s)MOBILPO_CTBCANDPTYONE Universe IF R DONATED TO ONE CANDIDATE:,Which party did that candidate belong to?,-3. RESTRICTED,
V242016z,RESTRICTED: POST: PARTY OF CANDIDATE TO WHOM R CONTRIBUTED MONEY {OTHER/SPECIFY} Survey Question(s)MOBILPO_CTBCANDPTYONE Universe IF R DONATED TO ONE CANDIDATE:,Which party did that candidate belong to?,-3. RESTRICTED,
V242017,RESTRICTED: POST: PARTY/PARTIES OF CANDIDATES TO WHOM R CONTRIBUTED MONEY Survey Question(s)MOBILPO_CTBCNDPTYMULT Universe IF R DONATED TO MORE THAN ONE CANDIDATE:,Which party or parties did those candidates belong to? 334 CODEBOOK: VARIABLES,-3. RESTRICTED,
V242017z,RESTRICTED: POST: PARTY/PARTIES OF CANDIDATES TO WHOM R CONTRIBUTED MONEY {OTHER/SPECIFY} Survey Question(s)MOBILPO_CTBCNDPTYMULT Universe IF R DONATED TO MORE THAN ONE CANDIDATE:,Which party or parties did those candidates belong to?,-3. RESTRICTED,
V242018,RESTRICTED: POST: PAPER ONLY: DID R CONTRIBUTE MONEY TO AN INDIVIDUAL CANDIDATE RUNNING FOR PUBLIC OFFICE Survey Question(s)PAPI POST Q8,During an election year people are often asked to make contributions to support campaigns. Did you give money to an individual candidate running for public oﬃce? Mark all that apply.,-3. RESTRICTED,
V242019x,RESTRICTED: POST: SUMMARY: DID R CONTRIBUTE MONEY TO AN INDIVIDUAL CANDIDATE,,-3. RESTRICTED,
V242020,POST: R CONTRIBUTE MONEY TO POLITICAL PARTY DURING THIS ELECTION YEAR Survey Question(s)MOBILPO_CTBPTY,Did you give money to a political party during this election year? POST-ELECTION SURVEY VARIABLES 335,"-9. Refused
-8. Don’t know
-7. Insuﬃcient partial, interview deleted
-6. No post interview
-1. Inapplicable","1. Yes
2. No"
V242021,RESTRICTED: POST: PARTY TO WHICH R CONTRIBUTED Survey Question(s)MOBILPO_CTBWHPTY Universe IF R CONTRIBUTED MONEY TO POLITICAL PARTY:,To which party did you give money?,-3. RESTRICTED,
V242021z,RESTRICTED: POST: PARTY TO WHICH R CONTRIBUTED {OTHER/SPECIFY} Survey Question(s)MOBILPO_CTBWHPTY Universe IF R CONTRIBUTED MONEY TO POLITICAL PARTY:,To which party did you give money?,-3. RESTRICTED,
V242022,RESTRICTED: PAPER ONLY: POST: PARTY TO WHICH R CONTRIBUTED Survey Question(s)PAPI POST Q9 336 CODEBOOK: VARIABLES,"To which political party did you give money this election year, or did you not give money? Mark all that apply.",-3. RESTRICTED,
V242023x,RESTRICTED: POST: SUMMARY: PARTY TO WHICH R CONTRIBUTED,,-3. RESTRICTED,
V242024,POST: R CONTRIBUTE TO ANY OTHER GROUP THAT SUPPORTED OR OPPOSED CANDIDATES Survey Question(s)MOBILPO_CTBOTH,Did you give any money to any other group that supported or opposed candidates?,"-9. Refused
-8. Don’t know
-7. Insuﬃcient partial, interview deleted
-6. No post interview
-1. Inapplicable","1. Yes
2. No"
V242025,"POST: HOW MANY DAYS IN PAST WEEK DISCUSSED POLITICS WITH FAMILY OR FRIENDS Survey Question(s) DISCUSS_DISCPSTWK, PAPI POST Q10 Note: The following speciﬁcations were implemented exclusively in the computerized survey instrument and are not applicable to the paper questionnaire. POST-ELECTION SURVEY VARIABLES 337",How many days in the past week did you talk about politics with family or friends?,"-9. Refused
-8. Don’t know
-7. Insuﬃcient partial, interview deleted
-6. No post interview
-4. Error
-1. Inapplicable","0. Zero days
1. One day
2. Two days
3. Three days
4. Four days
5. Five days
6. Six days
7. Seven days"
V242026,POST: DOES R DISCUSS RACE OR RACIAL ISSUES WITH CHILDREN/TEENAGERS IN HOUSEHOLD Survey Question(s)DISCUSS_CHILDRACE Universe IF R HAS CHILDREN 17 OR YOUNGER IN PRE:,How often do you discuss race or racial issues with children or teenagers in your household?,"-7. Insuﬃcient partial, interview deleted
-6. No post interview
-1. Inapplicable","1. All the time
2. Often
3. Sometimes
4. Rarely
5. Never"
V242027,POST: DOES R DISCUSS GOVERNMENT AND POLITICS WITH CHILDREN/TEENAGERS IN HOUSEHOLD Survey Question(s)DISCUSS_CHILDPOL Universe IF R HAS CHILDREN 17 OR YOUNGER IN PRE:,How often do you discuss government and politics with children or teenagers in your household?,"-7. Insuﬃcient partial, interview deleted
-6. No post interview
-1. Inapplicable","1. All the time
2. Often
3. Sometimes
4. Rarely
5. Never"
V242028,POST: DOES R TALK TO FRIENDS/FAMILY WHO LIVE IN OTHER COUNTRIES ABOUT EVENTS IN THAT COUNTRY Survey Question(s)DISCUSS_INTLDISC,"How often, if at all, do you talk to friends or family who live in other countries about events happening in that country? 338 CODEBOOK: VARIABLES","-9. Refused
-8. Don’t know
-7. Insuﬃcient partial, interview deleted
-6. No post interview
-1. Inapplicable","1. Never
2. Rarely
3. Occasionally
4. Somewhat often
5. Very often"
V242029,"POST: HAS R IN PAST 12 MONTHS: JOINED A PROTEST MARCH, RALLY , OR DEMONSTRATION Survey Question(s) INVOLV_EVERRALLY , PAPI POST Q108_1 Note: The following speciﬁcations were implemented exclusively in the computerized survey instrument and are not applicable to the paper questionnaire.","During the past 12 months, have you joined in a protest march, rally, or demonstration, or have you not done this in the past 12 months?","-9. Refused
-7. Insuﬃcient partial, interview deleted
-6. No post interview
-1. Inapplicable","1. Have done this in past 12 months
2. Have not done this in the past 12 months"
V242030,"POST: HAS R IN PAST 12 MONTHS: SIGN INTERNET OR PAPER PETITION POST-ELECTION SURVEY VARIABLES 339 Survey Question(s) INVOLV_EVERSGNPET, PAPI POST Q108_2 Note: The following speciﬁcations were implemented exclusively in the computerized survey instrument and are not applicable to the paper questionnaire.","During the past 12 months, have you signed a petition on the Internet or on paper about a political or social issue, or have you not done this in the past 12 months?","-9. Refused
-8. Don’t know
-7. Insuﬃcient partial, interview deleted
-6. No post interview
-1. Inapplicable","1. Have done this in past 12 months
2. Have not done this in the past 12 months"
V242031,POST: HAS R IN PAST 12 MONTHS: GIVEN MONEY TO OTHER ORGANIZATION Survey Question(s)INVOLV_EVERGIVSOC,"Not counting a religious organization, during the past 12 months, have you given money to any other organization concerned with a political or social issue, or have you not done this in the past 12 months?","-9. Refused
-7. Insuﬃcient partial, interview deleted
-6. No post interview
-1. Inapplicable","1. Have done this in past 12 months
2. Have not done this in the past 12 months"
V242032,"POST: HAS R IN PAST 12 MONTHS: POSTED COMMENT ONLINE ABOUT POLITICAL ISSUE Survey Question(s) INVOLV_EVERPOSTINT, PAPI POST Q108_3 Note: The following speciﬁcations were implemented exclusively in the computerized survey instrument and are not applicable to the paper questionnaire.","During the past 12 months, have you posted a message or comment online about a political issue or campaign, or have you not done this in the past 12 months?","-9. Refused
-8. Don’t know
-7. Insuﬃcient partial, interview deleted
-6. No post interview
-1. Inapplicable","1. Have done this in past 12 months
2. Have not done this in the past 12 months"
V242033,"POST: HAS R IN PAST 12 MONTHS: GOTTEN INTO A POLITICAL ARGUMENT WITH SOMEONE 340 CODEBOOK: VARIABLES Survey Question(s) INVOLV_EVERPOLARG, PAPI POST Q108_4 Note: The following speciﬁcations were implemented exclusively in the computerized survey instrument and are not applicable to the paper questionnaire.","During the past 12 months, have you ever gotten into a political argument with someone, or have you not done this in the past 12 months?","-9. Refused
-7. Insuﬃcient partial, interview deleted
-6. No post interview
-1. Inapplicable","1. Have done this in past 12 months
2. Have not done this in the past 12 months"
V242034,POST: HAS R IN PAST 12 MONTHS: ATTEND MTG ABOUT ISSUE FACING COMMUNITY/SCHOOLS Survey Question(s)INVOLV_LCOMMMTGCPS,"In the past 12 months, did you attend a public meeting, such as a zoning or school board meeting, to discuss a local issue?","-9. Refused
-7. Insuﬃcient partial, interview deleted
-6. No post interview
-1. Inapplicable","1. Yes
2. No"
V242035,POST: HAS R IN PAST 12 MONTHS: DONE ANY VOLUNTEER WORK Survey Question(s)INVOLV_VOLTRCPS POST-ELECTION SURVEY VARIABLES 341,"In the past 12 months, did you spend any time volunteering for any organization or association?","-9. Refused
-7. Insuﬃcient partial, interview deleted
-6. No post interview
-1. Inapplicable","1. Yes
2. No"
V242036,POST: HAS R IN PAST 12 MONTHS: CONTACTED FEDERAL ELECTED OFFICIAL Survey Question(s)INVOLV_CONTFEDEL,"In the past twelve months, have you contacted a federal elected oﬃcial, such as a member of Congress or the President, or someone on the staﬀ of such an oﬃcial? Please don’t count any contact you made as a regular part of your job.","-9. Refused
-7. Insuﬃcient partial, interview deleted
-6. No post interview
-1. Inapplicable","1. Yes, have done this in the past 12 months
2. No, have not done this"
V242037,"POST: HOW OFTEN BOUGHT OR BOYCOTTED PRODUCT/SERVICE FOR SOCIAL/POLITICAL REASONS Survey Question(s) BUYCOTT_SOCPOL, PAPI POST Q13 Note: The following speciﬁcations were implemented exclusively in the computerized survey instrument and are not applicable to the paper questionnaire.","In the past 12 months, did you buy or boycott products or services based on the political values or business practices of that company?","-9. Refused
-8. Don’t know
-7. Insuﬃcient partial, interview deleted
-6. No post interview
-4. Error
-1. Inapplicable","1. Yes
2. No"
V242050a,POST: VOTE SECTION - ORDER OF MAJOR PARTY CANDIDATE NAMES 342 CODEBOOK: VARIABLES,,"-7. Insuﬃcient partial, interview deleted
-6. No post interview
-1. Inapplicable","1. Democrat / Republican
2. Republican / Democrat"
V242050b,POST: VOTE SECTION - HOUSEHOLD ADDRESS PRELOADED,,"-7. Insuﬃcient partial, interview deleted
-6. No post interview
-1. Inapplicable","0. Sample address not preloaded
1. Sample address preloaded"
V242051,"POST: IS R REGISTERED TO VOTE Survey Question(s) POSTVOTE_REGSTATUS, PAPI POST Q11 Note: The following speciﬁcations were implemented exclusively in the computerized survey instrument and are not applicable to the paper questionnaire. Universe IF R WAS NOT REGISTERED IN THE PRE SURVEY: IF R’S NEW STATE OF RESIDENCE IS NOT NORTH DAKOTA:",Now on a diﬀerent topic. Are you registered to vote?,"-9. Refused
-8. Don’t know
-7. Insuﬃcient partial, interview deleted
-6. No post interview
-1. Inapplicable","1. Yes
2. No"
V242052,POST: WHEN DID R REGISTER TO VOTE FOR THE FIRST TIME Survey Question(s)POSTVOTE_WHENREG POST-ELECTION SURVEY VARIABLES 343 Universe IF R IS REGISTERED TO VOTE:,"[Now on a diﬀerent topic. When did you register to vote for the ﬁrst time? / When did you register to vote for the ﬁrst time?] In the past twelve months, 1-2 years ago, 3-4 years ago, or 5 or more years ago?","-9. Refused
-8. Don’t know
-7. Insuﬃcient partial, interview deleted
-6. No post interview
-1. Inapplicable","1. In the past twelve months
2. 1-2 years ago
3. 3-4 years ago
4. 5 or more years ago"
V242053,POST: PAPER: WHEN DID R REGISTER TO VOTE FOR THE FIRST TIME Survey Question(s)PAPI POST Q12,"When did you register to vote for the ﬁrst time, or have you never registered to vote?","-9. Refused
-7. Insuﬃcient partial, interview deleted
-6. No post interview
-1. Inapplicable","1. Have never registered to vote
2. In the past twelve months
3. 1-2 years ago
4. 3-4 years ago
5. 5 or more years ago"
V242054x,"POST: SUMMARY: WHEN DID R REGISTER TO VOTE FOR THE FIRST TIME Survey Question(s)POSTVOTE_REGSTATUS, POSTVOTE_WHENREG, PAPI POST Q12",,"-9. Refused
-8. Don’t know
-7. Insuﬃcient partial, interview deleted
-6. No post interview
-1. Inapplicable","1. Have never registered to vote
2. In the past twelve months
3. 1-2 years ago
4. 3-4 years ago
5. 5 or more years ago"
V242055,POST: VERIFY R’S ADDRESS 344 CODEBOOK: VARIABLES Survey Question(s)POSTVOTE_ADDR,I’d like to ensure that our records are accurate for election-related questions. The following is the address we currently have on ﬁle for you: [Respondent’s preloaded address] Is this location the one you use for voting?,"-9. Refused
-8. Don’t know
-7. Insuﬃcient partial, interview deleted
-6. No post interview
-1. Inapplicable","1. Yes, this is the correct address
2. No, this is not the correct address"
V242056,RESTRICTED: POST: R’S VOTING ADDRESS (IF DIFFERENT FROM SAMPLE ADDRESS) Survey Question(s)POSTVOTE_NEWADDR Universe IF PRELOAD ADDRESS IS NOT THE ADDRESS FOR VOTING:,What is the address you use for voting?,-3. RESTRICTED [STAFF ONLY],
V242057a,POST: REGISTRATION ADDRESS GIVEN (NOT REGISTERED AT SAMPLE ADDRESS) Survey Question(s)POSTVOTE_NEWADDR,,"-7. Insuﬃcient partial, interview deleted
-6. No post interview
-1. Inapplicable","0. Registration address not given
1. Registration address given"
V242057b,POST: STATE OF R’S VOTING ADDRESS (NOT REGISTERED AT SAMPLE ADDRESS) Survey Question(s)POSTVOTE_NEWWHST Universe IF R DID NOT PROVIDE STATE NAME WHEN ASKED FOR NEW ADDRESS:,It appears that the state name is missing from the address you provided. In what state is your address for voting? POST-ELECTION SURVEY VARIABLES 345,"-7. Insuﬃcient partial, interview deleted
-6. No post interview
-1. Inapplicable","1. Alabama  2. Alaska  4. Arizona
5. Arkansas  6. California  8. Colorado
9. Connecticut  10. Delaware
11. District of Columbia (Washington DC)
12. Florida  13. Georgia   15. Hawaii
16. Idaho   17. Illinois   18. Indiana
19. Iowa   20. Kansas   21. Kentucky
22. Louisiana   23. Maine   24. Maryland
25. Massachusetts   26. Michigan   27. Minnesota
28. Mississippi   29. Missouri   30. Montana
31. Nebraska   32. Nevada   33. New Hampshire
34. New Jersey   35. New Mexico   36. New York
37. North Carolina   38. North Dakota   39. Ohio
40. Oklahoma   41. Oregon   42. Pennsylvania
44. Rhode Island   45. South Carolina   46. South Dakota
47. Tennessee   48. Texas   49. Utah
50. Vermont   51. Virginia   53. Washington
54. West Virginia   55. Wisconsin   56. Wyoming"
V242058x,PRE-POST: SUMMARY: STATE OF REGISTRATION (ALL REGISTERED VOTERS) 346 CODEBOOK: VARIABLES,,-1. Inapplicable,"1. Alabama  2. Alaska  4. Arizona
5. Arkansas  6. California  8. Colorado
9. Connecticut  10. Delaware
11. District of Columbia (Washington DC)
12. Florida  13. Georgia   15. Hawaii
16. Idaho   17. Illinois   18. Indiana
19. Iowa   20. Kansas   21. Kentucky
22. Louisiana   23. Maine   24. Maryland
25. Massachusetts   26. Michigan   27. Minnesota
28. Mississippi   29. Missouri   30. Montana
31. Nebraska   32. Nevada   33. New Hampshire
34. New Jersey   35. New Mexico   36. New York
37. North Carolina   38. North Dakota   39. Ohio
40. Oklahoma   41. Oregon   42. Pennsylvania
44. Rhode Island   45. South Carolina   46. South Dakota
47. Tennessee   48. Texas   49. Utah
50. Vermont   51. Virginia   53. Washington
54. West Virginia   55. Wisconsin   56. Wyoming"
V242059,POST: STATE OF REGISTRATION FOR POST VOTE SAME AS SAMPLE ADDRESS STATE (PRE NONVOTER),,"-7. Insuﬃcient partial, interview deleted
-6. No post interview
-1. Inapplicable","0. State of registration not the same as state of sample address
1. State of registration same as state of sample address"
V242060a,POST: SENATE RACE IN STATE OF REGISTRATION (PRE NONVOTER),,-1. Inapplicable,"0. No Senate race in state of registration
1. Senate race in state of registration"
V242060b,POST: GOVERNOR RACE IN STATE OF REGISTRATION (PRE NONVOTER),,-1. Inapplicable,"0. No Governor race in state of registration
1. Governor race in state of registration"
V242061,POST: PARTY REGISTRATION IN STATE OF REGISTRATION (PRE NONVOTER),,-1. Inapplicable,"0. No party registration in state of registration
1. Party registration in state of registration"
V242062,POST: HOW LONG HAS R BEEN REGISTERED AT VOTING ADDRESS Survey Question(s)POSTVOTE_REGYRS Universe IF R SAID REGISTERED IN THE POST SURVEY:,How many years have you been registered to vote at [this/that] address? POST-ELECTION SURVEY VARIABLES 347,"-9. Refused
-8. Don’t know
-7. Insuﬃcient partial, interview deleted
-6. No post interview
-1. Inapplicable",
V242063,RESTRICTED: POST: NAME UNDER WHICH R IS REGISTERED TO VOTE Survey Question(s)POSTVOTE_REGNAME Universe IF R INDICATED REGISTERED TO VOTE IN THE POST SURVEY:,Some people register to vote under their full name and others use diﬀerent versions of their name. Others might have changed their name since they registered. What about you? Under what name are you registered to vote?,-3. RESTRICTED,
V242064,"POST: POLITICAL PARTY R IS REGISTERED WITH, IF ANY Survey Question(s)POSTVOTE_REGPTY Universe IF R INDICATED REGISTERED TO VOTE IN THE POST SURVEY: IF R IS REGISTERED TO VOTE IN STATE WHERE PARTY MAY BE REGISTERED:","What political party are you registered with, if any?","-7. Insuﬃcient partial, interview deleted
-6. No post interview
-1. Inapplicable","1. Democratic party
2. Republican party
4. None or ‘independent’
5. Other party {SPECIFY}"
V242064z,"POST: POLITICAL PARTY R IS REGISTERED WITH, IF ANY {OTHER/SPECIFY} 348 CODEBOOK: VARIABLES Survey Question(s)POSTVOTE_REGPTY Universe IF R INDICATED REGISTERED TO VOTE IN THE POST SURVEY: IF R IS REGISTERED TO VOTE IN STATE WHERE PARTY MAY BE REGISTERED:","What political party are you registered with, if any?",-2. Open-end responses available in separate ﬁle,
V242065,"POST: DID R VOTE IN THE 2024 ELECTION Survey Question(s) POSTVOTE_RVOTE, PAPI POST Q14 Note: The following speciﬁcations were implemented exclusively in the computerized survey instrument and are not applicable to the paper questionnaire. Universe IF R DID NOT REPORT IN THE PRE THAT R ALREADY VOTED:","In talking to people about elections, we often ﬁnd that a lot of people were not able to vote because they weren’t registered, they were sick, or they just didn’t have time. Which of the following statements best describes you: One, I did not vote (in the election this November); Two, I thought about voting this time, but didn’t; Three, I usually vote, but didn’t this time; or Four, I am sure I voted?","-9. Refused
-8. Don’t know
-7. Insuﬃcient partial, interview deleted
-6. No post interview
-1. Inapplicable","1. I did not vote (in the election this November)
2. I thought about voting this time, but didn’t
3. I usually vote, but didn’t this time
4. I am sure I voted"
V242066,POST: DID R VOTE FOR PRESIDENT Survey Question(s)POSTVOTE_PRESVT Universe IF R REPORTED IN THE POST SURVEY THAT R VOTED: POST-ELECTION SURVEY VARIABLES 349,How about the election for President? Did you vote for a candidate for President?,"-7. Insuﬃcient partial, interview deleted
-6. No post interview
-1. Inapplicable","1. Yes, voted for President
2. No, didn’t vote for President"
V242067,"POST: FOR WHOM DID R VOTE FOR PRESIDENT Survey Question(s)POSTVOTE_PRESVTWHO Universe IF R REPORTED IN THE POST THAT R VOTED FOR PRESIDENT: Randomization Order of Democratic Pres cand and Republican Pres cand names, according to candidateorder assigned in Pre (other response options in ﬁxed order 3rd, 4th, 5th positions) Response OrderRandomize 2 major parties","Who did you vote for? [ Kamala Harris (Democrat), Donald Trump (Republican) / Donald Trump (Republican), Kamala Harris (Democrat)], Cornel West (Independent), Jill Stein (Green), or someone else?","-9. Refused
-8. Don’t know
-7. Insuﬃcient partial, interview deleted
-6. No post interview
-1. Inapplicable","1. Kamala Harris
2. Donald Trump
4. Cornel West
5. Jill Stein
6. Another candidate {SPECIFY}"
V242067z,"POST: FOR WHOM DID R VOTE FOR PRESIDENT {OTHER/SPECIFY} Survey Question(s)POSTVOTE_PRESVTWHO Universe IF R REPORTED IN THE POST THAT R VOTED FOR PRESIDENT: Randomization Order of Democratic Pres cand and Republican Pres cand names, according to candidateorder assigned in Pre (other response options in ﬁxed order 3rd, 4th, 5th positions) Response OrderRandomize 2 major parties","Who did you vote for? [ Kamala Harris (Democrat), Donald Trump (Republican) / Donald Trump (Republican), Kamala Harris (Democrat)], Cornel West (Independent), Jill Stein (Green), or someone else?",-2. Open-end responses available in separate ﬁle,
V242068,POST: PAPER: FOR WHOM DID R VOTE FOR PRESIDENT 350 CODEBOOK: VARIABLES Survey Question(s)PAPI POST Q15,"How about the election for President? Who did you vote for, or did you not vote for President?","-9. Refused
-7. Insuﬃcient partial, interview deleted
-6. No post interview
-4. Error
-1. Inapplicable","1. Didn’t vote for President
2. Donald Trump
3. Kamala Harris
4. Robert F . Kennedy, Jr.
5. Cornel West
6. Jill Stein
7. Other"
V242069,POST: STRENGTH OF PREFERENCE FOR THE CANDIDATE THAT R VOTED FOR Survey Question(s)POSTVOTE_PRESSTR Universe IF R ANSWERED WHICH PRESIDENTIAL CANDIDATE THEY VOTED FOR:,Would you say your preference for this candidate was strong or not strong?,"-9. Refused
-7. Insuﬃcient partial, interview deleted
-6. No post interview
-1. Inapplicable","1. Strong
2. Not strong"
V242070,POST: HOW LONG BEFORE ELECTION DID R DECIDE HOW THEY WERE GOING TO VOTE Survey Question(s)POSTVOTE_VTPRESDEC Universe IF R ANSWERED WHICH PRESIDENTIAL CANDIDATE THEY VOTED FOR:,How long before Election day did you decide that you were going to vote the way you did? POST-ELECTION SURVEY VARIABLES 351,"-9. Refused
-8. Don’t know
-7. Insuﬃcient partial, interview deleted
-6. No post interview
-1. Inapplicable","1. 0-2 weeks
2. 3-4 weeks
3. 2 months
4. 3 months
5. 4 months
6. 5 months
7. 6+ months"
V242071,POST: DID R (DID NOT VOTE) PREFER ONE OF THE CANDIDATES FOR PRESIDENT Survey Question(s)POSTVOTE_PREFPRES Universe IF R DID NOT REPORT IN THE POST SURVEY THAT R VOTED:,Did you prefer one of the candidates in the November election for President?,"-9. Refused
-7. Insuﬃcient partial, interview deleted
-6. No post interview
-1. Inapplicable","1. Yes
2. No"
V242072,"POST: WHO DID R (DID NOT VOTE) PREFER Survey Question(s)POSTVOTE_PREFPRWHO Universe IF R DID NOT VOTE BUT PREFERRED A PRESIDENTIAL CANDIDATE: Randomization Order of Democratic Pres cand and Republican Pres cand names, according to candidateorder assigned in Pre (other response options in ﬁxed order 3rd, 4th, 5th positions) Response OrderRandomize 2 major parties","Who did you prefer? [ Kamala Harris (Democrat), Donald Trump (Republican) / Donald Trump (Republican), Kamala Harris (Democrat)], Cornel West (Independent), Jill Stein (Green), or someone else? 352 CODEBOOK: VARIABLES","-9. Refused
-7. Insuﬃcient partial, interview deleted
-6. No post interview
-1. Inapplicable","1. Kamala Harris
2. Donald Trump
4. Cornel West
5. Jill Stein
6. Another candidate {SPECIFY}"
V242072z,"POST: WHO DID R (DID NOT VOTE) PREFER {OTHER/SPECIFY} Survey Question(s)POSTVOTE_PREFPRWHO Universe IF R DID NOT VOTE BUT PREFERRED A PRESIDENTIAL CANDIDATE: Randomization Order of Democratic Pres cand and Republican Pres cand names, according to candidateorder assigned in Pre (other response options in ﬁxed order 3rd, 4th, 5th positions) Response OrderRandomize 2 major parties","Who did you prefer? [ Kamala Harris (Democrat), Donald Trump (Republican) / Donald Trump (Republican), Kamala Harris (Democrat)], Cornel West (Independent), Jill Stein (Green), or someone else?",-2. Open-end responses available in separate ﬁle,
V242073,POST: STRENGTH OF R’S (DID NOT VOTE) PREFERENCE Survey Question(s)POSTVOTE_PREFPRSTR Universe IF R ANSWERED WHICH PRESIDENTIAL CANDIDATE THEY PREFERRED:,Would you say your preference for this candidate was strong or not strong? POST-ELECTION SURVEY VARIABLES 353,"-8. Don’t know
-7. Insuﬃcient partial, interview deleted
-6. No post interview
-1. Inapplicable","1. Strong
2. Not strong"
V242074,POST: DID R VOTE FOR US HOUSE OF REPRESENTATIVES Survey Question(s)POSTVOTE_VOTEHS Universe IF R REPORTED IN THE POST SURVEY THAT R VOTED:,How about the election for the House of Representatives in Washington. Did you vote for a candidate for the U.S. House of Representatives?,"-9. Refused
-8. Don’t know
-7. Insuﬃcient partial, interview deleted
-6. No post interview
-1. Inapplicable","1. Yes, voted for House of Representatives
2. No, didn’t vote for House of Representatives"
V242075,POST: WHAT IS THE PARTY OF THE US HOUSE CANDIDATE FOR WHICH R VOTED Survey Question(s)POSTVOTE_HSVTWHO Universe IF R SAID IN THE POST SURVEY THAT THEY VOTED FOR U.S. HOUSE OF REPRESENTATIVES: 354 CODEBOOK: VARIABLES Randomization Order of response options 1-2 according to value in var candidateorder. Response OrderRandomize 2 major parties,What is the party of the House candidate you voted for?,"-9. Refused
-8. Don’t know
-7. Insuﬃcient partial, interview deleted
-6. No post interview
-1. Inapplicable","1. Democratic Party
2. Republican Party
5. Another party {SPECIFY}"
V242075z,POST: WHAT IS THE PARTY OF THE US HOUSE CANDIDATE FOR WHICH R VOTED {OTHER/SPECIFY} Survey Question(s)POSTVOTE_HSVTWHO Universe IF R SAID IN THE POST SURVEY THAT THEY VOTED FOR U.S. HOUSE OF REPRESENTATIVES: Randomization Order of response options 1-2 according to value in var candidateorder. Response OrderRandomize 2 major parties,What is the party of the House candidate you voted for?,-2. Open-end responses available in separate ﬁle,
V242076,POST: PAPER: FOR WHOM DID R VOTE FOR US HOUSE OF REPRESENTATIVES Survey Question(s)PAPI POST Q16,"Who did you vote for in the election for the U.S. House of Representatives, or did you not vote?","-9. Refused
-7. Insuﬃcient partial, interview deleted
-6. No post interview
-4. Error
-1. Inapplicable","1. Didn’t vote for US House of Representatives
2. Democratic party candidate
3. Republican party candidate
4. Other"
V242077,POST: DID R (DID NOT VOTE) PREFER ONE OF THE US HOUSE CANDIDATES Survey Question(s)POSTVOTE_HSPREF Universe IF R DID NOT REPORT IN THE POST SURVEY THAT R VOTED:,How about the election for the House of Representatives in Washington? Did you prefer one of the candidates for the U.S. House of Representatives? POST-ELECTION SURVEY VARIABLES 355,"-9. Refused
-7. Insuﬃcient partial, interview deleted
-6. No post interview
-1. Inapplicable","1. Yes
2. No"
V242078,POST: WHAT IS THE PARTY OF US HOUSE CANDIDATE THAT R (DID NOT VOTE) PREFERS Survey Question(s)POSTVOTE_HSPREFWHO Universe IF R DID NOT VOTE BUT PREFERRED A CANDIDATE FOR U.S. HOUSE: Randomization Order of response options 1-2 according to value in var candidateorder. Response OrderRandomize 2 major parties,What is the party of the House candidate you preferred?,"-9. Refused
-7. Insuﬃcient partial, interview deleted
-6. No post interview
-1. Inapplicable","1. Democratic Party
2. Republican Party
5. Another party {SPECIFY}"
V242078z,POST: WHAT IS THE PARTY OF US HOUSE CANDIDATE THAT R (DID NOT VOTE) PREFERS {OTHER/SPECIFY} Survey Question(s)POSTVOTE_HSPREFWHO Universe IF R DID NOT VOTE BUT PREFERRED A CANDIDATE FOR U.S. HOUSE: Randomization Order of response options 1-2 according to value in var candidateorder. Response OrderRandomize 2 major parties 356 CODEBOOK: VARIABLES,What is the party of the House candidate you preferred?,-2. Open-end responses available in separate ﬁle,
V242079,POST: DID R VOTE FOR US SENATE Survey Question(s)POSTVOTE_VOTESEN Universe IF R REPORTED IN THE POST SURVEY THAT R VOTED: IF A SENATE RACE WAS HELD IN REGISTRATION STATE:,How about the election for the United States Senate? Did you vote for a candidate for the U.S. Senate?,"-9. Refused
-8. Don’t know
-7. Insuﬃcient partial, interview deleted
-6. No post interview
-1. Inapplicable","1. Yes, voted for Senate
2. No, didn’t vote for Senate"
V242080,POST: WHO DID R VOTE FOR US SENATE Survey Question(s)POSTVOTE_VTSENWHO Universe IF R VOTED FOR U.S. SENATE: Randomization Order of response options 1-2 according to value in var candidateorder. Response OrderRandomize 2 major parties,Who did you vote for?,"-9. Refused
-8. Don’t know
-7. Insuﬃcient partial, interview deleted
-6. No post interview
-1. Inapplicable","1. Democratic Senate candidate
2. Republican Senate candidate
3. Independent candidate
5. Another candidate {SPECIFY}"
V242080z,POST: WHO DID R VOTE FOR US SENATE {OTHER/SPECIFY} Survey Question(s)POSTVOTE_VTSENWHO Universe IF R VOTED FOR U.S. SENATE: POST-ELECTION SURVEY VARIABLES 357 Randomization Order of response options 1-2 according to value in var candidateorder. Response OrderRandomize 2 major parties,Who did you vote for?,-2. Open-end responses available in separate ﬁle,
V242081,POST: DID R (DID NOT VOTE) PREFER ONE OF THE US SENATE CANDIDATES Survey Question(s)POSTVOTE_SENPREF Universe IF R DID NOT REPORT IN THE POST SURVEY THAT R VOTED: IF A SENATE RACE WAS HELD IN REGISTRATION STATE:,How about the election for the United States Senate? Did you prefer one of the candidates for the U.S. Senate?,"-9. Refused
-7. Insuﬃcient partial, interview deleted
-6. No post interview
-1. Inapplicable","1. Yes
2. No"
V242082,POST: WHO DID R (DID NOT VOTE) PREFER FOR US SENATE Survey Question(s)POSTVOTE_SENPREFWHO Universe IF R DID NOT VOTE BUT PREFERS A CANDIDATE FOR U.S. SENATE: Randomization Order of response options 1-2 according to value in var candidateorder. Response OrderRandomize 2 major parties,Who did you prefer?,"-7. Insuﬃcient partial, interview deleted
-6. No post interview
-1. Inapplicable","1. Democratic Senate candidate
2. Republican Senate candidate
3. Independent candidate
5. Another candidate {SPECIFY}"
V242082z,POST: WHO DID R (DID NOT VOTE) PREFER FOR US SENATE {OTHER/SPECIFY} Survey Question(s)POSTVOTE_SENPREFWHO Universe IF R DID NOT VOTE BUT PREFERS A CANDIDATE FOR U.S. SENATE: Randomization Order of response options 1-2 according to value in var candidateorder. Response OrderRandomize 2 major parties,Who did you prefer? 358 CODEBOOK: VARIABLES,-2. Open-end responses available in separate ﬁle,
V242083,POST: DID R VOTE FOR US SENATE - SPECIAL SENATE ELECTION Survey Question(s)POSTVOTE_VOTESEN2 Universe IF R REPORTED IN THE POST SURVEY THAT R VOTED: IF A SPECIAL SENATE RACE WAS HELD IN REGISTRATION STATE:,How about the special election for the United States Senate seat now held by the Republican Pete Ricketts? Did you vote for a candidate for the U.S. Senate?,"-7. Insuﬃcient partial, interview deleted
-6. No post interview
-1. Inapplicable","1. Yes, voted for Senate
2. No, didn’t vote for Senate"
V242084,POST: WHO DID R VOTE FOR US SENATE - SPECIAL SENATE ELECTION Survey Question(s)POSTVOTE_VTSEN2WHO Universe IF R VOTED FOR U.S. SPECIAL SENATE ELECTION: Randomization Order of response options 1-2 according to value in var candidateorder. Response OrderRandomize 2 major parties POST-ELECTION SURVEY VARIABLES 359,Who did you vote for?,"-7. Insuﬃcient partial, interview deleted
-6. No post interview
-1. Inapplicable","1. Democratic Senate candidate
2. Republican Senate candidate
3. Independent Senate candidate
5. Another candidate {SPECIFY}"
V242084z,POST: WHO DID R VOTE FOR US SENATE {OTHER/SPECIFY} - SPECIAL SENATE ELECTION Survey Question(s)POSTVOTE_VTSEN2WHO Universe IF R VOTED FOR U.S. SPECIAL SENATE ELECTION: Randomization Order of response options 1-2 according to value in var candidateorder. Response OrderRandomize 2 major parties,Who did you vote for?,-2. Open-end responses available in separate ﬁle,
V242085,POST: DID R (DID NOT VOTE) PREFER ONE OF THE US SENATE CANDIDATES - SPECIAL SENATE ELECTION Survey Question(s)POSTVOTE_SENPREF2 Universe IF R DID NOT REPORT IN THE POST SURVEY THAT R VOTED: IF A SPECIAL SENATE RACE WAS HELD IN REGISTRATION STATE:,How about the special election for the United States Senate seat now held by the Republican Pete Ricketts? Did you prefer one of the candidates for the U.S. Senate?,"-7. Insuﬃcient partial, interview deleted
-6. No post interview
-1. Inapplicable","1. Yes
2. No"
V242086,POST: WHO DID R (DID NOT VOTE) PREFER FOR US SENATE - SPECIAL SENATE ELECTION Survey Question(s)POSTVOTE_SENPREF2WHO 360 CODEBOOK: VARIABLES Universe IF R DID NOT VOTE BUT PREFERS A CANDIDATE FOR U.S. SPECIAL SENATE ELECTION: Randomization Order of response options 1-2 according to value in var candidateorder. Response OrderRandomize 2 major parties,Who did you prefer?,"-7. Insuﬃcient partial, interview deleted
-6. No post interview
-1. Inapplicable","1. Democratic Senate candidate
2. Republican Senate candidate
3. Independent Senate candidate
5. Another candidate {SPECIFY}"
V242086z,POST: WHO DID R (DID NOT VOTE) PREFER FOR US SENATE {OTHER/SPECIFY} - SPECIAL SENATE ELECTION Survey Question(s)POSTVOTE_SENPREF2WHO Universe IF R DID NOT VOTE BUT PREFERS A CANDIDATE FOR U.S. SPECIAL SENATE ELECTION: Randomization Order of response options 1-2 according to value in var candidateorder. Response OrderRandomize 2 major parties,Who did you prefer?,-2. Open-end responses available in separate ﬁle,
V242087,POST: DID R VOTE FOR GOVERNOR Survey Question(s)POSTVOTE_VOTEGOV Universe IF R REPORTED IN THE POST SURVEY THAT R VOTED: IF A GUBERNATORIAL RACE WAS HELD IN REGISTRATION STATE:,How about the election for Governor? Did you vote for a candidate for Governor?,"-9. Refused
-8. Don’t know
-7. Insuﬃcient partial, interview deleted
-6. No post interview
-1. Inapplicable","1. Yes, voted for governor
2. No, didn’t vote for governor"
V242088,POST WHO DID R VOTE FOR GOVERNOR Survey Question(s)POSTVOTE_VTGOVWHO Universe IF R VOTED FOR GOVERNOR: Randomization Order of response options 1-2 according to value in var candidateorder. Response OrderRandomize 2 major parties,Who did you vote for? POST-ELECTION SURVEY VARIABLES 361,"-9. Refused
-8. Don’t know
-7. Insuﬃcient partial, interview deleted
-6. No post interview
-1. Inapplicable","1. Democratic Gubernatorial candidate
2. Republican Gubernatorial candidate
3. Independent Gubernatorial candidate
5. Another candidate {SPECIFY}"
V242088z,POST WHO DID R VOTE FOR GOVERNOR {OTHER/SPECIFY} Survey Question(s)POSTVOTE_VTGOVWHO Universe IF R VOTED FOR GOVERNOR: Randomization Order of response options 1-2 according to value in var candidateorder. Response OrderRandomize 2 major parties,Who did you vote for?,-2. Open-end responses available in separate ﬁle,
V242089,POST: DID R (DID NOT VOTE) PREFER ONE OF THE GUBERNATORIAL CANDIDATES Survey Question(s)POSTVOTE_GOVPREF Universe IF R DID NOT REPORT IN THE POST SURVEY THAT R VOTED: IF A GUBERNATORIAL RACE WAS HELD IN STATE OF RESIDENCE: 362 CODEBOOK: VARIABLES,How about the election for Governor? Did you prefer one of the candidates for Governor?,"-7. Insuﬃcient partial, interview deleted
-6. No post interview
-1. Inapplicable","1. Yes
2. No"
V242090,POST: WHO DID R (DID NOT VOTE) PREFER FOR GOVERNOR Survey Question(s)POSTVOTE_GOVPREFWHO Universe IF R DID NOT VOTE BUT PREFERS A CANDIDATE FOR R GOVERNOR: Randomization Order of response options 1-2 according to value in var candidateorder. Response OrderRandomize 2 major parties,Who did you prefer?,"-7. Insuﬃcient partial, interview deleted
-6. No post interview
-1. Inapplicable","1. Democratic Gubernatorial candidate
2. Republican Gubernatorial candidate
3. Independent Gubernatorial candidate
5. Another candidate {SPECIFY}"
V242090z,POST: WHO DID R (DID NOT VOTE) PREFER FOR GOVERNOR {OTHER/SPECIFY} Survey Question(s)POSTVOTE_GOVPREFWHO Universe IF R DID NOT VOTE BUT PREFERS A CANDIDATE FOR R GOVERNOR: Randomization Order of response options 1-2 according to value in var candidateorder. Response OrderRandomize 2 major parties,Who did you prefer?,-2. Open-end responses available in separate ﬁle,
V242091x,"POST: SUMMARY:POST-ELECTION PRESIDENTIAL VOTE/PREFERENCE POST-ELECTION SURVEY VARIABLES 363 Survey Question(s)POSTVOTE_PRESVTWHO, POSTVOTE_PREFPRWHO, PAPI POST Q15",,"-7. Insuﬃcient partial, interview deleted
-6. No post interview
-2. Missing, no post vote/preference data: DK/RF/INAP","10. Democratic candidate selected (vote)
11. Republican candidate selected (vote)
12. Other candidate selected (vote)
30. Democratic candidate selected (preference; nonvoter)
31. Republican candidate selected (preference; nonvoter)
32. Other candidate selected (preference; nonvoter)"
V242092x,"POST: SUMMARY:PARTY OF POST-ELECTION US HOUSE VOTE/PREFERENCE Survey Question(s)POSTVOTE_HSVTWHO,POSTVOTE_ HSPREFWHO",,"-7. Insuﬃcient partial, interview deleted
-6. No post interview
-2. Missing, no post vote/preference data: DK/RF/INAP","10. Democratic candidate selected (vote)
11. Republican candidate selected (vote)
12. Other candidate selected (vote)
30. Democratic candidate selected (preference; nonvoter)
31. Republican candidate selected (preference; nonvoter)
32. Other candidate selected (preference; nonvoter)"
V242093x,"POST: SUMMARY:PARTY OF POST-ELECTION US SENATE VOTE/PREFERENCE Survey Question(s)POSTVOTE_VTSENWHO, POSTVOTE_SENPREFWHO",,"-7. Insuﬃcient partial, interview deleted
-6. No post interview
-2. Missing, no post vote/preference data: DK/RF/INAP","10. Democratic candidate selected (vote)
11. Republican candidate selected (vote)
12. Other candidate selected (vote)
30. Democratic candidate selected (preference; nonvoter)
31. Republican candidate selected (preference; nonvoter)
32. Other candidate selected (preference; nonvoter)"
V242094x,"POST: SUMMARY:PARTY OF POST-ELECTION GUBERNATORIAL VOTE/PREFERENCE 364 CODEBOOK: VARIABLES Survey Question(s)POSTVOTE_VTGOVWHO, POSTVOTE_GOVPREFWHO",,"-7. Insuﬃcient partial, interview deleted
-6. No post interview
-2. Missing, no post vote/preference data: DK/RF/INAP","10. Democratic candidate selected (vote)
11. Republican candidate selected (vote)
12. Other candidate selected (vote)
30. Democratic candidate selected (preference; nonvoter)
31. Republican candidate selected (preference; nonvoter)
32. Other candidate selected (preference; nonvoter)"
V242095x,"PRE-POST: SUMMARY: VOTER TURNOUT IN 2024 Survey Question(s)PREVOTE_VCONF , POSTVOTE_RVOTE, PAPI POST Q14",,"-7. Insuﬃcient partial, interview deleted
-6. No post interview
-2. Not reported","0. Did not vote
1. Voted"
V242096x,"PRE-POST: SUMMARY: 2024 PRESIDENTIAL VOTE Survey Question(s)PREVOTE_PRESVTWHO, POSTVOTE_PRESVTWHO, PAPI POST Q15",,"-7. Insuﬃcient partial, interview deleted
-6. No post interview
-2. Missing, no pre/post vote data: DK/RF/INAP","1. Kamala Harris
2. Donald Trump
3. Robert F . Kennedy, Jr
4. Cornel West
5. Jill Stein
6. Other"
V242097x,"PRE-POST: SUMMARY: PARTY OF 2024 US HOUSE VOTE POST-ELECTION SURVEY VARIABLES 365 Survey Question(s)PREVOTE_HSVTWHO, POSTVOTE_HSVTWHO, PAPI POST Q16",,"-7. Insuﬃcient partial, interview deleted
-6. No post interview
-2. Missing, no pre/post vote data: DK/RF/INAP","1. Voted for Democratic candidate
2. Voted for Republican candidate
3. Voted for other candidate"
V242098x,"PRE-POST: SUMMARY: PARTY OF 2024 US SENATE VOTE Survey Question(s)PREVOTE_VTSENWHO, POSTVOTE_VTSENWHO",,"-7. Insuﬃcient partial, interview deleted
-6. No post interview
-2. Missing, no pre/post vote data: DK/RF/INAP","1. Voted for Democratic candidate
2. Voted for Republican candidate
3. Voted for other candidate"
V242099x,"PRE-POST: SUMMARY: PARTY OF 2024 GOVERNOR VOTE Survey Question(s)PREVOTE_VTGOVWHO, POSTVOTE_VTGOVWHO",,"-7. Insuﬃcient partial, interview deleted
-6. No post interview
-2. Missing, no pre/post vote data: DK/RF/INAP","1. Voted for Democratic candidate
2. Voted for Republican candidate
3. Voted for other candidate"
V242100a,POST: REASON R IS NOT REGISTERED - DID NOT MEET REGISTRATION DEADLINES Survey Question(s)NONREG_REASON Universe IF R IS NOT REGISTERED TO VOTE:,What is the main reason you are not registered to vote? You can just give me the number or numbers of your choices. 366 CODEBOOK: VARIABLES,"-9. Refused
-7. Insuﬃcient partial, interview deleted
-6. No post interview
-5. Suﬃcient partial, breakoﬀ
-1. Inapplicable","0. Not mentioned
1. Mentioned"
V242100b,POST: REASON R IS NOT REGISTERED - DID NOT KNOW WHERE OR HOW TO REGISTER Survey Question(s)NONREG_REASON Universe IF R IS NOT REGISTERED TO VOTE:,What is the main reason you are not registered to vote? You can just give me the number or numbers of your choices.,"-9. Refused
-7. Insuﬃcient partial, interview deleted
-6. No post interview
-5. Suﬃcient partial, breakoﬀ
-1. Inapplicable","0. Not mentioned
1. Mentioned"
V242100c,POST: REASON R IS NOT REGISTERED - DID NOT MEET RESIDENCY REQUIREMENTS Survey Question(s)NONREG_REASON POST-ELECTION SURVEY VARIABLES 367 Universe IF R IS NOT REGISTERED TO VOTE:,What is the main reason you are not registered to vote? You can just give me the number or numbers of your choices.,"-9. Refused
-7. Insuﬃcient partial, interview deleted
-6. No post interview
-5. Suﬃcient partial, breakoﬀ
-1. Inapplicable","0. Not mentioned
1. Mentioned"
V242100d,POST: REASON R IS NOT REGISTERED - REGISTRATION FORM WAS NOT PROCESSED CORRECTLY Survey Question(s)NONREG_REASON Universe IF R IS NOT REGISTERED TO VOTE:,What is the main reason you are not registered to vote? You can just give me the number or numbers of your choices.,"-9. Refused
-7. Insuﬃcient partial, interview deleted
-6. No post interview
-5. Suﬃcient partial, breakoﬀ
-1. Inapplicable","0. Not mentioned
1. Mentioned"
V242100,ePOST: REASON R IS NOT REGISTERED - DID NOT HAVE REQUIRED IDENTIFICATION Survey Question(s)NONREG_REASON Universe IF R IS NOT REGISTERED TO VOTE:,What is the main reason you are not registered to vote? You can just give me the number or numbers of your choices.,"-9. Refused
-7. Insuﬃcient partial, interview deleted
-6. No post interview
-5. Suﬃcient partial, breakoﬀ
-1. Inapplicable","0. Not mentioned
1. Mentioned"
V242100,fPOST: REASON R IS NOT REGISTERED - NOT INTERESTED IN THE ELECTION 368 CODEBOOK: VARIABLES Survey Question(s)NONREG_REASON Universe IF R IS NOT REGISTERED TO VOTE:,What is the main reason you are not registered to vote? You can just give me the number or numbers of your choices.,"-9. Refused
-7. Insuﬃcient partial, interview deleted
-6. No post interview
-5. Suﬃcient partial, breakoﬀ
-1. Inapplicable","0. Not mentioned
1. Mentioned"
V242100g,POST: REASON R IS NOT REGISTERED - MY VOTE WOULD NOT MAKE A DIFFERENCE Survey Question(s)NONREG_REASON Universe IF R IS NOT REGISTERED TO VOTE:,What is the main reason you are not registered to vote? You can just give me the number or numbers of your choices.,"-9. Refused
-7. Insuﬃcient partial, interview deleted
-6. No post interview
-5. Suﬃcient partial, breakoﬀ
-1. Inapplicable","0. Not mentioned
1. Mentioned"
V242100,hPOST: REASON R IS NOT REGISTERED - PERMANENT ILLNESS OR DISABILITY Survey Question(s)NONREG_REASON Universe IF R IS NOT REGISTERED TO VOTE:,What is the main reason you are not registered to vote? You can just give me the number or numbers of your choices. POST-ELECTION SURVEY VARIABLES 369,"-9. Refused
-7. Insuﬃcient partial, interview deleted
-6. No post interview
-5. Suﬃcient partial, breakoﬀ
-1. Inapplicable","0. Not mentioned
1. Mentioned"
V242100i,POST: REASON R IS NOT REGISTERED - DIFFICULTY WITH ENGLISH Survey Question(s)NONREG_REASON Universe IF R IS NOT REGISTERED TO VOTE:,What is the main reason you are not registered to vote? You can just give me the number or numbers of your choices.,"-9. Refused
-7. Insuﬃcient partial, interview deleted
-6. No post interview
-5. Suﬃcient partial, breakoﬀ
-1. Inapplicable","0. Not mentioned
1. Mentioned"
V242100,jPOST: REASON R IS NOT REGISTERED - NOT ELIGIBLE TO VOTE Survey Question(s)NONREG_REASON 370 CODEBOOK: VARIABLES Universe IF R IS NOT REGISTERED TO VOTE:,What is the main reason you are not registered to vote? You can just give me the number or numbers of your choices.,"-9. Refused
-7. Insuﬃcient partial, interview deleted
-6. No post interview
-5. Suﬃcient partial, breakoﬀ
-1. Inapplicable","0. Not mentioned
1. Mentioned"
V242100,kPOST: REASON R IS NOT REGISTERED - OTHER Survey Question(s)NONREG_REASON Universe IF R IS NOT REGISTERED TO VOTE:,What is the main reason you are not registered to vote? You can just give me the number or numbers of your choices.,"-9. Refused
-7. Insuﬃcient partial, interview deleted
-6. No post interview
-5. Suﬃcient partial, breakoﬀ
-1. Inapplicable","0. Not mentioned
1. Mentioned"
V242101,POST: REASON R IS NOT REGISTERED - OTHER {SPECIFY} Survey Question(s)NONREG_OTHREASON Universe IF REASON R IS NOT REGISTERED WAS GIVEN AS ‘OTHER’:,You said there were other reasons you are not registered to vote. What are those reasons?,-2. Open-end responses available in separate ﬁle,
V242102,POST: WHEN R VOTED IN 2024 ELECTION POST-ELECTION SURVEY VARIABLES 371 Survey Question(s)VOTEEXP_WHENVOTE Universe IF R VOTED:,"When did you cast your vote in the 2024 general election? On election day, a few days before the election day, or a week or more before the election day?","-8. Don’t know
-7. Insuﬃcient partial, interview deleted
-6. No post interview
-5. Suﬃcient partial, breakoﬀ
-1. Inapplicable","1. On election day
2. A few days before election day
3. A week or more before election day"
V242103,POST: PAPER: WHEN R VOTED IN 2024 ELECTION Survey Question(s)PAPI POST Q18,"Did you vote on election day, before election day, or did you not vote?","-9. Refused
-7. Insuﬃcient partial, interview deleted
-6. No post interview
-5. Suﬃcient partial, breakoﬀ
-1. Inapplicable","1. On election day (Tuesday, November 5)
2. Before election day
3. I did not vote"
V242104x,"POST: SUMMARY: WHEN R VOTED IN 2024 ELECTION Survey Question(s)POSTVOTE_RVOTE, VOTEEXP_WHENVOTE, PAPI POST Q18",,"-9. Refused
-7. Insuﬃcient partial, interview deleted
-6. No post interview
-5. Suﬃcient partial, breakoﬀ
-1. Inapplicable","1. On election day
2. Before election day
3. Did not vote"
V242105,POST: HOW R VOTED IN 2024 ELECTION Survey Question(s)VOTEEXP_HOWVOTE Universe IF R VOTED:,"How did you vote? In person at the polling place, or by mail or absentee ballot? 372 CODEBOOK: VARIABLES","-7. Insuﬃcient partial, interview deleted
-6. No post interview
-5. Suﬃcient partial, breakoﬀ
-1. Inapplicable","1. In person, at the polling place
2. By mail or absentee ballot"
V242106,POST: PAPER: HOW R VOTED IN 2024 ELECTION Survey Question(s)PAPI POST Q17,"How did you vote? In person at the polling place, by mail or absentee ballot, or did you not vote?","-9. Refused
-7. Insuﬃcient partial, interview deleted
-6. No post interview
-5. Suﬃcient partial, breakoﬀ
-1. Inapplicable","1. In person, at polling place
2. By mail or absentee ballot
3. I did not vote"
V242107x,"POST: SUMMARY: HOW R VOTED IN 2024 ELECTION Survey Question(s)POSTVOTE_RVOTE, VOTEEXP_HOWVOTE, PAPI POST Q17",,"-9. Refused
-7. Insuﬃcient partial, interview deleted
-6. No post interview
-5. Suﬃcient partial, breakoﬀ
-1. Inapplicable","1. In person, at polling place
2. By mail or absentee ballot
3. Did not vote"
V242108,POST: HOW DOES R USUALLY VOTE POST-ELECTION SURVEY VARIABLES 373 Survey Question(s)VOTEEXP_USUALVOTE Universe IF R VOTED:,"Thinking back to previous elections, how do you usually vote? In- person at the polling place, by mail or absentee ballot, or is this your ﬁrst time voting?","-9. Refused
-8. Don’t know
-7. Insuﬃcient partial, interview deleted
-6. No post interview
-5. Suﬃcient partial, breakoﬀ
-1. Inapplicable","1. In-person, at the polling place
2. By mail or absentee ballot
3. This is my ﬁrst time voting"
V242109,POST: PAPER: HOW DOES R USUALLY VOTE Survey Question(s)PAPI POST Q19,"Thinking back to previous elections, how do you usually vote? In person at the polling place, by mail or absentee ballot, is this your ﬁrst time voting, or have you never voted?","-9. Refused
-7. Insuﬃcient partial, interview deleted
-6. No post interview
-5. Suﬃcient partial, breakoﬀ
-4. Error
-1. Inapplicable","1. In-person, at the polling place
2. By mail or absentee ballot
3. This is my ﬁrst time voting
4. I have never voted"
V242110x,"POST: SUMMARY: HOW DOES R USUALLY VOTE 374 CODEBOOK: VARIABLES Survey Question(s)POSTVOTE_RVOTE, VOTEEXP_USUALVOTE, PAPI POST Q19",,"-9. Refused
-8. Don’t know
-7. Insuﬃcient partial, interview deleted
-6. No post interview
-5. Suﬃcient partial, breakoﬀ
-4. Error
-1. Inapplicable","1. In-person, at the polling place
2. By mail or absentee ballot
3. This is my ﬁrst time voting
4. I have never voted"
V242111,POST: HOW DIFFICULT WAS IT FOR R TO VOTE Survey Question(s)VOTEEXP_VOTEHARD Universe IF R VOTED: Response OrderForward/Reverse order,"How diﬃcult was it for you to vote in this election? [Not diﬃcult at all, a little diﬃcult, moderately diﬃcult, very diﬃcult, or extremely diﬃcult / Extremely diﬃcult, very diﬃcult, moderately diﬃcult, a little diﬃcult, or not diﬃcult at all]?","-7. Insuﬃcient partial, interview deleted
-6. No post interview
-5. Suﬃcient partial, breakoﬀ
-1. Inapplicable","1. Not diﬃcult at all
2. A little diﬃcult
3. Moderately diﬃcult
4. Very diﬃcult
5. Extremely diﬃcult"
V242112,POST: PAPER: HOW DIFFICULT WAS IT FOR R TO VOTE Survey Question(s)PAPI POST Q20,"How diﬃcult was it for you to vote in this election, or did you not vote? POST-ELECTION SURVEY VARIABLES 375","-9. Refused
-7. Insuﬃcient partial, interview deleted
-6. No post interview
-5. Suﬃcient partial, breakoﬀ
-4. Error
-1. Inapplicable","1. Not diﬃcult at all
2. A little diﬃcult
3. Moderately diﬃcult
4. Very diﬃcult
5. Extremely diﬃcult
6. Did not vote"
V242113x,"POST: SUMMARY: HOW DIFFICULT WAS IT FOR R TO VOTE Survey Question(s)POSTVOTE_RVOTE, VOTEEXP_VOTEHARD, PAPI POST Q20",,"-9. Refused
-7. Insuﬃcient partial, interview deleted
-6. No post interview
-5. Suﬃcient partial, breakoﬀ
-4. Error
-1. Inapplicable","1. Not diﬃcult at all
2. A little diﬃcult
3. Moderately diﬃcult
4. Very diﬃcult
5. Extremely diﬃcult
6. Did not vote"
V242114a,POST: DID R ENCOUNTER ANY PROBLEMS VOTING - REGISTRATION PROBLEM Survey Question(s)VOTEEXP_VOTEPROB,Did you encounter any of the following problems in trying to vote in this election? (MARK ALL THAT APPLY .) 376 CODEBOOK: VARIABLES,"-9. Refused
-7. Insuﬃcient partial, interview deleted
-6. No post interview
-5. Suﬃcient partial, breakoﬀ
-1. Inapplicable","0. Not mentioned
1. Mentioned"
V242114b,POST: DID R ENCOUNTER ANY PROBLEMS VOTING - CONCERN ABOUT IDENTIFICATION CARD Survey Question(s)VOTEEXP_VOTEPROB,Did you encounter any of the following problems in trying to vote in this election? (MARK ALL THAT APPLY .),"-9. Refused
-7. Insuﬃcient partial, interview deleted
-6. No post interview
-5. Suﬃcient partial, breakoﬀ
-1. Inapplicable","0. Not mentioned
1. Mentioned"
V242114c,POST: DID R ENCOUNTER ANY PROBLEMS VOTING - DIFFICULTY OBTAINING ABSENTEE BALLOT POST-ELECTION SURVEY VARIABLES 377 Survey Question(s)VOTEEXP_VOTEPROB,Did you encounter any of the following problems in trying to vote in this election? (MARK ALL THAT APPLY .),"-9. Refused
-7. Insuﬃcient partial, interview deleted
-6. No post interview
-5. Suﬃcient partial, breakoﬀ
-1. Inapplicable","0. Not mentioned
1. Mentioned"
V242114d,POST: DID R ENCOUNTER ANY PROBLEMS VOTING - CONFUSION ABOUT BALLOT OR MACHINE Survey Question(s)VOTEEXP_VOTEPROB,Did you encounter any of the following problems in trying to vote in this election? (MARK ALL THAT APPLY .),"-9. Refused
-7. Insuﬃcient partial, interview deleted
-6. No post interview
-5. Suﬃcient partial, breakoﬀ
-1. Inapplicable","0. Not mentioned
1. Mentioned"
V242114,e POST: DID R ENCOUNTER ANY PROBLEMS VOTING - DIFFICULTY GETTING TO POLLING PLACE Survey Question(s)VOTEEXP_VOTEPROB,Did you encounter any of the following problems in trying to vote in this election? (MARK ALL THAT APPLY .),"-9. Refused
-7. Insuﬃcient partial, interview deleted
-6. No post interview
-5. Suﬃcient partial, breakoﬀ
-1. Inapplicable","0. Not mentioned
1. Mentioned"
V242114,fPOST: DID R ENCOUNTER ANY PROBLEMS VOTING - LONG WAIT TIMES 378 CODEBOOK: VARIABLES Survey Question(s)VOTEEXP_VOTEPROB,Did you encounter any of the following problems in trying to vote in this election? (MARK ALL THAT APPLY .),"-9. Refused
-7. Insuﬃcient partial, interview deleted
-6. No post interview
-5. Suﬃcient partial, breakoﬀ
-1. Inapplicable","0. Not mentioned
1. Mentioned"
V242114g,POST: DID R ENCOUNTER ANY PROBLEMS VOTING - WORK SCHEDULE Survey Question(s)VOTEEXP_VOTEPROB,Did you encounter any of the following problems in trying to vote in this election? (MARK ALL THAT APPLY .),"-9. Refused
-7. Insuﬃcient partial, interview deleted
-6. No post interview
-5. Suﬃcient partial, breakoﬀ
-1. Inapplicable","0. Not mentioned
1. Mentioned"
V242114,hPOST: DID R ENCOUNTER ANY PROBLEMS VOTING - BAD WEATHER Survey Question(s)VOTEEXP_VOTEPROB,Did you encounter any of the following problems in trying to vote in this election? (MARK ALL THAT APPLY .) POST-ELECTION SURVEY VARIABLES 379,"-9. Refused
-7. Insuﬃcient partial, interview deleted
-6. No post interview
-5. Suﬃcient partial, breakoﬀ
-1. Inapplicable","0. Not mentioned
1. Mentioned"
V242114i,POST: DID R ENCOUNTER ANY PROBLEMS VOTING - ISSUE MAILING BALLOT Survey Question(s)VOTEEXP_VOTEPROB,Did you encounter any of the following problems in trying to vote in this election? (MARK ALL THAT APPLY .),"-9. Refused
-7. Insuﬃcient partial, interview deleted
-6. No post interview
-5. Suﬃcient partial, breakoﬀ
-1. Inapplicable","0. Not mentioned
1. Mentioned"
V242114,jPOST: DID R ENCOUNTER ANY PROBLEMS VOTING - OTHER PROBLEM Survey Question(s)VOTEEXP_VOTEPROB 380 CODEBOOK: VARIABLES,Did you encounter any of the following problems in trying to vote in this election? (MARK ALL THAT APPLY .),"-9. Refused
-7. Insuﬃcient partial, interview deleted
-6. No post interview
-5. Suﬃcient partial, breakoﬀ
-1. Inapplicable","0. Not mentioned
1. Mentioned"
V242114,kPOST: DID R ENCOUNTER ANY PROBLEMS VOTING - NONE AT ALL Survey Question(s)VOTEEXP_VOTEPROB,Did you encounter any of the following problems in trying to vote in this election? (MARK ALL THAT APPLY .),"-9. Refused
-7. Insuﬃcient partial, interview deleted
-6. No post interview
-5. Suﬃcient partial, breakoﬀ
-1. Inapplicable","0. Not mentioned
1. Mentioned"
V242114,mPOST: DID R ENCOUNTER ANY PROBLEMS VOTING - R DIDN’T TRY TO VOTE Survey Question(s)VOTEEXP_VOTEPROB,Did you encounter any of the following problems in trying to vote in this election? (MARK ALL THAT APPLY .),"-9. Refused
-7. Insuﬃcient partial, interview deleted
-6. No post interview
-5. Suﬃcient partial, breakoﬀ
-1. Inapplicable","0. Not mentioned
1. Mentioned"
V242115,POST: HOW LONG WAS WAIT TIME AT POLLING PLACE Survey Question(s)VOTEEXP_WAITTIME Universe IF R VOTED IN-PERSON:,"About how long was the wait time at your polling place? 0-15 minutes, 16-30 minutes, 31-59 minutes, 1-2 hours, or more than 2 hours? POST-ELECTION SURVEY VARIABLES 381","-8. Don’t know
-7. Insuﬃcient partial, interview deleted
-6. No post interview
-5. Suﬃcient partial, breakoﬀ
-1. Inapplicable","1. 0-15 minutes
2. 16-30 minutes
3. 31-59 minutes
4. 1-2 hours
5. More than 2 hours"
V242116,POST: HOW LONG DOES IT TAKE TO GET TO POLLING PLACE Survey Question(s)VOTEEXP_TRVLTIME Universe IF R VOTED IN-PERSON:,"About how long does it take you to travel to your polling place? 0-15 minutes, 16-30 minutes, 31-59 minutes, 1-2 hours, or more than 2 hours?","-7. Insuﬃcient partial, interview deleted
-6. No post interview
-5. Suﬃcient partial, breakoﬀ
-1. Inapplicable","1. 0-15 minutes
2. 16-30 minutes
3. 31-59 minutes
4. 1-2 hours
5. More than 2 hours"
V242117,"POST: OFFICE RECALL - COMMIT TO NOT LOOK UP ANSWERS 382 CODEBOOK: VARIABLES Survey Question(s) OFCREC_COMMIT, PAPI POST Q24 Note: The following speciﬁcations were implemented exclusively in the computerized survey instrument and are not applicable to the paper questionnaire.","Now we have a set of questions concerning various public ﬁgures. We are interested in the guesses people make when they do not know the answer to a question. We will ask you about several public ﬁgures. Some may be easy, but others are meant to be so diﬃcult that you will have to guess. In fact, for some of these questions, if you answer correctly, we will know that you probably looked up the answer. Please do not look up the answers you do not know. Instead, please just make your best guess. Will you please promise to try your best without looking up any answers? Or do you not want to make that promise?","-9. Refused
-7. Insuﬃcient partial, interview deleted
-6. No post interview
-5. Suﬃcient partial, breakoﬀ
-1. Inapplicable","1. I promise to do my best without looking up any answers
2. I do not want to make that promise"
V242118,POST: OFFICE RECALL: CATCH QUESTION - LEMANU PELETI MAUGA Survey Question(s)OFCREC_CATCH Universe IF TYPE=WEB:,The ﬁrst name is: Lemanu Peleti Mauga What job or political oﬃce does he now hold?,-2. Open-end responses available in separate ﬁle,
V242118,yPOST: OFFICE RECALL: CATCH QUESTION - LEMANU PELETI MAUGA [CODED] Survey Question(s)OFCREC_CATCH Universe IF TYPE=WEB:,The ﬁrst name is: Lemanu Peleti Mauga What job or political oﬃce does he now hold? POST-ELECTION SURVEY VARIABLES 383,"-7. Insuﬃcient partial, interview deleted
-6. No post interview
-5. Suﬃcient partial, breakoﬀ
-2. Missing
-1. Inapplicable","0. Incorrect
1. Partially correct
2. Correct"
V242119,POST: OFFICE RECALL: RESPONDENT FEEDBACK Survey Question(s)OFCREC_FEEDBACK1 Universe IF TYPE=WEB / IF CATCH ANSWERED CORRECTLY = RESPONSE INCLUDES “SAMOA” OR “GOV”:,"You are right! Did you look up the answer to that question, or did you already know it yourself?","-7. Insuﬃcient partial, interview deleted
-6. No post interview
-5. Suﬃcient partial, breakoﬀ
-1. Inapplicable","1. I looked it up
2. I already knew it"
V242120,"POST: OFFICE RECALL: SENATE MAJORITY LEADER SCHUMER Survey Question(s) OFCREC_KNMAJ, PAPI POST Q28 Note: The following speciﬁcations were implemented exclusively in the computerized survey instrument and are not applicable to the paper questionnaire. 384 CODEBOOK: VARIABLES",The ﬁrst name is: Chuck Schumer What job or political oﬃce does he now hold?,-2. Open-end responses available in separate ﬁle,
V242120,"y1POST: OFFICE RECALL: SENATE MAJORITY LEADER SCHUMER [CODED] - SCHEME 1 Survey Question(s) OFCREC_KNMAJ, PAPI POST Q28 Note: The following speciﬁcations were implemented exclusively in the computerized survey instrument and are not applicable to the paper questionnaire.",The ﬁrst name is: Chuck Schumer What job or political oﬃce does he now hold?,"-7. Insuﬃcient partial, interview deleted
-6. No post interview
-5. Suﬃcient partial, breakoﬀ
-2. Missing
-1. Inapplicable","0. Incorrect
1. Partially correct
2. Correct"
V242120,"y2POST: OFFICE RECALL: SENATE MAJORITY LEADER SCHUMER [CODED] - SCHEME 2 Survey Question(s) OFCREC_KNMAJ, PAPI POST Q28 Note: The following speciﬁcations were implemented exclusively in the computerized survey instrument and are not applicable to the paper questionnaire.",The ﬁrst name is: Chuck Schumer What job or political oﬃce does he now hold?,"-7. Insuﬃcient partial, interview deleted
-6. No post interview
-5. Suﬃcient partial, breakoﬀ
-2. Missing
-1. Inapplicable","0. Incorrect
1. Correct"
V242121,"POST: OFFICE RECALL: SPEAKER OF THE HOUSE JOHNSON Survey Question(s) OFCREC_KNSPK, PAPI POST Q27 Note: The following speciﬁcations were implemented exclusively in the computerized survey instrument and are not applicable to the paper questionnaire.",Mike Johnson What job or political oﬃce does he now hold? POST-ELECTION SURVEY VARIABLES 385,-2. Open-end responses available in separate ﬁle,
V242121,"y1POST: OFFICE RECALL: SPEAKER OF THE HOUSE JOHNSON [CODED] - SCHEME 1 Survey Question(s) OFCREC_KNSPK, PAPI POST Q27 Note: The following speciﬁcations were implemented exclusively in the computerized survey instrument and are not applicable to the paper questionnaire.",Mike Johnson What job or political oﬃce does he now hold?,"-7. Insuﬃcient partial, interview deleted
-6. No post interview
-5. Suﬃcient partial, breakoﬀ
-2. Missing
-1. Inapplicable","0. Incorrect
1. Correct"
V242121,"y2POST: OFFICE RECALL: SPEAKER OF THE HOUSE JOHNSON [CODED] - SCHEME 2 Survey Question(s) OFCREC_KNSPK, PAPI POST Q27 Note: The following speciﬁcations were implemented exclusively in the computerized survey instrument and are not applicable to the paper questionnaire. 386 CODEBOOK: VARIABLES",Mike Johnson What job or political oﬃce does he now hold?,"-7. Insuﬃcient partial, interview deleted
-6. No post interview
-5. Suﬃcient partial, breakoﬀ
-2. Missing
-1. Inapplicable","0. Incorrect
1. Partially correct
2. Correct"
V242122,"POST: OFFICE RECALL: FRENCH PRESIDENT EMMANUEL MACRON Survey Question(s) OFCREC_KNFRPR, PAPI POST Q29 Note: The following speciﬁcations were implemented exclusively in the computerized survey instrument and are not applicable to the paper questionnaire.",Emmanuel Macron What job or political oﬃce does he now hold?,-2. Open-end responses available in separate ﬁle,
V242122,"y1POST: OFFICE RECALL: FRENCH PRESIDENT EMMANUEL MACRON [CODED] - SCHEME 1 Survey Question(s) OFCREC_KNFRPR, PAPI POST Q29 Note: The following speciﬁcations were implemented exclusively in the computerized survey instrument and are not applicable to the paper questionnaire. Variable Note Two coding schemes were used to code responses to OFCREC_KNFRPR. Scheme 1 was a more generous coding scheme giving while scheme 2 was more stringent in designating correct answers.",Emmanuel Macron What job or political oﬃce does he now hold?,"-7. Insuﬃcient partial, interview deleted
-6. No post interview
-5. Suﬃcient partial, breakoﬀ
-2. Missing
-1. Inapplicable","0. Incorrect
1. Correct"
V242122,"y2POST: OFFICE RECALL: FRENCH PRESIDENT EMMANUEL MACRON [CODED] - SCHEME 2 Survey Question(s) OFCREC_KNFRPR, PAPI POST Q29 Note: The following speciﬁcations were implemented exclusively in the computerized survey instrument and are not applicable to the paper questionnaire. Variable Note Two coding schemes were used to code responses to OFCREC_KNFRPR. Scheme 1 was a more generous coding scheme giving while scheme 2 was more stringent in designating correct answers.",Emmanuel Macron What job or political oﬃce does he now hold? POST-ELECTION SURVEY VARIABLES 387,"-7. Insuﬃcient partial, interview deleted
-6. No post interview
-5. Suﬃcient partial, breakoﬀ
-2. Missing
-1. Inapplicable","0. Incorrect
1. Correct"
V242123,"POST: OFFICE RECALL: RUSSIAN PRESIDENT VLADIMIR PUTIN Survey Question(s) OFCREC_KNRUS, PAPI POST Q26 Note: The following speciﬁcations were implemented exclusively in the computerized survey instrument and are not applicable to the paper questionnaire.",Vladimir Putin What job or political oﬃce does he now hold?,-2. Open-end responses available in separate ﬁle,
V242123,"y1POST: OFFICE RECALL: RUSSIAN PRESIDENT VLADIMIR PUTIN [CODED] - SCHEME 1 388 CODEBOOK: VARIABLES Survey Question(s) OFCREC_KNRUS, PAPI POST Q26 Note: The following speciﬁcations were implemented exclusively in the computerized survey instrument and are not applicable to the paper questionnaire. Variable Note Two coding schemes were used to code responses to OFCREC_KNRUS. Scheme 1 was a more generous coding scheme giving while scheme 2 was more stringent in designating correct answers.",Vladimir Putin What job or political oﬃce does he now hold?,"-7. Insuﬃcient partial, interview deleted
-6. No post interview
-5. Suﬃcient partial, breakoﬀ
-2. Missing
-1. Inapplicable","0. Incorrect
1. Correct"
V242123,"y2POST: OFFICE RECALL: RUSSIAN PRESIDENT VLADIMIR PUTIN [CODED] - SCHEME 2 Survey Question(s) OFCREC_KNRUS, PAPI POST Q26 Note: The following speciﬁcations were implemented exclusively in the computerized survey instrument and are not applicable to the paper questionnaire. Variable Note Two coding schemes were used to code responses to OFCREC_KNRUS. Scheme 1 was a more generous coding scheme giving while scheme 2 was more stringent in designating correct answers.",Vladimir Putin What job or political oﬃce does he now hold?,"-7. Insuﬃcient partial, interview deleted
-6. No post interview
-5. Suﬃcient partial, breakoﬀ
-2. Missing
-1. Inapplicable","0. Incorrect
1. Correct"
V242124,"POST: OFFICE RECALL: US SUPREME CT CHIEF JUSTICE ROBERTS Survey Question(s) OFCREC_KNCHJ, PAPI POST Q25 Note: The following speciﬁcations were implemented exclusively in the computerized survey instrument and are not applicable to the paper questionnaire. POST-ELECTION SURVEY VARIABLES 389",John Roberts What job or political oﬃce does he now hold?,-2. Open-end responses available in separate ﬁle,
V242124,"y1POST: OFFICE RECALL: US SUPREME CT CHIEF JUSTICE ROBERTS [CODED] - SCHEME 1 Survey Question(s) OFCREC_KNCHJ, PAPI POST Q25 Note: The following speciﬁcations were implemented exclusively in the computerized survey instrument and are not applicable to the paper questionnaire.",John Roberts What job or political oﬃce does he now hold?,"-7. Insuﬃcient partial, interview deleted
-6. No post interview
-5. Suﬃcient partial, breakoﬀ
-2. Missing
-1. Inapplicable","0. Incorrect
1. Partially correct
2. Correct"
V242124,"y2POST: OFFICE RECALL: US SUPREME CT CHIEF JUSTICE ROBERTS [CODED] - SCHEME 2 Survey Question(s) OFCREC_KNCHJ, PAPI POST Q25 Note: The following speciﬁcations were implemented exclusively in the computerized survey instrument and are not applicable to the paper questionnaire.",John Roberts What job or political oﬃce does he now hold?,"-7. Insuﬃcient partial, interview deleted
-6. No post interview
-5. Suﬃcient partial, breakoﬀ
-2. Missing
-1. Inapplicable","0. Incorrect
1. Correct"
V242125,"POST: FEELING THERMOMETER: DEMOCRATIC PRESIDENTIAL CANDIDATE: KAMALA HARRIS Survey Question(s) THERMPO_THPODPC, PAPI POST Q32 Note: The following speciﬁcations were implemented exclusively in the computerized survey instrument and are not applicable to the paper questionnaire. Randomization Order of Democratic and Republican Presidential candidate thermometers",How would you rate: Kamala Harris 390 CODEBOOK: VARIABLES,"-9. Refused
-7. Insuﬃcient partial, interview deleted
-6. No post interview
-5. Suﬃcient partial, breakoﬀ
-1. Inapplicable","998. Don’t know (where to rate)
999. Don’t recognize"
V242126,"POST: FEELING THERMOMETER: REPUBLICAN PRESIDENTIAL CANDIDATE: DONALD TRUMP Survey Question(s) THERMPO_THPORPC, PAPI POST Q31 Note: The following speciﬁcations were implemented exclusively in the computerized survey instrument and are not applicable to the paper questionnaire. Randomization Order of Democratic and Republican Presidential candidate thermometers",How would you rate: Donald Trump,"-9. Refused
-7. Insuﬃcient partial, interview deleted
-6. No post interview
-5. Suﬃcient partial, breakoﬀ
-1. Inapplicable","998. Don’t know (where to rate)
999. Don’t recognize"
V242127,POST: FEELING THERMOMETER: US HOUSE CANDIDATE THAT R VOTED FOR POST-ELECTION SURVEY VARIABLES 391 Survey Question(s)THERMPO_THPOHSCANDVT Universe IF R VOTED FOR HOUSE OF REPRESENTATIVES IN PRE-ELECTION STUDY / IF R VOTED FOR HOUSE OF REPRESENTATIVES IN POST-ELECTION STUDY:,(How would you rate:) The [Democratic/Republican] candidate for House of Representatives that you voted for?,"-9. Refused
-7. Insuﬃcient partial, interview deleted
-6. No post interview
-5. Suﬃcient partial, breakoﬀ
-1. Inapplicable","998. Don’t know (where to rate)
999. Don’t recognize"
V242128,"POST: FEELING THERMOMETER: DEMOCRATIC US HOUSE CANDIDATE (THAT R DID NOT VOTE FOR) Survey Question(s)THERMPO_THPOHSDCAND Universe IF R VOTED FOR HOUSE OF REPRESENTATIVES IN PRE-ELECTION STUDY / IF R VOTED FOR HOUSE OF REPRESENTATIVES IN POST-ELECTION STUDY / IF R VOTE FOR A REPUBLICAN OR OTHER/3RD PARTY CANDIDATE IN HOUSE ELECTION: Randomization IF HSVTWHO = 5, randomize order of THPOHSDCAND and THPOHSRCAND.",(How would you rate:) The Democratic candidate for House of Representatives in your district?,"-9. Refused
-7. Insuﬃcient partial, interview deleted
-6. No post interview
-5. Suﬃcient partial, breakoﬀ
-1. Inapplicable","998. Don’t know (where to rate)
999. Don’t recognize"
V242129,"POST: FEELING THERMOMETER: REPUBLICAN US HOUSE CANDIDATE (THAT R DID NOT VOTE FOR) Survey Question(s)THERMPO_THPOHSRCAND Universe IF R VOTED FOR HOUSE OF REPRESENTATIVES IN PRE-ELECTION STUDY / IF R VOTED FOR HOUSE OF REPRESENTATIVES IN POST-ELECTION STUDY / IF R VOTE FOR A DEMOCRATIC OR OTHER/3RD PARTY CANDIDATE IN HOUSE ELECTION: 392 CODEBOOK: VARIABLES Randomization IF PREVOTE_HSVTWHO = 5 or POSTVOTE_HSVTWHO = 5, randomize order of THPOHSDCAND and THPOHSRCAND.",(How would you rate:) The Republican candidate for House of Representatives in your district?,"-9. Refused
-7. Insuﬃcient partial, interview deleted
-6. No post interview
-5. Suﬃcient partial, breakoﬀ
-1. Inapplicable","998. Don’t know (where to rate)
999. Don’t recognize"
V242130,POST: FEELING THERMOMETER: SENATE DEMOCRATIC CANDIDATE Survey Question(s)THERMPO_THPOSDC Universe IF SENATE RACE IN R’S CURRENT STATE: IF DEMOCRATIC CANDIDATE IN SENATE RACE: Randomization Order of thermometer names after major party Presidential candidate thermometers,(How would you rate:) [Name of Democratic candidate in Senate election in R’s state],"-9. Refused
-7. Insuﬃcient partial, interview deleted
-6. No post interview
-5. Suﬃcient partial, breakoﬀ
-1. Inapplicable","998. Don’t know (where to rate)
999. Don’t recognize"
V242131,POST: FEELING THERMOMETER: SENATE REPUBLICAN CANDIDATE Survey Question(s)THERMPO_THPOSRC Universe IF SENATE RACE IN R’S CURRENT STATE: IF REPUBLICAN CANDIDATE IN SENATE RACE: Randomization Order of thermometer names after major party Presidential candidate thermometers POST-ELECTION SURVEY VARIABLES 393,(How would you rate:) [Name of Republican candidate in Senate election in R’s state],"-9. Refused
-7. Insuﬃcient partial, interview deleted
-6. No post interview
-5. Suﬃcient partial, breakoﬀ
-1. Inapplicable","998. Don’t know (where to rate)
999. Don’t recognize"
V242132,POST: FEELING THERMOMETER: SPECIAL SENATE DEMOCRATIC CANDIDATE Survey Question(s)THERMPO_THPOSSDC Universe IF SPECICAL SENATE RACE IN R’S CURRENT STATE: IF DEMOCRATIC CANDIDATE IN SPECIAL SENATE RACE: Randomization Order of thermometer names after major party Presidential candidate thermometers,(How would you rate:) [Name of Democratic candidate in Senate special election in R’s state],"-9. Refused
-7. Insuﬃcient partial, interview deleted
-6. No post interview
-5. Suﬃcient partial, breakoﬀ
-1. Inapplicable","998. Don’t know (where to rate)
999. Don’t recognize"
V242133,POST: FEELING THERMOMETER: SPECIAL SENATE REPUBLICAN CANDIDATE Survey Question(s)THERMPO_THPOSSRC Universe IF SPECIAL SENATE RACE IN R’S CURRENT STATE: IF REPUBLICAN CANDIDATE IN SPECIAL SENATE RACE: Randomization Order of thermometer names after major party Presidential candidate thermometers,(How would you rate:) [Name of Republican candidate in Senate special election in R’s state],"-9. Refused
-7. Insuﬃcient partial, interview deleted
-6. No post interview
-5. Suﬃcient partial, breakoﬀ
-1. Inapplicable","998. Don’t know (where to rate)
999. Don’t recognize"
V242134,"POST: FEELING THERMOMETER: DEMOCRATIC VICE PRESIDENTIAL CANDIDATE: TIM WALZ Survey Question(s) THERMPO_THPODVPC, PAPI POST Q34 Note: The following speciﬁcations were implemented exclusively in the computerized survey instrument and are not applicable to the paper questionnaire. Randomization Order of thermometer names after major party Presidential candidate thermometers",(How would you rate:) Tim Walz 394 CODEBOOK: VARIABLES,"-9. Refused
-7. Insuﬃcient partial, interview deleted
-6. No post interview
-5. Suﬃcient partial, breakoﬀ
-4. Error
-1. Inapplicable","998. Don’t know (where to rate)
999. Don’t recognize"
V242135,"POST: FEELING THERMOMETER: REPUBLICAN VICE PRESIDENTIAL CANDIDATE: J.D. VANCE Survey Question(s) THERMPO_THPORVPC, PAPI POST Q33 Note: The following speciﬁcations were implemented exclusively in the computerized survey instrument and are not applicable to the paper questionnaire. Randomization Order of thermometer names after major party Presidential candidate thermometers",(How would you rate:) J.D. Vance,"-9. Refused
-7. Insuﬃcient partial, interview deleted
-6. No post interview
-5. Suﬃcient partial, breakoﬀ
-4. Error
-1. Inapplicable","998. Don’t know (where to rate)
999. Don’t recognize"
V242136,"POST: FEELING THERMOMETER: PRESIDENT JOE BIDEN Survey Question(s) THERMPO_BIDEN, PAPI POST Q30 Note: The following speciﬁcations were implemented exclusively in the computerized survey instrument and are not applicable to the paper questionnaire. Randomization Order of thermometer names after major party Presidential candidate thermometers",(How would you rate:) Joe Biden POST-ELECTION SURVEY VARIABLES 395,"-9. Refused
-7. Insuﬃcient partial, interview deleted
-6. No post interview
-5. Suﬃcient partial, breakoﬀ
-1. Inapplicable","998. Don’t know (where to rate)
999. Don’t recognize"
V242137,"POST: FEELING THERMOMETER: CHRISTIAN FUNDAMENTALISTS Survey Question(s) THERMGR_THGRFUND, PAPI POST Q54 Note: The following speciﬁcations were implemented exclusively in the computerized survey instrument and are not applicable to the paper questionnaire. Randomization Set 1: Randomize the order of THGRFUND, THGRFEM, THGRLIB, THGRLAB, THGRBIGB, THGRCONS, THGRSCT, THGRGAY , THGRCONG, THGRMUSL, THGRXTIAN, THGRMAGA, JEWS, POLICE, TRANS, BLM",(How would you rate:) Christian Fundamentalists,"-9. Refused
-7. Insuﬃcient partial, interview deleted
-6. No post interview
-5. Suﬃcient partial, breakoﬀ
-1. Inapplicable","998. Don’t know (where to rate)
999. Don’t recognize"
V242138,"POST: FEELING THERMOMETER: FEMINISTS 396 CODEBOOK: VARIABLES Survey Question(s) THERMGR_THGRFEM, PAPI POST Q51 Note: The following speciﬁcations were implemented exclusively in the computerized survey instrument and are not applicable to the paper questionnaire. Randomization Set 1: Randomize the order of THGRFUND, THGRFEM, THGRLIB, THGRLAB, THGRBIGB, THGRCONS, THGRSCT, THGRGAY , THGRCONG, THGRMUSL, THGRXTIAN, THGRMAGA, JEWS, POLICE, TRANS, BLM",(How would you rate:) Feminists,"-9. Refused
-7. Insuﬃcient partial, interview deleted
-6. No post interview
-5. Suﬃcient partial, breakoﬀ
-1. Inapplicable","998. Don’t know (where to rate)
999. Don’t recognize"
V242139,"POST: FEELING THERMOMETER: LIBERALS Survey Question(s) THERMGR_THGRLIB, PAPI POST Q35 Note: The following speciﬁcations were implemented exclusively in the computerized survey instrument and are not applicable to the paper questionnaire. Randomization Set 1: Randomize the order of THGRFUND, THGRFEM, THGRLIB, THGRLAB, THGRBIGB, THGRCONS, THGRSCT, THGRGAY , THGRCONG, THGRMUSL, THGRXTIAN, THGRMAGA, JEWS, POLICE, TRANS, BLM",(How would you rate:) Liberals,"-9. Refused
-7. Insuﬃcient partial, interview deleted
-6. No post interview
-5. Suﬃcient partial, breakoﬀ
-1. Inapplicable","998. Don’t know (where to rate)
999. Don’t recognize"
V242140,"POST: FEELING THERMOMETER: LABOR UNIONS Survey Question(s) THERMGR_THGRLAB, PAPI POST Q57 Note: The following speciﬁcations were implemented exclusively in the computerized survey instrument and are not applicable to the paper questionnaire. Randomization Set 1: Randomize the order of THGRFUND, THGRFEM, THGRLIB, THGRLAB, THGRBIGB, THGRCONS, THGRSCT, THGRGAY , THGRCONG, THGRMUSL, THGRXTIAN, THGRMAGA, JEWS, POLICE, TRANS, BLM POST-ELECTION SURVEY VARIABLES 397",(How would you rate:) Labor unions,"-9. Refused
-7. Insuﬃcient partial, interview deleted
-6. No post interview
-5. Suﬃcient partial, breakoﬀ
-1. Inapplicable","998. Don’t know (where to rate)
999. Don’t recognize"
V242141,"POST: FEELING THERMOMETER: BIG BUSINESS Survey Question(s) THERMGR_THGRBIGB, PAPI POST Q58 Note: The following speciﬁcations were implemented exclusively in the computerized survey instrument and are not applicable to the paper questionnaire. Randomization Set 1: Randomize the order of THGRFUND, THGRFEM, THGRLIB, THGRLAB, THGRBIGB, THGRCONS, THGRSCT, THGRGAY , THGRCONG, THGRMUSL, THGRXTIAN, THGRMAGA, JEWS, POLICE, TRANS, BLM",(How would you rate:) Big business,"-9. Refused
-7. Insuﬃcient partial, interview deleted
-6. No post interview
-5. Suﬃcient partial, breakoﬀ
-1. Inapplicable","998. Don’t know (where to rate)
999. Don’t recognize"
V242142,"POST: FEELING THERMOMETER: CONSERVATIVES Survey Question(s) THERMGR_THGRCONS, PAPI POST Q36 Note: The following speciﬁcations were implemented exclusively in the computerized survey instrument and are not applicable to the paper questionnaire. Randomization Set 1: Randomize the order of THGRFUND, THGRFEM, THGRLIB, THGRLAB, THGRBIGB, THGRCONS, THGRSCT, THGRGAY , THGRCONG, THGRMUSL, THGRXTIAN, THGRMAGA, JEWS, POLICE, TRANS, BLM",(How would you rate:) Conservatives,"-9. Refused
-7. Insuﬃcient partial, interview deleted
-6. No post interview
-5. Suﬃcient partial, breakoﬀ
-1. Inapplicable","998. Don’t know (where to rate)
999. Don’t recognize"
V242143,"POST: FEELING THERMOMETER: US SUPREME COURT Survey Question(s) THERMGR_THGRSCT, PAPI POST Q37 Note: The following speciﬁcations were implemented exclusively in the computerized survey instrument and are not applicable to the paper questionnaire. Randomization Set 1: Randomize the order of THGRFUND, THGRFEM, THGRLIB, THGRLAB, THGRBIGB, THGRCONS, THGRSCT, THGRGAY , THGRCONG, THGRMUSL, THGRXTIAN, THGRMAGA, JEWS, POLICE, TRANS, BLM",(How would you rate:) The U.S. Supreme Court 398 CODEBOOK: VARIABLES,"-9. Refused
-7. Insuﬃcient partial, interview deleted
-6. No post interview
-5. Suﬃcient partial, breakoﬀ
-1. Inapplicable","998. Don’t know (where to rate)
999. Don’t recognize"
V242144,"POST: FEELING THERMOMETER: GAY MEN AND LESBIANS Survey Question(s) THERMGR_THGRGAY , PAPI POST Q49 Note: The following speciﬁcations were implemented exclusively in the computerized survey instrument and are not applicable to the paper questionnaire. Randomization Set 1: Randomize the order of THGRFUND, THGRFEM, THGRLIB, THGRLAB, THGRBIGB, THGRCONS, THGRSCT, THGRGAY , THGRCONG, THGRMUSL, THGRXTIAN, THGRMAGA, JEWS, POLICE, TRANS, BLM",(How would you rate:) Gay men and lesbians,"-9. Refused
-7. Insuﬃcient partial, interview deleted
-6. No post interview
-5. Suﬃcient partial, breakoﬀ
-1. Inapplicable","998. Don’t know (where to rate)
999. Don’t recognize"
V242145,"POST: FEELING THERMOMETER: CONGRESS Survey Question(s) THERMGR_THGRCONG, PAPI POST Q38 Note: The following speciﬁcations were implemented exclusively in the computerized survey instrument and are not applicable to the paper questionnaire. Randomization Set 1: Randomize the order of THGRFUND, THGRFEM, THGRLIB, THGRLAB, THGRBIGB, THGRCONS, THGRSCT, THGRGAY , THGRCONG, THGRMUSL, THGRXTIAN, THGRMAGA, JEWS, POLICE, TRANS, BLM",(How would you rate:) Congress POST-ELECTION SURVEY VARIABLES 399,"-9. Refused
-7. Insuﬃcient partial, interview deleted
-6. No post interview
-5. Suﬃcient partial, breakoﬀ
-1. Inapplicable","998. Don’t know (where to rate)
999. Don’t recognize"
V242146,"POST: FEELING THERMOMETER: MUSLIMS Survey Question(s) THERMGR_THGRMUSL, PAPI POST Q48 Note: The following speciﬁcations were implemented exclusively in the computerized survey instrument and are not applicable to the paper questionnaire. Randomization Set 1: Randomize the order of THGRFUND, THGRFEM, THGRLIB, THGRLAB, THGRBIGB, THGRCONS, THGRSCT, THGRGAY , THGRCONG, THGRMUSL, THGRXTIAN, THGRMAGA, JEWS, POLICE, TRANS, BLM",(How would you rate:) Muslims,"-9. Refused
-7. Insuﬃcient partial, interview deleted
-6. No post interview
-5. Suﬃcient partial, breakoﬀ
-1. Inapplicable","998. Don’t know (where to rate)
999. Don’t recognize"
V242147,"POST: FEELING THERMOMETER: CHRISTIANS 400 CODEBOOK: VARIABLES Survey Question(s)THERMGR_THGRXTIAN Randomization Set 1: Randomize the order of THGRFUND, THGRFEM, THGRLIB, THGRLAB, THGRBIGB, THGRCONS, THGRSCT, THGRGAY , THGRCONG, THGRMUSL, THGRXTIAN, THGRMAGA, JEWS, POLICE, TRANS, BLM Variable Note This question was only asked in the FTF/WEB instrument.",(How would you rate:) Christians,"-9. Refused
-7. Insuﬃcient partial, interview deleted
-6. No post interview
-5. Suﬃcient partial, breakoﬀ
-1. Inapplicable","998. Don’t know (where to rate)
999. Don’t recognize"
V242148,"POST: FEELING THERMOMETER: MAKE AMERICA GREAT AGAIN (MAGA) Survey Question(s) THERMGR_THGRMAGA, PAPI POST Q55 Note: The following speciﬁcations were implemented exclusively in the computerized survey instrument and are not applicable to the paper questionnaire. Randomization Set 1: Randomize the order of THGRFUND, THGRFEM, THGRLIB, THGRLAB, THGRBIGB, THGRCONS, THGRSCT, THGRGAY , THGRCONG, THGRMUSL, THGRXTIAN, THGRMAGA, JEWS, POLICE, TRANS, BLM",(How would you rate:) MAGA movement,"-9. Refused
-8. Don’t know
-7. Insuﬃcient partial, interview deleted
-6. No post interview
-5. Suﬃcient partial, breakoﬀ
-1. Inapplicable","998. Don’t know (where to rate)
999. Don’t recognize"
V242149,"POST: FEELING THERMOMETER: JEWS Survey Question(s) THERMGR_JEWS, PAPI POST Q47 Note: The following speciﬁcations were implemented exclusively in the computerized survey instrument and are not applicable to the paper questionnaire. Randomization Set 1: Randomize the order of THGRFUND, THGRFEM, THGRLIB, THGRLAB, THGRBIGB, THGRCONS, THGRSCT, THGRGAY , THGRCONG, THGRMUSL, THGRXTIAN, THGRMAGA, JEWS, POLICE, TRANS, BLM POST-ELECTION SURVEY VARIABLES 401",(How would you rate:) Jews,"-9. Refused
-7. Insuﬃcient partial, interview deleted
-6. No post interview
-5. Suﬃcient partial, breakoﬀ
-1. Inapplicable","998. Don’t know (where to rate)
999. Don’t recognize"
V242150,"POST: FEELING THERMOMETER: POLICE Survey Question(s) THERMGR_POLICE, PAPI POST Q40 Note: The following speciﬁcations were implemented exclusively in the computerized survey instrument and are not applicable to the paper questionnaire. Randomization Set 1: Randomize the order of THGRFUND, THGRFEM, THGRLIB, THGRLAB, THGRBIGB, THGRCONS, THGRSCT, THGRGAY , THGRCONG, THGRMUSL, THGRXTIAN, THGRMAGA, JEWS, POLICE, TRANS, BLM",(How would you rate:) Police,"-9. Refused
-7. Insuﬃcient partial, interview deleted
-6. No post interview
-5. Suﬃcient partial, breakoﬀ
-1. Inapplicable","998. Don’t know (where to rate)
999. Don’t recognize"
V242151,"POST: FEELING THERMOMETER: TRANSGENDER PEOPLE Survey Question(s) THERMGR_TRANS, PAPI POST Q50 Note: The following speciﬁcations were implemented exclusively in the computerized survey instrument and are not applicable to the paper questionnaire. Randomization Set 1: Randomize the order of THGRFUND, THGRFEM, THGRLIB, THGRLAB, THGRBIGB, THGRCONS, THGRSCT, THGRGAY , THGRCONG, THGRMUSL, THGRXTIAN, THGRMAGA, JEWS, POLICE, TRANS, BLM",(How would you rate:) Transgender people,"-9. Refused
-7. Insuﬃcient partial, interview deleted
-6. No post interview
-5. Suﬃcient partial, breakoﬀ
-1. Inapplicable","998. Don’t know (where to rate)
999. Don’t recognize"
V242152,"POST: FEELING THERMOMETER: BLACK LIVES MATTER Survey Question(s) THERMGR_BLM, PAPI POST Q56 Note: The following speciﬁcations were implemented exclusively in the computerized survey instrument and are not applicable to the paper questionnaire. Randomization Set 1: Randomize the order of THGRFUND, THGRFEM, THGRLIB, THGRLAB, THGRBIGB, THGRCONS, THGRSCT, THGRGAY , THGRCONG, THGRMUSL, THGRXTIAN, THGRMAGA, JEWS, POLICE, TRANS, BLM",(How would you rate:) Black Lives Matter movement 402 CODEBOOK: VARIABLES,"-9. Refused
-7. Insuﬃcient partial, interview deleted
-6. No post interview
-5. Suﬃcient partial, breakoﬀ
-1. Inapplicable","998. Don’t know (where to rate)
999. Don’t recognize"
V242153,"POST: FEELING THERMOMETER: NATIONAL RIFLE ASSOCIATION (NRA) Survey Question(s) THERMGR_NRA, PAPI POST Q41 Note: The following speciﬁcations were implemented exclusively in the computerized survey instrument and are not applicable to the paper questionnaire. Randomization Set 2: Randomize the order of NRA, FBI, RURAL, PLANPARENT",(How would you rate:) The National Riﬂe Association (NRA),"-9. Refused
-7. Insuﬃcient partial, interview deleted
-6. No post interview
-5. Suﬃcient partial, breakoﬀ
-1. Inapplicable","998. Don’t know (where to rate)
999. Don’t recognize"
V242154,"POST: FEELING THERMOMETER: FEDERAL BUREAU OF INVESTIGATION (FBI) POST-ELECTION SURVEY VARIABLES 403 Survey Question(s) THERMGR_FBI, PAPI POST Q39 Note: The following speciﬁcations were implemented exclusively in the computerized survey instrument and are not applicable to the paper questionnaire. Randomization Set 2: Randomize the order of NRA, FBI, RURAL, PLANPARENT",(How would you rate:) The Federal Bureau of Investigation (FBI),"-9. Refused
-7. Insuﬃcient partial, interview deleted
-6. No post interview
-5. Suﬃcient partial, breakoﬀ
-1. Inapplicable","998. Don’t know (where to rate)
999. Don’t recognize"
V242155,"POST: FEELING THERMOMETER: RURAL AMERICANS Survey Question(s) THERMGR_RURAL, PAPI POST Q52 Note: The following speciﬁcations were implemented exclusively in the computerized survey instrument and are not applicable to the paper questionnaire. Randomization Set 2: Randomize the order of NRA, FBI, RURAL, PLANPARENT",(How would you rate:) Rural Americans,"-9. Refused
-7. Insuﬃcient partial, interview deleted
-6. No post interview
-5. Suﬃcient partial, breakoﬀ
-1. Inapplicable","998. Don’t know (where to rate)
999. Don’t recognize"
V242156,"POST: FEELING THERMOMETER: PLANNED PARENTHOOD Survey Question(s) THERMGR_PLANPARENT, PAPI POST Q42 Note: The following speciﬁcations were implemented exclusively in the computerized survey instrument and are not applicable to the paper questionnaire. Randomization Set 2: Randomize the order of NRA, FBI, RURAL, PLANPARENT 404 CODEBOOK: VARIABLES",(How would you rate:) Planned Parenthood,"-9. Refused
-7. Insuﬃcient partial, interview deleted
-6. No post interview
-5. Suﬃcient partial, breakoﬀ
-1. Inapplicable","998. Don’t know (where to rate)
999. Don’t recognize"
V242160,POST: APPROVE OR DISAPPROVE OF HOUSE INCUMBENT Survey Question(s)INCUMBHS_HINCAPP,"In general, do you approve or disapprove of the way your U.S. House representative has been handling their job?","-9. Refused
-8. Don’t know
-7. Insuﬃcient partial, interview deleted
-6. No post interview
-5. Suﬃcient partial, breakoﬀ
-1. Inapplicable","1. Approve
2. Disapprove"
V242161,POST: HOW MUCH APPROVE HOUSE INCUMBENT Survey Question(s)INCUMBHS_HINCAPPSTR Universe IF R APPROVES HOUSE INCUMBENT JOB:,Do you approve strongly or not strongly?,"-9. Refused
-8. Don’t know
-7. Insuﬃcient partial, interview deleted
-6. No post interview
-5. Suﬃcient partial, breakoﬀ
-1. Inapplicable","1. Strongly
2. Not strongly"
V242162,POST: HOW MUCH DISAPPROVE HOUSE INCUMBENT Survey Question(s)INCUMBHS_HINDISSTR POST-ELECTION SURVEY VARIABLES 405 Universe IF R DISAPPROVES HOUSE INCUMBENT JOB:,Do you disapprove strongly or not strongly?,"-9. Refused
-7. Insuﬃcient partial, interview deleted
-6. No post interview
-5. Suﬃcient partial, breakoﬀ
-1. Inapplicable","1. Strongly
2. Not strongly"
V242163x,"POST: SUMMARY: APPROVE/DISAPPROVE HOUSE INCUMBENT Survey Question(s)INCUMBHS_HINCAPP , INCUMBHS_HINCAPPSTR, INCUMBHS_HINDISSTR",,"-7. Insuﬃcient partial, interview deleted
-6. No post interview
-5. Suﬃcient partial, breakoﬀ
-2. DK/RF in V242160, V242161 or V242162
-1. Inapplicable","1. Approve strongly
2. Approve not strongly
3. Disapprove not strongly
4. Disapprove strongly"
V242164,POST: HOW GOOD A JOB DOES HOUSE INCUMBENT DO IN DISTRICT Survey Question(s)INCUMBHS_HINCTOUCH Response OrderForward/Reverse order 406 CODEBOOK: VARIABLES,"How good a job would you say your U.S. House representative does of keeping in touch with the people in your district – do they do [a very good job, fairly good, fairly poor, or a very poor job / a very poor job, fairly poor, fairly good, or very good job] of keeping in touch with the people in this district?","-9. Refused
-8. Don’t know
-7. Insuﬃcient partial, interview deleted
-6. No post interview
-5. Suﬃcient partial, breakoﬀ
-1. Inapplicable","1. Very good
2. Fairly good
3. Fairly poor
4. Very poor"
V242165,"POST: MENTION 1 MOST IMPORTANT PROBLEMS FACING THE COUNTRY [TEXT] Survey Question(s) MIP_PROB1, PAPI POST Q59 Note: The following speciﬁcations were implemented exclusively in the computerized survey instrument and are not applicable to the paper questionnaire.","Switching to another topic. What do you think are the most important problems facing this country? If you think there are more than one, please brieﬂy tell me one problem now.",-2. Open-end responses available in separate ﬁle,
V242165,"yPOST: MENTION 1 MOST IMPORTANT PROBLEMS FACING THE COUNTRY [CODED] Survey Question(s) MIP_PROB1, PAPI POST Q59 Note: The following speciﬁcations were implemented exclusively in the computerized survey instrument and are not applicable to the paper questionnaire.","Switching to another topic. What do you think are the most important problems facing this country? If you think there are more than one, please brieﬂy tell me one problem now.",-2. Data will be released separately when available,
V242166,"POST: PARTY TO DEAL WITH MENTION 1 MIP Survey Question(s) MIP_PROB1PTY , PAPI POST Q60 Note: The following speciﬁcations were implemented exclusively in the computerized survey instrument and are not applicable to the paper questionnaire. POST-ELECTION SURVEY VARIABLES 407 Universe IF FIRST MENTION OF MOST IMPORTANT PROBLEM IS NOT DK, SK OR REFUSED: Randomization Order of party names in question text (same order used for all mentions if R mentions more than 1 problem). Order of response options 1-2 (randomized same, do not use candidateorder) Response OrderRandomize 2 major parties","Which political party do you think would be the most likely to get the government to do a better job in dealing with this problem – [the Democrats, the Republicans / the Republicans, the Democrats] or wouldn’t there be much diﬀerence between them?","-9. Refused
-8. Don’t know
-7. Insuﬃcient partial, interview deleted
-6. No post interview
-5. Suﬃcient partial, breakoﬀ
-1. Inapplicable","1. Democrats
2. Republicans
3. Wouldn’t be much diﬀerence"
V242167,"POST: MENTION 2 MOST IMPORTANT PROBLEMS FACING THE COUNTRY [TEXT] Survey Question(s)MIP_PROB2 Universe IF FIRST MENTION OF MOST IMPORTANT PROBLEM IS NOT DK, SK, OR REFUSED:","Can you think of any other important problems facing this country? If so, please brieﬂy mention one of them now.",-2. Open-end responses available in separate ﬁle,
V242167,"yPOST: MENTION 2 MOST IMPORTANT PROBLEMS FACING THE COUNTRY [CODED] Survey Question(s)MIP_PROB2 Universe IF FIRST MENTION OF MOST IMPORTANT PROBLEM IS NOT DK, SK, OR REFUSED:","Can you think of any other important problems facing this country? If so, please brieﬂy mention one of them now.",-2. Data will be released separately when available,
V242168,"POST: PARTY TO DEAL WITH MENTION 2 MIP Survey Question(s)MIP_PROB2PTY Universe IF SECOND MENTION OF MOST IMPORTANT PROBLEM IS NOT DK, SK, OR REFUSED: Randomization Order of party names in question text (same order used for all mentions if R mentions more than 1 problem). Order of response options 1-2 (randomized same, do not use candidateorder) Response OrderRandomize 2 major parties","Which political party do you think would be the most likely to get the government to do a better job in dealing with this problem – [the Democrats, the Republicans / the Republicans, the Democrats] or wouldn’t there be much diﬀerence between them? 408 CODEBOOK: VARIABLES","-9. Refused
-8. Don’t know
-7. Insuﬃcient partial, interview deleted
-6. No post interview
-5. Suﬃcient partial, breakoﬀ
-1. Inapplicable","1. Democrats
2. Republicans
3. Wouldn’t be much diﬀerence"
V242169,"POST: MENTION 3 MOST IMPORTANT PROBLEMS FACING THE COUNTRY [TEXT] Survey Question(s)MIP_PROB3 Universe IF SECOND MENTION OF MOST IMPORTANT PROBLEM IS NOT DK, SK, OR REFUSED:","Can you think of any other important problems facing this country? If so, please brieﬂy mention one of them now.",-2. Open-end responses available in separate ﬁle,
V242169,"yPOST: MENTION 3 MOST IMPORTANT PROBLEMS FACING THE COUNTRY [CODED] Survey Question(s)MIP_PROB3 Universe IF SECOND MENTION OF MOST IMPORTANT PROBLEM IS NOT DK, SK, OR REFUSED: POST-ELECTION SURVEY VARIABLES 409","Can you think of any other important problems facing this country? If so, please brieﬂy mention one of them now.",-2. Data will be released separately when available,
V242170,"POST: PARTY TO DEAL WITH MENTION 3 MIP Survey Question(s)MIP_PROB3PTY Universe IF THIRD MENTION OF MOST IMPORTANT PROBLEM IS NOT DK, SK, OR REFUSED: Randomization Order of party names in question text (same order used for all mentions if R mentions more than 1 problem). Order of response options 1-2 (randomized same, do not use candidateorder) Response OrderRandomize 2 major parties","Which political party do you think would be the most likely to get the government to do a better job in dealing with this problem – [the Democrats, the Republicans / the Republicans, the Democrats] or wouldn’t there be much diﬀerence between them?","-9. Refused
-8. Don’t know
-7. Insuﬃcient partial, interview deleted
-6. No post interview
-5. Suﬃcient partial, breakoﬀ
-1. Inapplicable","1. Democrats
2. Republicans
3. Wouldn’t be much diﬀerence"
V242171,POST: WHICH AMONG MENTIONS IS THE MOST IMPORTANT PROBLEM [TEXT] Survey Question(s)MIP_MOSTPROB Universe IF R HAS MENTIONED MORE THAN 1 IMPORTANT PROBLEM IN THE COUNTRY:,"Of those you’ve mentioned, what would you say is the single most important problem the country faces?",-2. Open-end responses available in separate ﬁle,
V242171,yPOST: WHICH AMONG MENTIONS IS THE MOST IMPORTANT PROBLEM [CODED] Survey Question(s)MIP_MOSTPROB 410 CODEBOOK: VARIABLES Universe IF R HAS MENTIONED MORE THAN 1 IMPORTANT PROBLEM IN THE COUNTRY:,"Of those you’ve mentioned, what would you say is the single most important problem the country faces?",-2. Data will be released separately when available,
V242172,"POST: HOW IMPORTANT IS THE FOLLOWING ISSUE: ILLEGAL IMMIGRATION Survey Question(s) IMP_ILLIMMIG, PAPI POST Q109_1 Note: The following speciﬁcations were implemented exclusively in the computerized survey instrument and are not applicable to the paper questionnaire. Randomization RANDOMIZE ITEMS: ILLIMMIG, COST, CLIMCHNG, GUN, ABRT, CRIME, GAZAWAR, PUBSCHL, DEMOC, RACEINEQ Response OrderForward/Reverse order","How important is the following issue in the country today? [Extremely important, very important, moderately important, slightly important or not at all important / Not at all important, slightly important, moderately important, very important or extremely important]? Illegal immigration","-9. Refused
-8. Don’t know
-7. Insuﬃcient partial, interview deleted
-6. No post interview
-5. Suﬃcient partial, breakoﬀ
-4. Error
-1. Inapplicable","1. Extremely important
2. Very important
3. Moderately important
4. Slightly important
5. Not at all important"
V242173,"POST: HOW IMPORTANT IS THE FOLLOWING ISSUE: COST OF LIVING Survey Question(s) IMP_COST, PAPI POST Q109_2 Note: The following speciﬁcations were implemented exclusively in the computerized survey instrument and are not applicable to the paper questionnaire. Randomization RANDOMIZE ITEMS: ILLIMMIG, COST, CLIMCHNG, GUN, ABRT, CRIME, GAZAWAR, PUBSCHL, DEMOC, RACEINEQ Response OrderForward/Reverse order","How important is the following issue in the country today? [Extremely important, very important, moderately important, slightly important or not at all important / Not at all important, slightly important, moderately important, very important or extremely important]? The cost of living and rising prices POST-ELECTION SURVEY VARIABLES 411","-9. Refused
-7. Insuﬃcient partial, interview deleted
-6. No post interview
-5. Suﬃcient partial, breakoﬀ
-1. Inapplicable","1. Extremely important
2. Very important
3. Moderately important
4. Slightly important
5. Not at all important"
V242174,"POST: HOW IMPORTANT IS THE FOLLOWING ISSUE: CLIMATE CHANGE Survey Question(s) IMP_CLIMCHNG, PAPI POST Q109_3 Note: The following speciﬁcations were implemented exclusively in the computerized survey instrument and are not applicable to the paper questionnaire. Randomization RANDOMIZE ITEMS: ILLIMMIG, COST, CLIMCHNG, GUN, ABRT, CRIME, GAZAWAR, PUBSCHL, DEMOC, RACEINEQ Response OrderForward/Reverse order 412 CODEBOOK: VARIABLES","How important is the following issue in the country today? [Extremely important, very important, moderately important, slightly important or not at all important / Not at all important, slightly important, moderately important, very important or extremely important]? Climate change","-9. Refused
-8. Don’t know
-7. Insuﬃcient partial, interview deleted
-6. No post interview
-5. Suﬃcient partial, breakoﬀ
-1. Inapplicable","1. Extremely important
2. Very important
3. Moderately important
4. Slightly important
5. Not at all important"
V242175,"POST: HOW IMPORTANT IS THE FOLLOWING ISSUE: GUN POLICY Survey Question(s) IMP_GUN, PAPI POST Q109_4 Note: The following speciﬁcations were implemented exclusively in the computerized survey instrument and are not applicable to the paper questionnaire. Randomization RANDOMIZE ITEMS: ILLIMMIG, COST, CLIMCHNG, GUN, ABRT, CRIME, GAZAWAR, PUBSCHL, DEMOC, RACEINEQ Response OrderForward/Reverse order","How important is the following issue in the country today? [Extremely important, very important, moderately important, slightly important or not at all important / Not at all important, slightly important, moderately important, very important or extremely important]? Gun policy","-9. Refused
-8. Don’t know
-7. Insuﬃcient partial, interview deleted
-6. No post interview
-5. Suﬃcient partial, breakoﬀ
-1. Inapplicable","1. Extremely important
2. Very important
3. Moderately important
4. Slightly important
5. Not at all important"
V242176,"POST: HOW IMPORTANT IS THE FOLLOWING ISSUE: ABORTION Survey Question(s) IMP_ABRT, PAPI POST Q109_5 Note: The following speciﬁcations were implemented exclusively in the computerized survey instrument and are not applicable to the paper questionnaire. Randomization RANDOMIZE ITEMS: ILLIMMIG, COST, CLIMCHNG, GUN, ABRT, CRIME, GAZAWAR, PUBSCHL, DEMOC, RACEINEQ Response OrderForward/Reverse order","How important is following issue in the country today? [Extremely important, very important, moderately important, slightly important or not at all important / Not at all important, slightly important, moderately important, very important or extremely important]? Abortion POST-ELECTION SURVEY VARIABLES 413","-9. Refused
-8. Don’t know
-7. Insuﬃcient partial, interview deleted
-6. No post interview
-5. Suﬃcient partial, breakoﬀ
-1. Inapplicable","1. Extremely important
2. Very important
3. Moderately important
4. Slightly important
5. Not at all important"
V242177,"POST: HOW IMPORTANT IS THE FOLLOWING ISSUE: CRIME Survey Question(s) IMP_CRIME, PAPI POST Q109_6 Note: The following speciﬁcations were implemented exclusively in the computerized survey instrument and are not applicable to the paper questionnaire. Randomization RANDOMIZE ITEMS: ILLIMMIG, COST, CLIMCHNG, GUN, ABRT, CRIME, GAZAWAR, PUBSCHL, DEMOC, RACEINEQ 414 CODEBOOK: VARIABLES Response OrderForward/Reverse order","How important is the following issue in the country today? [Extremely important, very important, moderately important, slightly important or not at all important / Not at all important, slightly important, moderately important, very important or extremely important]? Crime","-9. Refused
-7. Insuﬃcient partial, interview deleted
-6. No post interview
-5. Suﬃcient partial, breakoﬀ
-4. Error
-1. Inapplicable","1. Extremely important
2. Very important
3. Moderately important
4. Slightly important
5. Not at all important"
V242178,"POST: HOW IMPORTANT IS THE FOLLOWING ISSUE: WAR IN GAZA Survey Question(s) IMP_GAZAWAR, PAPI POST Q109_7 Note: The following speciﬁcations were implemented exclusively in the computerized survey instrument and are not applicable to the paper questionnaire. Randomization RANDOMIZE ITEMS: ILLIMMIG, COST, CLIMCHNG, GUN, ABRT, CRIME, GAZAWAR, PUBSCHL, DEMOC, RACEINEQ Response OrderForward/Reverse order","How important is the following issue in the country today? [Extremely important, very important, moderately important, slightly important or not at all important / Not at all important, slightly important, moderately important, very important or extremely important]? The war in Gaza","-9. Refused
-8. Don’t know
-7. Insuﬃcient partial, interview deleted
-6. No post interview
-5. Suﬃcient partial, breakoﬀ
-4. Error
-1. Inapplicable","1. Extremely important
2. Very important
3. Moderately important
4. Slightly important
5. Not at all important"
V242179,"POST: HOW IMPORTANT IS THE FOLLOWING ISSUE: WHAT IS TAUGHT IN PUBLIC SCHOOLS Survey Question(s) IMP_PUBSCHL, PAPI POST Q109_8 Note: The following speciﬁcations were implemented exclusively in the computerized survey instrument and are not applicable to the paper questionnaire. Randomization RANDOMIZE ITEMS: ILLIMMIG, COST, CLIMCHNG, GUN, ABRT, CRIME, GAZAWAR, PUBSCHL, DEMOC, RACEINEQ Response OrderForward/Reverse order","How important is the following issue in the country today? [Extremely important, very important, moderately important, slightly important or not at all important / Not at all important, slightly important, moderately important, very important or extremely important]? What’s being taught in public schools POST-ELECTION SURVEY VARIABLES 415","-9. Refused
-8. Don’t know
-7. Insuﬃcient partial, interview deleted
-6. No post interview
-5. Suﬃcient partial, breakoﬀ
-1. Inapplicable","1. Extremely important
2. Very important
3. Moderately important
4. Slightly important
5. Not at all important"
V242180,"POST: HOW IMPORTANT IS THE FOLLOWING ISSUE: US DEMOCRACY Survey Question(s) IMP_DEMOC, PAPI POST Q109_9 Note: The following speciﬁcations were implemented exclusively in the computerized survey instrument and are not applicable to the paper questionnaire. Randomization RANDOMIZE ITEMS: ILLIMMIG, COST, CLIMCHNG, GUN, ABRT, CRIME, GAZAWAR, PUBSCHL, DEMOC, RACEINEQ 416 CODEBOOK: VARIABLES Response OrderForward/Reverse order","How important is the following issue in the country today? [Extremely important, very important, moderately important, slightly important or not at all important / Not at all important, slightly important, moderately important, very important or extremely important]? Keeping the U.S. a democracy","-9. Refused
-8. Don’t know
-7. Insuﬃcient partial, interview deleted
-6. No post interview
-5. Suﬃcient partial, breakoﬀ
-4. Error
-1. Inapplicable","1. Extremely important
2. Very important
3. Moderately important
4. Slightly important
5. Not at all important"
V242181,"POST: HOW IMPORTANT IS THE FOLLOWING ISSUE: RACIAL INEQUALITY Survey Question(s) IMP_RACEINEQ, PAPI POST Q109_10 Note: The following speciﬁcations were implemented exclusively in the computerized survey instrument and are not applicable to the paper questionnaire. Randomization RANDOMIZE ITEMS: ILLIMMIG, COST, CLIMCHNG, GUN, ABRT, CRIME, GAZAWAR, PUBSCHL, DEMOC, RACEINEQ Response OrderForward/Reverse order","How important is the following issue in the country today? [Extremely important, very important, moderately important, slightly important or not at all important / Not at all important, slightly important, moderately important, very important or extremely important]? Racial inequality","-9. Refused
-8. Don’t know
-7. Insuﬃcient partial, interview deleted
-6. No post interview
-5. Suﬃcient partial, breakoﬀ
-4. Error
-1. Inapplicable","1. Extremely important
2. Very important
3. Moderately important
4. Slightly important
5. Not at all important"
V242182,"POST: WHICH PARTY WOULD DO A BETTER JOB HANDLING: ILLEGAL IMMIGRATION Survey Question(s) OWN_OWNILLIMIG, PAPI POST Q110_1 Note: The following speciﬁcations were implemented exclusively in the computerized survey instrument and are not applicable to the paper questionnaire. Randomization Randomize the order of OWNILLIMIG, OWNCOST, OWNCLIMCHNG, OWNABRT, OWNCRIME, OWNPUBSCHL Response OrderRandomize 2 major parties","Please tell us which political party — the [Democrats/Republicans] or the [Republicans/Democrats] — would do a better job handling the following issue, or is there no diﬀerence. Illegal immigration POST-ELECTION SURVEY VARIABLES 417","-9. Refused
-8. Don’t know
-7. Insuﬃcient partial, interview deleted
-6. No post interview
-5. Suﬃcient partial, breakoﬀ
-4. Error
-1. Inapplicable","1. Democrats
2. Republicans
3. No diﬀerence"
V242183,"POST: WHICH PARTY WOULD DO A BETTER JOB HANDLING: COST OF LIVING Survey Question(s) OWN_OWNCOST, PAPI POST Q110_2 Note: The following speciﬁcations were implemented exclusively in the computerized survey instrument and are not applicable to the paper questionnaire. Randomization Randomize the order of OWNILLIMIG, OWNCOST, OWNCLIMCHNG, OWNABRT, OWNCRIME, OWNPUBSCHL Response OrderRandomize 2 major parties 418 CODEBOOK: VARIABLES","Please tell us which political party — the [Democrats/Republicans] or the [Republicans/Democrats] — would do a better job handling the following issue, or is there no diﬀerence. The cost of living and rising prices","-9. Refused
-8. Don’t know
-7. Insuﬃcient partial, interview deleted
-6. No post interview
-5. Suﬃcient partial, breakoﬀ
-4. Error
-1. Inapplicable","1. Democrats
2. Republicans
3. No diﬀerence"
V242184,"POST: WHICH PARTY WOULD DO A BETTER JOB HANDLING: CLIMATE CHANGE Survey Question(s) OWN_OWNCLIMCHNG, PAPI POST Q110_3 Note: The following speciﬁcations were implemented exclusively in the computerized survey instrument and are not applicable to the paper questionnaire. Randomization Randomize the order of OWNILLIMIG, OWNCOST, OWNCLIMCHNG, OWNABRT, OWNCRIME, OWNPUBSCHL Response OrderRandomize 2 major parties","Please tell us which political party — the [Democrats/Republicans] or the [Republicans/Democrats] — would do a better job handling the following issue, or is there no diﬀerence. Climate change","-9. Refused
-8. Don’t know
-7. Insuﬃcient partial, interview deleted
-6. No post interview
-5. Suﬃcient partial, breakoﬀ
-1. Inapplicable","1. Democrats
2. Republicans
3. No diﬀerence"
V242185,POST: WHICH PARTY WOULD DO A BETTER JOB HANDLING: GUN POLICY Survey Question(s)PAPI POST Q110_4 Variable Note This question was only asked in the PAPI instrument. POST-ELECTION SURVEY VARIABLES 419,"Please tell us which political party—the Democrats or the Republicans—would do a better job handling each of the following issues, or is there no diﬀerence? Gun policy","-9. Refused
-7. Insuﬃcient partial, interview deleted
-6. No post interview
-5. Suﬃcient partial, breakoﬀ
-1. Inapplicable","1. Democrats
2. Republicans
3. No diﬀerence"
V242186,"POST: WHICH PARTY WOULD DO A BETTER JOB HANDLING: ABORTION Survey Question(s) OWN_OWNABRT,PAPI POST Q110_5 Note: The following speciﬁcations were implemented exclusively in the computerized survey instrument and are not applicable to the paper questionnaire. Randomization Randomize the order of OWNILLIMIG, OWNCOST, OWNCLIMCHNG, OWNABRT, OWNCRIME, OWNPUBSCHL Response OrderRandomize 2 major parties","Please tell us which political party — the [Democrats/Republicans] or the [Republicans/Democrats] — would do a better job handling the following issue, or is there no diﬀerence. Abortion","-9. Refused
-8. Don’t know
-7. Insuﬃcient partial, interview deleted
-6. No post interview
-5. Suﬃcient partial, breakoﬀ
-4. Error
-1. Inapplicable","1. Democrats
2. Republicans
3. No diﬀerence"
V242187,"POST: WHICH PARTY WOULD DO A BETTER JOB HANDLING: CRIME 420 CODEBOOK: VARIABLES Survey Question(s) OWN_OWNCRIME, PAPI POST Q110_6 Note: The following speciﬁcations were implemented exclusively in the computerized survey instrument and are not applicable to the paper questionnaire. Randomization Randomize the order of OWNILLIMIG, OWNCOST, OWNCLIMCHNG, OWNABRT, OWNCRIME, OWNPUBSCHL Response OrderRandomize 2 major parties","Please tell us which political party — the [Democrats/Republicans] or the [Republicans/Democrats] — would do a better job handling the following issue, or is there no diﬀerence. Crime","-9. Refused
-8. Don’t know
-7. Insuﬃcient partial, interview deleted
-6. No post interview
-5. Suﬃcient partial, breakoﬀ
-4. Error
-1. Inapplicable","1. Democrats
2. Republicans
3. No diﬀerence"
V242188,POST: WHICH PARTY WOULD DO A BETTER JOB HANDLING: WAR IN GAZA Survey Question(s)PAPI POST Q110_7 Variable Note This question was only asked in the PAPI instrument.,"Please tell us which political party—the Democrats or the Republicans—would do a better job handling each of the following issues, or is there no diﬀerence? The war in Gaza","-9. Refused
-7. Insuﬃcient partial, interview deleted
-6. No post interview
-5. Suﬃcient partial, breakoﬀ
-1. Inapplicable","1. Democrats
2. Republicans
3. No diﬀerence"
V242189,"POST: WHICH PARTY WOULD DO A BETTER JOB HANDLING: WHAT IS TAUGHT IN PUBLIC SCHOOLS POST-ELECTION SURVEY VARIABLES 421 Survey Question(s) OWN_OWNPUBSCHL, PAPI POST Q110_8 Note: The following speciﬁcations were implemented exclusively in the computerized survey instrument and are not applicable to the paper questionnaire. Randomization Randomize the order of OWNILLIMIG, OWNCOST, OWNCLIMCHNG, OWNABRT, OWNCRIME, OWNPUBSCHL Response OrderRandomize 2 major parties","Please tell us which political party — the [Democrats/Republicans] or the [Republicans/Democrats] — would do a better job handling the following issue, or is there no diﬀerence. What’s being taught in public schools","-9. Refused
-8. Don’t know
-7. Insuﬃcient partial, interview deleted
-6. No post interview
-5. Suﬃcient partial, breakoﬀ
-1. Inapplicable","1. Democrats
2. Republicans
3. No diﬀerence"
V242190,POST: WHICH PARTY WOULD DO A BETTER JOB HANDLING: US DEMOCRACY Survey Question(s)PAPI POST Q110_9 Variable Note This question was only asked in the PAPI instrument.,"Please tell us which political party—the Democrats or the Republicans—would do a better job handling each of the following issues, or is there no diﬀerence? Keeping the U.S. a democracy","-9. Refused
-7. Insuﬃcient partial, interview deleted
-6. No post interview
-5. Suﬃcient partial, breakoﬀ
-1. Inapplicable","1. Democrats
2. Republicans
3. No diﬀerence"
V242191,POST: WHICH PARTY WOULD DO A BETTER JOB HANDLING: RACIAL INEQUALITY Survey Question(s)PAPI POST Q110_10 422 CODEBOOK: VARIABLES Variable Note This question was only asked in the PAPI instrument.,"Please tell us which political party—the Democrats or the Republicans—would do a better job handling each of the following issues, or is there no diﬀerence? Racial inequality","-9. Refused
-7. Insuﬃcient partial, interview deleted
-6. No post interview
-5. Suﬃcient partial, breakoﬀ
-4. Error
-1. Inapplicable","1. Democrats
2. Republicans
3. No diﬀerence"
V242200,"POST: [STD] PUBLIC OFFICIALS DON’T CARE WHAT PEOPLE THINK Survey Question(s) EFFICPO_CARESTD, PAPI POST Q61 Note: The following speciﬁcations were implemented exclusively in the computerized survey instrument and are not applicable to the paper questionnaire. Response OrderForward/Reverse order","For the following statements, please tell me how strongly you agree or disagree: ‘Public oﬃcials don’t care much what people like me think.’ (Do you [agree strongly, agree somewhat, neither agree nor disagree, disagree somewhat, or disagree strongly / disagree strongly, disagree somewhat, neither agree nor disagree, agree somewhat, or agree strongly] with this statement?)","-9. Refused
-8. Don’t know
-7. Insuﬃcient partial, interview deleted
-6. No post interview
-5. Suﬃcient partial, breakoﬀ
-4. Error
-1. Inapplicable","1. Agree strongly
2. Agree somewhat
3. Neither agree nor disagree
4. Disagree somewhat
5. Disagree strongly"
V242201,"POST: [STD] HAVE NO SAY ABOUT WHAT GOVERNMENT DOES Survey Question(s) EFFICPO_SAYSTD, PAPI POST Q62 Note: The following speciﬁcations were implemented exclusively in the computerized survey instrument and are not applicable to the paper questionnaire. Response OrderForward/Reverse order","‘People like me don’t have any say about what the government does.’ (Do you [agree strongly, agree somewhat, neither agree nor disagree, disagree somewhat, or disagree strongly / disagree strongly, disagree somewhat, neither agree nor disagree, agree somewhat, or agree strongly] with this statement?) POST-ELECTION SURVEY VARIABLES 423","-9. Refused
-8. Don’t know
-7. Insuﬃcient partial, interview deleted
-6. No post interview
-5. Suﬃcient partial, breakoﬀ
-4. Error
-1. Inapplicable","1. Agree strongly
2. Agree somewhat
3. Neither agree nor disagree
4. Disagree somewhat
5. Disagree strongly"
V242202,"POST: [REV] POLITICS/GOVERNMENT TOO COMPLICATED TO UNDERSTAND Survey Question(s) EFFICPO_COMPLICREV, PAPI POST Q64 Note: The following speciﬁcations were implemented exclusively in the computerized survey instrument and are not applicable to the paper questionnaire. Response OrderForward/Reverse order 424 CODEBOOK: VARIABLES","How often do politics and government seem so complicated that you can’t really understand what’s going on? [Always, most of the time, about half the time, some of the time, or never / Never, some of the time, about half the time, most of the time, or always] ?","-9. Refused
-8. Don’t know
-7. Insuﬃcient partial, interview deleted
-6. No post interview
-5. Suﬃcient partial, breakoﬀ
-1. Inapplicable","1. Always
2. Most of the time
3. About half the time
4. Some of the time
5. Never"
V242203,POST: [REV] HOW WELL DOES R UNDERSTAND IMPORTANT POLITICAL ISSUES Survey Question(s)EFFICPO_UNDREV Response OrderForward/Reverse order,"How well do you understand the important political issues facing our country? [Extremely well, very well, moderately well, slightly well, or not well at all / Not well at all, slightly well, moderately well, very well, or extremely well]?","-9. Refused
-7. Insuﬃcient partial, interview deleted
-6. No post interview
-5. Suﬃcient partial, breakoﬀ
-1. Inapplicable","1. Extremely well
2. Very well
3. Moderately well
4. Slightly well
5. Not well at all"
V242204,"POST: IMPORTANT DIFFERENCES IN WHAT MAJOR PARTIES STAND FOR Survey Question(s) PTYDIFF_IMPDIFFPTY , PAPI POST Q63 Note: The following speciﬁcations were implemented exclusively in the computerized survey instrument and are not applicable to the paper questionnaire.","Next, do you think there are any important diﬀerences in what the Republicans and Democrats stand for?","-9. Refused
-8. Don’t know
-7. Insuﬃcient partial, interview deleted
-6. No post interview
-5. Suﬃcient partial, breakoﬀ
-1. Inapplicable","1. Yes, diﬀerences
2. No, no diﬀerences"
V242205,POST: IS ONE OF THE PARTIES MORE CONSERVATIVE THAN THE OTHER POST-ELECTION SURVEY VARIABLES 425 Survey Question(s)PTYCONS_PTYCONS,Would you say that one of the parties is more conservative than the other at the national level?,"-9. Refused
-8. Don’t know
-7. Insuﬃcient partial, interview deleted
-6. No post interview
-5. Suﬃcient partial, breakoﬀ
-1. Inapplicable","1. Yes, one party more conservative
2. No, one party not more conservative"
V242206,POST: WHICH IS THE PARTY THAT IS MORE CONSERVATIVE Survey Question(s)PTYCONS_PTYCONSWH Universe IF R SAYS THAT ONE OF THE MAJOR PARTIES IS MORE CONSERVATIVE:,Which party is more conservative?,"-9. Refused
-8. Don’t know
-7. Insuﬃcient partial, interview deleted
-6. No post interview
-5. Suﬃcient partial, breakoﬀ
-1. Inapplicable","1. Democrats
2. Republicans"
V242207,"POST: HOW OFTEN ARE VOTES COUNTED FAIRLY Survey Question(s) ELECTINTPO_COUNTFAIR, PAPI POST Q65 Note: The following speciﬁcations were implemented exclusively in the computerized survey instrument and are not applicable to the paper questionnaire. Response OrderForward/Reverse order","In your view, how often do the following things occur in this country’s elections: Votes are counted fairly? [All of the time, most of the time, about half of the time, some of the time, or never / Never, some of the time, about half of the time, most of the time, or all of the time]? 426 CODEBOOK: VARIABLES","-9. Refused
-8. Don’t know
-7. Insuﬃcient partial, interview deleted
-6. No post interview
-5. Suﬃcient partial, breakoﬀ
-1. Inapplicable","1. All of the time
2. Most of the time
3. About half of the time
4. Some of the time
5. Never"
V242208,POST: HOW IMPORTANT THAT MORE HISPANICS GET ELECTED TO POLITICAL OFFICE Survey Question(s)ELECTMORE_HISP Response OrderForward/Reverse order,"How important is it that more Hispanics be elected to political oﬃce? [Extremely important, very important, moderately important, a little important, or not at all important / Not at all important, a little important, moderately important, very important, or extremely important]?","-9. Refused
-8. Don’t know
-7. Insuﬃcient partial, interview deleted
-6. No post interview
-5. Suﬃcient partial, breakoﬀ
-1. Inapplicable","1. Extremely important
2. Very important
3. Moderately important
4. A little important
5. Not at all important"
V242209,POST: HOW IMPORTANT THAT MORE BLACKS GET ELECTED TO POLITICAL OFFICE POST-ELECTION SURVEY VARIABLES 427 Survey Question(s)ELECTMORE_BLACK Response OrderForward/Reverse order,"How important is it that more blacks be elected to political oﬃce? [Extremely important, very important, moderately important, a little important, or not at all important / Not at all important, a little important, moderately important, very important, or extremely important]?","-9. Refused
-8. Don’t know
-7. Insuﬃcient partial, interview deleted
-6. No post interview
-5. Suﬃcient partial, breakoﬀ
-1. Inapplicable","1. Extremely important
2. Very important
3. Moderately important
4. A little important
5. Not at all important"
V242210,POST: HOW IMPORTANT THAT MORE ASIANS GET ELECTED TO POLITICAL OFFICE Survey Question(s)ELECTMORE_ASIAN Response OrderForward/Reverse order 428 CODEBOOK: VARIABLES,"How important is it that more Asians be elected to political oﬃce? [Extremely important, very important, moderately important, a little important, or not at all important / Not at all important, a little important, moderately important, very important, or extremely important]?","-9. Refused
-8. Don’t know
-7. Insuﬃcient partial, interview deleted
-6. No post interview
-5. Suﬃcient partial, breakoﬀ
-1. Inapplicable","1. Extremely important
2. Very important
3. Moderately important
4. A little important
5. Not at all important"
V242211,POST: HOW IMPORTANT THAT MORE LGBT PEOPLE GET ELECTED TO POLITICAL OFFICE Survey Question(s)ELECTMORE_LGBT Response OrderForward/Reverse order,"How important is it that more lesbian, gay, bisexual, and transgender people be elected to political oﬃce? [Extremely important, very important, moderately important, a little important, or not at all important / Not at all important, a little important, moderately important, very important, or extremely important]?","-9. Refused
-8. Don’t know
-7. Insuﬃcient partial, interview deleted
-6. No post interview
-5. Suﬃcient partial, breakoﬀ
-1. Inapplicable","1. Extremely important
2. Very important
3. Moderately important
4. A little important
5. Not at all important"
V242212,POST: HOW IMPORTANT THAT MORE WOMEN GET ELECTED TO POLITICAL OFFICE Survey Question(s)ELECTMORE_WOMEN Response OrderForward/Reverse order POST-ELECTION SURVEY VARIABLES 429,"How important is it that more women be elected to political oﬃce? [Extremely important, very important, moderately important, a little important, or not at all important / Not at all important, a little important, moderately important, very important, or extremely important]?","-9. Refused
-8. Don’t know
-7. Insuﬃcient partial, interview deleted
-6. No post interview
-5. Suﬃcient partial, breakoﬀ
-1. Inapplicable","1. Extremely important
2. Very important
3. Moderately important
4. A little important
5. Not at all important"
V242213,POST: HOW IMPORTANT THAT A WOMAN BE ELECTED PRESIDENT OF THE US Survey Question(s)WOMANPRES_ELECT Response OrderForward/Reverse order,"How important is it to you for a woman to be elected President of the United States? [ Extremely important, very important, moderately important, a little important, or not at all important /Not at all important, a little important, moderately important, very important, or extremely important]?","-9. Refused
-8. Don’t know
-7. Insuﬃcient partial, interview deleted
-6. No post interview
-5. Suﬃcient partial, breakoﬀ
-1. Inapplicable","1. Extremely important
2. Very important
3. Moderately important
4. A little important
5. Not at all important"
V242214,"POST: LIMITS ON CAMPAIGN SPENDING Survey Question(s)CAMPFIN_SPENDLIM Randomization Order of CAMPFIN questions in module, 8 possible orderings: 1) donate,spendlim,org,direct 2) donate,spendlim,direct,org 3) donate,org,direct,spendlim 4) donate,direct,org,spendlim 5) spendlim,org,direct,donate 6) spendlim,direct,org,donate 7) org,direct,spendlim,donate 8) direct,org,spendlim,donate 430 CODEBOOK: VARIABLES","Do you favor, oppose, or neither favor nor oppose placing limits on political campaign spending?","-9. Refused
-8. Don’t know
-7. Insuﬃcient partial, interview deleted
-6. No post interview
-5. Suﬃcient partial, breakoﬀ
-1. Inapplicable","1. Favor
2. Oppose
3. Neither favor nor oppose"
V242215,"POST: CONGRESS PASS LAWS THAT BENEFIT CONTRIBUTOR ORGANIZATION Survey Question(s)CAMPFIN_ORG Randomization Order of CAMPFIN questions in module, 8 possible orderings: 1) donate,spendlim,org,direct 2) donate,spendlim,direct,org 3) donate,org,direct,spendlim 4) donate,direct,org,spendlim 5) spendlim,org,direct,donate 6) spendlim,direct,org,donate 7) org,direct,spendlim,donate 8) direct,org,spendlim,donate Response OrderForward/Reverse order Variable Note The variable ^indirect_amt is assigned one of two values - $2,500 or $250,000 - based on a randomly generated value.","When organizations spend ^indirect_amt on advertising to support candidates for Congress, how much does Congress respond by passing laws to beneﬁt those organizations? [A great deal, a lot, a moderate amount, a little, or not at all / Not at all, a little, a moderate amount, a lot, or a great deal]?","-9. Refused
-8. Don’t know
-7. Insuﬃcient partial, interview deleted
-6. No post interview
-5. Suﬃcient partial, breakoﬀ
-1. Inapplicable","1. A great deal
2. A lot
3. A moderate amount
4. A little
5. Not at all"
V242216,"POST: CONGRESS PASS LAWS THAT BENEFIT CONTRIBUTOR INDIVIDUALS Survey Question(s)CAMPFIN_DIRECT Randomization Order of CAMPFIN questions in module, 8 possible orderings: 1) donate,spendlim,org,direct 2) donate,spendlim,direct,org 3) donate,org,direct,spendlim 4) donate,direct,org,spendlim 5) spendlim,org,direct,donate 6) spendlim,direct,org,donate 7) org,direct,spendlim,donate 8) direct,org,spendlim,donate Response OrderForward/Reverse order Variable Note The variable ^direct_amt is assigned one of ﬁve values - $25, $250, $1,000, $2,500, or $5,000 - based on a randomly generated value.","When people give ^direct_amt each to the election campaigns of Members of Congress, how much does Congress respond by passing laws to beneﬁt people who gave them money? [A great deal, a lot, a moderate amount, a little, or not at all / Not at all, a little, a moderate amount, a lot, or a great deal]? POST-ELECTION SURVEY VARIABLES 431","-9. Refused
-8. Don’t know
-7. Insuﬃcient partial, interview deleted
-6. No post interview
-5. Suﬃcient partial, breakoﬀ
-1. Inapplicable","1. A great deal
2. A lot
3. A moderate amount
4. A little
5. Not at all"
V242217,"POST: CONGRESS CHANGE VOTES BECAUSE OF DONATION TO CAMPAIGN Survey Question(s)CAMPFIN_DONATE 432 CODEBOOK: VARIABLES Randomization Order of CAMPFIN questions in module, 8 possible orderings: 1) donate,spendlim,org,direct 2) donate,spendlim,direct,org 3) donate,org,direct,spendlim 4) donate,direct,org,spendlim 5) spendlim,org,direct,donate 6) spendlim,direct,org,donate 7) org,direct,spendlim,donate 8) direct,org,spendlim,donate Response OrderForward/Reverse order","How often do Members of Congress change their votes on legislation because someone donates money to their campaign? [All the time, very often, a moderate amount of time, rarely, or never / Never, rarely, a moderate amount of time, very often, or all the time]?","-9. Refused
-8. Don’t know
-7. Insuﬃcient partial, interview deleted
-6. No post interview
-5. Suﬃcient partial, breakoﬀ
-1. Inapplicable","1. All the time
2. Very often
3. A moderate amount of time
4. Rarely
5. Never"
V242218,"POST: HAVE THE COURTS TREATED DONALD TRUMP FAIRLY OR UNFAIRLY Survey Question(s) TRUMPPOST_COURTFAIRPO, PAPI POST Q67 Note: The following speciﬁcations were implemented exclusively in the computerized survey instrument and are not applicable to the paper questionnaire.",Have the courts treated Donald Trump fairly or unfairly?,"-9. Refused
-8. Don’t know
-7. Insuﬃcient partial, interview deleted
-6. No post interview
-5. Suﬃcient partial, breakoﬀ
-4. Error
-1. Inapplicable","1. Fairly
2. Unfairly"
V242219,"POST: HAVE THE COURTS TREATED DONALD TRUMP FAIRLY OR UNFAIRLY (STRENGTH) POST-ELECTION SURVEY VARIABLES 433 Survey Question(s) TRUMPPOST_COURTFAIRSTRPO, PAPI POST Q68 Note: The following speciﬁcations were implemented exclusively in the computerized survey instrument and are not applicable to the paper questionnaire. Universe IF R THINKS COURTS TREATED DONALD TRUMP FAIRLY: IF R THINKS COURTS TREATED DONALD TRUMP UNFAIRLY / Response OrderForward/Reverse order","How strongly do you feel that way? [Very strongly, somewhat strongly, or not strongly / Not strongly, somewhat strongly, or very strongly]?","-9. Refused
-8. Don’t know
-7. Insuﬃcient partial, interview deleted
-6. No post interview
-5. Suﬃcient partial, breakoﬀ
-1. Inapplicable","1. Very strongly
2. Somewhat strongly
3. Not strongly"
V242220x,"POST: SUMMARY: HAVE THE COURTS TREATED DONALD TRUMP FAIRLY OR UNFAIRLY Survey Question(s) TRUMPPOST_COURTFAIRPO, TRUMPPOST_COURTFAIRSTRPO, PAPI POST Q67, PAPI POST Q68",,"-7. Insuﬃcient partial, interview deleted
-6. No post interview
-5. Suﬃcient partial, breakoﬀ
-2. DK/RF in V242218 or V242219
-1. Inapplicable","1. Feels very strongly courts treated Trump fairly
2. Feels somewhat strongly courts treated Trump fairly
3. Feels not strongly courts treated Trump fairly
4. Feels not strongly courts treated Trump unfairly
5. Feels somwhat strongly courts treated Trump unfairly
6. Feels very strongly courts treated Trump unfairly"
V242221,POST: APPROVE OR DISAPPROVE OF JOE BIDEN DROPPING OUT OF PRESIDENTIAL RACE Survey Question(s)CANDPOST_BIDENDROPPO 434 CODEBOOK: VARIABLES,Do you approve or disapprove of Joe Biden dropping out of the presidential race?,"-9. Refused
-8. Don’t know
-7. Insuﬃcient partial, interview deleted
-6. No post interview
-5. Suﬃcient partial, breakoﬀ
-1. Inapplicable","1. Approve
2. Disapprove"
V242222,POST: APPROVE/DISAPPROVE OF JOE BIDEN DROPPING OUT OF PRESIDENTIAL RACE (STRENGTH) Survey Question(s)CANDPOST_BIDENDROPSTRPO Universe IF R APPROVES BIDEN DROPPING OUT OF PRESIDENTIAL RACE / IF R DISAPPROVES BIDEN DROPPING OUT OF PRESIDENTIAL RACE:,Do you approve strongly or not strongly / Do you disapprove strongly or not strongly?,"-9. Refused
-7. Insuﬃcient partial, interview deleted
-6. No post interview
-5. Suﬃcient partial, breakoﬀ
-1. Inapplicable","1. Strongly
2. Not strongly"
V242223x,"POST: SUMMARY: APPROVE/DISAPPROVE OF JOE BIDEN DROPPING OUT OF PRESIDENTIAL RACE Survey Question(s)CANDPOST_BIDENDROPPO, CANDPOST_BIDENDROPSTRPO",,"-7. Insuﬃcient partial, interview deleted
-6. No post interview
-5. Suﬃcient partial, breakoﬀ
-2. DK/RF in V242221 or V242222
-1. Inapplicable","1. Approve strongly
2. Approve not strongly
3. Disapprove not strongly
4. Disapprove strongly"
V242224,POST: FAVOR OR OPPOSE PLACING NEW LIMITS ON IMPORTS Survey Question(s)IMPORTS_IMPORTLIM,Some people have suggested placing new limits on foreign imports in order to protect American jobs. Others say that such limits would raise consumer prices and hurt American exports. Do you favor or oppose placing new limits on imports? POST-ELECTION SURVEY VARIABLES 435,"-9. Refused
-8. Don’t know
-7. Insuﬃcient partial, interview deleted
-6. No post interview
-5. Suﬃcient partial, breakoﬀ
-1. Inapplicable","1. Favor
2. Oppose"
V242225,POST: FAVOR OR OPPOSE PLACING NEW LIMITS ON IMPORTS (STRENGTH) Survey Question(s)IMPORTS_IMPORTLIMSTR Universe IF R FAVORS PLACING NEW LIMITS ON IMPORTS / IF R OPPOSES PLACING NEW LIMITS ON IMPORTS:,Do you [favor / oppose] placing new limits on imports strongly or not strongly?,"-9. Refused
-8. Don’t know
-7. Insuﬃcient partial, interview deleted
-6. No post interview
-5. Suﬃcient partial, breakoﬀ
-1. Inapplicable","1. Strongly
2. Not strongly"
V242226x,"POST: SUMMARY: FAVOR/OPPOSE NEW LIMITS ON IMPORTS Survey Question(s)IMPORTS_IMPORTLIM, IMPORTS_IMPORTLIMSTR 436 CODEBOOK: VARIABLES",,"-7. Insuﬃcient partial, interview deleted
-6. No post interview
-5. Suﬃcient partial, breakoﬀ
-2. DK/RF in V242224 or V242225
-1. Inapplicable","1. Favor strongly
2. Favor not strongly
3. Oppose not strongly
4. Oppose strongly"
V242227,"POST: WHAT SHOULD IMMIGRATION LEVELS BE Survey Question(s) IMMIGPO_IMMLEVEL, PAPI POST Q69 Note: The following speciﬁcations were implemented exclusively in the computerized survey instrument and are not applicable to the paper questionnaire. Response OrderForward/Reverse order","Do you think the number of immigrants from foreign countries who are permitted to come to the United States to live should be [increased a lot, increased a little, left the same as it is now, decreased a little, or decreased a lot / decreased a lot, decreased a little, left the same as it is now, increased a little, or increased a lot]?","-9. Refused
-8. Don’t know
-7. Insuﬃcient partial, interview deleted
-6. No post interview
-5. Suﬃcient partial, breakoﬀ
-1. Inapplicable","1. Increased a lot
2. Increased a little
3. Left the same as it is now
4. Decreased a little
5. Decreased a lot"
V242228,POST: HOW LIKELY IMMIGRATION WILL TAKE AWAY JOBS Survey Question(s)IMMIGPO_IMMJOBS Response OrderForward/Reverse order POST-ELECTION SURVEY VARIABLES 437,"Now I’d like to ask you about immigration in recent years. How likely is it that recent immigration levels will take jobs away from people already here – [extremely likely, very likely, somewhat likely, or not at all likely / not at all likely, somewhat likely, very likely, or extremely likely]?","-9. Refused
-8. Don’t know
-7. Insuﬃcient partial, interview deleted
-6. No post interview
-5. Suﬃcient partial, breakoﬀ
-1. Inapplicable","1. Extremely likely
2. Very likely
3. Somewhat likely
4. Not at all likely"
V242229,POST: EFFECT OF ILLEGAL IMMIGRATION ON CRIME RATE Survey Question(s)IMMIGPO_ILLIMCRIME,"Does illegal immigration increase, decrease, or have no eﬀect on the crime rate in the U.S.?","-9. Refused
-8. Don’t know
-7. Insuﬃcient partial, interview deleted
-6. No post interview
-5. Suﬃcient partial, breakoﬀ
-1. Inapplicable","1. Increase
2. Decrease
3. Have no eﬀect"
V242230,POST: EFFECT OF ILLEGAL IMMIGRATION ON CRIME RATE (STRENGTH) Survey Question(s)IMMIGPO_ILLIMCRIMESTR Universe IF R SAYS INCREASES CRIME RATE / IF R SAYS DECREASES CRIME RATE: Response OrderForward/Reverse order,"Does it [increase / decrease] the crime rate [a lot, a moderate amount, or a little / a little, a moderate amount, or a lot]?","-9. Refused
-8. Don’t know
-7. Insuﬃcient partial, interview deleted
-6. No post interview
-5. Suﬃcient partial, breakoﬀ
-1. Inapplicable","1. A lot
2. A moderate amount
3. A little"
V242231x,"POST: SUMMARY: EFFECT OF ILLEGAL IMMIGRATION ON CRIME RATE 438 CODEBOOK: VARIABLES Survey Question(s)IMMIGPO_ILLIMCRIME, IMMIGPO_ILLIMCRIMESTR",,"-7. Insuﬃcient partial, interview deleted
-6. No post interview
-5. Suﬃcient partial, breakoﬀ
-2. DK/RF in V242229 or V242230
-1. Inapplicable","1. Increate a lot
2. Increase a moderate amount
3. Increase a little
4. Have no eﬀect
5. Decrease a little
6. Decrease a moderate amount
7. Decrease a lot"
V242232,POST: FAVOR OR OPPOSE PROVIDING PATH TO CITIZENSHIP Survey Question(s)IMMIGPO_PATHWAY,"Do you favor, oppose, or neither favor nor oppose providing a path to citizenship for unauthorized immigrants who obey the law, pay a ﬁne, and pass security checks?","-9. Refused
-8. Don’t know
-7. Insuﬃcient partial, interview deleted
-6. No post interview
-5. Suﬃcient partial, breakoﬀ
-1. Inapplicable","1. Favor
2. Oppose
3. Neither favor nor oppose"
V242233,POST: FAVOR OR OPPOSE PROVIDING PATH TO CITIZENSHIP (STRENGTH) Survey Question(s)IMMIGPO_PATHWAYSTR Universe IF R FAVORS PROVIDING A PATH TO CITIZENSHIP / IF R OPPOSES PROVIDING A PATH TO CITIZENSHIP: Response OrderForward/Reverse order,"Do you [favor / oppose] that [a great deal, a moderate amount, or a little / a little, a moderate amount, or a great deal]? POST-ELECTION SURVEY VARIABLES 439","-9. Refused
-8. Don’t Know
-7. Insuﬃcient partial, interview deleted
-6. No post interview
-5. Suﬃcient partial, breakoﬀ
-1. Inapplicable","1. A great deal
2. A moderate amount
3. A little"
V242234x,"POST: SUMMARY: FAVOR/OPPOSE PROVIDING PATH TO CITIZENSHIP Survey Question(s)IMMIGPO_PATHWAY , IMMIGPO_PATHWAYSTR",,"-7. Insuﬃcient partial, interview deleted
-6. No post interview
-5. Suﬃcient partial, breakoﬀ
-2. DK/RF in V242232 or V242233
-1. Inapplicable","1. Favor a great deal
2. Favor a moderate amount
3. Favor a little
4. Neither favor nor oppose
5. Oppose a little
6. Oppose a moderate amount
7. Oppose a great deal"
V242235,POST: ARE IMMIGRANTS GENERALLY GOOD OR BAD FOR AMERICA’S ECONOMY Survey Question(s)IMMIGPO_ECONIMM,Are immigrants generally good or bad for America’s economy? 440 CODEBOOK: VARIABLES,"-9. Refused
-8. Don’t know
-7. Insuﬃcient partial, interview deleted
-6. No post interview
-5. Suﬃcient partial, breakoﬀ
-1. Inapplicable","1. Extremely good
2. Moderately good
3. Slightly good
4. Neither good nor bad
5. Slightly bad
6. Moderately bad
7. Extremely bad"
V242236,POST: HOW IMPORTANT IS IT FOR IMMIGRANTS TO ADAPT TO CUSTOMS/TRADITIONS OF THE US Survey Question(s)IMMIGPO_CUSTOMS Response OrderForward/Reverse order,How important is it for immigrants to adapt to the customs and traditions of the United States?,"-9. Refused
-8. Don’t know
-7. Insuﬃcient partial, interview deleted
-6. No post interview
-5. Suﬃcient partial, breakoﬀ
-1. Inapplicable","1. Not at all important
2. A little important
3. Moderately important
4. Very important
5. Extremely important"
V242237,POST: FOR OR AGAINST PREFERENTIAL HIRING/PROMOTION OF BLACKS Survey Question(s)AFFIRM_AFFOPIN,What about your opinion – are you for or against preferential hiring and promotion of blacks? POST-ELECTION SURVEY VARIABLES 441,"-9. Refused
-8. Don’t know
-7. Insuﬃcient partial, interview deleted
-6. No post interview
-5. Suﬃcient partial, breakoﬀ
-1. Inapplicable","1. For preferential hiring and promotion of blacks
2. Against preferential hiring and promotion of blacks"
V242238,POST: FAVOR PREFERENTIAL HIRING/PROMOTION OF BLACKS STRONGLY OR NOT STRONGLY Survey Question(s)AFFIRM_AFFFAV Universe IF R IS FOR PREFERENTIAL HIRING AND PROMOTION FOR BLACKS:,Do you favor preference in hiring and promotion strongly or not strongly?,"-9. Refused
-7. Insuﬃcient partial, interview deleted
-6. No post interview
-5. Suﬃcient partial, breakoﬀ
-1. Inapplicable","1. Strongly
2. Not strongly"
V242239,POST: OPPOSE PREFERENTIAL HIRING/PROMOTION OF BLACKS STRONGLY OR NOT STRONGLY Survey Question(s)AFFIRM_AFFOPP Universe IF R IS AGAINST PREFERENTIAL HIRING AND PROMOTION FOR BLACKS: 442 CODEBOOK: VARIABLES,Do you oppose preference in hiring and promotion strongly or not strongly?,"-9. Refused
-8. Don’t know
-7. Insuﬃcient partial, interview deleted
-6. No post interview
-5. Suﬃcient partial, breakoﬀ
-1. Inapplicable","1. Strongly
2. Not strongly"
V242240,POST: PAPER: FAVOR/OPPOSE PREFERENTIAL HIRING/PROMOTION OF BLACKS blacks 4. Strongly against preferential hiring and promotion of blacks Survey Question(s)PAPI POST Q70,"Some people say that because of past discrimination, blacks should be given preference in hiring and promotion. Others say that such preference in hiring and promotion of blacks is wrong because it gives blacks advantages they haven’t earned. What about your opinion—are you for or against preferential hiring and promotion of blacks, and how strongly?","-9. Refused
-7. Insuﬃcient partial, interview deleted
-6. No post interview
-5. Suﬃcient partial, breakoﬀ
-4. Error
-1. Inapplicable","1. Strongly for preferential hiring and promotion of blacks
2. Not strongly for preferential hiring and promotion of blacks
3. Not strongly against preferential hiring and promotion of"
V242241x,"POST: SUMMARY: FAVOR/OPPOSE PREFERENTIAL HIRING/PROMOTION OF BLACKS blacks 4. Strongly against preferential hiring and promotion of blacks Survey Question(s)AFFIRM_AFFOPIN, AFFIRM_AFFFAV, AFFIRM_AFFOPP , PAPI POST Q70",,"-7. Insuﬃcient partial, interview deleted
-6. No post interview
-5. Suﬃcient partial, breakoﬀ
-4. Error
-2. DK/RF in V242237, V242238, V242239, V242240","1. Strongly for preferential hiring and promotion of blacks
2. Not strongly for preferential hiring and promotion of blacks
3. Not strongly against preferential hiring and promotion of"
V242242,POST: DOES R FAVOR OR OPPOSE AFFIRMATIVE ACTION IN UNIVERSITIES POST-ELECTION SURVEY VARIABLES 443 Survey Question(s)AFFPRE_AAUNI,"Do you favor, oppose, or neither favor nor oppose allowing universities to increase the number of black students studying at their schools by considering race along with other factors when choosing students?","-9. Refused
-8. Don’t know
-7. Insuﬃcient partial, interview deleted
-6. No post interview
-5. Suﬃcient partial, breakoﬀ
-1. Inapplicable","1. Favor
2. Oppose
3. Neither favor nor oppose"
V242243,POST: HOW MUCH DOES R FAVOR AFFIRMATIVE ACTION IN UNIVERSITIES Survey Question(s)AFFPRE_AAUNIFAV Universe IF R FAVORS AFFIRMATIVE ACTION AT UNIVERSITIES: Response OrderForward/Reverse order,"Do you favor that [a great deal, a moderate amount, or a little / a little, a moderate amount, or a great deal]?","-9. Refused
-7. Insuﬃcient partial, interview deleted
-6. No post interview
-5. Suﬃcient partial, breakoﬀ
-1. Inapplicable","1. A great deal
2. A moderate amount
3. A little"
V242244,POST: HOW MUCH DOES R OPPOSE AFFIRMATIVE ACTION IN UNIVERSITIES Survey Question(s)AFFPRE_AAUNIOPP Universe IF R OPPOSES AFFIRMATIVE ACTION AT UNIVERSITIES: Response OrderForward/Reverse order,"Do you oppose that [a great deal, a moderate amount, or a little / a little, a moderate amount, or a great deal]? 444 CODEBOOK: VARIABLES","-9. Refused
-7. Insuﬃcient partial, interview deleted
-6. No post interview
-5. Suﬃcient partial, breakoﬀ
-1. Inapplicable","1. A great deal
2. A moderate amount
3. A little"
V242245x,"POST: SUMMARY: DOES R FAVOR/OPPOSE AFFIRMATIVE ACTION IN UNIVERSITIES Survey Question(s)AFFPRE_AAUNI, AFFPRE_AAUNIFAV, AFFPRE_AAUNIOPP",,"-7. Insuﬃcient partial, interview deleted
-6. No post interview
-5. Suﬃcient partial, breakoﬀ
-2. DK/RF in V242242 or V242243
-1. Inapplicable","1. Favor a great deal
2. Favor a moderate amount
3. Favor a little
4. Neither favor nor oppose
5. Oppose a little
6. Oppose a moderate amount
7. Oppose a great deal"
V242246,POST: LESS GOVERNMENT BETTER OR MORE THAT GOVERNMENT SHOULD BE DOING Survey Question(s)LIMTGOV_LESSGOVT,"Which of the following statements comes closer to your view? One, the less government, the better; or Two, there are more things that government should be doing. POST-ELECTION SURVEY VARIABLES 445","-9. Refused
-8. Don’t know
-7. Insuﬃcient partial, interview deleted
-6. No post interview
-5. Suﬃcient partial, breakoﬀ
-1. Inapplicable","1. The less government the better
2. More things government should be doing"
V242247,POST: LESS GOVERNMENT BETTER OR MORE THAT GOVERNMENT SHOULD BE DOING (STRENGTH) Survey Question(s)LIMTGOV_LESSGOVTSTR Universe IF R BELIEVES LESS GOVERNMENT IS BETTER / IF R BELIEVES THERE ARE MORE THINGS FOR THE GOVERNMENT TO DO: Response OrderForward/Reverse order,"How strongly do you feel this way? [Very strongly, somewhat strongly, or not strongly / Not strongly, somewhat strongly, or very strongly]?","-9. Refused
-8. Don’t know
-7. Insuﬃcient partial, interview deleted
-6. No post interview
-5. Suﬃcient partial, breakoﬀ
-1. Inapplicable","1. Very strongly
2. Somewhat strongly
3. Not strongly"
V242248x,"POST:SUMMARY: LESS OR MORE GOVERNMENT 446 CODEBOOK: VARIABLES Survey Question(s)LIMTGOV_LESSGOVT, LIMTGOV_LESSGOVTSTR",,"-7. Insuﬃcient partial, interview deleted
-6. No post interview
-5. Suﬃcient partial, breakoﬀ
-2. DK/RF in V242246 or V242247
-1. Inapplicable","1. Feels very strongly the less gov the better
2. Feels somewhat strongly the less gov the better
3. Feels not strongly the less gov the better
4. Feels not strongly there is more gov should be doing
5. Feels somewhat strongly there is more gov should be doing
6. Feels very strongly there is more gov should be doing"
V242249,POST: WOULD IT BE GOOD FOR SOCIETY TO HAVE MORE OR LESS GOVERNMENT REGULATION Survey Question(s)LIMTGOV_REGULATE Response OrderForward/Reverse order,"Would it be good for society to have [more government regulation, about the same amount of regulation as there is now, or less government regulation / less government regulation, about the same amount of regulation as there is now, or more government regulation]?","-9. Refused
-8. Don’t know
-7. Insuﬃcient partial, interview deleted
-6. No post interview
-5. Suﬃcient partial, breakoﬀ
-1. Inapplicable","1. Much more
2. Somewhat more
3. A little more
4. About the same amount
5. A little less
6. Somewhat less
7. Much less"
V242250,POST: FAVOR OR OPPOSE GOVERNMENT TRYING TO REDUCE INCOME INEQUALITY Survey Question(s)LIMTGOV_INEQRED,"Next, do you favor, oppose, or neither favor nor oppose the government trying to reduce the diﬀerence in incomes between the richest and poorest households? POST-ELECTION SURVEY VARIABLES 447","-9. Refused
-8. Don’t know
-7. Insuﬃcient partial, interview deleted
-6. No post interview
-5. Suﬃcient partial, breakoﬀ
-1. Inapplicable","1. Favor
2. Oppose
3. Neither favor nor oppose"
V242251,POST: FAVOR OR OPPOSE GOVERNMENT TRYING TO REDUCE INCOME INEQUALITY (STRENGTH) Survey Question(s)LIMTGOV_INEQREDSTR Universe IF R FAVORS GOVT REDUCING DIFFERENCES / IF R OPPOSES GOVT REDUCING DIFFERENCE: Response OrderForward/Reverse order,"Do you favor that [a great deal, a moderate amount, or a little / a little, a moderate amount, or a great deal]? / Do you oppose that [a great deal, a moderate amount, or a little / a little, a moderate amount, or a great deal]?","-9. Refused
-8. Don’t know
-7. Insuﬃcient partial, interview deleted
-6. No post interview
-5. Suﬃcient partial, breakoﬀ
-1. Inapplicable","1. A great deal
2. A moderate amount
3. A little"
V242252,POST: PAPER: DOES R FAVOR/OPPOSE GOV TRYING TO REDUCE INCOME INEQUALITY Survey Question(s)PAPI POST Q71,"Do you favor or oppose, or neither favor nor oppose the government trying to reduce the diﬀerence in incomes between the richest and poorest households? 448 CODEBOOK: VARIABLES","-9. Refused
-7. Insuﬃcient partial, interview deleted
-6. No post interview
-5. Suﬃcient partial, breakoﬀ
-1. Inapplicable","1. Favor a great deal
2. Favor a moderate amount
3. Favor a little
4. Neither favor nor oppose
5. Oppose a little
6. Oppose a moderate amount
7. Oppose a great deal"
V242253x,"POST: SUMMARY: FAVOR/OPPOSE GOVERNMENT TRYING TO REDUCE INCOME INEQUALITY -2 DK/RF in V242250 or V242251 -1. Inapplicable 1. Favor a great deal 2. Favor a moderate amount 3. Favor a little 4. Neither favor nor oppose 5. Oppose a little 6. Oppose a moderate amount 7. Oppose a great deal Survey Question(s)LIMTGOV_INEQRED, LIMTGOV_INEQREDSTR, PAPI POST Q71 Variable Note Signiﬁcant data corrections were made to this variable for the full release version (20250808) of the 2024 Time Series data.",,"-9. Refused
-7. Insuﬃcient partial, interview deleted
-6. No post interview
-5. Suﬃcient partial, breakoﬀ",
V242254,"POST: SOCIETY SHOULD MAKE SURE EVERYONE HAS EQUAL OPPORTUNITY POST-ELECTION SURVEY VARIABLES 449 Survey Question(s) EGAL_DONECESS, PAPI POST Q72 Note: The following speciﬁcations were implemented exclusively in the computerized survey instrument and are not applicable to the paper questionnaire. Response OrderForward/Reverse order","‘Our society should do whatever is necessary to make sure that everyone has an equal opportunity to succeed.’ Do you [agree strongly, agree somewhat, neither agree nor disagree, disagree somewhat, or disagree strongly / disagree strongly, disagree somewhat, neither agree nor disagree, agree somewhat, or agree strongly] with this statement?","-9. Refused
-7. Insuﬃcient partial, interview deleted
-6. No post interview
-5. Suﬃcient partial, breakoﬀ
-1. Inapplicable","1. Agree strongly
2. Agree somewhat
3. Neither agree nor disagree
4. Disagree somewhat
5. Disagree strongly"
V242255,"POST: WE’D BE BETTER OFF IF WORRIED LESS ABOUT EQUALITY 450 CODEBOOK: VARIABLES Survey Question(s) EGAL_WORRYLESS, PAPI POST Q73 Note: The following speciﬁcations were implemented exclusively in the computerized survey instrument and are not applicable to the paper questionnaire. Response OrderForward/Reverse order","‘This country would be better oﬀ if we worried less about how equal people are.’ (Do you [agree strongly, agree somewhat, neither agree nor disagree, disagree somewhat, or disagree strongly / disagree strongly, disagree somewhat, neither agree nor disagree, agree somewhat, or agree strongly] with this statement?)","-9. Refused
-8. Don’t know
-7. Insuﬃcient partial, interview deleted
-6. No post interview
-5. Suﬃcient partial, breakoﬀ
-1. Inapplicable","1. Agree strongly
2. Agree somewhat
3. Neither agree nor disagree
4. Disagree somewhat
5. Disagree strongly"
V242256,"POST: NOT A BIG PROBLEM IF SOME HAVE MORE CHANCE IN LIFE Survey Question(s) EGAL_NOTBIGPROB, PAPI POST Q74 Note: The following speciﬁcations were implemented exclusively in the computerized survey instrument and are not applicable to the paper questionnaire. Response OrderForward/Reverse order","‘It is not really that big a problem if some people have more of a chance in life than others.’ (Do you [agree strongly, agree somewhat, neither agree nor disagree, disagree somewhat, or disagree strongly / disagree strongly, disagree somewhat, neither agree nor disagree, agree somewhat, or agree strongly] with this statement?)","-9. Refused
-8. Don’t know
-7. Insuﬃcient partial, interview deleted
-6. No post interview
-5. Suﬃcient partial, breakoﬀ
-1. Inapplicable","1. Agree strongly
2. Agree somewhat
3. Neither agree nor disagree
4. Disagree somewhat
5. Disagree strongly"
V242257,"POST: IF PEOPLE WERE TREATED MORE FAIRLY WE WOULD HAVE FEWER PROBLEMS Survey Question(s) EGAL_FEWERPROBS, PAPI POST Q75 Note: The following speciﬁcations were implemented exclusively in the computerized survey instrument and are not applicable to the paper questionnaire. Response OrderForward/Reverse order","‘If people were treated more equally in this country we would have many fewer problems.’ (Do you [agree strongly, agree somewhat, neither agree nor disagree, disagree somewhat, or disagree strongly / disagree strongly, disagree somewhat, neither agree nor disagree, agree somewhat, or agree strongly] with this statement?) POST-ELECTION SURVEY VARIABLES 451","-9. Refused
-8. Don’t know
-7. Insuﬃcient partial, interview deleted
-6. No post interview
-5. Suﬃcient partial, breakoﬀ
-1. Inapplicable","1. Agree strongly
2. Agree somewhat
3. Neither agree nor disagree
4. Disagree somewhat
5. Disagree strongly"
V242258,POST: THE WORLD IS CHANGING & WE SHOULD ADJUST VIEW OF MORAL BEHAVIOR Survey Question(s)MORALTRAD_ADJMORAL Response OrderForward/Reverse order 452 CODEBOOK: VARIABLES,"‘The world is always changing and we should adjust our view of moral behavior to those changes.’ Do you [agree strongly, agree somewhat, neither agree nor disagree, disagree somewhat, or disagree strongly / disagree strongly, disagree somewhat, neither agree nor disagree, agree somewhat, or agree strongly] with this statement?","-9. Refused
-8. Don’t know
-7. Insuﬃcient partial, interview deleted
-6. No post interview
-5. Suﬃcient partial, breakoﬀ
-1. Inapplicable","1. Agree strongly
2. Agree somewhat
3. Neither agree nor disagree
4. Disagree somewhat
5. Disagree strongly"
V242259,POST: FEWER PROBLEMS IF THERE WAS MORE EMPHASIS ON TRADITIONAL FAMILY VALUES Survey Question(s)MORALTRAD_MORETRAD Response OrderForward/Reverse order,"‘This country would have many fewer problems if there were more emphasis on traditional family ties.’ (Do you [agree strongly, agree somewhat, neither agree nor disagree, disagree somewhat, or disagree strongly / disagree strongly, disagree somewhat, neither agree nor disagree, agree somewhat, or agree strongly] with this statement?)","-9. Refused
-8. Don’t know
-7. Insuﬃcient partial, interview deleted
-6. No post interview
-5. Suﬃcient partial, breakoﬀ
-1. Inapplicable","1. Agree strongly
2. Agree somewhat
3. Neither agree nor disagree
4. Disagree somewhat
5. Disagree strongly"
V242260,POST: WHICH CHILD TRAIT MORE IMPORTANT: INDEPENDENCE OR RESPECT Survey Question(s)AUTH_CHILDIND POST-ELECTION SURVEY VARIABLES 453,Please tell me which one you think is more important for a child to have: Independence or respect for elders,"-9. Refused
-7. Insuﬃcient partial, interview deleted
-6. No post interview
-5. Suﬃcient partial, breakoﬀ
-1. Inapplicable","1. Independence
2. Respect for elders
3. Both {VOL}
4. Neither {VOL}"
V242261,POST: WHICH CHILD TRAIT MORE IMPORTANT: CURIOSITY OR GOOD MANNERS Survey Question(s)AUTH_CHILDCUR,(Which one is more important for a child to have:) Curiosity or good manners,"-9. Refused
-7. Insuﬃcient partial, interview deleted
-6. No post interview
-5. Suﬃcient partial, breakoﬀ
-1. Inapplicable","1. Curiosity
2. Good manners
3. Both {VOL}
4. Neither {VOL}"
V242262,POST: WHICH CHILD TRAIT MORE IMPORTANT: OBEDIENCE OR SELF-RELIANCE Survey Question(s)AUTH_CHILDOBED,(Which one is more important for a child to have:) Obedience or self- reliance,"-9. Refused
-8. Don’t know
-7. Insuﬃcient partial, interview deleted
-6. No post interview
-5. Suﬃcient partial, breakoﬀ
-1. Inapplicable","1. Obedience
2. Self-reliance
3. Both {VOL}
4. Neither {VOL}"
V242263,POST: WHICH CHILD TRAIT MORE IMPORTANT: CONSIDERATE OR WELL-BEHAVED Survey Question(s)AUTH_CHILDCONSID,(Which one is more important for a child to have:) Being considerate or well behaved 454 CODEBOOK: VARIABLES,"-9. Refused
-7. Insuﬃcient partial, interview deleted
-6. No post interview
-5. Suﬃcient partial, breakoﬀ
-1. Inapplicable","1. Being considerate
2. Well behaved
3. Both {VOL}
4. Neither {VOL}"
V242264,POST: IS THE US BETTER OR WORSE THAN MOST OTHER COUNTRIES Survey Question(s)NATLSM_USOTHCNTRY,"Generally speaking, is the United States better, worse, or about the same as most other countries?","-9. Refused
-8. Don’t know
-7. Insuﬃcient partial, interview deleted
-6. No post interview
-5. Suﬃcient partial, breakoﬀ
-1. Inapplicable","1. Better
2. Worse
3. The same"
V242265,POST: IS THE US BETTER OR WORSE THAN MOST OTHER COUNTRIES (STRENGTH) Survey Question(s)NATLSM_USOTHCNTRYSTR POST-ELECTION SURVEY VARIABLES 455 Universe IF R THINKS US IS BETTER / IF R THINKS US IS WORSE: Response OrderForward/Reverse order,Is that [a lot better or somewhat better / somewhat better or a lot better]? / Is that [a lot worse or somewhat worse / somewhat worse or a lot worse]?,"-9. Refused
-7. Insuﬃcient partial, interview deleted
-6. No post interview
-5. Suﬃcient partial, breakoﬀ
-1. Inapplicable","1. A lot
2. Somewhat"
V242266x,"POST: SUMMARY: US BETTER OR WORSE THAN MOST OTHER COUNTRIES Survey Question(s)NATLSM_USOTHCNTRY , NATLSM_USOTHCNTRYSTR",,"-7. Insuﬃcient partial, interview deleted
-6. No post interview
-5. Suﬃcient partial, breakoﬀ
-2. DK/RF in V242264 or V242265
-1. Inapplicable","1. A lot better
2. Somewhat better
3. The same
4. Somewhat worse
5. A lot worse"
V242267,POST: PEOPLE IN RURAL AREAS GET MORE OR LESS FROM GOVERNMENT Survey Question(s)RURALRES_DESGOVT,"Compared to people living in cities, do people living in small towns and rural areas get more, the same, or less than they deserve from the government?","-9. Refused
-8. Don’t know
-7. Insuﬃcient partial, interview deleted
-6. No post interview
-5. Suﬃcient partial, breakoﬀ
-1. Inapplicable","1. More
2. The same
3. Less"
V242268,POST: PEOPLE IN RURAL AREAS GET MORE OR LESS FROM GOVERNMENT (STRENGTH) 456 CODEBOOK: VARIABLES Survey Question(s)RURALRES_DESGOVTSTR Universe IF R THINKS RURAL AREAS GET MORE THAN THEY DESERVE / IF R THINKS RURAL AREAS GET LESS THAN THEY DESERVE: Response OrderForward/Reverse order,"[Do they get [a great deal more, moderately more, or a little more / a little more, moderately more, or a great deal more] than they deserve from the government? / Do they get [a great deal less, moderately less, or a little less / a little less, moderately less, or a great deal less] than they deserve from the government?]","-9. Refused
-8. Don’t know
-7. Insuﬃcient partial, interview deleted
-6. No post interview
-5. Suﬃcient partial, breakoﬀ
-1. Inapplicable","1. A great deal
2. Moderately
3. A little"
V242269x,"POST: SUMMARY: PEOPLE IN RURAL AREAS GET MORE/LESS FROM GOVERNMENT Survey Question(s)RURALRES_DESGOVT, RURALRES_DESGOVTSTR",,"-7. Insuﬃcient partial, interview deleted
-6. No post interview
-5. Suﬃcient partial, breakoﬀ
-2. DK/RF in V242267 or V242268
-1. Inapplicable","1. A great deal more
2. Moderately more
3. A little more
4. The same
5. A little less
6. Moderately less
7. A great deal less"
V242270,POST: PEOPLE IN RURAL AREAS HAVE TOO MUCH OR TOO LITTLE INFLUENCE Survey Question(s)RURALRES_INFGOVT,"Compared to people living in cities, do people living in small towns and rural areas have too much inﬂuence, too little inﬂuence, or about the right amount of inﬂuence on government? POST-ELECTION SURVEY VARIABLES 457","-9. Refused
-8. Don’t know
-7. Insuﬃcient partial, interview deleted
-6. No post interview
-5. Suﬃcient partial, breakoﬀ
-1. Inapplicable","1. Too much
2. Too little
3. About the right amount"
V242271,POST: PEOPLE IN RURAL AREAS HAVE TOO MUCH OR TOO LITTLE INFLUENCE (STRENGTH) Survey Question(s)RURALRES_INFGOVTSTR Universe IF R THINKS RURAL AREAS HAVE TOO MUCH INFLUENCE / IF R THINKS RURAL AREAS HAVE TOO LITTLE INFLUENCE: Response OrderForward/Reverse order,"[Do they have [much too much, somewhat too much, or a bit too much / a bit too much, somewhat too much, or much too much] inﬂuence on government? / Do they have [much too little, somewhat too little, or a bit too little / a bit too little, somewhat too little, or much too little] inﬂuence on government?]","-9. Refused
-8. Don’t know
-7. Insuﬃcient partial, interview deleted
-6. No post interview
-5. Suﬃcient partial, breakoﬀ
-1. Inapplicable","1. Much too much / Much too little
2. Somewhat too much / Somewhat too little
3. A bit too much / A bit too little"
V242272x,"POST: SUMMARY: PEOPLE IN RURAL AREAS HAVE TOO MUCH/TOO LITTLE INFLUENCE 458 CODEBOOK: VARIABLES Survey Question(s)RURALRES_INFGOVT, RURALRES_INFGOVTSTR",,"-7. Insuﬃcient partial, interview deleted
-6. No post interview
-5. Suﬃcient partial, breakoﬀ
-2. DK/RF IN V242270 or V242271
-1. Inapplicable","1. Much too much
2. Somewhat too much
3. A bit too much
4. About the right amount
5. A bit too little
6. Somewhat too little
7. Much too little"
V242273,POST: PEOPLE IN RURAL AREAS GET TOO MUCH OR TOO LITTLE RESPECT Survey Question(s)RURALRES_RESPECT,"Do people living in small towns and rural areas get too much respect, too little respect, or about the right amount of respect from people living in cities?","-9. Refused
-8. Don’t know
-7. Insuﬃcient partial, interview deleted
-6. No post interview
-5. Suﬃcient partial, breakoﬀ
-1. Inapplicable","1. Too much
2. Too little
3. About the right amount"
V242274,POST: PEOPLE IN RURAL AREAS GET TOO MUCH OR TOO LITTLE RESPECT (STRENGTH) Survey Question(s)RURALRES_RESPECTSTR Universe IF R THINKS RURAL AREAS GET TOO MUCH RESPECT / IF R THINKS RURAL AREAS GET TOO LITTLE RESPECT: Response OrderForward/Reverse order,"[Do they get [much too much, somewhat too much, or a bit too much / a bit too much, somewhat too much, or much too much] respect from people living in cities? / Do they get [much too little, somewhat too little, or a bit too little / a bit too little, somewhat too little, or much too little] respect from people living in cities?] POST-ELECTION SURVEY VARIABLES 459","-9. Refused
-8. Don’t know
-7. Insuﬃcient partial, interview deleted
-6. No post interview
-5. Suﬃcient partial, breakoﬀ
-1. Inapplicable","1. Much too much / Much too little
2. Somewhat too much / Somewhat too little
3. A bit too much / A bit too little"
V242275x,"POST: SUMMARY: PEOPLE IN RURAL AREAS GET TOO MUCH/TOO LITTLE RESPECT Survey Question(s)RURALRES_RESPECT, RURALRES_RESPECTSTR",,"-7. Insuﬃcient partial, interview deleted
-6. No post interview
-5. Suﬃcient partial, breakoﬀ
-2. DK/RF IN V242273 or V242274
-1. Inapplicable","1. Much too much
2. Somewhat too much
3. A bit too much
4. About the right amount
5. A bit too little
6. Somewhat too little
7. Much too little"
V242276,"POST: BETTER OR WORSE IF MAN WORKS AND WOMAN TAKES CARE OF HOME Survey Question(s) GENROLES_WKWIFE, PAPI POST Q79 Note: The following speciﬁcations were implemented exclusively in the computerized survey instrument and are not applicable to the paper questionnaire.","Do you think it is better, worse, or makes no diﬀerence for the family as a whole if the man works outside the home and the woman takes care of the home and family? 460 CODEBOOK: VARIABLES","-9. Refused
-8. Don’t know
-7. Insuﬃcient partial, interview deleted
-6. No post interview
-5. Suﬃcient partial, breakoﬀ
-1. Inapplicable","1. Better
2. Worse
3. Makes no diﬀerence"
V242277,POST: HOW MUCH BETTER IF MAN WORKS AND WOMAN TAKES CARE OF HOME Survey Question(s)GENROLES_WKWBETT Universe IF R SAYS IT IS BETTER FOR THE MAN TO WORK AND THE WOMAN TO STAY AT HOME: Response OrderForward/Reverse order,"Is it [much better, somewhat better, or slightly better / slightly better, somewhat better, or much better]?","-9. Refused
-7. Insuﬃcient partial, interview deleted
-6. No post interview
-5. Suﬃcient partial, breakoﬀ
-1. Inapplicable","1. Much
2. Somewhat
3. Slightly"
V242278,POST: HOW MUCH WORSE IF MAN WORKS AND WOMAN TAKES CARE OF HOME Survey Question(s)GENROLES_WKWWRS Universe IF R SAYS IT IS WORSE FOR THE MAN TO WORK AND THE WOMAN TO STAY AT HOME: Response OrderForward/Reverse order,"Is it [much worse, somewhat worse, or slightly worse / slightly worse, somewhat worse, or much worse]? POST-ELECTION SURVEY VARIABLES 461","-7. Insuﬃcient partial, interview deleted
-6. No post interview
-5. Suﬃcient partial, breakoﬀ
-1. Inapplicable","1. Much
2. Somewhat
3. Slightly"
V242279x,"POST: SUMMARY: BETTER/WORSE IF MAN WORKS AND WOMAN TAKES CARE OF HOME -2 DK/RF in V242276, V242277, V242278 -1. Inapplicable 1. Much better 2. Somewhat better 3. Slightly better 4. Makes no diﬀerence 5. Slightly worse 6. Somewhat worse 7. Much worse Survey Question(s)GENROLES_WKWIFE, GENROLES_WKWBETT, GENROLES_WKWWRS",,"-7. Insuﬃcient partial, interview deleted
-6. No post interview
-5. Suﬃcient partial, breakoﬀ",
V242280,POST: DO WOMEN DEMANDING EQUALITY SEEK SPECIAL FAVORS Survey Question(s)MODSEXM_SPECFAV Response OrderForward/Reverse order,"When women demand equality these days, how often are they actually seeking special favors? [always, most of the time, about half the time, some of the time, or never / never, some of the time, about half the time, most of the time, or always]? 462 CODEBOOK: VARIABLES","-9. Refused
-8. Don’t know
-7. Insuﬃcient partial, interview deleted
-6. No post interview
-5. Suﬃcient partial, breakoﬀ
-1. Inapplicable","1. Always
2. Most of the time
3. About half the time
4. Some of the time
5. Never"
V242281,POST: DO WOMEN COMPLAINING ABOUT DISCRIMINATION CAUSE MORE PROBLEMS Survey Question(s)MODSEXM_COMDISC Response OrderForward/Reverse order,"When women complain about discrimination, how often do they cause more problems than they solve? [always, most of the time, about half the time, some of the time, or never / never, some of the time, about half the time, most of the time, or always]?","-9. Refused
-8. Don’t know
-7. Insuﬃcient partial, interview deleted
-6. No post interview
-5. Suﬃcient partial, breakoﬀ
-1. Inapplicable","1. Always
2. Most of the time
3. About half the time
4. Some of the time
5. Never"
V242300,POST: AGREE/DISAGREE: BLACKS SHOULD WORK THEIR WAY UP WITHOUT SPECIAL FAVORS POST-ELECTION SURVEY VARIABLES 463 Survey Question(s)RESENT_WORKWAY Response OrderForward/Reverse order,"‘Irish, Italian, Jewish and many other minorities overcame prejudice and worked their way up. Blacks should do the same without any special favors.’ Do you [agree strongly, agree somewhat, neither agree nor disagree, disagree somewhat, or disagree strongly / disagree strongly, disagree somewhat, neither agree nor disagree, agree somewhat, or agree strongly] with this statement?","-9. Refused
-8. Don’t know
-7. Insuﬃcient partial, interview deleted
-6. No post interview
-5. Suﬃcient partial, breakoﬀ
-1. Inapplicable","1. Agree strongly
2. Agree somewhat
3. Neither agree nor disagree
4. Disagree somewhat
5. Disagree strongly"
V242301,"POST: AGREE/DISAGREE: PAST SLAVERY & DISCRIMINATION MAKE IT DIFFICULT FOR BLACKS 464 CODEBOOK: VARIABLES Survey Question(s) RESENT_GENRTNS, PAPI POST Q76 Note: The following speciﬁcations were implemented exclusively in the computerized survey instrument and are not applicable to the paper questionnaire. Response OrderForward/Reverse order","‘Generations of slavery and discrimination have created conditions that make it diﬃcult for blacks to work their way out of the lower class.’ (Do you [agree strongly, agree somewhat, neither agree nor disagree, disagree somewhat, or disagree strongly / disagree strongly, disagree somewhat, neither agree nor disagree, agree somewhat, or agree strongly] with this statement?)","-9. Refused
-8. Don’t know
-7. Insuﬃcient partial, interview deleted
-6. No post interview
-5. Suﬃcient partial, breakoﬀ
-1. Inapplicable","1. Agree strongly
2. Agree somewhat
3. Neither agree nor disagree
4. Disagree somewhat
5. Disagree strongly"
V242302,"POST: AGREE/DISAGREE: BLACKS HAVE GOTTEN LESS THAN THEY DESERVE Survey Question(s) RESENT_DESERVE, PAPI POST Q77 Note: The following speciﬁcations were implemented exclusively in the computerized survey instrument and are not applicable to the paper questionnaire. Response OrderForward/Reverse order","‘Over the past few years, blacks have gotten less than they deserve.’ (Do you [agree strongly, agree somewhat, neither agree nor disagree, disagree somewhat, or disagree strongly / disagree strongly, disagree somewhat, neither agree nor disagree, agree somewhat, or agree strongly] with this statement?)","-9. Refused
-8. Don’t know
-7. Insuﬃcient partial, interview deleted
-6. No post interview
-5. Suﬃcient partial, breakoﬀ
-1. Inapplicable","1. Agree strongly
2. Agree somewhat
3. Neither agree nor disagree
4. Disagree somewhat
5. Disagree strongly"
V242303,"POST: AGREE/DISAGREE: IF BLACKS TRIED HARDER THEY’D BE AS WELL OFF AS WHITES Survey Question(s) RESENT_TRYHARD, PAPI POST Q78 Note: The following speciﬁcations were implemented exclusively in the computerized survey instrument and are not applicable to the paper questionnaire. Response OrderForward/Reverse order","‘It’s really a matter of some people not trying hard enough; if blacks would only try harder they could be just as well oﬀ as whites.’ (Do you [agree strongly, agree somewhat, neither agree nor disagree, disagree somewhat, or disagree strongly / disagree strongly, disagree somewhat, neither agree nor disagree, agree somewhat, or agree strongly] with this statement?) POST-ELECTION SURVEY VARIABLES 465","-9. Refused
-8. Don’t know
-7. Insuﬃcient partial, interview deleted
-6. No post interview
-5. Suﬃcient partial, breakoﬀ
-1. Inapplicable","1. Agree strongly
2. Agree somewhat
3. Neither agree nor disagree
4. Disagree somewhat
5. Disagree strongly"
V242304,"POST: OUR POLITICAL SYSTEM ONLY WORKS FOR INSIDERS WITH MONEY AND POWER Survey Question(s) ANTIELITE_ELITEINSIDER, PAPI POST Q80 Note: The following speciﬁcations were implemented exclusively in the computerized survey instrument and are not applicable to the paper questionnaire. Response OrderForward/Reverse order 466 CODEBOOK: VARIABLES","How well does the following statement describe your view? “Our political system only works for the insiders with money and power.” [Not at all well, not very well, somewhat well, very well, or extremely well / Extremely well, very well, somewhat well, not very well, or not at all well]?","-9. Refused
-8. Don’t know
-7. Insuﬃcient partial, interview deleted
-6. No post interview
-5. Suﬃcient partial, breakoﬀ
-1. Inapplicable","1. Not at all well
2. Not very well
3. Somewhat well
4. Very well
5. Extremely well"
V242305,"POST: BECAUSE OF RICH AND POWERFUL IT’S DIFFICULT FOR THE REST TO GET AHEAD Survey Question(s) ANTIELITE_ELITEAHEAD, PAPI POST Q81 Note: The following speciﬁcations were implemented exclusively in the computerized survey instrument and are not applicable to the paper questionnaire. Response OrderForward/Reverse order","How well does the following statement describe your view? “Because of the rich and powerful, it becomes diﬃcult for the rest of us to get ahead.” [Not at all well, not very well, somewhat well, very well, or extremely well / Extremely well, very well, somewhat well, not very well, not at all well]?","-9. Refused
-8. Don’t know
-7. Insuﬃcient partial, interview deleted
-6. No post interview
-5. Suﬃcient partial, breakoﬀ
-1. Inapplicable","1. Not at all well
2. Not very well
3. Somewhat well
4. Very well
5. Extremely well"
V242306,POST: DOES R THINK THEY GET MORE OR LESS THAN THEIR FAIR SHARE IN LIFE Survey Question(s)VICTIM_FAIRSHARE POST-ELECTION SURVEY VARIABLES 467,"Do you think you get more than your fair share in life, less than your fair share, or about the right amount?","-9. Refused
-8. Don’t know
-7. Insuﬃcient partial, interview deleted
-6. No post interview
-5. Suﬃcient partial, breakoﬀ
-1. Inapplicable","1. More
2. Less
3. About right"
V242307,POST: DOES R THINK THEY GET MORE OR LESS THAN THEIR FAIR SHARE IN LIFE (STRENGTH) Survey Question(s)VICTIM_FAIRSHARESTR Universe IF R THINKS THEY GET MORE THAN THEIR FAIR SHARE/ IF R THINKS THEY GET LESS THAN THEIR FAIR SHARE: Response OrderForward/Reverse order,"How much [more/less]? [A great deal, a moderate amount, or a little / A little, a moderate amount, or a great deal]?","-9. Refused
-7. Insuﬃcient partial, interview deleted
-6. No post interview
-5. Suﬃcient partial, breakoﬀ
-1. Inapplicable","1. A great deal
2. A moderate amount
3. A little"
V242308x,"POST: SUMMARY: DOES R THINK THEY GET MORE OR LESS THAN THEIR FAIR SHARE IN LIFE Survey Question(s)VICTIM_FAIRSHARE, VICTIM_FAIRSHARESTR",,"-7. Insuﬃcient partial, interview deleted
-6. No post interview
-5. Suﬃcient partial, breakoﬀ
-2. DK/RF in V242306 or V242307
-1. Inapplicable","1. A great deal more
2. A moderate amount more
3. A little more
4. About right
5. A little less
6. A moderate amount less
7. A great deal less"
V242309,POST: R MASCULINITY SCALE Survey Question(s)GENDID_GENDMASC Randomization RANDOMIZE ORDER OF GENDMASC & GENDFEM,"On a scale from not at all masculine to completely masculine, where would you place yourself? Not at all, a little, moderately, mostly, or completely? 468 CODEBOOK: VARIABLES","-9. Refused
-8. Don’t know
-7. Insuﬃcient partial, interview deleted
-6. No post interview
-5. Suﬃcient partial, breakoﬀ
-1. Inapplicable","1. Not at all
2. A little
3. Moderately
4. Mostly
5. Completely"
V242310,POST: R FEMININITY SCALE Survey Question(s)GENDID_GENDFEM Randomization RANDOMIZE ORDER OF GENDMASC & GENDFEM,"On a scale from not at all feminine to completely feminine, where would you place yourself? Not at all, a little, moderately, mostly, or completely?","-9. Refused
-8. Don’t know
-7. Insuﬃcient partial, interview deleted
-6. No post interview
-5. Suﬃcient partial, breakoﬀ
-1. Inapplicable","1. Not at all
2. A little
3. Moderately
4. Mostly
5. Completely"
V242311,"POST: HOW MUCH OPPORTUNITY IN AMERICA FOR AVERAGE PERSON TO GET AHEAD Survey Question(s) ECONMOBIL_INEQOPP , PAPI POST Q82 Note: The following speciﬁcations were implemented exclusively in the computerized survey instrument and are not applicable to the paper questionnaire. Response OrderForward/Reverse order","How much opportunity is there in America today for the average person to get ahead? [A great deal, a lot, a moderate amount, a little, or none / None, a little, a moderate amount, a lot, or a great deal]? POST-ELECTION SURVEY VARIABLES 469","-9. Refused
-8. Don’t know
-7. Insuﬃcient partial, interview deleted
-6. No post interview
-5. Suﬃcient partial, breakoﬀ
-1. Inapplicable","1. A great deal
2. A lot
3. A moderate amount
4. A little
5. None"
V242312,POST: ECONOMIC MOBILITY COMPARED TO 20 YEARS AGO Survey Question(s)ECONMOBIL_INEQRED,"When it comes to people trying to improve their ﬁnancial well-being, do you think it is now easier, harder, or the same as it was 20 years ago?","-9. Refused
-8. Don’t know
-7. Insuﬃcient partial, interview deleted
-6. No post interview
-5. Suﬃcient partial, breakoﬀ
-1. Inapplicable","1. Easier
2. Harder
3. The same"
V242313,POST: HOW MUCH EASIER OR HARDER IS ECONOMIC MOBILITY COMPARED TO 20 YEARS AGO Survey Question(s)ECONMOBIL_INEQREDAMT Universe IF R SAYS ECONOMIC MOBILITY IN U.S. IS EASIER THAN 20 YEARS AGO / IF R SAYS ECONOMIC MOBILITY IN U.S. IS HARDER THAN 20 YEARS AGO: Response OrderForward/Reverse order,"How much [easier/harder]? [A great deal, a moderate amount, or a little / A little, a moderate amount, or a great deal]? 470 CODEBOOK: VARIABLES","-9. Refused
-8. Don’t know
-7. Insuﬃcient partial, interview deleted
-6. No post interview
-5. Suﬃcient partial, breakoﬀ
-1. Inapplicable","1. A great deal
2. A moderate amount
3. A little"
V242314x,"POST: SUMMARY: ECONOMIC MOBILITY Survey Question(s)ECONMOBIL_INEQRED, ECONMOBIL_INEQREDAMT",,"-7. Insuﬃcient partial, interview deleted
-6. No post interview
-5. Suﬃcient partial, breakoﬀ
-2. DK/RF in V242312 or V242313
-1. Inapplicable","1. A great deal easier
2. A moderate amount easier
3. A little easier
4. The same
5. A little harder
6. A moderate amount harder
7. A great deal harder"
V242315,POST: IMPORTANCE OF REDUCING DEFICIT Survey Question(s)BUDGET_DEFIMP Response OrderForward/Reverse order,"When the U.S. federal government spends more money than it collects, the diﬀerence is called the federal budget deﬁcit. The federal government currently has a deﬁcit. How important is it to reduce the deﬁcit? [Extremely important, very important, moderately important, a little important, or not at all important / Not at all important, a little important, moderately important, very important, or extremely important]? POST-ELECTION SURVEY VARIABLES 471","-9. Refused
-8. Don’t know
-7. Insuﬃcient partial, interview deleted
-6. No post interview
-5. Suﬃcient partial, breakoﬀ
-1. Inapplicable","1. Extremely important
2. Very important
3. Moderately important
4. A little important
5. Not at all important"
V242316a,POST: FAVOR OR OPPOSE TAX ON MILLIONAIRES Survey Question(s)TAX_MILLTAX,"Do you favor, oppose, or neither favor nor oppose increasing income taxes on people making over one million dollars per year?","-9. Refused
-8. Don’t know
-7. Insuﬃcient partial, interview deleted
-6. No post interview
-5. Suﬃcient partial, breakoﬀ
-1. Inapplicable","1. Favor
2. Oppose
3. Neither favor nor oppose"
V242316b,POST: PAPER: FAVOR OR OPPOSE TAX ON MILLIONAIRES Survey Question(s)PAPI POST Q83,"How much do you favor, oppose, or neither favor nor oppose increasing income taxes on people making over one million dollars per year? 472 CODEBOOK: VARIABLES","-7. Insuﬃcient partial, interview deleted
-6. No post interview
-5. Suﬃcient partial, breakoﬀ
-1. Inapplicable","1. Favor a great deal
2. Favor a moderate amount
3. Favor a little
4. Neither favor nor oppose
5. Oppose a little
6. Oppose a moderate amount
7. Oppose a great deal"
V242317,POST: FAVOR OR OPPOSE REQUIRING VACCINES IN SCHOOLS Survey Question(s)VACCINE1_SCHL,"Do you favor, oppose, or neither favor nor oppose requiring children to be vaccinated in order to attend public schools?","-9. Refused
-8. Don’t know
-7. Insuﬃcient partial, interview deleted
-6. No post interview
-5. Suﬃcient partial, breakoﬀ
-1. Inapplicable","1. Favor
2. Oppose
3. Neither favor nor oppose"
V242318,POST: FAVOR OR OPPOSE REQUIRING VACCINES IN SCHOOLS (STRENGTH) Survey Question(s)VACCINE1_SCHLSTR Universe IF R FAVORS REQUIRING VACCINATION IN ORDER FOR CHILDREN TO ATTEND SCHOOL / IF R OPPOSES REQUIRING VACCINATION IN ORDER FOR CHILDREN TO ATTEND SCHOOL: Response OrderForward/Reverse order,"Do you favor that [a great deal, a moderate amount, or a little / a little, a moderate amount, or a great deal]? / Do you oppose that [a great deal, a moderate amount, or a little / a little, a moderate amount, or a great deal]? POST-ELECTION SURVEY VARIABLES 473","-9. Refused
-7. Insuﬃcient partial, interview deleted
-6. No post interview
-5. Suﬃcient partial, breakoﬀ
-1. Inapplicable","1. A great deal
2. A moderate amount
3. A little"
V242319x,"POST: SUMMARY: FAVOR/OPPOSE REQUIRING VACCINES IN SCHOOLS Survey Question(s)VACCINE1_SCHL, VACCINE1_SCHLSTR",,"-7. Insuﬃcient partial, interview deleted
-6. No post interview
-5. Suﬃcient partial, breakoﬀ
-2. DK/RF in V242317 or V242318
-1. Inapplicable","1. Favor a great deal
2. Favor a moderate amount
3. Favor a little
4. Neither favor nor oppose
5. Oppose a little
6. Oppose a moderate amount
7. Oppose a great deal"
V242320,POST: PAPER: DOES R FAVOR OR OPPOSE OBAMACARE Survey Question(s)PAPI POST Q84,"How much do you approve, disapprove, or neither approve nor disapprove of the Aﬀordable Care Act of 2010, sometimes called Obamacare? 474 CODEBOOK: VARIABLES","-9. Refused
-7. Insuﬃcient partial, interview deleted
-6. No post interview
-5. Suﬃcient partial, breakoﬀ
-4. Error
-1. Inapplicable","1. Approve a great deal
2. Approve a moderate amount
3. Approve a little
4. Neither approve nor disapprove
5. Disapprove a little
6. Disapprove a moderate amount
7. Disapprove a great deal"
V242321,"POST: HOW MUCH IS CLIMATE CHANGE AFFECTING SEVERE WEATHER/TEMPERATURES IN US Survey Question(s) ENVIRPO_WARMUS, PAPI POST Q85 Note: The following speciﬁcations were implemented exclusively in the computerized survey instrument and are not applicable to the paper questionnaire. Response OrderForward/Reverse order POST-ELECTION SURVEY VARIABLES 475","How much, if at all, do you think climate change is currently aﬀecting severe weather events or temperature patterns in the United States? [Not at all, a little, a moderate amount, a lot, or a great deal / A great deal, a lot, a moderate amount, a little, or not at all]?","-9. Refused
-8. Don’t know
-7. Insuﬃcient partial, interview deleted
-6. No post interview
-5. Suﬃcient partial, breakoﬀ
-4. Error
-1. Inapplicable","1. Not at all
2. A little
3. A moderate amount
4. A lot
5. A great deal"
V242322,"POST: FAVOR OR OPPOSE INCREASED REGULATION ON GREENHOUSE EMISSIONS Survey Question(s) ENVIRPO_REGGREEN, PAPI POST Q86 Note: The following speciﬁcations were implemented exclusively in the computerized survey instrument and are not applicable to the paper questionnaire. Variable Note Signiﬁcant data corrections were made to this variable for the full release version (20250808) of the 2024 Time Series data.","Do you favor, oppose, or neither favor nor oppose increased government regulation on businesses that produce a great deal of greenhouse emissions linked to climate change?","-9. Refused
-8. Don’t know
-7. Insuﬃcient partial, interview deleted
-6. No post interview
-5. Suﬃcient partial, breakoﬀ
-4. Error
-1. Inapplicable","1. Favor
2. Oppose
3. Neither favor nor oppose"
V242323,POST: FAVOR OR OPPOSE INCREASED REGULATION ON GREENHOUSE EMISSIONS (STRENGTH) Survey Question(s)ENVIRPO_REGGREENSTR Universe IF R FAVORS INCREASED GOVERNMENT REGULATION / IF R OPPOSES INCREASED GOVERNMENT REGULATION: Response OrderForward/Reverse order 476 CODEBOOK: VARIABLES,"Do you [favor / oppose] that [a great deal, a moderate amount, or a little / a little, a moderate amount, or a great deal]?","-9. Refused
-7. Insuﬃcient partial, interview deleted
-6. No post interview
-5. Suﬃcient partial, breakoﬀ
-1. Inapplicable","1. A great deal
2. A moderate amount
3. A little"
V242324x,"POST: SUMMARY: FAVOR/OPPOSE INCREASED REGULATION ON GREENHOUSE EMISSIONS Survey Question(s)ENVIRPO_REGGREEN, ENVIRPO_REGGREENSTR Variable Note Signiﬁcant data corrections were made to this variable for the full release version (20250808) of the 2024 Time Series data.",,"-7. Insuﬃcient partial, interview deleted
-6. No post interview
-5. Suﬃcient partial, breakoﬀ
-2. DK/RF in V242322 or V242323
-1. Inapplicable","1. Favor a great deal
2. Favor a moderate amount
3. Favor a little
4. Neither favor nor oppose
5. Oppose a little
6. Oppose a moderate amount
7. Oppose a great deal"
V242325,POST: SHOULD FEDERAL GOVERNMENT MAKE IT MORE DIFFICULT OR EASIER TO BUY A GUN Survey Question(s)GUN_GUNDIFF,"Do you think the federal government should make it more diﬃcult for people to buy a gun than it is now, make it easier for people to buy a gun, or keep these rules about the same as they are now?","-9. Refused
-8. Don’t know
-7. Insuﬃcient partial, interview deleted
-6. No post interview
-5. Suﬃcient partial, breakoﬀ
-1. Inapplicable","1. More diﬃcult
2. Easier
3. Keep these rules about the same"
V242326,POST: FAVOR OR OPPOSE BACKGROUND CHECKS FOR GUN PURCHASES Survey Question(s)GUN_BACKCHECK,"Do you favor, oppose, or neither favor nor oppose requiring background checks for gun purchases at gun shows or other private sales? POST-ELECTION SURVEY VARIABLES 477","-9. Refused
-8. Don’t know
-7. Insuﬃcient partial, interview deleted
-6. No post interview
-5. Suﬃcient partial, breakoﬀ
-1. Inapplicable","1. Favor
2. Oppose
3. Neither favor nor oppose"
V242327,POST: FAVOR OR OPPOSE BACKGROUND CHECKS FOR GUN PURCHASES (STRENGTH) Survey Question(s)GUN_BACKCHECKSTR Universe IF R FAVORS REQUIRING BACKGROUND CHECKS / IF R OPPOSES REQUIRING BACKGROUND CHECKS: Response OrderForward/Reverse order,"Do you [favor / oppose] that [a great deal, a moderate amount, or a little / a little, a moderate amount, or a great deal]?","-9. Refused
-8. Don’t know
-7. Insuﬃcient partial, interview deleted
-6. No post interview
-5. Suﬃcient partial, breakoﬀ
-1. Inapplicable","1. A great deal
2. A moderate amount
3. A little"
V242328x,"POST: SUMMARY: FAVOR/OPPOSE BACKGROUND CHECKS FOR GUN PURCHASES 478 CODEBOOK: VARIABLES Survey Question(s)GUN_BACKCHECK, GUN_BACKCHECKSTR",,"-7. Insuﬃcient partial, interview deleted
-6. No post interview
-5. Suﬃcient partial, breakoﬀ
-2. DK/RF in V242326 or V242327
-1. Inapplicable","1. Favor a great deal
2. Favor a moderate amount
3. Favor a little
4. Neither favor nor oppose
5. Oppose a little
6. Oppose a moderate amount
7. Oppose a great deal"
V242329,POST: FAVOR OR OPPOSE BANNING ‘ASSAULT- STYLE’ RIFLES Survey Question(s)GUN_BANAR,"Do you favor, oppose, or neither favor nor oppose banning the sale of semi-automatic “assault-style” riﬂes?","-9. Refused
-8. Don’t know
-7. Insuﬃcient partial, interview deleted
-6. No post interview
-5. Suﬃcient partial, breakoﬀ
-1. Inapplicable","1. Favor
2. Oppose
3. Neither favor nor oppose"
V242330,POST: FAVOR OR OPPOSE BANNING ‘ASSAULT- STYLE RIFLES’ (STRENGTH) Survey Question(s)GUN_BANARSTR Universe IF R FAVORS BANNING ASSAULT-STYLE RIFLES / IF R OPPOSES BANNING ASSAULT-STYLE RIFLES: Response OrderForward/Reverse order,"Do you [favor / oppose] that [a great deal, a moderate amount, or a little / a little, a moderate amount, or a great deal]? POST-ELECTION SURVEY VARIABLES 479","-9. Refused
-7. Insuﬃcient partial, interview deleted
-6. No post interview
-5. Suﬃcient partial, breakoﬀ
-1. Inapplicable","1. A great deal
2. A moderate amount
3. A little"
V242331x,"POST: SUMMARY: FAVOR/OPPOSE BANNING ‘ASSAULT-STYLE’ RIFLES Survey Question(s)GUN_BANAR, GUN_BANARSTR",,"-7. Insuﬃcient partial, interview deleted
-6. No post interview
-5. Suﬃcient partial, breakoﬀ
-2. DK/RF in V242329 or V242330
-1. Inapplicable","1. Favor a great deal
2. Favor a moderate amount
3. Favor a little
4. Neither favor nor oppose
5. Oppose a little
6. Oppose a moderate amount
7. Oppose a great deal"
V242332,POST: SHOULD GOVERNMENT DO MORE OR LESS ABOUT OPIOID DRUG ADDICTION Survey Question(s)OPIOID_OPIOID,"Do you think the federal government should be doing more about the opioid drug addiction issue, should it be doing less, or is it currently doing the right amount? 480 CODEBOOK: VARIABLES","-9. Refused
-8. Don’t know
-7. Insuﬃcient partial, interview deleted
-6. No post interview
-5. Suﬃcient partial, breakoﬀ
-1. Inapplicable","1. Should be doing more
2. Should be doing less
3. Is doing the right amount"
V242333,POST: SHOULD GOVERNMENT DO MORE OR LESS ABOUT OPIOID DRUG ADDICTION (STRENGTH) Survey Question(s)OPIOID_OPIOIDSTR Universe IF R SAID GOVT SHOULD DO MORE / IF R SAID GOVT SHOULD DO LESS: Response OrderForward/Reverse order,"How much [more / less]? [A great deal, a moderate amount, or a little / A little, a moderate amount, or a great deal]?","-7. Insuﬃcient partial, interview deleted
-6. No post interview
-5. Suﬃcient partial, breakoﬀ
-1. Inapplicable","1. A great deal
2. A moderate amount
3. A little"
V242334,POST: PAPER: SHOULD GOVERNMENT DO MORE OR LESS ABOUT OPIOID DRUG ADDICTION Survey Question(s)PAPI POST Q87,"Do you think the federal government should be doing more about the opioid drug addiction issue, should it be doing less, or is it currently doing the right amount? POST-ELECTION SURVEY VARIABLES 481","-9. Refused
-7. Insuﬃcient partial, interview deleted
-6. No post interview
-5. Suﬃcient partial, breakoﬀ
-1. Inapplicable","1. Should be doing a great deal more
2. Should be doing a moderate amount more
3. Should be doing a little more
4. Currently doing the right amount
5. Should be doing a little less
6. Should be doing a moderate amount less
7. Should be doing a great deal less"
V242335x,"POST: SUMMARY SHOULD GOVERNMENT DO MORE/LESS ABOUT OPIOID DRUG ADDICTION Survey Question(s)OPIOID_OPIOID, OPIOID_OPIOIDSTR, PAPI POST Q87",,"-7. Insuﬃcient partial, interview deleted
-6. No post interview
-5. Suﬃcient partial, breakoﬀ
-4. Error
-2. DK/RF in V242332, V242333, V242334","1. Should be doing a great deal more
2. Should be doing a moderate amount more
3. Should be doing a little more
4. Currently doing the right amount
5. Should be doing a little less
6. Should be doing a moderate amount less
7. Should be doing a great deal less"
V242336,"POST: HOW OFTEN DO POLICE OFFICERS USE MORE FORCE THAN NECESSARY Survey Question(s) POLICE_MOREFORCE, PAPI POST Q88 Note: The following speciﬁcations were implemented exclusively in the computerized survey instrument and are not applicable to the paper questionnaire. Response OrderForward/Reverse order","How often do you think police oﬃcers use more force than is necessary? [Never, rarely, about half the time, most of the time, or all the time / All the time, most of the time, about half the time, rarely, or never]? 482 CODEBOOK: VARIABLES","-9. Refused
-8. Don’t know
-7. Insuﬃcient partial, interview deleted
-6. No post interview
-5. Suﬃcient partial, breakoﬀ
-4. Error
-1. Inapplicable","1. Never
2. Rarely
3. About half the time
4. Most of the time
5. All the time"
V242337,"POST: HOW WOULD R DESCRIBE SOCIAL CLASS [EGSS] Survey Question(s) DEMPO_CLASSREV, PAPI POST Q102 Note: The following speciﬁcations were implemented exclusively in the computerized survey instrument and are not applicable to the paper questionnaire.","How would you describe your social class? Are you in the lower class, the working class, the middle class, or the upper class?","-9. Refused
-8. Don’t know
-7. Insuﬃcient partial, interview deleted
-6. No post interview
-5. Suﬃcient partial, breakoﬀ
-4. Error
-1. Inapplicable","1. Lower class
2. Working class
3. Middle class
4. Upper class"
V242338,"POST: IS R LOWER MIDDLE CLASS, MIDDLE CLASS, UPPER MIDDLE CLASS? [EGSS] Survey Question(s)DEMPO_MIDDLECLASS Universe IF R HAS INDICATED SOCIAL CLASS AS MIDDLE CLASS:","Are you in the lower middle class, the middle class, or the upper middle class? POST-ELECTION SURVEY VARIABLES 483","-9. Refused
-8. Don’t know
-7. Insuﬃcient partial, interview deleted
-6. No post interview
-5. Suﬃcient partial, breakoﬀ
-1. Inapplicable","1. Lower middle class
2. Middle class
3. Upper middle class"
V242339,POST: (IF R IS HISPANIC) DOES R GET NEWS IN SPANISH OR ENGLISH Survey Question(s)POHISP_HISPNEWS Universe IF R IS IDENTIFIED AS HISPANIC IN PRE-ELECTION IW:,"For information about politics would you say you get the most information from Spanish-language television, radio, and newspapers, or from English-language TV, radio, and newspapers?","-9. Refused
-7. Insuﬃcient partial, interview deleted
-6. No post interview
-5. Suﬃcient partial, breakoﬀ
-1. Inapplicable","1. English more
2. Spanish more
3. Both equally (bilingual) {VOL}
5. Other"
V242340,"POST: PAPER: DOES R LIVE IN RURAL AREA, SMALL TOWN, SUBURB, OR CITY Survey Question(s)PAPI POST Q21","Do you currently live in a rural area, small town, suburb, or city? 484 CODEBOOK: VARIABLES","-9. Refused
-7. Insuﬃcient partial, interview deleted
-6. No post interview
-5. Suﬃcient partial, breakoﬀ
-1. Inapplicable","1. Rural area
2. Small town
3. Suburb
4. City"
V242341,"POST: DOES R USUALLY THINK OF SELF AS A RURAL OR URBAN PERSON Survey Question(s) URBAN_PLACEID, PAPI POST Q22 Note: The following speciﬁcations were implemented exclusively in the computerized survey instrument and are not applicable to the paper questionnaire.","Regardless of where you currently live, do you usually think of yourself as a city person, a suburban person, a small-town person, a country or rural person, or something else?","-9. Refused
-7. Insuﬃcient partial, interview deleted
-6. No post interview
-5. Suﬃcient partial, breakoﬀ
-4. Error
-1. Inapplicable","1. City person
2. Suburban person
3. Small-town person
4. Country (or rural) person
5. Something else {SPECIFY}"
V242342,POST: HOW IMPORTANT IS URBAN OR RURAL TO R’S IDENTITY Survey Question(s)URBAN_PLACEIDIMP Universe IF R IS CITY PERSON / IF R IS SUBURB PERSON / IF R IS SMALL-TOWN PERSON / IF R COUNTRY OR RURAL PERSON Response OrderForward/Reverse order,"How important is being a [city person / suburb person / small-town person / country or rural person] to your identity? [Not at all important, a little important, moderately important, very important, or extremely important / Extremely important, very important, moderately important, a little important, or not at all important]? POST-ELECTION SURVEY VARIABLES 485","-9. Refused
-8. Don’t know
-7. Insuﬃcient partial, interview deleted
-6. No post interview
-5. Suﬃcient partial, breakoﬀ
-1. Inapplicable","1. Not at all important
2. A little important
3. Moderately important
4. Very important
5. Extremely important"
V242343,POST: DHS: HOW WORRIED ABOUT TERRORIST ATTACK IN NEAR FUTURE Survey Question(s)TERROR_TERRWORRY Response OrderForward/Reverse order,"Now for some other questions. How worried are you that the United States will experience a terrorist attack in the near future? [Extremely worried, very worried, moderately worried, slightly worried, or not at all worried / Not at all worried, slightly worried, moderately worried, very worried, or extremely worried]?","-9. Refused
-7. Insuﬃcient partial, interview deleted
-6. No post interview
-5. Suﬃcient partial, breakoﬀ
-1. Inapplicable","1. Extremely worried
2. Very worried
3. Moderately worried
4. Slightly worried
5. Not at all worried"
V242344,POST: FAVOR OR OPPOSE FREE TRADE AGREEMENTS WITH OTHER COUNTRIES 486 CODEBOOK: VARIABLES Survey Question(s)FREETRADE_AGRMT,"Do you favor, oppose, or neither favor nor oppose the U.S. making free trade agreements with other countries?","-9. Refused
-8. Don’t know
-7. Insuﬃcient partial, interview deleted
-6. No post interview
-5. Suﬃcient partial, breakoﬀ
-1. Inapplicable","1. Favor
2. Oppose
3. Neither favor nor oppose"
V242345,POST: FAVOR OR OPPOSE FREE TRADE AGREEMENTS WITH OTHER COUNTRIES (STRENGTH) Survey Question(s)FREETRADE_AGRMTSTR Universe IF R FAVORS U.S FREE TRADE AGREEMENTS WITH OTHER COUNTRIES/ IF R OPPOSES U.S. FREE TRADE AGREEMENTS WITH OTHER COUNTRIES: Response OrderForward/Reverse order,"How strongly do you [favor / oppose] it? [A great deal, moderately, or a little / A little, moderately, or a great deal]?","-7. Insuﬃcient partial, interview deleted
-6. No post interview
-5. Suﬃcient partial, breakoﬀ
-1. Inapplicable","1. A great deal
2. Moderately
3. A little"
V242346x,"POST: SUMMARY: FAVOR/OPPOSE FREE TRADE AGREEMENTS POST-ELECTION SURVEY VARIABLES 487 Survey Question(s)FREETRADE_AGRMT, FREETRADE_AGRMTSTR",,"-7. Insuﬃcient partial, interview deleted
-6. No post interview
-5. Suﬃcient partial, breakoﬀ
-2. DK/RF in V242344 or V242345
-1. Inapplicable","1. Favor a great deal
2. Favor a moderate amount
3. Favor a little
4. Neither favor nor oppose
5. Oppose a little
6. Oppose a moderate amount
7. Oppose a great deal"
V242347,"POST: DOES INCREASING DIVERSITY MADE US BETTER OR WORSE PLACE TO LIVE Survey Question(s) DIVERSITY_INCREASE, PAPI POST Q90 Note: The following speciﬁcations were implemented exclusively in the computerized survey instrument and are not applicable to the paper questionnaire.","Does the increasing number of people of many diﬀerent races and ethnic groups in the United States make this country a better place to live, a worse place to live, or does it make no diﬀerence?","-9. Refused
-8. Don’t know
-7. Insuﬃcient partial, interview deleted
-6. No post interview
-5. Suﬃcient partial, breakoﬀ
-1. Inapplicable","1. Better
2. Worse
3. Makes no diﬀerence"
V242348,POST: DOES INCREASING DIVERSITY MADE US BETTER OR WORSE PLACE TO LIVE (STRENGTH) Survey Question(s)DIVERSITY_INCREASESTR Universe IF R SAYS DIVERSITY MAKES US BETTER / IF R SAYS DIVERSITY MAKES US WORSE: Response OrderForward/Reverse order,Does it make it [a lot better or a little better / a little better or a lot better]? / Does it make it [a lot worse or a little worse / a little worse or a lot worse]? 488 CODEBOOK: VARIABLES,"-9. Refused
-7. Insuﬃcient partial, interview deleted
-6. No post interview
-5. Suﬃcient partial, breakoﬀ
-1. Inapplicable","1. A lot
2. A little"
V242349x,"POST: SUMMARY: INCREASING DIVERSITY MADE US BETTER/WORSE PLACE TO LIVE -2 DK/RF in V242347 or V242348 -1. Inapplicable 1. A lot better 2. A little better 3. Makes no diﬀerence 4. A little worse 5. A lot worse Survey Question(s)DIVERSITY_INCREASE, DIVERSITY_INCREASESTR",,"-7. Insuﬃcient partial, interview deleted
-6. No post interview
-5. Suﬃcient partial, breakoﬀ",
V242350,"POST: SHOULD THE MINIMUM WAGE BE RAISED, KEPT THE SAME, OR LOWERED Survey Question(s) ECONEQ_MINWAGE, PAPI POST Q89 Note: The following speciﬁcations were implemented exclusively in the computerized survey instrument and are not applicable to the paper questionnaire. Response OrderForward/Reverse order","Should the federal minimum wage be [raised, kept the same, lowered but not eliminated, or eliminated altogether / eliminated altogether, lowered but not eliminated, kept the same, or raised]? POST-ELECTION SURVEY VARIABLES 489","-9. Refused
-8. Don’t know
-7. Insuﬃcient partial, interview deleted
-6. No post interview
-5. Suﬃcient partial, breakoﬀ
-1. Inapplicable","1. Raised
2. Kept the same
3. Lowered
4. Eliminated"
V242351,POST: INCREASE/DECREASE GOVERNMENT SPENDING TO HELP PEOPLE PAY FOR HEALTH CARE Survey Question(s)ECONEQ_GOVHLTHHLP,"Do you favor an increase, decrease, or no change in government spending to help people pay for health insurance when people can’t pay for it all themselves?","-9. Refused
-8. Don’t know
-7. Insuﬃcient partial, interview deleted
-6. No post interview
-5. Suﬃcient partial, breakoﬀ
-1. Inapplicable","1. Increase
2. Decrease
3. No change"
V242352,POST: HOW MUCH INCREASE/DECREASE IN GOVERNMENT HELP PAYING FOR HEALTH CARE Survey Question(s)ECONEQ_GOVHLTHHLPAMT Universe IF R SAYS GOVT HELP FOR PEOPLE TO PAY FOR HEALTH CARE SHOULD INCREASE / IF R SAYS GOVT HELP FOR PEOPLE TO PAY FOR HEALTH CARE SHOULD DECREASE: Response OrderForward/Reverse order,"Should it increase [a great deal, a moderate amount, or a little / a little, a moderate amount, or a great deal]? / Should it decrease [a great deal, a moderate amount, or a little / a little, a moderate amount, or a great deal]? 490 CODEBOOK: VARIABLES","-9. Refused
-7. Insuﬃcient partial, interview deleted
-6. No post interview
-5. Suﬃcient partial, breakoﬀ
-1. Inapplicable","1. A great deal
2. A moderate amount
3. A little"
V242353x,"POST: SUMMARY: INCREASE/DECREASE GOVERNMENT SPENDING TO HELP PAY FOR HEALTH CARE Survey Question(s)ECONEQ_GOVHLTHHLP , ECONEQ_GOVHLTHHLPAMT",,"-7. Insuﬃcient partial, interview deleted
-6. No post interview
-5. Suﬃcient partial, breakoﬀ
-2. DK/RF in V242351 or V242352
-1. Inapplicable","1. Increase a great deal
2. Increase a moderate amount
3. Increase a little
4. No change
5. Decrease a little
6. Decrease a moderate amount
7. Decrease a lot"
V242354,POST: DO HEALTH BENEFITS OF VACCINATIONS OUTWEIGH THE RISKS Survey Question(s)VACCINE2_RISKS,"Now for questions on diﬀerent topics. Do the health beneﬁts of vaccinations generally outweigh the risks, do the risks outweigh the beneﬁts, or is there no diﬀerence? POST-ELECTION SURVEY VARIABLES 491","-9. Refused
-8. Don’t know
-7. Insuﬃcient partial, interview deleted
-6. No post interview
-5. Suﬃcient partial, breakoﬀ
-1. Inapplicable","1. Beneﬁts outweigh risks
2. Risks outweigh beneﬁts
3. No diﬀerence"
V242355,POST: DO HEALTH BENEFITS OF VACCINATIONS OUTWEIGH THE RISKS (STRENGTH) Survey Question(s)VACCINE2_RISKSSTR Universe IF R SAYS HEALTH BENEFITS OF VACCINES OUTWEIGH RISKS / IF R SAYS HEALTH RISKS OF VACCINES OUTWEIGHT BENEFITS: Response OrderForward/Reverse order,"Are the health beneﬁts of vaccinations [much greater, moderately greater, or slightly greater / slightly greater, moderately greater, or much greater]? / Are the risks of vaccinations [much greater, moderately greater, or slightly greater / slightly greater, moderately greater, or much greater]?","-9. Refused
-7. Insuﬃcient partial, interview deleted
-6. No post interview
-5. Suﬃcient partial, breakoﬀ
-1. Inapplicable","1. Much greater
2. Moderately greater
3. Slightly greater"
V242356,POST: PAPER: DO HEALTH BENEFITS OF VACCINATIONS OUTWEIGH THE RISKS Survey Question(s)PAPI POST Q91,"Do the health beneﬁts of vaccinations generally outweigh the risks, do the risks outweigh the beneﬁts, or is there no diﬀerence? 492 CODEBOOK: VARIABLES","-9. Refused
-7. Insuﬃcient partial, interview deleted
-6. No post interview
-5. Suﬃcient partial, breakoﬀ
-1. Inapplicable","1. Beneﬁts greatly outweigh risks
2. Beneﬁts moderately outweigh risks
3. Beneﬁts slightly outweigh risks
4. No diﬀerence
5. Risks slightly outweigh beneﬁts
6. Risks moderately outweigh beneﬁts
7. Risks greatly outweigh beneﬁts"
V242357x,"POST: SUMMARY: HEALTH BENEFITS OF VACCINATIONS OUTWEIGH RISKS Survey Question(s)VACCINE2_RISKS, VACCINE2_RISKSSTR, PAPI POST Q91",,"-7. Insuﬃcient partial, interview deleted
-6. No post interview
-5. Suﬃcient partial, breakoﬀ
-2. DK/RF in V242354 or V242355
-1. Inapplicable","1. Beneﬁts greatly outweigh risks
2. Beneﬁts moderately outweigh risks
3. Beneﬁts slightly outweigh risks
4. No diﬀerence
5. Risks slightly outweigh beneﬁts
6. Risks moderately outweigh beneﬁts
7. Risks greatly outweigh beneﬁts"
V242358,POST: ATTENTION TO SEXUAL HARASSMENT HAS GONE TOO FAR OR NOT FAR ENOUGH Survey Question(s)HARASS_ATTN Response OrderForward/Reverse order,"Do you think attention to sexual harassment [has gone too far, has not gone far enough, or has been about right / has been about right, has not gone far enough, or has gone too far]? POST-ELECTION SURVEY VARIABLES 493","-9. Refused
-8. Don’t know
-7. Insuﬃcient partial, interview deleted
-6. No post interview
-5. Suﬃcient partial, breakoﬀ
-1. Inapplicable","1. Has gone too far
2. Has not gone far enough
3. Has been about right"
V242359,POST: ATTENTION TO SEXUAL HARASSMENT HAS GONE TOO FAR (STRENGTH) Survey Question(s)HARASS_ATTNFAR Universe IF R THINKS ATTENTION HAS GONE TOO FAR: Response OrderForward/Reverse order,Has it gone [much too far or a little too far / a little too far or much too far]?,"-7. Insuﬃcient partial, interview deleted
-6. No post interview
-5. Suﬃcient partial, breakoﬀ
-1. Inapplicable","1. Much too far
2. A little too far"
V242360,POST: ATTENTION TO SEXUAL HARASSMENT HAS NOT GONE FAR ENOUGH (STRENGTH) 494 CODEBOOK: VARIABLES Survey Question(s)HARASS_ATTNNOTFAR Universe IF R THINKS ATTENTION HAS NOT GONE FAR ENOUGH: Response OrderForward/Reverse order,Has it [not gone nearly far enough or not gone quite far enough / not gone quite far enough or not gone nearly far enough]?,"-9. Refused
-8. Don’t know
-7. Insuﬃcient partial, interview deleted
-6. No post interview
-5. Suﬃcient partial, breakoﬀ
-1. Inapplicable","1. Not nearly far enough
2. Not quite far enough"
V242361x,"POST: SUMMARY: ATTENTION TO SEXUAL HARASSMENT AS GONE TOO FAR/NOT FAR ENOUGH Survey Question(s)HARASS_ATTN, HARASS_ATTNFAR, HARASS_ATTNNOTFAR",,"-7. Insuﬃcient partial, interview deleted
-6. No post interview
-5. Suﬃcient partial, breakoﬀ
-2. DK/RF in V242358, V242359, V242360
-1. Inapplicable","1. Much too far
2. A little too far
3. Has been about right
4. Not quite far enough
5. Not nearly far enough"
V242362,POST: FAVOR/OPPOSE ALLOWING TRANSGENDER PEOPLE TO SERVE IN MILITARY Survey Question(s)TRANSMIL_ALLOWMIL POST-ELECTION SURVEY VARIABLES 495,"Do you favor, oppose, or neither favor nor oppose allowing transgender people to serve in the United States Armed Forces?","-9. Refused
-8. Don’t know
-7. Insuﬃcient partial, interview deleted
-6. No post interview
-5. Suﬃcient partial, breakoﬀ
-1. Inapplicable","1. Favor
2. Oppose
3. Neither favor nor oppose"
V242363,POST: FAVOR/OPPOSE ALLOWING TRANSGENDER PEOPLE TO SERVE IN MILITARY (STRENGTH) Survey Question(s)TRANSMIL_ALLOWMILSTR Universe IF R ALLOWING TRANSGENDER PPL IN MILITARY/ IF R OPPOSES ALLOWING TRANSGENDER PPL IN MILITARY: Response OrderForward/Reverse order,"Do you favor that [a great deal, a moderate amount, or a little / a little, a moderate amount, or a great deal]? / Do you oppose that [a great deal, a moderate amount, or a little / a little, a moderate amount, or a great deal]?","-9. Refused
-7. Insuﬃcient partial, interview deleted
-6. No post interview
-5. Suﬃcient partial, breakoﬀ
-1. Inapplicable","1. A great deal
2. A moderate amount
3. A little"
V242364x,"POST: SUMMARY: FAVOR/OPPOSE TRANSGENDER PEOPLE SERVE IN MILITARY Survey Question(s)TRANSMIL_ALLOWMIL, TRANSMIL_ALLOWMILSTR",,"-7. Insuﬃcient partial, interview deleted
-6. No post interview
-5. Suﬃcient partial, breakoﬀ
-2. DK/RF in V242363 or V242363
-1. Inapplicable","1. Favor a great deal
2. Favor a moderate amount
3. Favor a little
4. Neither favor nor oppose
5. Oppose a little
6. Oppose a moderate amount
7. Oppose a great deal"
V242365,"POST: HOW MUCH IS CHINA A THREAT TO THE UNITED STATES 496 CODEBOOK: VARIABLES Survey Question(s) FRGNTHRT_CHINA, PAPI POST Q97 Note: The following speciﬁcations were implemented exclusively in the computerized survey instrument and are not applicable to the paper questionnaire. Randomization Randomize order of all items in FRGNTHRT submodule: CHINA, RUSSIA, MEXICO, IRAN, JAPAN, ISRAEL Response OrderForward/Reverse order","[Next, we’ll ask you the same question for several countries: How much is China a threat to the United States? / How much is China a threat to the United States?] [Not at all, a little, a moderate amount, a lot, or a great deal / A great deal, a lot, a moderate amount, a little, or not at all]?","-9. Refused
-8. Don’t know
-7. Insuﬃcient partial, interview deleted
-6. No post interview
-5. Suﬃcient partial, breakoﬀ
-1. Inapplicable","1. Not at all
2. A little
3. A moderate amount
4. A lot
5. A great deal"
V242366,"POST: HOW MUCH IS RUSSIA A THREAT TO THE UNITED STATES POST-ELECTION SURVEY VARIABLES 497 Survey Question(s) FRGNTHRT_RUSSIA, PAPI POST Q98 Note: The following speciﬁcations were implemented exclusively in the computerized survey instrument and are not applicable to the paper questionnaire. Randomization Randomize order of all items in FRGNTHRT submodule: CHINA, RUSSIA, MEXICO, IRAN, JAPAN, ISRAEL Response OrderForward/Reverse order","[Next, we’ll ask you the same question for several countries: How much is Russia a threat to the United States? / How much is Russia a threat to the United States?] [Not at all, a little, a moderate amount, a lot, or a great deal / A great deal, a lot, a moderate amount, a little, or not at all]?","-9. Refused
-8. Don’t know
-7. Insuﬃcient partial, interview deleted
-6. No post interview
-5. Suﬃcient partial, breakoﬀ
-1. Inapplicable","1. Not at all
2. A little
3. A moderate amount
4. A lot
5. A great deal"
V242367,"POST: HOW MUCH IS MEXICO A THREAT TO THE UNITED STATES Survey Question(s)FRGNTHRT_MEXICO Randomization Randomize order of all items in FRGNTHRT submodule: CHINA, RUSSIA, MEXICO, IRAN, JAPAN, ISRAEL Response OrderForward/Reverse order","[Next, we’ll ask you the same question for several countries: How much is Mexico a threat to the United States? / How much is Mexico a threat to the United States?] [Not at all, a little, a moderate amount, a lot, or a great deal / A great deal, a lot, a moderate amount, a little, or not at all]?","-9. Refused
-8. Don’t know
-7. Insuﬃcient partial, interview deleted
-6. No post interview
-5. Suﬃcient partial, breakoﬀ
-1. Inapplicable","1. Not at all
2. A little
3. A moderate amount
4. A lot
5. A great deal"
V242368,"POST: HOW MUCH IS IRAN A THREAT TO THE UNITED STATES Survey Question(s)FRGNTHRT_IRAN Randomization Randomize order of all items in FRGNTHRT submodule: CHINA, RUSSIA, MEXICO, IRAN, JAPAN, ISRAEL Response OrderForward/Reverse order","[Next, we’ll ask you the same question for several countries: How much is Iran a threat to the United States? / How much is Iran a threat to the United States?] [Not at all, a little, a moderate amount, a lot, or a great deal / A great deal, a lot, a moderate amount, a little, or not at all]? 498 CODEBOOK: VARIABLES","-9. Refused
-8. Don’t know
-7. Insuﬃcient partial, interview deleted
-6. No post interview
-5. Suﬃcient partial, breakoﬀ
-1. Inapplicable","1. Not at all
2. A little
3. A moderate amount
4. A lot
5. A great deal"
V242369,"POST: HOW MUCH IS JAPAN A THREAT TO THE UNITED STATES Survey Question(s)FRGNTHRT_JAPAN Randomization Randomize order of all items in FRGNTHRT submodule: CHINA, RUSSIA, MEXICO, IRAN, JAPAN, ISRAEL Response OrderForward/Reverse order POST-ELECTION SURVEY VARIABLES 499","[Next, we’ll ask you the same question for several countries: How much is Japan a threat to the United States? / How much is Japan a threat to the United States?] [Not at all, a little, a moderate amount, a lot, or a great deal / A great deal, a lot, a moderate amount, a little, or not at all]?","-9. Refused
-8. Don’t know
-7. Insuﬃcient partial, interview deleted
-6. No post interview
-5. Suﬃcient partial, breakoﬀ
-1. Inapplicable","1. Not at all
2. A little
3. A moderate amount
4. A lot
5. A great deal"
V242370,"POST: HOW MUCH IS ISRAEL A THREAT TO THE UNITED STATES Survey Question(s)FRGNTHRT_ISRAEL Randomization Randomize order of all items in FRGNTHRT submodule: CHINA, RUSSIA, MEXICO, IRAN, JAPAN, ISRAEL Response OrderForward/Reverse order","[Next, we’ll ask you the same question for several countries: How much is Israel a threat to the United States? / How much is Israel a threat to the United States?] [Not at all, a little, a moderate amount, a lot, or a great deal / A great deal, a lot, a moderate amount, a little, or not at all]?","-9. Refused
-8. Don’t know
-7. Insuﬃcient partial, interview deleted
-6. No post interview
-5. Suﬃcient partial, breakoﬀ
-1. Inapplicable","1. Not at all
2. A little
3. A moderate amount
4. A lot
5. A great deal"
V242400,"POST: CSES6-Q01: HOW INTERESTED IN POLITICS IS R Survey Question(s) CSES6_INTPOL, PAPI POST Q23 Note: The following speciﬁcations were implemented exclusively in the computerized survey instrument and are not applicable to the paper questionnaire. 500 CODEBOOK: VARIABLES Response OrderForward/Reverse order","How interested would you say you are in politics? Are you [very interested, somewhat interested, not very interested, or not at all interested / not at all interested, not very interested, somewhat interested, or very interested]?","-9. Refused
-7. Insuﬃcient partial, interview deleted
-6. No post interview
-5. Suﬃcient partial, breakoﬀ
-4. Error
-1. Inapplicable","1. Very interested
2. Somewhat interested
3. Not very interested
4. Not at all interested"
V242401,POST: CSES6-Q02A: WATCH NEWS ON PUBLIC BROADCASTER Survey Question(s)CSES6_MEDIATVPUB,"In the next questions, we would like to know what kind of media you used to follow news about parties and candidates during the recent election campaign. We begin with the traditional media of television, radio and newspapers, but regardless of whether you use these media in the traditional ways or online. During the recent election campaign, in a typical week, how many days did you: Watch the news on a public television broadcaster?","-9. Refused
-7. Insuﬃcient partial, interview deleted
-6. No post interview
-5. Suﬃcient partial, breakoﬀ
-1. Inapplicable","0. None/zero days
1. One day
2. Two days
3. Three days
4. Four days
5. Five days
6. Six days
7. Seven days"
V242402,POST: CSES6-Q02B: WATCH NEWS ON PRIVATE BROADCASTER Survey Question(s)CSES6_MEDIATVPRIV,"(During the recent election campaign, in a typical week, how many days did you:) Watch the news on cable television? POST-ELECTION SURVEY VARIABLES 501","-9. Refused
-8. Don’t know
-7. Insuﬃcient partial, interview deleted
-6. No post interview
-5. Suﬃcient partial, breakoﬀ
-1. Inapplicable","0. None/zero days
1. One day
2. Two days
3. Three days
4. Four days
5. Five days
6. Six days
7. Seven days"
V242403,POST: CSES6-Q02C: LISTEN TO NEWS ON RADIO Survey Question(s)CSES6_MEDIARAD,"(During the recent election campaign, in a typical week, how many days did you:) Listen to the news on the radio?","-9. Refused
-7. Insuﬃcient partial, interview deleted
-6. No post interview
-5. Suﬃcient partial, breakoﬀ
-1. Inapplicable","0. None/zero days
1. One day
2. Two days
3. Three days
4. Four days
5. Five days
6. Six days
7. Seven days"
V242404,"POST: CSES6-Q02D: READ NEWSPAPER 502 CODEBOOK: VARIABLES Survey Question(s) CSES6_MEDIAPAP , PAPI POST Q94 Note: The following speciﬁcations were implemented exclusively in the computerized survey instrument and are not applicable to the paper questionnaire.","(During the recent election campaign, in a typical week, how many days did you:) Read newspapers, regardless of whether you read them in print or online?","-9. Refused
-7. Insuﬃcient partial, interview deleted
-6. No post interview
-5. Suﬃcient partial, breakoﬀ
-4. Error
-1. Inapplicable","0. None/zero days
1. One day
2. Two days
3. Three days
4. Four days
5. Five days
6. Six days
7. Seven days"
V242405,POST: CSES6-Q02E: VISIT ONLINE NEWS SITES Survey Question(s)CSES6_MEDIAONL POST-ELECTION SURVEY VARIABLES 503,"(During the recent election campaign, in a typical week, how many days did you:) Visit online news sites?","-9. Refused
-7. Insuﬃcient partial, interview deleted
-6. No post interview
-5. Suﬃcient partial, breakoﬀ
-1. Inapplicable","0. None/zero days
1. One day
2. Two days
3. Three days
4. Four days
5. Five days
6. Six days
7. Seven days"
V242406,POST: CSES6-Q02F: SOCIAL MEDIA FOR NEWS (HOW MANY DAYS) Survey Question(s)CSES6_MEDIASOC,"During the recent election campaign, in a typical week, how many days did you: Use social media such as Facebook, Twitter or X, or Instagram to follow news about parties and candidates?","-9. Refused
-7. Insuﬃcient partial, interview deleted
-6. No post interview
-5. Suﬃcient partial, breakoﬀ
-1. Inapplicable","0. None/zero days
1. One day
2. Two days
3. Three days
4. Four days
5. Five days
6. Six days
7. Seven days"
V242407,POST: CSES6-Q02G: SOCIAL MEDIA FOR NEWS (PER DAY) Survey Question(s)CSES6_MEDIASOCAMT Universe IF R SAYS SEVEN DAYS IN PREVIOUS ITEM: 504 CODEBOOK: VARIABLES,"And how often during a typical day did you use social media such as Facebook, Twitter or X, or Instagram to follow news about parties and candidates - only about once per day, several times per day, or at least ten times per day?","-7. Insuﬃcient partial, interview deleted
-6. No post interview
-5. Suﬃcient partial, breakoﬀ
-1. Inapplicable","1. Only about once per day
2. Several times per day
3. At least ten times per day"
V242408,POST: CSES6-Q03: AGREE/DISAGREE: R UNDERSTANDS MOST IMPORTANT POLITICAL ISSUES Survey Question(s)CSES6_UNDISS Response OrderForward/Reverse order,"Please tell me whether you [strongly agree, somewhat agree, neither agree nor disagree, somewhat disagree, or strongly disagree strongly / strongly disagree, somewhat disagree, neither agree nor disagree, somewhat agree, or strongly agree] with each of the following statements: You feel you understand the most important political issues of this country. (Do you [strongly agree, somewhat agree, neither agree nor disagree, somewhat disagree, or strongly disagree strongly / strongly disagree, somewhat disagree, neither agree nor disagree, somewhat agree, or strongly agree]?)","-9. Refused
-8. Don’t know
-7. Insuﬃcient partial, interview deleted
-6. No post interview
-5. Suﬃcient partial, breakoﬀ
-1. Inapplicable","1. Strongly agree
2. Somewhat agree
3. Neither agree nor disagree
4. Somewhat disagree
5. Strongly disagree"
V242409,"POST: CSES6-Q04A: PREFER DEMOCRACY Survey Question(s)CSES6_PREFERDEM Randomization Randomize items PREFERDEM, COURTS, STRLEAD, REPWOMEN Response OrderForward/Reverse order","‘Democracy is always and under all circumstances preferable to any other kind of government.’ (Do you [strongly agree, somewhat agree, neither agree nor disagree, somewhat disagree, or strongly disagree / strongly disagree, somewhat disagree, neither agree nor disagree, somewhat agree, or strongly agree]?) POST-ELECTION SURVEY VARIABLES 505","-9. Refused
-8. Don’t know
-7. Insuﬃcient partial, interview deleted
-6. No post interview
-5. Suﬃcient partial, breakoﬀ
-1. Inapplicable","1. Strongly agree
2. Somewhat agree
3. Neither agree nor disagree
4. Somewhat disagree
5. Strongly disagree"
V242410,"POST: CSES6-Q04B: COURTS’ AUTHORITY Survey Question(s)CSES6_COURTS Randomization Randomize items PREFERDEM, COURTS, STRLEAD, REPWOMEN Response OrderForward/Reverse order","‘The courts should be able to stop the government acting beyond its authority.’ (Do you [strongly agree, somewhat agree, neither agree nor disagree, somewhat disagree, or strongly disagree / strongly disagree, somewhat disagree, neither agree nor disagree, somewhat agree, or strongly agree] ?)","-9. Refused
-8. Don’t know
-7. Insuﬃcient partial, interview deleted
-6. No post interview
-5. Suﬃcient partial, breakoﬀ
-1. Inapplicable","1. Strongly agree
2. Somewhat agree
3. Neither agree nor disagree
4. Somewhat disagree
5. Strongly disagree"
V242411,"POST: CSES6-Q04E: ATTITUDES ABOUT ELITES: STRONG LEADER IN GOVERNMENT IS GOOD 506 CODEBOOK: VARIABLES Survey Question(s)CSES6_STRLEAD Randomization Randomize items PREFERDEM, COURTS, STRLEAD, REPWOMEN Response OrderForward/Reverse order","‘Having a strong leader in government is good for the United States even if the leader bends the rules to get things done.’ (Do you [strongly agree, somewhat agree, neither agree nor disagree, somewhat disagree, or strongly disagree / strongly disagree, somewhat disagree, neither agree nor disagree, somewhat agree, or strongly agree]?)","-9. Refused
-8. Don’t know
-7. Insuﬃcient partial, interview deleted
-6. No post interview
-5. Suﬃcient partial, breakoﬀ
-1. Inapplicable","1. Strongly agree
2. Somewhat agree
3. Neither agree nor disagree
4. Somewhat disagree
5. Strongly disagree"
V242412,"POST: CSES6-Q04D: POLICIES TO INCREASE WOMEN REPRESENTATION Survey Question(s)CSES6_REPWOMEN POST-ELECTION SURVEY VARIABLES 507 Randomization Randomize items PREFERDEM, COURTS, STRLEAD, REPWOMEN Response OrderForward/Reverse order","‘Policies to increase the representation of women in politics have gone too far.’ (Do you [strongly agree, somewhat agree, neither agree nor disagree, somewhat disagree, or strongly disagree / strongly disagree, somewhat disagree, neither agree nor disagree, somewhat agree, or strongly agree] ?)","-9. Refused
-8. Don’t know
-7. Insuﬃcient partial, interview deleted
-6. No post interview
-5. Suﬃcient partial, breakoﬀ
-1. Inapplicable","1. Strongly agree
2. Somewhat agree
3. Neither agree nor disagree
4. Somewhat disagree
5. Strongly disagree"
V242413,"POST: CSES6-Q05A: POLITICAL DECISIONS SHOULD BE LEFT TO BUSINESS LEADERS Survey Question(s)CSES6_INSTEADBUS Randomization Randomize items INSTEADBUS, INSTEADEXP , INSTEADCIT Response OrderForward/Reverse order","‘Instead of elected politicians, the country would be run better if important political decisions were left up to: Successful business leaders.’ (Do you [strongly agree, somewhat agree, neither agree nor disagree, somewhat disagree, or strongly disagree / strongly disagree, somewhat disagree, neither agree nor disagree, somewhat agree, or strongly agree]?)","-9. Refused
-8. Don’t know
-7. Insuﬃcient partial, interview deleted
-6. No post interview
-5. Suﬃcient partial, breakoﬀ
-1. Inapplicable","1. Strongly agree
2. Somewhat agree
3. Neither agree nor disagree
4. Somewhat disagree
5. Strongly disagree"
V242414,"POST: CSES6-Q05B: POLITICAL DECISIONS SHOULD BE LEFT TO INDEPENDENT EXPERTS Survey Question(s)CSES6_INSTEADEXP Randomization Randomize items INSTEADBUS, INSTEADEXP , INSTEADCIT Response OrderForward/Reverse order","‘Instead of elected politicians, the country would be run better if important political decisions were left up to: Independent experts.’ (Do you [strongly agree, somewhat agree, neither agree nor disagree, somewhat disagree, or strongly disagree / strongly disagree, somewhat disagree, neither agree nor disagree, somewhat agree, or strongly agree]?) 508 CODEBOOK: VARIABLES","-9. Refused
-8. Don’t know
-7. Insuﬃcient partial, interview deleted
-6. No post interview
-5. Suﬃcient partial, breakoﬀ
-1. Inapplicable","1. Strongly agree
2. Somewhat agree
3. Neither agree nor disagree
4. Somewhat disagree
5. Strongly disagree"
V242415,"POST: CSES6-Q05BC: POLITICAL DECISIONS SHOULD BE LEFT TO CITIZEN REFERENDUMS Survey Question(s)CSES6_INSTEADCIT Randomization Randomize items INSTEADBUS, INSTEADEXP , INSTEADCIT Response OrderForward/Reverse order","‘Instead of elected politicians, the country would be run better if important political decisions were left up to: Citizens in referendums.’ (Do you [strongly agree, somewhat agree, neither agree nor disagree, somewhat disagree, or strongly disagree / strongly disagree, somewhat disagree, neither agree nor disagree, somewhat agree, or strongly agree]?)","-9. Refused
-8. Don’t know
-7. Insuﬃcient partial, interview deleted
-6. No post interview
-5. Suﬃcient partial, breakoﬀ
-1. Inapplicable","1. Strongly agree
2. Somewhat agree
3. Neither agree nor disagree
4. Somewhat disagree
5. Strongly disagree"
V242416,POST: CSES6_Q06: US DEMOCRACY SCALE POST-ELECTION SURVEY VARIABLES 509 Survey Question(s)CSES6_DEMOCRATIC,"On a scale of 0 to 10, where 0 means the United States is not at all democratic, and 10 means the United States is completely democratic, what position would you choose?","-9. Refused
-8. Don’t know
-7. Insuﬃcient partial, interview deleted
-6. No post interview
-5. Suﬃcient partial, breakoﬀ
-1. Inapplicable","00. Not at all democratic
10. Completely democratic"
V242417,"POST: CSES6-Q07A: TRUST CONGRESS Survey Question(s)CSES6_TRUSTCONG Randomization Randomize items TRUSTCONG, TRUSTGOV, TRUSTJUD, TRUSTSCI, TRUSTPARTIES, TRUSTMEDIA, TRUSTSOCMEDIA","How about: Congress? Do you trust it a lot, trust it somewhat, do not trust it very much, or do not trust it at all?","-9. Refused
-8. Don’t know
-7. Insuﬃcient partial, interview deleted
-6. No post interview
-5. Suﬃcient partial, breakoﬀ
-1. Inapplicable","1. Trust a lot
2. Trust somewhat
3. Do not trust very much
4. Do not trust at all"
V242418,"POST: CSES6-Q07B: TRUST GOVERNMENT 510 CODEBOOK: VARIABLES Survey Question(s)CSES6_TRUSTGOV Randomization Randomize items TRUSTCONG, TRUSTGOV, TRUSTJUD, TRUSTSCI, TRUSTPARTIES, TRUSTMEDIA, TRUSTSOCMEDIA","(How about:) The government? (Do you trust it a lot, trust it somewhat, do not trust it very much, or do not trust it at all?)","-9. Refused
-8. Don’t know
-7. Insuﬃcient partial, interview deleted
-6. No post interview
-5. Suﬃcient partial, breakoﬀ
-1. Inapplicable","1. Trust a lot
2. Trust somewhat
3. Do not trust very much
4. Do not trust at all"
V242419,"POST: CSES6-Q07C: TRUST JUDICIARY Survey Question(s)CSES6_TRUSTJUD Randomization Randomize items TRUSTCONG, TRUSTGOV, TRUSTJUD, TRUSTSCI, TRUSTPARTIES, TRUSTMEDIA, TRUSTSOCMEDIA POST-ELECTION SURVEY VARIABLES 511","(How about:) The judiciary? (Do you trust it a lot, trust it somewhat, do not trust it very much, or do not trust it at all?)","-9. Refused
-8. Don’t know
-7. Insuﬃcient partial, interview deleted
-6. No post interview
-5. Suﬃcient partial, breakoﬀ
-1. Inapplicable","1. Trust a lot
2. Trust somewhat
3. Do not trust very much
4. Do not trust at all"
V242420,"POST: CSES6-Q07D: TRUST SCIENTISTS Survey Question(s)CSES6_TRUSTSCI Randomization Randomize items TRUSTCONG, TRUSTGOV, TRUSTJUD, TRUSTSCI, TRUSTPARTIES, TRUSTMEDIA, TRUSTSOCMEDIA","(How about:) Scientists? (Do you trust them a lot, trust them somewhat, do not trust them very much, or do not trust them at all?)","-9. Refused
-8. Don’t know
-7. Insuﬃcient partial, interview deleted
-6. No post interview
-5. Suﬃcient partial, breakoﬀ
-1. Inapplicable","1. Trust a lot
2. Trust somewhat
3. Do not trust very much
4. Do not trust at all"
V242421,"POST: CSES6-Q07E: TRUST POLITICAL PARTIES Survey Question(s)CSES6_TRUSTPARTIES Randomization Randomize items TRUSTCONG, TRUSTGOV, TRUSTJUD, TRUSTSCI, TRUSTPARTIES, TRUSTMEDIA, TRUSTSOCMEDIA 512 CODEBOOK: VARIABLES","(How about:) The political parties? (Do you trust them a lot, trust them somewhat, do not trust them very much, or do not trust them at all?)","-9. Refused
-8. Don’t know
-7. Insuﬃcient partial, interview deleted
-6. No post interview
-5. Suﬃcient partial, breakoﬀ
-1. Inapplicable","1. Trust a lot
2. Trust somewhat
3. Do not trust very much
4. Do not trust at all"
V242422,"POST: CSES6-Q07F: TRUST TRADITIONAL MEDIA Survey Question(s) CSES6_TRUSTMEDIA, PAPI POST Q93 Note: The following speciﬁcations were implemented exclusively in the computerized survey instrument and are not applicable to the paper questionnaire. Randomization Randomize items TRUSTCONG, TRUSTGOV, TRUSTJUD, TRUSTSCI, TRUSTPARTIES, TRUSTMEDIA, TRUSTSOCMEDIA","(How about:) Traditional news media, such as newspapers, television or radio? (Do you trust them a lot, trust them somewhat, do not trust them very much, or do not trust them at all?)","-9. Refused
-8. Don’t know
-7. Insuﬃcient partial, interview deleted
-6. No post interview
-5. Suﬃcient partial, breakoﬀ
-1. Inapplicable","1. Trust a lot
2. Trust somewhat
3. Do not trust very much
4. Do not trust at all"
V242423,"POST: CSES6-Q07G: TRUST SOCIAL MEDIA Survey Question(s)CSES6_TRUSTSOCMEDIA POST-ELECTION SURVEY VARIABLES 513 Randomization Randomize items TRUSTCONG, TRUSTGOV, TRUSTJUD, TRUSTSCI, TRUSTPARTIES, TRUSTMEDIA, TRUSTSOCMEDIA","(How about:) Social media, such as Facebook, Twitter or X, or Instagram? (Do you trust them a lot, trust them somewhat, do not trust them very much, or do not trust them at all?)","-9. Refused
-8. Don’t know
-7. Insuﬃcient partial, interview deleted
-6. No post interview
-5. Suﬃcient partial, breakoﬀ
-1. Inapplicable","1. Trust a lot
2. Trust somewhat
3. Do not trust very much
4. Do not trust at all"
V242424,POST: CSES6-Q09: HOW GOOD/BAD A JOB HAS GOVERNMENT DONE IN LAST 4 YEARS Survey Question(s)CSES6_PRESPERF Response OrderForward/Reverse order,"Now thinking about the performance of the president in general, how good or bad a job do you think the president in Washington did over the past 4 years? [Has he done a very good job? A good job? A bad job? A very bad job? / Has he done a very bad job? A bad job? A good job? A very good job?]","-9. Refused
-8. Don’t know
-7. Insuﬃcient partial, interview deleted
-6. No post interview
-5. Suﬃcient partial, breakoﬀ
-1. Inapplicable","1. Very good job
2. Good job
3. Bad job
4. Very bad job"
V242425,POST: CSES6-Q08B: PRESIDENT PERFORMANCE COVID 514 CODEBOOK: VARIABLES Survey Question(s)CSES6_PRESCOVID Response OrderForward/Reverse order,And how good or bad a job do you think the president in Washington has done over the past 4 years in handling the consequences of the coronavirus pandemic? [Has he done a very good job? A good job? A bad job? A very bad job? / Has he done a very bad job? A bad job? A good job? A very good job?],"-9. Refused
-8. Don’t know
-7. Insuﬃcient partial, interview deleted
-6. No post interview
-5. Suﬃcient partial, breakoﬀ
-1. Inapplicable","1. Very good job
2. Good job
3. Bad job
4. Very bad job"
V242426,"POST: CSES6-Q11: STATE OF ECONOMY BETTER OR WORSE OVER PAST 12 MONTHS Survey Question(s) CSES6_ECON, PAPI POST Q95 Note: The following speciﬁcations were implemented exclusively in the computerized survey instrument and are not applicable to the paper questionnaire. Response OrderForward/Reverse order","Would you say that over the past twelve months, the state of the economy in the United States has [gotten much better, gotten somewhat better, stayed about the same, gotten somewhat worse, or gotten much worse / gotten much worse, gotten somewhat worse, stayed about the same, gotten somewhat better, or gotten much better]?","-9. Refused
-8. Don’t know
-7. Insuﬃcient partial, interview deleted
-6. No post interview
-5. Suﬃcient partial, breakoﬀ
-1. Inapplicable","1. Gotten much better
2. Gotten somewhat better
3. Stayed about the same
4. Gotten somewhat worse
5. Gotten much worse"
V242427,POST: CSES6-Q11A: SATISFACTION ABOUT VOTE: VOTERS FOR PARTY/CANDIDATE Survey Question(s)CSES6_VOTESAT Universe IF R VOTED: Response OrderForward/Reverse order,"Are you [very satisﬁed, fairly satisﬁed, not very satisﬁed, or not at all satisﬁed / not at all satisﬁed, not very satisﬁed, fairly satisﬁed, or very satisﬁed] with your decision to vote for the party/candidate you voted for in the last election? POST-ELECTION SURVEY VARIABLES 515","-9. Refused
-8. Don’t know
-7. Insuﬃcient partial, interview deleted
-6. No post interview
-5. Suﬃcient partial, breakoﬀ
-1. Inapplicable","1. Very satisﬁed
2. Fairly satisﬁed
4. Not very satisﬁed
5. Not at all satisﬁed"
V242428,POST: CSES6-Q11C: SATISFACTION ABOUT VOTE: NON-VOTERS Survey Question(s)CSES6_NOVOTE Universe IF R DID NOT VOTE: Response OrderForward/Reverse order,"Are you [very satisﬁed, fairly satisﬁed, not very satisﬁed, or not at all satisﬁed / not at all satisﬁed, not very satisﬁed, fairly satisﬁed, or very satisﬁed] with your decision not to vote in the last election?","-9. Refused
-8. Don’t know
-7. Insuﬃcient partial, interview deleted
-6. No post interview
-5. Suﬃcient partial, breakoﬀ
-1. Inapplicable","1. Very satisﬁed
2. Fairly satisﬁed
4. Not very satisﬁed
5. Not at all satisﬁed"
V242429,POST: CSES6-Q12: SATISFACTION ABOUT VARIETY OF CHOICE Survey Question(s)CSES6_ELECTCHOICE Response OrderForward/Reverse order,"Are you [very satisﬁed, fairly satisﬁed, not very satisﬁed, or not at all satisﬁed / not at all satisﬁed, not very satisﬁed, fairly satisﬁed, or very satisﬁed] with the variety of choice in the election? 516 CODEBOOK: VARIABLES","-9. Refused
-8. Don’t know
-7. Insuﬃcient partial, interview deleted
-6. No post interview
-5. Suﬃcient partial, breakoﬀ
-1. Inapplicable","1. Very satisﬁed
2. Fairly satisﬁed
4. Not very satisﬁed
5. Not at all satisﬁed"
V242430,"POST: CSES6-Q13: FAIRNESS OF ELECTION Survey Question(s) CSES6_FAIRELECT, PAPI POST Q66 Note: The following speciﬁcations were implemented exclusively in the computerized survey instrument and are not applicable to the paper questionnaire.","In some countries, people believe that the elections are conducted fairly. In other countries, people believe that elections are conducted unfairly. Thinking of the election that just occured in the United States, where would you place it on a scale of one to ﬁve where ONE means that the election was conducted fairly and FIVE means that the election was conducted unfairly?","-9. Refused
-8. Don’t know
-7. Insuﬃcient partial, interview deleted
-6. No post interview
-5. Suﬃcient partial, breakoﬀ
-1. Inapplicable","1. Election was conducted fairly
5. Election was conducted unfairly"
V242431,POST: CSES6-Q14B: WHO PEOPLE VOTE FOR MAKES A BIG DIFFERENCE POST-ELECTION SURVEY VARIABLES 517 Survey Question(s)CSES6_VOTEDIFF,"Some people say that no matter who people vote for, it won’t make any diﬀerence to what happens. Others say that who people vote for can make a big diﬀerence to what happens. Using the scale in the booklet, where ONE means that voting won’t make any diﬀerence to what happens and FIVE means that voting can make a big diﬀerence, where would you place yourself?","-9. Refused
-8. Don’t know
-7. Insuﬃcient partial, interview deleted
-6. No post interview
-5. Suﬃcient partial, breakoﬀ
-1. Inapplicable","1. Who people vote for won’t make any diﬀerence
5. Who people vote for can make a big diﬀerence"
V242432,POST: CSES6-Q15A: LIKE-DISLIKE-DEMOCRATIC PARTY Survey Question(s)CSES6_LDDEMPTY,"I’d like to know what you think about each of our political parties. After I read the name of a political party, please rate it on a scale from 0 to 10, where 0 means you strongly dislike that party and 10 means that you strongly like that party. If I come to a party you haven’t heard of or you feel you do not know enough about, just say so. The ﬁrst party is: the Democratic Party","-9. Refused
-8. Don’t know
-7. Insuﬃcient partial, interview deleted
-6. No post interview
-5. Suﬃcient partial, breakoﬀ
-1. Inapplicable","00. Strongly dislike
10. Strongly like
96. Haven’t heard of party
97. Do not know enough about party
98. Refused {VOL}"
V242433,POST: CSES6-Q15B: LIKE-DISLIKE-REPUBLICAN PARTY 518 CODEBOOK: VARIABLES Survey Question(s)CSES6_LDREPPTY,"Using the same scale, where would you place: the Republican Party","-9. Refused
-8. Don’t know
-7. Insuﬃcient partial, interview deleted
-6. No post interview
-5. Suﬃcient partial, breakoﬀ
-1. Inapplicable","00. Strongly dislike
10. Strongly like
98. Refused {VOL}"
V242434,POST: CSES6-Q16A: LIKE-DISLIKE-DEMOCRATIC PRESIDENTIAL CANDIDATE Survey Question(s)CSES6_LDDPC,"Using the same scale, where would you place: Kamala Harris","-9. Refused
-8. Don’t know
-7. Insuﬃcient partial, interview deleted
-6. No post interview
-5. Suﬃcient partial, breakoﬀ
-1. Inapplicable","00. Strongly dislike
10. Strongly like
97. Do not know enough about candidate
98. Refused {VOL}"
V242435,POST: CSES6-Q16B: LIKE-DISLIKE-REPUBLICAN PRESIDENTIAL CANDIDATE POST-ELECTION SURVEY VARIABLES 519 Survey Question(s)CSES6_LDRPC,"Using the same scale, where would you place: Donald Trump","-9. Refused
-8. Don’t know
-7. Insuﬃcient partial, interview deleted
-6. No post interview
-5. Suﬃcient partial, breakoﬀ
-1. Inapplicable","00. Strongly dislike
10. Strongly like
98. Refused {VOL}"
V242436,POST: CSES6-Q17A: LEFT-RIGHT-DEMOCRATIC PARTY Survey Question(s)CSES6_LRDPC,In politics people sometimes talk of left and right. Where would you place the Democratic Party on a scale from 0 to 10 where 0 means the left and 10 means the right?,"-9. Refused
-8. Don’t know
-7. Insuﬃcient partial, interview deleted
-6. No post interview
-5. Suﬃcient partial, breakoﬀ
-1. Inapplicable","0. Left
10. Right
95. Haven’t heard of left-right
96. Do not know enough about party
97. Refused
98. Don’t know where to place"
V242437,POST: CSES6-Q17B: LEFT-RIGHT-REPUBLICAN PARTY Survey Question(s)CSES6_LRRPC 520 CODEBOOK: VARIABLES,"Using the same scale, where would you place the Republican Party?","-9. Refused
-8. Don’t know
-7. Insuﬃcient partial, interview deleted
-6. No post interview
-5. Suﬃcient partial, breakoﬀ
-1. Inapplicable","0. Left
10. Right
95. Haven’t heard of left-right
96. Do not know enough about party
97. Refused
98. Don’t know where to place"
V242438,POST: CSES6-Q18: LEFT-RIGHT-SELF Survey Question(s)CSES6_LRSELF,Where would you place yourself on this scale?,"-9. Refused
-8. Don’t know
-7. Insuﬃcient partial, interview deleted
-6. No post interview
-5. Suﬃcient partial, breakoﬀ
-1. Inapplicable","0. Left
10. Right"
V242439,POST: CSES6-Q21: SATISFACTION WITH DEMOCRATIC PROCESS Survey Question(s)CSES6_DEMSATIS Response OrderForward/Reverse order,"On the whole, are you [very satisﬁed, fairly satisﬁed, not very satisﬁed, or not at all satisﬁed / not at all satisﬁed, not very satisﬁed, fairly satisﬁed, or very satisﬁed] with the way democracy works in the United States?","-9. Refused
-8. Don’t know
-7. Insuﬃcient partial, interview deleted
-6. No post interview
-5. Suﬃcient partial, breakoﬀ
-1. Inapplicable","1. Very satisﬁed
2. Fairly satisﬁed
4. Not very satisﬁed
5. Not at all satisﬁed"
V242440,POST: CSES6-Q22A: IS R CLOSE TO ANY POLITICAL PARTY Survey Question(s)CSES6_PTYCLOSE,Do you usually think of yourself as close to any particular party? POST-ELECTION SURVEY VARIABLES 521,"-9. Refused
-8. Don’t know
-7. Insuﬃcient partial, interview deleted
-6. No post interview
-5. Suﬃcient partial, breakoﬀ
-1. Inapplicable","1. Yes
5. No"
V242441,POST: CSES6-Q23B: ARE YOU A LITTLE CLOSER TO ONE POLITICAL PARTY Survey Question(s)CSES6_PTYLIT Universe IF R DOES NOT FEEL CLOSE TO ANY PARTICULAR PARTY:,Do you feel yourself a little closer to one of the political parties than the others?,"-9. Refused
-7. Insuﬃcient partial, interview deleted
-6. No post interview
-5. Suﬃcient partial, breakoﬀ
-1. Inapplicable","1. Yes
5. No"
V242442,POST: CSES6-Q22C: WHICH PARTY DOES R FEEL CLOSEST TO Survey Question(s)CSES6_WHPTY Universe IF R FEELS CLOSE TO ANY PARTICULAR PARTY: 522 CODEBOOK: VARIABLES,Which party do you feel closest to?,"-9. Refused
-7. Insuﬃcient partial, interview deleted
-6. No post interview
-5. Suﬃcient partial, breakoﬀ
-1. Inapplicable","1. Democratic
3. Republican
7. Other {SPECIFY}"
V242443,POST: CSES6-Q22D: DEGREE OF CLOSENESS TO THIS PARTY Survey Question(s)CSES6_HOWCLOSE Universe IF R HAS NAMED A PARTY TO WHICH HE/SHE FEELS CLOSEST: Response OrderForward/Reverse order,"Do you feel [very close to this party, somewhat close, or not very close/ not very close to this party, somewhat close, or very close]?","-9. Refused
-7. Insuﬃcient partial, interview deleted
-6. No post interview
-5. Suﬃcient partial, breakoﬀ
-1. Inapplicable","1. Very close
2. Somewhat close
3. Not very close"
V242444,POST: CSES6_Q24: RIGHT PERCENT WOMEN IN CONGRESS Survey Question(s)CSES6_PWOMEN,"The current percentage of women in congress after the most recent election is [PERCENTAGE] percent. Thinking about this percentage, would you say that it is too high, too low, or about right?”","-9. Refused
-8. Don’t know
-7. Insuﬃcient partial, interview deleted
-6. No post interview
-5. Suﬃcient partial, breakoﬀ
-1. Inapplicable","1. Too high
2. Too low
3. About right"
V242445,"POST: CSES6_Q25A: GENDER BETTER SUITED LEAD PANDEMIC Survey Question(s)CSES6_GENDPUBHLT Randomization Randomize order of items GENDPUBHLT, GENDECON","Who is better suited to lead the country during a public health crisis: always male political leaders, usually male political leaders, usually female political leaders, always female political leaders, or both equally? POST-ELECTION SURVEY VARIABLES 523","-9. Refused
-8. Don’t know
-7. Insuﬃcient partial, interview deleted
-6. No post interview
-5. Suﬃcient partial, breakoﬀ
-1. Inapplicable","1. Always male political leaders
2. Usually male political leaders
3. Usually female political leaders
4. Always female political leaders
5. Both equally"
V242446,"POST: CSES6_Q25B: GENDER BETTER SUITED LEAD ECON CRISIS Survey Question(s)CSES6_GENDECON Randomization Randomize order of items GENDPUBHLT, GENDECON","Who is better suited to lead the country during an economic crisis: always male political leaders, usually male political leaders, usually female political leaders, always female political leaders, or both equally?","-9. Refused
-8. Don’t know
-7. Insuﬃcient partial, interview deleted
-6. No post interview
-5. Suﬃcient partial, breakoﬀ
-1. Inapplicable","1. Always male political leaders
2. Usually male political leaders
3. Usually female political leaders
4. Always female political leaders
5. Both equally"
V242447,POST: CSES6_Q26A: TREATMENT OF GROUPS Survey Question(s)CSES6_GRPTREAT Response OrderForward/Reverse order,"How fairly or not do you think that all groups in society are treated in the United States: [very fairly, quite fairly, not very fairly, or not at all fairly / not at all fairly, not very fairly, quite fairly, or very fairly]? 524 CODEBOOK: VARIABLES","-9. Refused
-8. Don’t know
-7. Insuﬃcient partial, interview deleted
-6. No post interview
-5. Suﬃcient partial, breakoﬀ
-1. Inapplicable","1. Very fairly
2. Quite fairly
3. Not very fairly
4. Not at all fairly"
V242448,POST: CSES6_Q26B: HEALTH CARE Survey Question(s)CSES6_HEALTH Response OrderForward/Reverse order,"How well do you think that our political system guarantees adequate healthcare for all citizens: [very well, quite well, not very well, or not well at all / not well at all, not very well, quite well or very well]?","-9. Refused
-8. Don’t know
-7. Insuﬃcient partial, interview deleted
-6. No post interview
-5. Suﬃcient partial, breakoﬀ
-1. Inapplicable","1. Very well
2. Quite well
3. Not very well
4. Not well at all"
V242449,POST: CSES6_Q27A: COVID AFFECT ON UNITED SOCIETY Survey Question(s)CSES6_COVIDUNITED Response OrderForward/Reverse order,"How did the coronavirus pandemic aﬀect how united society is in the United States: [very positively, fairly positively, not at all, fairly negatively or very negatively / very negatively, fairly negatively, not at all, fairly positively, or very positively]? POST-ELECTION SURVEY VARIABLES 525","-9. Refused
-8. Don’t know
-7. Insuﬃcient partial, interview deleted
-6. No post interview
-5. Suﬃcient partial, breakoﬀ
-1. Inapplicable","1. Very positively
2. Fairly positively
3. Not at all
4. Fairly negatively
5. Very negatively"
V242450,POST: CSES6_Q27B: COVID AFFECT ON DEMOCRACY Survey Question(s)CSES6_COVIDDEM Response OrderForward/Reverse order,"How did the coronavirus pandemic aﬀect the functioning of democracy here in the United States: [very positively, fairly positively, not at all, fairly negatively or very negatively / very negatively, fairly negatively, not at all, fairly positively, or very positively]?","-9. Refused
-8. Don’t know
-7. Insuﬃcient partial, interview deleted
-6. No post interview
-5. Suﬃcient partial, breakoﬀ
-1. Inapplicable","1. Very positively
2. Fairly positively
3. Not at all
4. Fairly negatively
5. Very negatively"
V242451,POST: CSES6_Q27C: COVID AFFECT ON PERSONAL ECONOMICS Survey Question(s)CSES6_COVIDECON Response OrderForward/Reverse order,"How has the coronavirus pandemic aﬀected your personal economic situation: [very positively, fairly positively, not at all, fairly negatively or very negatively / very negatively, fairly negatively, not at all, fairly positively, or very positively]? 526 CODEBOOK: VARIABLES","-9. Refused
-8. Don’t know
-7. Insuﬃcient partial, interview deleted
-6. No post interview
-5. Suﬃcient partial, breakoﬀ
-1. Inapplicable","1. Very positively
2. Fairly positively
3. Not at all
4. Fairly negatively
5. Very negatively"
V242452,POST: CSES6_Q27D: COVID INFECTION Survey Question(s)CSES6_COVIDINFECT,"To the best of your knowledge, have you or anyone living with you been infected with the coronavirus?","-9. Refused
-8. Don’t know
-7. Insuﬃcient partial, interview deleted
-6. No post interview
-5. Suﬃcient partial, breakoﬀ
-1. Inapplicable","1. Yes
2. No"
V242453,POST: CSES6- Q05C: OUT-GROUP ATTITUDES: IMMIGRANTS INCREASE CRIME Survey Question(s)CSES6_IMMCRIME Response OrderForward/Reverse order,"(Do you [agree strongly, agree somewhat, neither agree nor disagree, disagree somewhat, or disagree strongly /disagree strongly, disagree somewhat, neither agree nor disagree, agree somewhat, or agree strongly] with the following statement? ) ‘Immigrants increase crime rates in the United States.’ POST-ELECTION SURVEY VARIABLES 527","-9. Refused
-8. Don’t know
-7. Insuﬃcient partial, interview deleted
-6. No post interview
-5. Suﬃcient partial, breakoﬀ
-1. Inapplicable","1. Agree strongly
2. Agree somewhat
3. Neither agree nor disagree
4. Disagree somewhat
5. Disagree strongly"
V242454,"POST: CSES6- Q06A: NATIONAL IDENTITY: TO HAVE BEEN BORN IN COUNTRY Survey Question(s) CSES6_AMERBORN, PAPI POST Q103 Note: The following speciﬁcations were implemented exclusively in the computerized survey instrument and are not applicable to the paper questionnaire. Response OrderForward/Reverse order 528 CODEBOOK: VARIABLES","Some people say that the following things are important for being truly American. Others says they are not important. How important do you think the following is for being truly American… [very important, fairly important, not very important, or not important at all / not important at all, not very important, fairly important, or very important]? To have been born in the United States.","-9. Refused
-8. Don’t know
-7. Insuﬃcient partial, interview deleted
-6. No post interview
-5. Suﬃcient partial, breakoﬀ
-4. Error
-1. Inapplicable","1. Very important
2. Fairly important
3. Not very important
4. Not important at all"
V242455,"POST: CSES6- Q06C: NATIONAL IDENTITY: TO BE ABLE TO SPEAK ENGLISH Survey Question(s) CSES6_AMERENG, PAPI POST Q104 Note: The following speciﬁcations were implemented exclusively in the computerized survey instrument and are not applicable to the paper questionnaire. Response OrderForward/Reverse order","(How important do you think the following is for being truly American: [very important, fairly important, not very important, or not important at all / not important at all, not very important, fairly important, or very important]?) To be able to speak English.","-9. Refused
-8. Don’t know
-7. Insuﬃcient partial, interview deleted
-6. No post interview
-5. Suﬃcient partial, breakoﬀ
-4. Error
-1. Inapplicable","1. Very important
2. Fairly important
3. Not very important
4. Not important at all"
V242456,"POST: CSES6- Q07: HOW WIDESPREAD IS CORRUPTION POST-ELECTION SURVEY VARIABLES 529 Survey Question(s) CSES6_POLCORRUPT, PAPI POST Q105 Note: The following speciﬁcations were implemented exclusively in the computerized survey instrument and are not applicable to the paper questionnaire. Response OrderForward/Reverse order","How widespread do you think corruption such as bribe taking is among politicians in the United States: [Very widespread, quite widespread, not very widespread, or it hardly happens at all / It hardly happens at all, is not very widespread, quite widespread, or very widespread]?","-9. Refused
-8. Don’t know
-7. Insuﬃcient partial, interview deleted
-6. No post interview
-5. Suﬃcient partial, breakoﬀ
-1. Inapplicable","1. Very widespread
2. Quite widespread
3. Not very widespread
4. Hardly happens at all"
V242457,POST: PAPER: DOES R FAVOR OR OPPOSE BANNING TRANSGENDER GIRLS FROM SPORTS Survey Question(s)PAPI POST Q92 Variable Note Only PAPI respondents were asked this question in the post-election survey. All other modes received this question in the pre-election survey.,"Several states have considered laws that would ban transgender girls from participating in K-12 girls’ sports. How much do you favor, oppose, or neither favor nor oppose such a law?","-7. Insuﬃcient partial, interview deleted
-6. No post interview
-5. Suﬃcient partial, breakoﬀ
-1. Inapplicable","1. Favor a great deal
2. Favor a moderate amount
3. Favor a little
4. Neither favor nor oppose
5. Oppose a little
6. Oppose a moderate amount
7. Oppose a great deal"
V242458x,"PRE-POST: SUMMARY: DOES R FAVOR/OPPOSE BANNING TRANSGENDER GIRLS FROM SPORTS 530 CODEBOOK: VARIABLES Survey Question(s)TRANSPOLICY_TRANSPRT, TRANSPOLICY_TRANSPRTSTR, PAPI POST Q92",,"-7. Insuﬃcient partial, interview deleted
-6. No post interview
-5. Suﬃcient partial, breakoﬀ
-2. DK/RF in V241373 or V241374","1. Favor a great deal
2. Favor a moderate amount
3. Favor a little
4. Neither favor nor oppose
5. Oppose a little
6. Oppose a moderate amount
7. Oppose a great deal"
V242459,POST: PAPER: HOW MANY GUNS DOES R OWN Survey Question(s)PAPI POST Q96 Variable Note Only PAPI respondents were asked this question in the post-election survey. All other modes received this question in the pre-election survey.,"How many guns do you or anyone else living here own? Write the number. If none, write 0.","-9. Refused
-7. Insuﬃcient partial, interview deleted
-6. No post interview
-5. Suﬃcient partial, breakoﬀ
-1. Inapplicable",
V242460x,"PRE-POST: SUMMARY: HOW MANY GUNS DOES R OWN Survey Question(s)OWNGUN_GUNNUM, PAPI POST Q96",,"-9. Refused
-2. Missing, pre-election breakoﬀ or post-election no interview",
V242461,POST: PAPER: R’S PRESENT RELIGION Survey Question(s)PAPI POST Q100 Variable Note PAPI respondents received a slightly altered version of the religion question in the post-election survey that other modes received in the pre-election survey.,"What is your present religion, if any? POST-ELECTION SURVEY VARIABLES 531","-9. Refused
-7. Insuﬃcient partial, interview deleted
-6. No post interview
-5. Suﬃcient partial, breakoﬀ
-4. Error
-1. Inapplicable","1. Protestant
2. Roman Catholic
3. Jewish
4. Muslim
5. Atheist
6. Agnostic
7. Something else
8. Nothing in particular"
V242500a,POST: DOES R HAVE ANY SONS OR DAUGHTERS - ONE OR MORE SONS [MENTION] Survey Question(s)RCHILD_ANYCHILD,On another topic: Do you have any living sons or daughters of any age? Mark all that apply.,"-9. Refused
-7. Insuﬃcient partial, interview deleted
-6. No post interview
-5. Suﬃcient partial, breakoﬀ
-1. Inapplicable","0. Not mentioned
1. Mentioned"
V242500b,POST: DOES R HAVE ANY SONS OR DAUGHTERS - ONE OR MORE DAUGHTERS [MENTION] Survey Question(s)RCHILD_ANYCHILD,On another topic: Do you have any living sons or daughters of any age? Mark all that apply. 532 CODEBOOK: VARIABLES,"-9. Refused
-7. Insuﬃcient partial, interview deleted
-6. No post interview
-5. Suﬃcient partial, breakoﬀ
-1. Inapplicable","0. Not mentioned
1. Mentioned"
V242500c,POST: DOES R HAVE ANY SONS OR DAUGHTERS - NO SONS AND NO DAUGHTERS [MENTION] Survey Question(s)RCHILD_ANYCHILD,On another topic: Do you have any living sons or daughters of any age? Mark all that apply.,"-9. Refused
-7. Insuﬃcient partial, interview deleted
-6. No post interview
-5. Suﬃcient partial, breakoﬀ
-1. Inapplicable","0. Not mentioned
1. Mentioned"
V242501,"POST: HOW MUCH HAVE POLITICAL DIFFERENCES HURT RELATIONSHIPS W/FAMILY Survey Question(s) FAMPOL_DIFFHURT, PAPI POST Q99 Note: The following speciﬁcations were implemented exclusively in the computerized survey instrument and are not applicable to the paper questionnaire. POST-ELECTION SURVEY VARIABLES 533 Response OrderForward/Reverse order","In the past four years, how much have political diﬀerences hurt your relationships with family members?","-9. Refused
-7. Insuﬃcient partial, interview deleted
-6. No post interview
-5. Suﬃcient partial, breakoﬀ
-1. Inapplicable","1. A great deal
2. A lot
3. A moderate amount
4. A little
5. Not at all"
V242502,POST: HOW OFTEN DOES R HAVE CONCERNED FEELINGS FOR OTHER RACIAL/ETHNIC GROUPS Survey Question(s)EMPATHY_CONCERN Response OrderForward/Reverse order,"How often would you say that you have tender, concerned feelings for people from another racial or ethnic group who are less fortunate than you?","-9. Refused
-7. Insuﬃcient partial, interview deleted
-6. No post interview
-5. Suﬃcient partial, breakoﬀ
-1. Inapplicable","1. Extremely often
2. Very often
3. Somewhat often
4. Not too often
5. Not often at all"
V242503,POST: HOW OFTEN DOES R TRY TO UNDERSTAND PERSPECTIVE OF OTHER RACIAL/ETHNIC GROUPS Survey Question(s)EMPATHY_PERSP Response OrderForward/Reverse order 534 CODEBOOK: VARIABLES,How often would you say you try to better understand people of other racial or ethnic groups by imagining how things look from their perspective?,"-9. Refused
-7. Insuﬃcient partial, interview deleted
-6. No post interview
-5. Suﬃcient partial, breakoﬀ
-1. Inapplicable","1. Extremely often
2. Very often
3. Somewhat often
4. Not too often
5. Not often at all"
V242504,POST: HOW OFTEN R IMAGINES HOW THEY WOULD FEEL BEFORE CRITICIZING OTHER GROUPS Survey Question(s)EMPATHY_PLACE Response OrderForward/Reverse order,"Before criticizing somebody from another racial or ethnic group, how often do you try to imagine how you would feel if you were in their place?","-9. Refused
-7. Insuﬃcient partial, interview deleted
-6. No post interview
-5. Suﬃcient partial, breakoﬀ
-1. Inapplicable","1. Extremely often
2. Very often
3. Somewhat often
4. Not too often
5. Not often at all"
V242505,POST: HOW OFTEN R FEELS PROTECTIVE OF SOMEONE DUE TO RACE OR ETHNICITY Survey Question(s)EMPATHY_ADVANT Response OrderForward/Reverse order,"When you see someone being taken advantage of due to their race or ethnicity, how often do you feel protective towards them?","-9. Refused
-7. Insuﬃcient partial, interview deleted
-6. No post interview
-5. Suﬃcient partial, breakoﬀ
-1. Inapplicable","1. Extremely often
2. Very often
3. Somewhat often
4. Not too often
5. Not often at all"
V242506,"POST: DURING PAST 12 MONTHS, R OR ANY FAMILY MEMBERS STOPPED BY POLICE POST-ELECTION SURVEY VARIABLES 535 Survey Question(s)OWNPOLICE_STOPQUES","During the past 12 months, were you or any of your family members stopped or questioned by a police oﬃcer, or did this not happen in the past 12 months?","-9. Refused
-7. Insuﬃcient partial, interview deleted
-6. No post interview
-5. Suﬃcient partial, breakoﬀ
-1. Inapplicable","1. Was stopped or questioned in the past 12 months
2. Was not stopped or questioned in the past 12 months"
V242507,POST: HAS R EVER BEEN ARRESTED Survey Question(s)OWNPOLICE_ARRESTED,"Have you ever been arrested, or has that never happened to you?","-9. Refused
-7. Insuﬃcient partial, interview deleted
-6. No post interview
-5. Suﬃcient partial, breakoﬀ
-1. Inapplicable","1. Have been arrested
2. Never arrested"
V242508,"POST: R HAS FAMILY/NEIGHBORS/COWORKERS/FRIENDS WHO ARE GAY , LESBIAN OR BISEXUAL Survey Question(s)KNOWLGBT_KNOWGAY 536 CODEBOOK: VARIABLES","Among your immediate family members, relatives, neighbors, co- workers, or close friends, are any of them gay, lesbian, or bisexual as far as you know?","-9. Refused
-7. Insuﬃcient partial, interview deleted
-6. No post interview
-5. Suﬃcient partial, breakoﬀ
-1. Inapplicable","1. Yes
2. No"
V242509a,"POST: R’S RELATIONSHIP TO THAT PERSON (OR PEOPLE) - IMMEDIATE FAMILY [MENTION] Survey Question(s)KNOWLGBT_RELGAY Universe IF R HAS GAY FAMILY MEMBER, RELATIVE, NEIGHBOR, CO-WORKER, CLOSE FRIEND:",What is your relationship to that person (or people)? (Mark any that apply),"-7. Insuﬃcient partial, interview deleted
-6. No post interview
-5. Suﬃcient partial, breakoﬀ","0. Not mentioned
1. Mentioned"
V242509b,"POST: R’S RELATIONSHIP TO THAT PERSON (OR PEOPLE) - OTHER RELATIVE [MENTION] Survey Question(s)KNOWLGBT_RELGAY Universe IF R HAS GAY FAMILY MEMBER, RELATIVE, NEIGHBOR, CO-WORKER, CLOSE FRIEND:",What is your relationship to that person (or people)? (Mark any that apply),"-7. Insuﬃcient partial, interview deleted
-6. No post interview
-5. Suﬃcient partial, breakoﬀ","0. Not mentioned
1. Mentioned"
V242509c,"POST: R’S RELATIONSHIP TO THAT PERSON (OR PEOPLE) - NEIGHBOR [MENTION] Survey Question(s)KNOWLGBT_RELGAY POST-ELECTION SURVEY VARIABLES 537 Universe IF R HAS GAY FAMILY MEMBER, RELATIVE, NEIGHBOR, CO-WORKER, CLOSE FRIEND:",What is your relationship to that person (or people)? (Mark any that apply),"-7. Insuﬃcient partial, interview deleted
-6. No post interview
-5. Suﬃcient partial, breakoﬀ","0. Not mentioned
1. Mentioned"
V242509d,"POST: R’S RELATIONSHIP TO THAT PERSON (OR PEOPLE) - CO-WORKER [MENTION] Survey Question(s)KNOWLGBT_RELGAY Universe IF R HAS GAY FAMILY MEMBER, RELATIVE, NEIGHBOR, CO-WORKER, CLOSE FRIEND:",What is your relationship to that person (or people)? (Mark any that apply),"-7. Insuﬃcient partial, interview deleted
-6. No post interview
-5. Suﬃcient partial, breakoﬀ","0. Not mentioned
1. Mentioned"
V242509,"ePOST: R’S RELATIONSHIP TO THAT PERSON (OR PEOPLE) - CLOSE FRIEND [MENTION] Survey Question(s)KNOWLGBT_RELGAY Universe IF R HAS GAY FAMILY MEMBER, RELATIVE, NEIGHBOR, CO-WORKER, CLOSE FRIEND:",What is your relationship to that person (or people)? (Mark any that apply),"-7. Insuﬃcient partial, interview deleted
-6. No post interview
-5. Suﬃcient partial, breakoﬀ","0. Not mentioned
1. Mentioned"
V242509,"fPOST: R’S RELATIONSHIP TO THAT PERSON (OR PEOPLE) - OTHER RELATIONSHIP [MENTION] Survey Question(s)KNOWLGBT_RELGAY Universe IF R HAS GAY FAMILY MEMBER, RELATIVE, NEIGHBOR, CO-WORKER, CLOSE FRIEND:",What is your relationship to that person (or people)? (Mark any that apply) 538 CODEBOOK: VARIABLES,"-7. Insuﬃcient partial, interview deleted
-6. No post interview
-5. Suﬃcient partial, breakoﬀ","0. Not mentioned
1. Mentioned"
V242510,POST: R HAS FAMILY/NEIGHBORS/COWORKERS/FRIENDS WHO ARE TRANSGENDER Survey Question(s)KNOWLGBT_KNOWTRANS,"Among your immediate family members, relatives, neighbors, co- workers, or close friends, are any of them transgender as far as you know?","-9. Refused
-7. Insuﬃcient partial, interview deleted
-6. No post interview
-5. Suﬃcient partial, breakoﬀ
-1. Inapplicable","1. Yes
2. No"
V242511a,"POST: R’S RELATIONSHIP TO THAT PERSON (OR PEOPLE) - IMMEDIATE FAMILY [MENTION] Survey Question(s)KNOWLGBT_RELTRANS Universe IF R HAS TRANSGENDER FAMILY MEMBER, RELATIVE, NEIGHBOR, CO- WORKER, CLOSE FRIEND: POST-ELECTION SURVEY VARIABLES 539",What is your relationship to that person (or people)? (Mark any that apply),"-7. Insuﬃcient partial, interview deleted
-6. No post interview
-5. Suﬃcient partial, breakoﬀ","0. Not mentioned
1. Mentioned"
V242511b,"POST: R’S RELATIONSHIP TO THAT PERSON (OR PEOPLE) - OTHER RELATIVE [MENTION] Survey Question(s)KNOWLGBT_RELTRANS Universe IF R HAS TRANSGENDER FAMILY MEMBER, RELATIVE, NEIGHBOR, CO- WORKER, CLOSE FRIEND:",What is your relationship to that person (or people)? (Mark any that apply),"-7. Insuﬃcient partial, interview deleted
-6. No post interview
-5. Suﬃcient partial, breakoﬀ","0. Not mentioned
1. Mentioned"
V242511c,"POST: R’S RELATIONSHIP TO THAT PERSON (OR PEOPLE) - NEIGHBOR [MENTION] Survey Question(s)KNOWLGBT_RELTRANS Universe IF R HAS TRANSGENDER FAMILY MEMBER, RELATIVE, NEIGHBOR, CO- WORKER, CLOSE FRIEND:",What is your relationship to that person (or people)? (Mark any that apply),"-7. Insuﬃcient partial, interview deleted
-6. No post interview
-5. Suﬃcient partial, breakoﬀ","0. Not mentioned
1. Mentioned"
V242511d,"POST: R’S RELATIONSHIP TO THAT PERSON (OR PEOPLE) - CO-WORKER [MENTION] Survey Question(s)KNOWLGBT_RELTRANS 540 CODEBOOK: VARIABLES Universe IF R HAS TRANSGENDER FAMILY MEMBER, RELATIVE, NEIGHBOR, CO- WORKER, CLOSE FRIEND:",What is your relationship to that person (or people)? (Mark any that apply),"-7. Insuﬃcient partial, interview deleted
-6. No post interview
-5. Suﬃcient partial, breakoﬀ","0. Not mentioned
1. Mentioned"
V242511,"ePOST: R’S RELATIONSHIP TO THAT PERSON (OR PEOPLE) - CLOSE FRIEND [MENTION] Survey Question(s)KNOWLGBT_RELTRANS Universe IF R HAS TRANSGENDER FAMILY MEMBER, RELATIVE, NEIGHBOR, CO- WORKER, CLOSE FRIEND:",What is your relationship to that person (or people)? (Mark any that apply),"-7. Insuﬃcient partial, interview deleted
-6. No post interview
-5. Suﬃcient partial, breakoﬀ","0. Not mentioned
1. Mentioned"
V242511,"fPOST: R’S RELATIONSHIP TO THAT PERSON (OR PEOPLE) - OTHER RELATIONSHIP [MENTION] Survey Question(s)KNOWLGBT_RELTRANS Universe IF R HAS TRANSGENDER FAMILY MEMBER, RELATIVE, NEIGHBOR, CO- WORKER, CLOSE FRIEND:",What is your relationship to that person (or people)? (Mark any that apply),"-7. Insuﬃcient partial, interview deleted
-6. No post interview
-5. Suﬃcient partial, breakoﬀ","0. Not mentioned
1. Mentioned"
V242512,POST: DOES R CONSIDER THEMSELF A FEMINIST OR ANTI-FEMINIST Survey Question(s)FEMINISM_RFEMREV,"Do you consider yourself a feminist, an anti-feminist, or neither of these? POST-ELECTION SURVEY VARIABLES 541","-9. Refused
-7. Insuﬃcient partial, interview deleted
-6. No post interview
-5. Suﬃcient partial, breakoﬀ
-1. Inapplicable","1. Feminist
2. Anti-feminist
3. Neither"
V242513,POST: HOW IMPORTANT IS BEING A FEMINIST Survey Question(s)FEMINISM_IMPFEM Universe IF R CONSIDERS THEMSELF A FEMINIST: Response OrderForward/Reverse order,How important is it to you to be a feminist?,"-7. Insuﬃcient partial, interview deleted
-6. No post interview
-5. Suﬃcient partial, breakoﬀ
-1. Inapplicable","1. Extremely important
2. Very important
3. Somewhat important
4. A little important
5. Not at all important"
V242514,"POST: FEELING THERMOMETER: ASIAN- AMERICANS 542 CODEBOOK: VARIABLES Survey Question(s) THCASI_THGRASIAN, PAPI POST Q45 Note: The following speciﬁcations were implemented exclusively in the computerized survey instrument and are not applicable to the paper questionnaire. Universe IF FIRST CASI THERMOMETER RATING / IF NOT FIRST CASI THERMOMETER RATING: Randomization Order of CASI group thermometers","[Using the same thermometer scale which you used earlier in the interview, how would you rate: Asian-Americans Please enter the rating number in the number box. Ratings between 50 degrees and 100 degrees mean that you feel favorable and warm toward the group. Ratings between 0 degrees and 50 degrees mean that you don’t feel favorable toward the group and that you don’t care too much for that group. You would rate the group at the 50 degree mark if you don’t feel particularly warm or cold toward the group. / How would you rate: Asian-Americans] TYPE THE NUMBER.","-9. Refused
-7. Insuﬃcient partial, interview deleted
-6. No post interview
-5. Suﬃcient partial, breakoﬀ
-1. Inapplicable",
V242515,"POST: FEELING THERMOMETER: HISPANICS POST-ELECTION SURVEY VARIABLES 543 Survey Question(s) THCASI_THGRHISP , PAPI POST Q46 Note: The following speciﬁcations were implemented exclusively in the computerized survey instrument and are not applicable to the paper questionnaire. Universe IF FIRST CASI THERMOMETER RATING / IF NOT FIRST CASI THERMOMETER RATING: Randomization Order of CASI group thermometers","[Using the same thermometer scale which you used earlier in the interview, how would you rate: Hispanics Please enter the rating number in the number box. Ratings between 50 degrees and 100 degrees mean that you feel favorable and warm toward the group. Ratings between 0 degrees and 50 degrees mean that you don’t feel favorable toward the group and that you don’t care too much for that group. You would rate the group at the 50 degree mark if you don’t feel particularly warm or cold toward the group. / How would you rate: Hispanics] TYPE THE NUMBER.","-9. Refused
-7. Insuﬃcient partial, interview deleted
-6. No post interview
-5. Suﬃcient partial, breakoﬀ
-1. Inapplicable",
V242516,"POST: FEELING THERMOMETER: BLACKS 544 CODEBOOK: VARIABLES Survey Question(s) THCASI_THGRBLACK, PAPI POST Q44 Note: The following speciﬁcations were implemented exclusively in the computerized survey instrument and are not applicable to the paper questionnaire. Universe IF FIRST CASI THERMOMETER RATING / IF NOT FIRST CASI THERMOMETER RATING: Randomization Order of CASI group thermometers","[Using the same thermometer scale which you used earlier in the interview, how would you rate: blacks Please enter the rating number in the number box. Ratings between 50 degrees and 100 degrees mean that you feel favorable and warm toward the group. Ratings between 0 degrees and 50 degrees mean that you don’t feel favorable toward the group and that you don’t care too much for that group. You would rate the group at the 50 degree mark if you don’t feel particularly warm or cold toward the group. / How would you rate: blacks] TYPE THE NUMBER.","-9. Refused
-7. Insuﬃcient partial, interview deleted
-6. No post interview
-5. Suﬃcient partial, breakoﬀ
-4. Error
-1. Inapplicable",
V242517,"POST: FEELING THERMOMETER: ILLEGAL IMMIGRANTS POST-ELECTION SURVEY VARIABLES 545 Survey Question(s) THCASI_THGRILLEG, PAPI POST Q53 Note: The following speciﬁcations were implemented exclusively in the computerized survey instrument and are not applicable to the paper questionnaire. Universe IF FIRST CASI THERMOMETER RATING / IF NOT FIRST CASI THERMOMETER RATING: Randomization Order of CASI group thermometers","[Using the same thermometer scale which you used earlier in the interview, how would you rate: illegal immigrants Please enter the rating number in the number box. Ratings between 50 degrees and 100 degrees mean that you feel favorable and warm toward the group. Ratings between 0 degrees and 50 degrees mean that you don’t feel favorable toward the group and that you don’t care too much for that group. You would rate the group at the 50 degree mark if you don’t feel particularly warm or cold toward the group. / How would you rate: illegal immigrants] TYPE THE NUMBER.","-9. Refused
-7. Insuﬃcient partial, interview deleted
-6. No post interview
-5. Suﬃcient partial, breakoﬀ
-1. Inapplicable",
V242518,"POST: FEELING THERMOMETER: WHITES 546 CODEBOOK: VARIABLES Survey Question(s) THCASI_THGRWHITE, PAPI POST Q43 Note: The following speciﬁcations were implemented exclusively in the computerized survey instrument and are not applicable to the paper questionnaire. Universe IF FIRST CASI THERMOMETER RATING / IF NOT FIRST CASI THERMOMETER RATING: Randomization Order of CASI group thermometers","[Using the same thermometer scale which you used earlier in the interview, how would you rate: whites Please enter the rating number in the number box. Ratings between 50 degrees and 100 degrees mean that you feel favorable and warm toward the group. Ratings between 0 degrees and 50 degrees mean that you don’t feel favorable toward the group and that you don’t care too much for that group. You would rate the group at the 50 degree mark if you don’t feel particularly warm or cold toward the group. / How would you rate: whites] TYPE THE NUMBER.","-9. Refused
-7. Insuﬃcient partial, interview deleted
-6. No post interview
-5. Suﬃcient partial, breakoﬀ
-1. Inapplicable",
V242519,POST: HOW LIKELY WHITES UNABLE TO FIND JOBS BECAUSE EMPLOYERS HIRING MINORITIES Survey Question(s)GRPCONSC_WHITEJOB POST-ELECTION SURVEY VARIABLES 547 Response OrderForward/Reverse order,How likely is it that many whites are unable to ﬁnd a job because employers are hiring minorities instead?,"-9. Refused
-7. Insuﬃcient partial, interview deleted
-6. No post interview
-5. Suﬃcient partial, breakoﬀ
-1. Inapplicable","1. Extremely likely
2. Very likely
3. Moderately likely
4. Slightly likely
5. Not at all likely"
V242520,POST: DOES FEDERAL GOVERNMENT TREAT BLACKS OR WHITES BETTER Survey Question(s)TREATBLACK_DISCFED Response OrderForward/Reverse order,"In general, does the federal government [treat whites better than blacks, treat them both same, or treat blacks better than whites / treat blacks better than whites, treat them both the same, or treat whites better than blacks]?","-9. Refused
-7. Insuﬃcient partial, interview deleted
-6. No post interview
-5. Suﬃcient partial, breakoﬀ
-1. Inapplicable","1. Treat whites better
2. Treat both the same
3. Treat blacks better"
V242521,POST: HOW MUCH BETTER DOES FEDERAL GOVERNMENT TREAT BLACKS OR WHITES Survey Question(s)TREATBLACK_DISCFEDAMT Universe IF R SAYS FEDERAL GOVT TREATS WHITES BETTER THAN BLACKS / IF R SAYS FEDERAL GOVT TREATS BLACKS BETTER THAN WHITES: Response OrderForward/Reverse order 548 CODEBOOK: VARIABLES,"Does the federal government treat whites [much better, moderately better, or a little better / a little better, moderately better, or much better]? / Does the federal government treat blacks [much better, moderately better, or a little better / a little better, moderately better, or much better]?","-9. Refused
-7. Insuﬃcient partial, interview deleted
-6. No post interview
-5. Suﬃcient partial, breakoﬀ
-1. Inapplicable","1. Much
2. Moderately
3. A little"
V242522x,"POST: SUMMARY: FEDERAL GOVERNMENT TREATS BLACKS OR WHITES BETTER Survey Question(s)TREATBLACK_DISCFED, TREATBLACK_DISCFEDAMT",,"-7. Insuﬃcient partial, interview deleted
-6. No post interview
-5. Suﬃcient partial, breakoﬀ
-2. DK/RF in V242520 or V242521
-1. Inapplicable","1. Treat whites much better
2. Treat whites moderately better
3. Treats whites a little better
4. Treats both the same
5. Treat blacks a little better
6. Treat blacks moderately better
7. Treat blacks much better"
V242523,POST: DO POLICE TREAT BLACKS OR WHITES BETTER Survey Question(s)TREATBLACK_DISCPOLICE Response OrderForward/Reverse order,"In general, do the police [treat whites better than blacks, treat them both same, or treat blacks better than whites / treat blacks better than whites, treat them both the same, or treat whites better than blacks]?","-9. Refused
-7. Insuﬃcient partial, interview deleted
-6. No post interview
-5. Suﬃcient partial, breakoﬀ
-1. Inapplicable","1. Treat whites better
2. Treat both the same
3. Treat blacks better"
V242524,POST: HOW MUCH BETTER DO POLICE TREAT BLACKS OR WHITES POST-ELECTION SURVEY VARIABLES 549 Survey Question(s)TREATBLACK_DISCPOLICEAMT Universe IF R SAYS POLICE TREAT WHITES BETTER THAN BLACKS / IF R SAYS POLICE TREAT BLACKS BETTER THAN WHITES: Response OrderForward/Reverse order,"Do the police treat whites [much better, moderately better, or a little better / a little better, moderately better, or much better]? / Do the police treat blacks [much better, moderately better, or a little better / a little better, moderately better, or much better]?","-9. Refused
-7. Insuﬃcient partial, interview deleted
-6. No post interview
-5. Suﬃcient partial, breakoﬀ
-1. Inapplicable","1. Much
2. Moderately
3. A little"
V242525x,"POST: SUMMARY: POLICE TREAT BLACKS OR WHITES BETTER Survey Question(s)TREATBLACK_DISCPOLICE, TREATBLACK_DISCPOLICEAMT",,"-7. Insuﬃcient partial, interview deleted
-6. No post interview
-5. Suﬃcient partial, breakoﬀ
-2. DK/RF in V242523 or V242524
-1. Inapplicable","1. Treat whites much better
2. Treat whites moderately better
3. Treats whites a little better
4. Treats both the same
5. Treat blacks a little better
6. Treat blacks moderately better
7. Treat blacks much better"
V242526,POST: HOW MUCH INFLUENCE DO WHITES HAVE IN US POLITICS 550 CODEBOOK: VARIABLES Survey Question(s)RACEGENPO_INFLWHITE Response OrderForward/Reverse order,"Would you say that whites have [too much inﬂuence in American politics, just about the right amount of inﬂuence in American politics, or too little inﬂuence in American politics / too little inﬂuence in American politics, just about the right amount of inﬂuence in American politics, or too much inﬂuence in American politics]?","-9. Refused
-7. Insuﬃcient partial, interview deleted
-6. No post interview
-5. Suﬃcient partial, breakoﬀ
-1. Inapplicable","1. Too much inﬂuence
2. Just about the right amount of inﬂuence
3. Too little inﬂuence"
V242527,POST: HOW MUCH INFLUENCE DO BLACKS HAVE IN US POLITICS Survey Question(s)RACEGENPO_INFLBLACKS Response OrderForward/Reverse order,"Would you say that blacks have [too much inﬂuence in American politics, just about the right amount of inﬂuence in American politics, or too little inﬂuence in American politics / too little inﬂuence in American politics, just about the right amount of inﬂuence in American politics, or too much inﬂuence in American politics]?","-9. Refused
-7. Insuﬃcient partial, interview deleted
-6. No post interview
-5. Suﬃcient partial, breakoﬀ
-1. Inapplicable","1. Too much inﬂuence
2. Just about the right amount of inﬂuence
3. Too little inﬂuence"
V242528,POST: HOW MUCH INFLUENCE DO HISPANICS HAVE IN US POLITICS POST-ELECTION SURVEY VARIABLES 551 Survey Question(s)RACEGENPO_INFLHISP Response OrderForward/Reverse order,"Would you say that Hispanics have [too much inﬂuence in American politics, just about the right amount of inﬂuence in American politics, or too little inﬂuence in American politics / too little inﬂuence in American politics, just about the right amount of inﬂuence in American politics, or too much inﬂuence in American politics]?","-9. Refused
-7. Insuﬃcient partial, interview deleted
-6. No post interview
-5. Suﬃcient partial, breakoﬀ
-1. Inapplicable","1. Too much inﬂuence
2. Just about the right amount of inﬂuence
3. Too little inﬂuence"
V242529,POST: HOW MUCH INFLUENCE DO ASIANS HAVE IN US POLITICS Survey Question(s)RACEGENPO_INFLAS Response OrderForward/Reverse order,"Would you say that Asians [too much inﬂuence in American politics, just about the right amount of inﬂuence in American politics, or too little inﬂuence in American politics / too little inﬂuence in American politics, just about the right amount of inﬂuence in American politics, or too much inﬂuence in American politics]?","-9. Refused
-7. Insuﬃcient partial, interview deleted
-6. No post interview
-5. Suﬃcient partial, breakoﬀ
-1. Inapplicable","1. Too much inﬂuence
2. Just about the right amount of inﬂuence
3. Too little inﬂuence"
V242530,RESTRICTED: POST: HOW IMPORTANT IS BEING HISPANIC TO R’S IDENTITY 552 CODEBOOK: VARIABLES Survey Question(s)IDENT_HISPID Universe IF R IDENTIFIED AS HISPANIC IN THE PRE: Response OrderForward/Reverse order,How important is being Hispanic to your identity?,-3. RESTRICTED,
V242531,RESTRICTED: POST: HOW IMPORTANT IS BEING WHITE TO R’S IDENTITY Survey Question(s)IDENT_WHITEID Universe IF R MENTIONS WHITE IN PRE RACE SELF-IDENTIFICATION: Response OrderForward/Reverse order,How important is being white to your identity?,-3. RESTRICTED,
V242532,RESTRICTED: POST: HOW IMPORTANT IS BEING BLACK TO R’S IDENTITY Survey Question(s)IDENT_BLACKID Universe IF R MENTIONS BLACK IN PRE RACE SELF-IDENTIFICATION: Response OrderForward/Reverse order,How important is being black or African-American to your identity?,-3. RESTRICTED,
V242533,RESTRICTED: POST: HOW IMPORTANT IS BEING NATIVE AMERICAN TO R’S IDENTITY Survey Question(s)IDENT_NATIVEID Universe IF R MENTIONS NATIVE AMERICAN IN PRE RACE SELF-IDENTIFICATION: Response OrderForward/Reverse order POST-ELECTION SURVEY VARIABLES 553,How important is being American Indian or Alaska Native to your identity?,-3. RESTRICTED,
V242534,RESTRICTED: POST: HOW IMPORTANT IS BEING ASIAN TO R’S IDENTITY Survey Question(s)IDENT_ASIANID Universe IF R MENTIONS ASIAN IN PRE RACE SELF-IDENTIFICATION: Response OrderForward/Reverse order,How important is being Asian to your identity?,-3. RESTRICTED,
V242535,RESTRICTED: POST: HOW IMPORTANT IS BEING PACIFIC ISLANDER TO R’S IDENTITY Survey Question(s)IDENT_PACIFID Universe IF R MENTIONS NATIVE HAWAIIAN OR OTHER PACIFIC ISLANDER IN PRE RACE SELF- IDENTIFICATION: Response OrderForward/Reverse order,How important is being Native Hawaiian or other Paciﬁc Islander to your identity?,-3. RESTRICTED,
V242536,POST: HOW IMPORTANT IS BEING AMERICAN TO R’S IDENTITY Survey Question(s)IDENT_AMERID Response OrderForward/Reverse order 554 CODEBOOK: VARIABLES,How important is being American to your identity?,"-9. Refused
-7. Insuﬃcient partial, interview deleted
-6. No post interview
-5. Suﬃcient partial, breakoﬀ
-1. Inapplicable","1. Extremely important
2. Very important
3. Moderately important
4. A little important
5. Not at all important"
V242537,POST: WHITE R: WHAT HAPPENS TO WHITE PEOPLE WILL AFFECT R’S LIFE Survey Question(s)LINK_AFFWHITES Universe IF R IS IDENTIFIED AS WHITE IN PRE-ELECTION INTERVIEW: Response OrderForward/Reverse order,"How much do you think that what happens generally to white people in this country will aﬀect what happens in your life? [A lot, some, not very much, or not at all / Not at all, not very much, some, or a lot]?","-9. Refused
-7. Insuﬃcient partial, interview deleted
-6. No post interview
-5. Suﬃcient partial, breakoﬀ
-1. Inapplicable","1. A lot
2. Some
3. Not very much
4. Not at all"
V242538,POST: HISPANIC R: WHAT HAPPENS TO HISPANIC PEOPLE WILL AFFECT R’S LIFE Survey Question(s)LINK_AFFHISP Universe IF R IS IDENTIFIED AS HISPANIC IN PRE-ELECTION INTERVIEW: Response OrderForward/Reverse order POST-ELECTION SURVEY VARIABLES 555,"How much do you think that what happens generally to Hispanic people in this country will aﬀect what happens in your life? [A lot, some, not very much, or not at all / Not at all, not very much, some, or a lot]?","-9. Refused
-7. Insuﬃcient partial, interview deleted
-6. No post interview
-5. Suﬃcient partial, breakoﬀ
-1. Inapplicable","1. A lot
2. Some
3. Not very much
4. Not at all"
V242539,POST: BLACK R: WHAT HAPPENS TO BLACK PEOPLE WILL AFFECT R’S LIFE Survey Question(s)LINK_AFFBLACKS Universe IF R IS IDENTIFIED AS BLACK OR AFRICAN-AMERICAN IN PRE-ELECTION INTERVIEW: Response OrderForward/Reverse order,"How much do you think that what happens generally to black people in this country will aﬀect what happens in your life? [A lot, some, not very much, or not at all / Not at all, not very much, some, or a lot]?","-9. Refused
-7. Insuﬃcient partial, interview deleted
-6. No post interview
-5. Suﬃcient partial, breakoﬀ
-1. Inapplicable","1. A lot
2. Some
3. Not very much
4. Not at all"
V242540,POST: ASIAN R: WHAT HAPPENS TO ASIAN PEOPLE WILL AFFECT R’S LIFE Survey Question(s)LINK_AFFASIAN Universe IF R IS IDENTIFIED AS ASIAN IN PRE-ELECTION INTERVIEW: Response OrderForward/Reverse order,"How much do you think that what happens generally to Asian people in this country will aﬀect what happens in your life? [A lot, some, not very much, or not at all / Not at all, not very much, some, or a lot]?","-9. Refused
-7. Insuﬃcient partial, interview deleted
-6. No post interview
-5. Suﬃcient partial, breakoﬀ
-1. Inapplicable","1. A lot
2. Some
3. Not very much
4. Not at all"
V242541,POST: STEREOTYPE: WHITES HARDWORKING 556 CODEBOOK: VARIABLES Survey Question(s)STYPEPO_HWKWHITE,Where would you rate whites in general on this scale?,"-9. Refused
-7. Insuﬃcient partial, interview deleted
-6. No post interview
-5. Suﬃcient partial, breakoﬀ
-1. Inapplicable","1. Hard-working
7. Lazy"
V242542,POST: STEREOTYPE: BLACKS HARDWORKING Survey Question(s)STYPEPO_HWKBLACK Randomization Order of hardworking stereotype groups after Whites,Where would you rate blacks in general on this scale?,"-9. Refused
-7. Insuﬃcient partial, interview deleted
-6. No post interview
-5. Suﬃcient partial, breakoﬀ
-1. Inapplicable","1. Hard-working
7. Lazy"
V242543,POST: STEREOTYPE: HISPANICS HARDWORKING Survey Question(s)STYPEPO_HWKHISPREV Randomization Order of hardworking stereotype groups after Whites POST-ELECTION SURVEY VARIABLES 557,Where would you rate Hispanics in general on this scale?,"-9. Refused
-7. Insuﬃcient partial, interview deleted
-6. No post interview
-5. Suﬃcient partial, breakoﬀ
-1. Inapplicable","1. Hard-working
7. Lazy"
V242544,POST: STEREOTYPE: ASIAN-AMERICANS HARDWORKING Survey Question(s)STYPEPO_HWKASIAN Randomization Order of hardworking stereotype groups after Whites,Where would you rate Asian-Americans in general on this scale?,"-9. Refused
-7. Insuﬃcient partial, interview deleted
-6. No post interview
-5. Suﬃcient partial, breakoﬀ
-1. Inapplicable","1. Hard-working
7. Lazy"
V242545,POST: STEREOTYPE: WHITES VIOLENT Survey Question(s)STYPEPO_VIOLWHITE,Where would you rate whites in general on this scale?,"-9. Refused
-7. Insuﬃcient partial, interview deleted
-6. No post interview
-5. Suﬃcient partial, breakoﬀ
-1. Inapplicable","1. Peaceful
7. Violent"
V242546,POST: STEREOTYPE: BLACKS VIOLENT Survey Question(s)STYPEPO_VIOLBLACK Randomization Order of peaceful stereotype groups after Whites 558 CODEBOOK: VARIABLES,Where would you rate blacks in general on this scale?,"-9. Refused
-7. Insuﬃcient partial, interview deleted
-6. No post interview
-5. Suﬃcient partial, breakoﬀ
-1. Inapplicable","1. Peaceful
7. Violent"
V242547,POST: STEREOTYPE: HISPANICS VIOLENT Survey Question(s)STYPEPO_VIOLHISPREV Randomization Order of peaceful stereotype groups after Whites,Where would you rate Hispanics in general on this scale?,"-9. Refused
-7. Insuﬃcient partial, interview deleted
-6. No post interview
-5. Suﬃcient partial, breakoﬀ
-1. Inapplicable","1. Peaceful
7. Violent"
V242548,POST: STEREOTYPE: ASIAN-AMERICANS VIOLENT Survey Question(s)STYPEPO_VIOLASIAN Randomization Order of peaceful stereotype groups after Whites,Where would you rate Asian-Americans in general on this scale?,"-9. Refused
-7. Insuﬃcient partial, interview deleted
-6. No post interview
-5. Suﬃcient partial, breakoﬀ
-1. Inapplicable","1. Peaceful
7. Violent"
V242549,"POST: DISCRIMINATION IN THE US AGAINST BLACKS Survey Question(s)DISCRIM_DISCBLCK Randomization Items divided into two groups to display in two grids. Order of items in each grid randomized. Group 1: DISCBLCK, DISCHISP , DISCASIAN, DISCWHT, DISCMUSL, DISCTIAN; Group 2: DISCGAY , DISCWOM, DISCMEN, DISCTRANS. Response OrderForward/Reverse order",How much discrimination is there in the United States today against each of the following groups? Blacks POST-ELECTION SURVEY VARIABLES 559,"-9. Refused
-7. Insuﬃcient partial, interview deleted
-6. No post interview
-5. Suﬃcient partial, breakoﬀ
-1. Inapplicable","1. A great deal
2. A lot
3. A moderate amount
4. A little
5. None at all"
V242550,"POST: DISCRIMINATION IN THE US AGAINST HISPANICS Survey Question(s)DISCRIM_DISCHISP Randomization Items divided into two groups to display in two grids. Order of items in each grid randomized. Group 1: DISCBLCK, DISCHISP , DISCASIAN, DISCWHT, DISCMUSL, DISCTIAN; Group 2: DISCGAY , DISCWOM, DISCMEN, DISCTRANS. Response OrderForward/Reverse order",How much discrimination is there in the United States today against each of the following groups? Hispanics,"-9. Refused
-7. Insuﬃcient partial, interview deleted
-6. No post interview
-5. Suﬃcient partial, breakoﬀ
-1. Inapplicable","1. A great deal
2. A lot
3. A moderate amount
4. A little
5. None at all"
V242551,"POST: DISCRIMINATION IN THE US AGAINST ASIANS 560 CODEBOOK: VARIABLES Survey Question(s)DISCRIM_DISCASIAN Randomization Items divided into two groups to display in two grids. Order of items in each grid randomized. Group 1: DISCBLCK, DISCHISP , DISCASIAN, DISCWHT, DISCMUSL, DISCTIAN; Group 2: DISCGAY , DISCWOM, DISCMEN, DISCTRANS. Response OrderForward/Reverse order",How much discrimination is there in the United States today against each of the following groups? Asians,"-9. Refused
-7. Insuﬃcient partial, interview deleted
-6. No post interview
-5. Suﬃcient partial, breakoﬀ
-1. Inapplicable","1. A great deal
2. A lot
3. A moderate amount
4. A little
5. None at all"
V242552,"POST: DISCRIMINATION IN THE US AGAINST WHITES Survey Question(s)DISCRIM_DISCWHT Randomization Items divided into two groups to display in two grids. Order of items in each grid randomized. Group 1: DISCBLCK, DISCHISP , DISCASIAN, DISCWHT, DISCMUSL, DISCTIAN; Group 2: DISCGAY , DISCWOM, DISCMEN, DISCTRANS. Response OrderForward/Reverse order POST-ELECTION SURVEY VARIABLES 561",How much discrimination is there in the United States today against each of the following groups? Whites,"-9. Refused
-7. Insuﬃcient partial, interview deleted
-6. No post interview
-5. Suﬃcient partial, breakoﬀ
-1. Inapplicable","1. A great deal
2. A lot
3. A moderate amount
4. A little
5. None at all"
V242553,"POST: DISCRIMINATION IN THE US AGAINST GAYS AND LESBIANS Survey Question(s)DISCRIM_DISCGAY Randomization Items divided into two groups to display in two grids. Order of items in each grid randomized. Group 1: DISCBLCK, DISCHISP , DISCASIAN, DISCWHT, DISCMUSL, DISCTIAN; Group 2: DISCGAY , DISCWOM, DISCMEN, DISCTRANS. Response OrderForward/Reverse order",How much discrimination is there in the United States today against each of the following groups? Gays and Lesbians,"-9. Refused
-7. Insuﬃcient partial, interview deleted
-6. No post interview
-5. Suﬃcient partial, breakoﬀ
-1. Inapplicable","1. A great deal
2. A lot
3. A moderate amount
4. A little
5. None at all"
V242554,"POST: DISCRIMINATION IN THE US AGAINST WOMEN Survey Question(s)DISCRIM_DISCWOM Randomization Items divided into two groups to display in two grids. Order of items in each grid randomized. Group 1: DISCBLCK, DISCHISP , DISCASIAN, DISCWHT, DISCMUSL, DISCTIAN; Group 2: DISCGAY , DISCWOM, DISCMEN, DISCTRANS. Response OrderForward/Reverse order 562 CODEBOOK: VARIABLES",How much discrimination is there in the United States today against each of the following groups? Women,"-9. Refused
-7. Insuﬃcient partial, interview deleted
-6. No post interview
-5. Suﬃcient partial, breakoﬀ
-1. Inapplicable","1. A great deal
2. A lot
3. A moderate amount
4. A little
5. None at all"
V242555,"POST: DISCRIMINATION IN THE US AGAINST MEN Survey Question(s)DISCRIM_DISCMEN Randomization Items divided into two groups to display in two grids. Order of items in each grid randomized. Group 1: DISCBLCK, DISCHISP , DISCASIAN, DISCWHT, DISCMUSL, DISCTIAN; Group 2: DISCGAY , DISCWOM, DISCMEN, DISCTRANS. Response OrderForward/Reverse order",How much discrimination is there in the United States today against each of the following groups? Men,"-9. Refused
-7. Insuﬃcient partial, interview deleted
-6. No post interview
-5. Suﬃcient partial, breakoﬀ
-1. Inapplicable","1. A great deal
2. A lot
3. A moderate amount
4. A little
5. None at all"
V242556,"POST: DISCRIMINATION IN THE US AGAINST MUSLIMS Survey Question(s)DISCRIM_DISCMUSL Randomization Items divided into two groups to display in two grids. Order of items in each grid randomized. Group 1: DISCBLCK, DISCHISP , DISCASIAN, DISCWHT, DISCMUSL, DISCTIAN; Group 2: DISCGAY , DISCWOM, DISCMEN, DISCTRANS. Response OrderForward/Reverse order POST-ELECTION SURVEY VARIABLES 563",How much discrimination is there in the United States today against each of the following groups? Muslims,"-9. Refused
-7. Insuﬃcient partial, interview deleted
-6. No post interview
-5. Suﬃcient partial, breakoﬀ
-1. Inapplicable","1. A great deal
2. A lot
3. A moderate amount
4. A little
5. None at all"
V242557,"POST: DISCRIMINATION IN THE US AGAINST CHRISTIANS Survey Question(s)DISCRIM_DISCXTIAN Randomization Items divided into two groups to display in two grids. Order of items in each grid randomized. Group 1: DISCBLCK, DISCHISP , DISCASIAN, DISCWHT, DISCMUSL, DISCTIAN; Group 2: DISCGAY , DISCWOM, DISCMEN, DISCTRANS. Response OrderForward/Reverse order",How much discrimination is there in the United States today against each of the following groups? Christians,"-9. Refused
-7. Insuﬃcient partial, interview deleted
-6. No post interview
-5. Suﬃcient partial, breakoﬀ
-1. Inapplicable","1. A great deal
2. A lot
3. A moderate amount
4. A little
5. None at all"
V242558,"POST: DISCRIMINATION IN THE US AGAINST TRANSGENDER PEOPLE Survey Question(s)DISCRIM_DISCTRANS Randomization Items divided into two groups to display in two grids. Order of items in each grid randomized. Group 1: DISCBLCK, DISCHISP , DISCASIAN, DISCWHT, DISCMUSL, DISCTIAN; Group 2: DISCGAY , DISCWOM, DISCMEN, DISCTRANS. Response OrderForward/Reverse order 564 CODEBOOK: VARIABLES",How much discrimination is there in the United States today against each of the following groups? Transgender people,"-9. Refused
-7. Insuﬃcient partial, interview deleted
-6. No post interview
-5. Suﬃcient partial, breakoﬀ
-1. Inapplicable","1. A great deal
2. A lot
3. A moderate amount
4. A little
5. None at all"
V242559,POST: HOW MUCH DISCRIMINATION HAS R FACED PERSONALLY BECAUSE OR RACE/ETHNICITY Survey Question(s)DISCRIM_DISCPERS Response OrderForward/Reverse order,How much discrimination have you personally faced because of your ethnicity or race?,"-9. Refused
-7. Insuﬃcient partial, interview deleted
-6. No post interview
-5. Suﬃcient partial, breakoﬀ
-1. Inapplicable","1. A great deal
2. A lot
3. A moderate amount
4. A little
5. None at all"
V242560,POST: HAS R EXPERIENCED HARASSMENT AT WORK Survey Question(s)DISCRIM_SEXHARASS,"Have you ever personally experienced sexual harassment at work, or not?","-9. Refused
-7. Insuﬃcient partial, interview deleted
-6. No post interview
-5. Suﬃcient partial, breakoﬀ
-1. Inapplicable","1. Have
2. Have not"
V242561,POST: HOW OFTEN HAS R EXPERIENCED HARASSMENT AT WORK Survey Question(s)DISCRIM_SEXHARASSAMT Universe IF R EXPERIENCED SEXUAL HARASSMENT AT WORK:,How often have you personally experienced sexual harassment at work? POST-ELECTION SURVEY VARIABLES 565,"-9. Refused
-7. Insuﬃcient partial, interview deleted
-6. No post interview
-5. Suﬃcient partial, breakoﬀ
-2. Missing due to data correction; see codebook note
-1. Inapplicable","1. Once
2. A few times
3. Many times"
V242562,POST: WHAT IS THE CURRENT UNEMPLOYMENT RATE Survey Question(s)KNOWL_EMPRATE,"Now we have a few questions about issues in the news recently. What was the current unemployment rate in the United States as of November 1, 2024 – 2.1%, 4.1%, 6.1%, or 8.1%?","-9. Refused
-7. Insuﬃcient partial, interview deleted
-6. No post interview
-5. Suﬃcient partial, breakoﬀ
-1. Inapplicable","1. 2.1%
2. 4.1%
3. 6.1%
4. 8.1%"
V242563,POST: DOES MOST SCIENTIFIC EVIDENCE SHOW VACCINES CAUSE AUTISM OR NOT autism 2. Most scientiﬁc evidence shows childhood vaccines do not cause autism Survey Question(s)MISINFO_AUTISM,Which of these two statements do you think is most likely to be true? 566 CODEBOOK: VARIABLES,"-9. Refused
-7. Insuﬃcient partial, interview deleted
-6. No post interview
-5. Suﬃcient partial, breakoﬀ
-1. Inapplicable",1. Most scientiﬁc evidence shows childhood vaccines cause
V242564,POST: HOW CONFIDENT IS R ABOUT THAT (VACCINES CAUSE AUTISM) Survey Question(s)MISINFO_AUTISMCONF Universe IF R THINKS VACCINES CAUSE AUTISM / IF R DOES NOT THINK VACCINES CAUSE AUTISM: Response OrderForward/Reverse order,How conﬁdent are you about that?,"-9. Refused
-7. Insuﬃcient partial, interview deleted
-6. No post interview
-5. Suﬃcient partial, breakoﬀ
-1. Inapplicable","1. Not at all
2. A little
3. Moderately
4. Very
5. Extremely"
V242565,POST: HAVE WORLD TEMPERATURES HAVE RISEN ON AVERAGE OR LAST 100 YEARS OR NOT years 2. World temperatures have not risen on average over the last 100 years. Survey Question(s)MISINFO_WARM,Which of these two statements do you think is most likely to be true? POST-ELECTION SURVEY VARIABLES 567,"-9. Refused
-7. Insuﬃcient partial, interview deleted
-6. No post interview
-5. Suﬃcient partial, breakoﬀ
-1. Inapplicable",1. World temperatures have risen on average over the last 100
V242566,POST: HOW CONFIDENT IS R ABOUT THAT (WORLD TEMPERATURES HAVE RISEN) Survey Question(s)MISINFO_WARMCONF Universe IF R THINKS WORLD TEMPERATURES ARE RISING IN LAST 100 YEARS / IF R DOES NOT THINK WORLD TEMPERATURES ARE RISING IN LAST 100 YEARS Response OrderForward/Reverse order,How conﬁdent are you about that?,"-9. Refused
-7. Insuﬃcient partial, interview deleted
-6. No post interview
-5. Suﬃcient partial, breakoﬀ
-1. Inapplicable","1. Not at all
2. A little
3. Moderately
4. Very
5. Extremely"
V242567,POST: WHO WAS THE LEGITIMATE WINNER OF THE 2020 PRESIDENTIAL ELECTION presidential election 2. Joe Biden was the legitimate winner of the 2020 presidential election Survey Question(s)MISINFO_WIN20,Which of these two statements do you think is most likely to be true? 568 CODEBOOK: VARIABLES,"-9. Refused
-7. Insuﬃcient partial, interview deleted
-6. No post interview
-5. Suﬃcient partial, breakoﬀ
-1. Inapplicable",1. Donald Trump was the legitimate winner of the 2020
V242568,POST: HOW CONFIDENT IS R ABOUT THAT (WINNER OF 2020 ELECTION) Survey Question(s)MISINFO_WIN20CONF Universe IF R THINKS TRUMP WAS LEGITIMATE WINNER OF 2020 ELECTION / IF R THINKS BIDEN WAS LEGITIMATE WINNER OF 2020 ELECTION: Response OrderForward/Reverse order,How conﬁdent are you about that?,"-9. Refused
-7. Insuﬃcient partial, interview deleted
-6. No post interview
-5. Suﬃcient partial, breakoﬀ
-1. Inapplicable","1. Not at all
2. A little
3. Moderately
4. Very
5. Extremely"
V242569,POST: HUNTER BIDEN’S LAPTOP SHOWED HE MADE DEAL WITH UKRAINIAN AND CHINESE BUSINESSES Ukrainian and Chinese businesses 2. Hunter Biden’s laptop did not show that he made deals with Ukrainian and Chinese businesses Survey Question(s)MISINFO_HUNTER,Which of these two statements do you think is most likely to be true? POST-ELECTION SURVEY VARIABLES 569,"-9. Refused
-7. Insuﬃcient partial, interview deleted
-6. No post interview
-5. Suﬃcient partial, breakoﬀ
-1. Inapplicable",1. Hunter Biden’s laptop showed that he made deals with
V242570,POST: HOW CONFIDENT IS R ABOUT THAT (HUNTER BIDEN) Survey Question(s)MISINFO_HUNTERCONF Universe IF R THINKS HUNTER BIDEN’S LAPTOP SHOWED BUSINESS DEALS / IF R THINKS HUNTER BIDEN’S LAPTOP DID NOT SHOW BUSINESS DEALS: Response OrderForward/Reverse order,How conﬁdent are you about that?,"-9. Refused
-7. Insuﬃcient partial, interview deleted
-6. No post interview
-5. Suﬃcient partial, breakoﬀ
-1. Inapplicable","1. Not at all
2. A little
3. Moderately
4. Very
5. Extremely"
V242571,"POST: EVENTS ON JANUARY 6, 2021 WERE CARRIED OUT BY PRO-TRUMP PROTESTORS OR FBI AGENTS by pro-Trump protesters 2. The events on January 6, 2021 were planned and carried out by FBI agents posing as pro-Trump protesters Survey Question(s)MISINFO_JANSIX",Which of these two statements do you think is most likely to be true? 570 CODEBOOK: VARIABLES,"-9. Refused
-7. Insuﬃcient partial, interview deleted
-6. No post interview
-5. Suﬃcient partial, breakoﬀ
-1. Inapplicable","1. The events on January 6, 2021 were planned and carried out"
V242572,"POST: HOW CONFIDENT IS R ABOUT THAT (EVENTS ON JANUARY 6, 2021) Survey Question(s)MISINFO_JANSIXCONF Universe IF R THINKS EVENTS ON JANUARY 6, 2021 WERE PLANNED AND CARRIED OUT BY PRO-TRUMP PROTESTORS / IF R THINKS EVENTS ON JANUARY 6, 2021 WERE PLANNED AND CARRIED OUT BY FBI POSING AS PRO-TRUMP PROTESTORS: Response OrderForward/Reverse order",How conﬁdent are you about that?,"-9. Refused
-7. Insuﬃcient partial, interview deleted
-6. No post interview
-5. Suﬃcient partial, breakoﬀ
-1. Inapplicable","1. Not at all
2. A little
3. Moderately
4. Very
5. Extremely"
V242573,POST: DONALD TRUMP’S CAMPAIGN COLLUDED WITH RUSSIAN GOVERNMENT IN 2016 government in 2016 2. Donald Trump’s campaign did not collude with the Russian government in 2016 Survey Question(s)MISINFO_TRUMP16,Which of these two statements do you think is most likely to be true? POST-ELECTION SURVEY VARIABLES 571,"-9. Refused
-7. Insuﬃcient partial, interview deleted
-6. No post interview
-5. Suﬃcient partial, breakoﬀ
-1. Inapplicable",1. Donald Trump’s campaign colluded with the Russian
V242574,POST: HOW CONFIDENT IS R ABOUT THAT (TRUMP COLLUDED WITH RUSSIA) Survey Question(s)MISINFO_TRUMP16CONF Universe IF R THINKS TRUMP’S CAMPAIGN COLLUDED WITH RUSSIA IN 2016 / IF R THINKS TRUMP’S CAMPAIGN DID NOT COLLUDE WITH RUSSIA IN 2016: Response OrderForward/Reverse order,How conﬁdent are you about that?,"-9. Refused
-7. Insuﬃcient partial, interview deleted
-6. No post interview
-5. Suﬃcient partial, breakoﬀ
-1. Inapplicable","1. Not at all
2. A little
3. Moderately
4. Very
5. Extremely"
V242575,POST: WAS TRUMP OR HARRIS THE LEGITIMATE WINNER OF THE 2024 PRESIDENTIAL ELECTION presidential election 2. Kamala Harris was the legitimate winner of the 2024 presidential election Survey Question(s)MISINFO_WIN24,Which of these two statements do you think is most likely to be true? 572 CODEBOOK: VARIABLES,"-9. Refused
-7. Insuﬃcient partial, interview deleted
-6. No post interview
-5. Suﬃcient partial, breakoﬀ
-1. Inapplicable",1. Donald Trump was the legitimate winner of the 2024
V242576,POST: HOW CONFIDENT IS R ABOUT THAT (WINNER OF 2024 ELECTION) Survey Question(s)MISINFO_WIN24CONF Universe IF R THINKS DONALD TRUMP WAS LEGITIMATE WINNER OF ELECTION IN 2024 / IF R THINKS KAMALA HARRIS WAS LEGITIMATE WINNER OF ELECTION IN 2024: Response OrderForward/Reverse order,How conﬁdent are you about that?,"-9. Refused
-7. Insuﬃcient partial, interview deleted
-6. No post interview
-5. Suﬃcient partial, breakoﬀ
-1. Inapplicable","1. Not at all
2. A little
3. Moderately
4. Very
5. Extremely"
V242577a,"POST: WHICH SOCIAL MEDIA PLATFORMS R VISITED - FACEBOOK [MENTION] Survey Question(s) SOCMEDIA_SOCMEDTYPE, PAPI POST Q101 Note: The following speciﬁcations were implemented exclusively in the computerized survey instrument and are not applicable to the paper questionnaire.",Which social media apps or websites have you visited in the past year? Mark all that apply. POST-ELECTION SURVEY VARIABLES 573,"-9. Refused
-7. Insuﬃcient partial, interview deleted
-6. No post interview
-5. Suﬃcient partial, breakoﬀ
-1. Inapplicable","0. Not mentioned
1. Mentioned"
V242577b,POST: WHICH SOCIAL MEDIA PLATFORMS R VISITED - TWITTER [MENTION] Survey Question(s)SOCMEDIA_SOCMEDTYPE,Which social media apps or websites have you visited in the past year? Mark all that apply.,"-9. Refused
-7. Insuﬃcient partial, interview deleted
-6. No post interview
-5. Suﬃcient partial, breakoﬀ
-1. Inapplicable","0. Not mentioned
1. Mentioned"
V242577c,POST: WHICH SOCIAL MEDIA PLATFORMS R VISITED - INSTAGRAM [MENTION] Survey Question(s)SOCMEDIA_SOCMEDTYPE 574 CODEBOOK: VARIABLES,Which social media apps or websites have you visited in the past year? Mark all that apply.,"-9. Refused
-7. Insuﬃcient partial, interview deleted
-6. No post interview
-5. Suﬃcient partial, breakoﬀ
-1. Inapplicable","0. Not mentioned
1. Mentioned"
V242577d,POST: WHICH SOCIAL MEDIA PLATFORMS R VISITED - REDDIT [MENTION] Survey Question(s)SOCMEDIA_SOCMEDTYPE,Which social media apps or websites have you visited in the past year? Mark all that apply.,"-9. Refused
-7. Insuﬃcient partial, interview deleted
-6. No post interview
-5. Suﬃcient partial, breakoﬀ
-1. Inapplicable","0. Not mentioned
1. Mentioned"
V242577,ePOST: WHICH SOCIAL MEDIA PLATFORMS R VISITED - YOUTUBE [MENTION] Survey Question(s)SOCMEDIA_SOCMEDTYPE,Which social media apps or websites have you visited in the past year? Mark all that apply.,"-9. Refused
-7. Insuﬃcient partial, interview deleted
-6. No post interview
-5. Suﬃcient partial, breakoﬀ
-1. Inapplicable","0. Not mentioned
1. Mentioned"
V242577,fPOST: WHICH SOCIAL MEDIA PLATFORMS R VISITED - SNAPCHAT [MENTION] Survey Question(s)SOCMEDIA_SOCMEDTYPE POST-ELECTION SURVEY VARIABLES 575,Which social media apps or websites have you visited in the past year? Mark all that apply.,"-9. Refused
-7. Insuﬃcient partial, interview deleted
-6. No post interview
-5. Suﬃcient partial, breakoﬀ
-1. Inapplicable","0. Not mentioned
1. Mentioned"
V242577g,POST: WHICH SOCIAL MEDIA PLATFORMS R VISITED - TIKTOK [MENTION] Survey Question(s)SOCMEDIA_SOCMEDTYPE,Which social media apps or websites have you visited in the past year? Mark all that apply.,"-9. Refused
-7. Insuﬃcient partial, interview deleted
-6. No post interview
-5. Suﬃcient partial, breakoﬀ
-1. Inapplicable","0. Not mentioned
1. Mentioned"
V242577,hPOST: WHICH SOCIAL MEDIA PLATFORMS R VISITED - OTHER [MENTION] Survey Question(s)SOCMEDIA_SOCMEDTYPE,Which social media apps or websites have you visited in the past year? Mark all that apply.,"-9. Refused
-7. Insuﬃcient partial, interview deleted
-6. No post interview
-5. Suﬃcient partial, breakoﬀ
-1. Inapplicable","0. Not mentioned
1. Mentioned"
V242578,POST: HOW OFTEN USE FACEBOOK Survey Question(s)SOCMEDIA_FBFREQ Universe IF R HAS VISITED FACEBOOK IN PAST YEAR:,How often do you use Facebook? 576 CODEBOOK: VARIABLES,"-9. Refused
-7. Insuﬃcient partial, interview deleted
-6. No post interview
-5. Suﬃcient partial, breakoﬀ
-1. Inapplicable","1. Many times every day
2. A few times every day
3. About once a day
4. A few times each week
5. About once a week
6. Once or twice a month
7. Less than once a month"
V242579,POST: HOW OFTEN POST POLITICAL CONTENT ON FACEBOOK Survey Question(s)SOCMEDIA_FBPOSTPOL Universe IF R HAS VISITED FACEBOOK IN PAST YEAR: Response OrderForward/Reverse order,"When using Facebook, how often do you post information about political issues or candidates?","-9. Refused
-7. Insuﬃcient partial, interview deleted
-6. No post interview
-5. Suﬃcient partial, breakoﬀ
-1. Inapplicable","1. Always
2. Most of the time
3. About half of the time
4. Sometimes
5. Never"
V242580,POST: HOW OFTEN USE TWITTER Survey Question(s)SOCMEDIA_TWITFREQ Universe IF R HAS VISITED X IN PAST YEAR:,"How often do you use X, formerly known as Twitter? POST-ELECTION SURVEY VARIABLES 577","-9. Refused
-7. Insuﬃcient partial, interview deleted
-6. No post interview
-5. Suﬃcient partial, breakoﬀ
-1. Inapplicable","1. Many times every day
2. A few times every day
3. About once a day
4. A few times each week
5. About once a week
6. Once or twice a month
7. Less than once a month"
V242581,POST: HOW OFTEN POST POLITICAL CONTENT ON TWITTER Survey Question(s)SOCMEDIA_TWITPOSTPOL Universe IF R HAS VISITED X IN PAST YEAR: Response OrderForward/Reverse order,"When using X, formerly known as Twitter, how often do you post information about political issues or candidates?","-9. Refused
-7. Insuﬃcient partial, interview deleted
-6. No post interview
-5. Suﬃcient partial, breakoﬀ
-1. Inapplicable","1. Always
2. Most of the time
3. About half of the time
4. Sometimes
5. Never"
V242600,POST: VOTE VALIDATION: DO VOTE VALIDATION RECORDS MATCH R 578 CODEBOOK: VARIABLES Survey Question(s)VOTEVAL_LIST Universe IF R IS NOT IN GSS SAMPLE: IF FTF TYPE IS IN-PERSON AND NOT VIDEO OR PHONE: IF MATCHES FOUND AT 1 ADDRESS / IF MATCHES FOUND AT MORE THAN ONE ADDRESS:,"[(STATE)’s public records say (one person is/NUMBER people are/these ﬁve people are) registered to vote at (SAMPLED ADDRESS) / We found the following voter (record/records) resembling you or linked to your address.] Does (this record/one of these) describe you, even if some information is not correct?","-9. Refused
-7. Insuﬃcient partial, interview deleted
-6. No post interview
-5. Suﬃcient partial, breakoﬀ
-1. Inapplicable","1. I am person 1
2. I am person 2
3. I am person 3
4. I am person 4
5. I am person 5
6. My information is not here"
V242601,"POST: VOTE VALIDATION: PERSONAL INFORMATION CORRECT OR NOT Survey Question(s)VOTEVAL_CORRECT1 Universe IF R IS PERSON 1, 2, 3, 4, OR 5:","Is this information correct and complete for you, or is there an error?","-9. Refused
-7. Insuﬃcient partial, interview deleted
-6. No post interview
-5. Suﬃcient partial, breakoﬀ
-1. Inapplicable","1. My name, gender, birth date, and address are correct
2. There is an error"
V242602,POST: VOTE VALIDATION: CORRECTIONS TO PERSONAL INFORMATION POST-ELECTION SURVEY VARIABLES 579 Survey Question(s)VOTEVAL_CORRECT2 Universe IF R SAYS THERE IS AN ERROR:,"Please type the correct information for you in the spaces below. When all the information is correct, please click Next.",-3. RESTRICTED,
V242603,POST: VOTE VALIDATION: HOW COMFORTABLE WAS R BEING ASKED ABOUT VOTE REGISTRATION INFORMATION Survey Question(s)VOTEVAL_FEEDBACK Universe IF R IS NOT IN GSS SAMPLE: IF FTF TYPE IS IN-PERSON AND NOT VIDEO OR PHONE: IF MATCHES FOUND AT 1 ADDRESS / IF MATCHES FOUND AT MORE THAN ONE ADDRESS:,How comfortable or uncomfortable are you being asked about this voter registration information? Any comments about this topic?,"-9. Refused
-7. Insuﬃcient partial, interview deleted
-6. No post interview
-5. Suﬃcient partial, breakoﬀ
-1. Inapplicable","1. Very comfortable
2. Moderately comfortable
3. Slightly comfortable
4. Neither comfortable nor uncomfortable
5. Slightly uncomfortable
6. Moderately uncomfortable
7. Very uncomfortable [TEXT BOX]"
V242603z,POST: VOTE VALIDATION: HOW COMFORTABLE WAS R BEING ASKED ABOUT VOTE REGISTRATION INFORMATION - ADDITIONAL COMMENTS 580 CODEBOOK: VARIABLES Survey Question(s)VOTEVAL_FEEDBACK Universe IF R IS NOT IN GSS SAMPLE: IF FTF TYPE IS IN-PERSON AND NOT VIDEO OR PHONE: IF MATCHES FOUND AT 1 ADDRESS / IF MATCHES FOUND AT MORE THAN ONE ADDRESS:,How comfortable or uncomfortable are you being asked about this voter registration information? Any comments about this topic?,-2. Additional comments available in separate ﬁle,
V242604,POST: LIFE EXPERIENCE: DOES R KNOW SOMEONE MOVED TO US FROM ANOTHER COUNTRY Survey Question(s)LIFEEXP_KNOWNIMMIG,"Next, we have a few questions about your personal experiences. Do you personally know someone who moved to the U.S. from another country, or not?","-9. Refused
-7. Insuﬃcient partial, interview deleted
-6. No post interview
-5. Suﬃcient partial, breakoﬀ
-1. Inapplicable","1. Yes
2. No"
V242605,"POST: LIFE EXPERIENCE: HAS R GONE HUNTING OR FISHING IN PAST YEAR Survey Question(s) LIFEEXP_HUNT, PAPI POST Q106 Note: The following speciﬁcations were implemented exclusively in the computerized survey instrument and are not applicable to the paper questionnaire. POST-ELECTION SURVEY VARIABLES 581","Have you gone hunting or ﬁshing in the past year, or not?","-9. Refused
-7. Insuﬃcient partial, interview deleted
-6. No post interview
-5. Suﬃcient partial, breakoﬀ
-1. Inapplicable","1. Yes
2. No"
V242606,"POST: LIFE EXPERIENCE: HAS R USED PUBLIC TRANSPORTATION IN PAST YEAR Survey Question(s) LIFEEXP_PUBTRANS, PAPI POST Q107 Note: The following speciﬁcations were implemented exclusively in the computerized survey instrument and are not applicable to the paper questionnaire.","Have you used public transportation in the past year, or not?","-9. Refused
-7. Insuﬃcient partial, interview deleted
-6. No post interview
-5. Suﬃcient partial, breakoﬀ
-4. Error
-1. Inapplicable","1. Yes
2. No"
V242607,POST: LIFE EXPERIENCE: HAS R EVER BEEN BITTEN BY A SHARK Survey Question(s)LIFEEXP_SHARK,"Have you ever been bitten by a shark, or not?","-9. Refused
-7. Insuﬃcient partial, interview deleted
-6. No post interview
-5. Suﬃcient partial, breakoﬀ
-1. Inapplicable","1. Yes
2. No"
V242608,POST: GSS: SPENDING TOO MUCH OR TOO LITTLE ON SPACE PROGRAM Survey Question(s)GSSPOST_NATSPAC Universe IF R IS IN GSS SAMPLE:,"We would like to ask you about some things people think about today. We are faced with many problems in this country, none of which can be solved easily or inexpensively. For each of the following problems, please indicate whether you think we’re spending too much money on it, too little money, or about the right amount. First: the space exploration program. Are we spending too much, too little, or about the right amount on the space exploration program? 582 CODEBOOK: VARIABLES","-9. Refused
-7. Insuﬃcient partial, interview deleted
-6. No post interview
-5. Suﬃcient partial, breakoﬀ
-1. Inapplicable","1. Too much
2. Too little
3. About the right amount"
V242609,POST: GSS: SPENDING TOO MUCH OR TOO LITTLE ON ENVIRONMENT Survey Question(s)GSSPOST_NATENVIR Universe IF R IS IN GSS SAMPLE:,"Are we spending too much, too little, or about the right amount on improving and protecting the environment?","-9. Refused
-7. Insuﬃcient partial, interview deleted
-6. No post interview
-5. Suﬃcient partial, breakoﬀ
-1. Inapplicable","1. Too much
2. Too little
3. About the right amount"
V242610,POST: GSS: SPENDING TOO MUCH OR TOO LITTLE ON HEALTH Survey Question(s)GSSPOST_NATHEAL POST-ELECTION SURVEY VARIABLES 583 Universe IF R IS IN GSS SAMPLE:,"Are we spending too much, too little, or about the right amount on improving and protecting the nation’s health?","-9. Refused
-7. Insuﬃcient partial, interview deleted
-6. No post interview
-5. Suﬃcient partial, breakoﬀ
-1. Inapplicable","1. Too much
2. Too little
3. About the right amount"
V242611,POST: GSS: SPENDING TOO MUCH OR TOO LITTLE ON CITIES Survey Question(s)GSSPOST_NATCITY Universe IF R IS IN GSS SAMPLE:,"Are we spending too much, too little, or about the right amount on solving the problems of the big cities?","-9. Refused
-7. Insuﬃcient partial, interview deleted
-6. No post interview
-5. Suﬃcient partial, breakoﬀ
-1. Inapplicable","1. Too much
2. Too little
3. About the right amount"
V242612,POST: GSS: SPENDING TOO MUCH OR TOO LITTLE ON CRIME Survey Question(s)GSSPOST_NATCRIME Universe IF R IS IN GSS SAMPLE:,"Are we spending too much, too little, or about the right amount on halting the rising crime rate?","-9. Refused
-7. Insuﬃcient partial, interview deleted
-6. No post interview
-5. Suﬃcient partial, breakoﬀ
-1. Inapplicable","1. Too much
2. Too little
3. About the right amount"
V242613,POST: GSS: SPENDING TOO MUCH OR TOO LITTLE ON DRUG ABUSE Survey Question(s)GSSPOST_NATDRUG Universe IF R IS IN GSS SAMPLE:,"Are we spending too much, too little, or about the right amount on dealing with drug addiction? 584 CODEBOOK: VARIABLES","-9. Refused
-7. Insuﬃcient partial, interview deleted
-6. No post interview
-5. Suﬃcient partial, breakoﬀ
-1. Inapplicable","1. Too much
2. Too little
3. About the right amount"
V242614,POST: GSS: TAKEN ALL TOGETHER HOW HAPPY IS R THESE DAYS Survey Question(s)GSSPOST_HAPPY Universe IF R IS IN GSS SAMPLE:,"Taken all together, how would you say things are these days—would you say that you are very happy, pretty happy, or not too happy?","-9. Refused
-7. Insuﬃcient partial, interview deleted
-6. No post interview
-5. Suﬃcient partial, breakoﬀ
-1. Inapplicable","1. Very happy
2. Pretty happy
3. Not too happy"
V242615,POST: GSS: DOES R FEEL CONNECTED TO THE WORLD AROUND THEM Survey Question(s)GSSPOST_SPRTCONNCT Universe IF R IS IN GSS SAMPLE:,"Some people say they have experiences of being personally moved, touched, or inspired, while others say they do not have these experiences at all. How often, if at all, do you experience each of the following: At least once a day, almost every day, once or twice a week, once or twice a month, a few times per year, once a year or less, or never? Felt particularly connected to the world around you POST-ELECTION SURVEY VARIABLES 585","-9. Refused
-7. Insuﬃcient partial, interview deleted
-6. No post interview
-5. Suﬃcient partial, breakoﬀ
-1. Inapplicable","1. At least once a day
2. Almost every day
3. Once or twice a week
4. Once or twice a month
5. A few times a year
6. Once a year or less
7. Never"
V242616,POST: GSS: DOES R FEEL PART OF SOMETHING MUCH LARGER THAN THEMSELVES Survey Question(s)GSSPOST_SPRTLRGR Universe IF R IS IN GSS SAMPLE: 586 CODEBOOK: VARIABLES,"Some people say they have experiences of being personally moved, touched, or inspired, while others say they do not have these experiences at all. How often, if at all, do you experience the following: At least once a day, almost every day, once or twice a week, once or twice a month, a few times per year, once a year or less, or never? Felt a sense of a larger meaning or purpose in life","-9. Refused
-7. Insuﬃcient partial, interview deleted
-6. No post interview
-5. Suﬃcient partial, breakoﬀ
-1. Inapplicable","1. At least once a day
2. Almost every day
3. Once or twice a week
4. Once or twice a month
5. A few times a year
6. Once a year or less
7. Never"
V242617,POST: GSS: R’S CONFIDENCE IN US SUPREME COURT Survey Question(s)GSSPOST_CONJUDGE Universe IF R IS IN GSS SAMPLE:,"We are going to name some institutions in this country. As far as the people running these institutions are concerned, would you say that you have a great deal of conﬁdence, only some conﬁdence, or hardly any conﬁdence at all in them? U.S. Supreme Court","-9. Refused
-7. Insuﬃcient partial, interview deleted
-6. No post interview
-5. Suﬃcient partial, breakoﬀ
-1. Inapplicable","1. A great deal
2. Only some
3. Hardly any"
V242618,POST: GSS: R’S CONFIDENCE IN US MILITARY Survey Question(s)GSSPOST_CONARMY Universe IF R IS IN GSS SAMPLE:,"As far as the people running these institutions are concerned, would you say that you have a great deal of conﬁdence, only some conﬁdence, or hardly any conﬁdence at all in them? Military","-9. Refused
-7. Insuﬃcient partial, interview deleted
-6. No post interview
-5. Suﬃcient partial, breakoﬀ
-1. Inapplicable","1. A great deal
2. Only some
3. Hardly any"
V242619,POST: GSS: R’S CONFIDENCE IN THE PRESS POST-ELECTION SURVEY VARIABLES 587 Survey Question(s)GSSPOST_CONPRESS Universe IF R IS IN GSS SAMPLE:,"As far as the people running these institutions are concerned, would you say that you have a great deal of conﬁdence, only some conﬁdence, or hardly any conﬁdence at all in them? Press","-9. Refused
-7. Insuﬃcient partial, interview deleted
-6. No post interview
-5. Suﬃcient partial, breakoﬀ
-1. Inapplicable","1. A great deal
2. Only some
3. Hardly any"
V242620,POST: GSS: R’S CONFIDENCE IN SCIENTIFIC COMMUNITY Survey Question(s)GSSPOST_CONSCI Universe IF R IS IN GSS SAMPLE:,"As far as the people running these institutions are concerned, would you say that you have a great deal of conﬁdence, only some conﬁdence, or hardly any conﬁdence at all in them? Scientiﬁc Community","-9. Refused
-7. Insuﬃcient partial, interview deleted
-6. No post interview
-5. Suﬃcient partial, breakoﬀ
-1. Inapplicable","1. A great deal
2. Only some
3. Hardly any"
V242621,POST: GSS: SOCIAL NETWORK IDEOLOGY Survey Question(s)GSSPOST_NETWORKPOST Universe IF R IS IN GSS SAMPLE:,"People may encounter diﬀerent mixes of political views in conversation. How about you? When you have political conversations with family, friends, neighbors and coworkers are the views you hear… 588 CODEBOOK: VARIABLES","-9. Refused
-7. Insuﬃcient partial, interview deleted
-6. No post interview
-5. Suﬃcient partial, breakoﬀ
-1. Inapplicable","1. Almost all liberal views
2. Mostly liberal but some conservative views
3. About an equal mix
4. Mostly conservative but some liberal views
5. Almost all conservative views
6. I don’t have conversations about politics"
V242630a,POST: IWR OBS: WHO ELSE WAS PRESENT DURING THE INTERVIEW - NOBODY [MENTION] Survey Question(s)IWROBSPO_OTHPRESPO Universe IF MODE IS FTF:,Others present at time of interview:,-1. Inapplicable,"0. Not mentioned
1. Mentioned"
V242630b,POST: IWR OBS: WHO ELSE WAS PRESENT DURING THE INTERVIEW - CHILD UNDER 6 YEARS OLD [MENTION] Survey Question(s)IWROBSPO_OTHPRESPO Universe IF MODE IS FTF: POST-ELECTION SURVEY VARIABLES 589,Others present at time of interview:,-1. Inapplicable,"0. Not mentioned
1. Mentioned"
V242630c,POST: IWR OBS: WHO ELSE WAS PRESENT DURING THE INTERVIEW - CHILD BETWEEN 6 AND 17 YEARS OLD [MENTION] Survey Question(s)IWROBSPO_OTHPRESPO Universe IF MODE IS FTF:,Others present at time of interview:,-1. Inapplicable,"0. Not mentioned
1. Mentioned"
V242630d,POST: IWR OBS: WHO ELSE WAS PRESENT DURING THE INTERVIEW - R’S SPOUSE OR PARTNER [MENTION] Survey Question(s)IWROBSPO_OTHPRESPO Universe IF MODE IS FTF:,Others present at time of interview:,-1. Inapplicable,"0. Not mentioned
1. Mentioned"
V242630,e POST: IWR OBS: WHO ELSE WAS PRESENT DURING THE INTERVIEW - OTHER ADULT RELATIVE [MENTION] Survey Question(s)IWROBSPO_OTHPRESPO Universe IF MODE IS FTF:,Others present at time of interview:,-1. Inapplicable,"0. Not mentioned
1. Mentioned"
V242630,f POST: IWR OBS: WHO ELSE WAS PRESENT DURING THE INTERVIEW - OTHER ADULT NON- RELATIVE [MENTION] 590 CODEBOOK: VARIABLES Survey Question(s)IWROBSPO_OTHPRESPO Universe IF MODE IS FTF:,Others present at time of interview:,-1. Inapplicable,"0. Not mentioned
1. Mentioned"
V242630g,POST: IWR OBS: WHO ELSE WAS PRESENT DURING THE INTERVIEW - UNKNOWN PERSONS [MENTION] Survey Question(s)IWROBSPO_OTHPRESPO Universe IF MODE IS FTF:,Others present at time of interview:,-1. Inapplicable,"0. Not mentioned
1. Mentioned"
V242631,POST: IWR OBS: OBSERVED GENDER Survey Question(s)IWROBSPO_GENDERPO Universe IF MODE IS FTF:,Is R a man or a woman?,"-8. Don’t know
-1. Inapplicable","1. Male
2. Female"
V242632,POST: IWR OBS: ESTIMATED AGE Survey Question(s)IWROBSPO_ESTAGE POST-ELECTION SURVEY VARIABLES 591 Universe IF MODE IS FTF:,What would you estimate R’s age to be?,"-8. Don’t know
-1. Inapplicable",80. 80 years or older
V242633,POST: IWR OBS: R’S LEVEL OF COOPERATION Survey Question(s)IWROBSPO_COOPPO Universe IF MODE IS FTF:,R’s cooperation was:,"-8. Don’t know
-1. Inapplicable","1. Very good
2. Good
3. Fair
4. Poor
5. Very poor"
V242634,POST: IWR OBS: R’S GENERAL LEVEL OF INFORMATION ABOUT POLITICS/PUBLIC AFFAIRS Survey Question(s)IWROBSPO_LEVINFPO Universe IF MODE IS FTF:,R’s general level of information about politics and public aﬀairs seemed:,"-8. Don’t know
-1. Inapplicable","1. Very high
2. Fairly high
3. Average
4. Fairly low
5. Very low"
V242635,POST: IWR OBS: R’S APPARENT INTELLIGENCE Survey Question(s)IWROBSPO_INTELLPO Universe IF MODE IS FTF:,R’s apparent intelligence: 592 CODEBOOK: VARIABLES,"-8. Don’t know
-1. Inapplicable","1. Very high
2. Fairly high
3. Average
4. Fairly low
5. Very low"
V242636,POST: IWR OBS: HOW SUSPICIOUS DID R SEEM TO BE ABOUT THE STUDY BEFORE THE INTERVIEW? Survey Question(s)IWROBSPO_SUSPICPO Universe IF MODE IS FTF:,How suspicious did R seem to be about the study before the interview?,"-8. Don’t know
-1. Inapplicable","1. Not at all suspicious
2. Somewhat suspicious
3. Very suspicious"
V242637,"POST: IWR OBS: OVERALL, HOW GREAT WAS R’S INTEREST IN THE INTERVIEW? Survey Question(s)IWROBSPO_INTIWPO Universe IF MODE IS FTF: POST-ELECTION SURVEY VARIABLES 593","Overall, how great was R’s interest in the interview?","-8. Don’t know
-1. Inapplicable","1. Very high
2. Fairly high
3. Average
4. Fairly low
5. Very low"
V242638,POST: IWR OBS: HOW HONEST DID R SEEM TO BE IN HIS OR HER ANSWERS? Survey Question(s)IWROBSPO_HONESTPO Universe IF MODE IS FTF:,How honest did R seem to be in his or her answers?,"-8. Don’t know
-1. Inapplicable","1. Completely honest
2. Usually honest
3. Often seemed to be dishonest"
V242639a,POST: IWR OBS: R’S REACTION TO INTERVIEW - NEGATIVE (GENERAL) [MENTION] Survey Question(s)IWROBSPO_REACTPO Universe IF MODE IS FTF:,R’s reaction to interview:,-1. Inapplicable,"0. Not mentioned
1. Mentioned"
V242639b,POST: IWR OBS: R’S REACTION TO INTERVIEW - NEGATIVE (TOO LONG) [MENTION] Survey Question(s)IWROBSPO_REACTPO Universe IF MODE IS FTF:,R’s reaction to interview:,-1. Inapplicable,"0. Not mentioned
1. Mentioned"
V242639c,POST: IWR OBS: R’S REACTION TO INTERVIEW - NEGATIVE (TOO COMPLICATED) [MENTION] Survey Question(s)IWROBSPO_REACTPO Universe IF MODE IS FTF:,R’s reaction to interview: 594 CODEBOOK: VARIABLES,-1. Inapplicable,"0. Not mentioned
1. Mentioned"
V242639d,POST: IWR OBS: R’S REACTION TO INTERVIEW - NEGATIVE (BORING/TEDIOUS/REPETITIOUS) [MENTION] Survey Question(s)IWROBSPO_REACTPO Universe IF MODE IS FTF:,R’s reaction to interview:,-1. Inapplicable,"0. Not mentioned
1. Mentioned"
V242639,e POST: IWR OBS: R’S REACTION TO INTERVIEW - R WANTED TO STOP BEFORE INTERVIEW COMPLETE [MENTION] Survey Question(s)IWROBSPO_REACTPO Universe IF MODE IS FTF:,R’s reaction to interview:,-1. Inapplicable,"0. Not mentioned
1. Mentioned"
V242639,f POST: IWR OBS: R’S REACTION TO INTERVIEW - R WAS ILL/DEAF/TIRED/HAD BAD EYESIGHT [MENTION] POST-ELECTION SURVEY VARIABLES 595 Survey Question(s)IWROBSPO_REACTPO Universe IF MODE IS FTF:,R’s reaction to interview:,-1. Inapplicable,"0. Not mentioned
1. Mentioned"
V242639g,POST: IWR OBS: R’S REACTION TO INTERVIEW - R EXPRESSED LACK OF KNOWLEDGE FOR INTERVIEW [MENTION] Survey Question(s)IWROBSPO_REACTPO Universe IF MODE IS FTF:,R’s reaction to interview:,-1. Inapplicable,"0. Not mentioned
1. Mentioned"
V242639,h POST: IWR OBS: R’S REACTION TO INTERVIEW - R STRESSED/AGITATED BY INTERVIEW PROCESS [MENTION] Survey Question(s)IWROBSPO_REACTPO Universe IF MODE IS FTF:,R’s reaction to interview:,-1. Inapplicable,"0. Not mentioned
1. Mentioned"
V242639i,POST: IWR OBS: R’S REACTION TO INTERVIEW - R BECAME ANGRY AT INTERVIEW CONTENT [MENTION] Survey Question(s)IWROBSPO_REACTPO Universe IF MODE IS FTF: 596 CODEBOOK: VARIABLES,R’s reaction to interview:,-1. Inapplicable,"0. Not mentioned
1. Mentioned"
V242639,j POST: IWR OBS: R’S REACTION TO INTERVIEW - R CONCERNED WITH SAMPLING PURPOSE OR BIAS [MENTION] Survey Question(s)IWROBSPO_REACTPO Universe IF MODE IS FTF:,R’s reaction to interview:,-1. Inapplicable,"0. Not mentioned
1. Mentioned"
V242639,k POST: IWR OBS: R’S REACTION TO INTERVIEW - R COULD NOT READ RESPONDENT BOOKLET [MENTION] Survey Question(s)IWROBSPO_REACTPO Universe IF MODE IS FTF:,R’s reaction to interview:,-1. Inapplicable,"0. Not mentioned
1. Mentioned"
V242639,mPOST: IWR OBS: R’S REACTION TO INTERVIEW - R APPEARED TO ENJOY INTERVIEW [MENTION] Survey Question(s)IWROBSPO_REACTPO Universe IF MODE IS FTF:,R’s reaction to interview:,-1. Inapplicable,"0. Not mentioned
1. Mentioned"
V242639,nPOST: IWR OBS: R’S REACTION TO INTERVIEW - NEUTRAL OR NO FEEDBACK [MENTION] Survey Question(s)IWROBSPO_REACTPO Universe IF MODE IS FTF:,R’s reaction to interview: SAMPLE VARIABLES 597,-1. Inapplicable,"0. Not mentioned
1. Mentioned"
V242639,p POST: IWR OBS: R’S REACTION TO INTERVIEW - R HAD DIFFICULTY WITH SELECTED LANGUAGE OF INTERVIEW [MENTION] Survey Question(s)IWROBSPO_REACTPO Universe IF MODE IS FTF:,R’s reaction to interview:,-1. Inapplicable,"0. Not mentioned
1. Mentioned"
V242640,POST: IWR OBS: DID IWR ENTER ANY OF THE CASI ANSWERS Survey Question(s)IWROBSPO_CASIANSPO Universe IF MODE IS FTF: SAMPLE VARIABLES,"Did you enter any of the CASI answers, or did the respondent enter all of the answers in CASI?","-8. Don’t know
-1. Inapplicable","1. Respondent entered all CASI answers
2. Interviewer entered at least one CASI answer"
V243001,SAMPLE: SAMPLE LOCATION STATE POSTAL ABBREVIATION 598 CODEBOOK: VARIABLES,,,
V243002,SAMPLE: SAMPLE LOCATION FIPS STATE CODE,,,"1. Alabama  2. Alaska  4. Arizona
5. Arkansas  6. California  8. Colorado
9. Connecticut  10. Delaware
11. Washington DC
12. Florida  13. Georgia   15. Hawaii
16. Idaho   17. Illinois   18. Indiana
19. Iowa   20. Kansas   21. Kentucky
22. Louisiana   23. Maine   24. Maryland
25. Massachusetts   26. Michigan   27. Minnesota
28. Mississippi   29. Missouri   30. Montana
31. Nebraska   32. Nevada   33. New Hampshire
34. New Jersey   35. New Mexico   36. New York
37. North Carolina   38. North Dakota   39. Ohio
40. Oklahoma   41. Oregon   42. Pennsylvania
44. Rhode Island   45. South Carolina   46. South Dakota
47. Tennessee   48. Texas   49. Utah
50. Vermont   51. Virginia   53. Washington
54. West Virginia   55. Wisconsin   56. Wyoming"
V243003,SAMPLE: RESTRICTED: FIPS COUNTY CODE,,-3. RESTRICTED,
V243004,SAMPLE: RESTRICTED: COUNTY NAME,,-3. RESTRICTED,
V243005,SAMPLE: RESTRICTED: ZIP CODE,,-3. RESTRICTED,
V243006,SAMPLE: RESTRICTED: CENSUS TRACT ADMINISTRATIVE VARIABLES 599,,-3. RESTRICTED,
V243007,SAMPLE: CENSUS REGION,,,"1. Northeast
2. Midwest
3. South
4. West"
V243008,SAMPLE: TIME ZONE (MAJORITY OF STATE),,,"1. Eastern
2. Central
3. Mountain
4. Paciﬁc
5. Alaska
6. Hawaii-Aleutian"
V243009,SAMPLE: SAMPLE LOCATION CONGRESSIONAL DISTRICT (119TH) ADMINISTRATIVE VARIABLES,,,
V243050,ADMIN: PRE-ELECTION INTERVIEW START DATE (YYYYMMDD),,,
V243051,ADMIN: PRE-ELECTION INTERVIEW START TIME (HHMMSS),,,
V243052,ADMIN: PRE-ELECTION INTERVIEW END DATE (YYYYMMDD) 600 CODEBOOK: VARIABLES,,,
V243053,ADMIN: PRE-ELECTION INTERVIEW END TIME (HHMMSS),,,
V243054,"ADMIN: COMPLETION DATE PRE-ELECTION PAPI SURVEY (YYYYMMDD) Survey Question(s)PAPI PRE Q47 Variable Note For PAPI cases, survey completion dates were only collected for the pre-election survey; completion dates were not collected for the post-election survey. This pertains only to PAPI cases.",,,
V243055,ADMIN: PRE-ELECTION INTERVIEW LENGTH (MINUTES),,-2. Missing,
V243059,ADMIN: PRE-ELECTION INCENTIVE PAID,,-1. Inapplicable,
V243056,ADMIN: PRE-ELECTION WEB DEVICE LOGINS: MOBILE,,-1. Inapplicable,"0. Did not login with mobile phone
1. Logged in with mobile phone"
V243057,ADMIN: PRE-ELECTION WEB DEVICE LOGINS: DESKTOP ADMINISTRATIVE VARIABLES 601,,-1. Inapplicable,"0. Did not login with desktop computer
1. Logged in with mobile desktop compute"
V243058,ADMIN: PRE-ELECTION WEB DEVICE LOGINS: TABLET,,-1. Inapplicable,"0. Did not login with tablet
1. Logged in with mobile tablet"
V243060,ADMIN: POST-ELECTION INTERVIEW START DATE (YYYYMMDD),,,
V243061,ADMIN: POST-ELECTION INTERVIEW START TIME (HHMMSS),,,
V243062,ADMIN: POST-ELECTION INTERVIEW END DATE (YYYYMMDD),,,
V243063,ADMIN: POST-ELECTION INTERVIEW END TIME (HHMMSS),,,
V243064,ADMIN: POST-ELECTION INTERVIEW LENGTH (MINUTES),,,
V243065,ADMIN: POST-ELECTION WEB DEVICE LOGINS: MOBILE 602 CODEBOOK: VARIABLES,,-1. Inapplicable,"0. Did not login with mobile phone
1. Logged in with mobile phone"
V243066,ADMIN: POST-ELECTION WEB DEVICE LOGINS: DESKTOP,,-1. Inapplicable,"0. Did not login with desktop computer
1. Logged in with desktop computer"
V243067,ADMIN: POST-ELECTION WEB DEVICE LOGINS: TABLET SCREENER VARIABLES,,-1. Inapplicable,"0. Did not login with tablet
1. Logged in with tablet"
V243100,SCREENER: NUMBER OF ADULTS IN HH,,-2. Data will be available in the 2024 ANES Methodology ﬁle,
V243101,SCREENER: NUMBER OF ELIGIBLE US CITIZEN ADULTS IN HH,,-2. Data will be available in the 2024 ANES Methodology ﬁle,
V243102,SCREENER: WAS SCREENER R SELECTED FOR PRE-ELECTION STUDY RANDOMIZATION VARIABLES 603 RANDOMIZATION VARIABLES,,-2. Data will be available in the 2024 ANES Methodology ﬁle,
V244001,RAND: FORWARD OR REVERSE ORDER OF RESPONSE OPTIONS (WHERE APPLICABLE) IN PRE AND POST,,-1. Inapplicable,"1. Forward order
2. Reverse order"
V244002,RAND: ORDER OF PARTIES IN SPLITTICKET QUESTION TEXT / RESPONSE OPTIONS,,-1. Inapplicable,"1. Democrats / Republicans
2. Republicans / Democrats"
V244003,RAND: SELECTED FOR GAYMARR OR GAYMARR2,,-1. Inapplicable,"1. Selected for GAYMARR
2. Selected for GAYMARR2"
V244004,RAND: ORDER OF PRESIDENTIAL CANDIDATES IN ABORTPRE SUBMODULE,,-1. Inapplicable,"1. Harris / Trump
2. Trump / Harris"
V244005,RAND: ORDER OF PARTIES IN RPTYID QUESTION TEXT / RESPONSE OPTIONS 604 CODEBOOK: VARIABLES,,-1. Inapplicable,"1. Democrats / Republicans
2. Republicans / Democrats"
V244006,RAND: ORDER IN WHICH ISRAELIS AND PALESTINIANS APPEAR IN QUESTION TEXT / RESPONSE OPTIONS FOR ITEM ISRPAL,,-1. Inapplicable,"1. Israelis / Palestinians
2. Palestinians / Israelis"
V244007,RAND: ORDER OF ITEMS IN EMOTION SUBMODULE - 1ST,,-1. Inapplicable,"0. EMOTHOPE
1. EMOTAFRAID
2. EMOTRAGE
3. EMOTANGRY
4. EMOTHAPPY
5. EMOTWORRY
6. EMOTPROUD
7. EMOTIRRIT
8. EMOTNERV"
V244008,RAND: ORDER OF ITEMS IN EMOTION SUBMODULE - 2ND,,-1. Inapplicable,"0. EMOTHOPE
1. EMOTAFRAID
2. EMOTRAGE
3. EMOTANGRY
4. EMOTHAPPY
5. EMOTWORRY
6. EMOTPROUD
7. EMOTIRRIT
8. EMOTNERV"
V244009,RAND: ORDER OF ITEMS IN EMOTION SUBMODULE - 3RD RANDOMIZATION VARIABLES 605,,-1. Inapplicable,"0. EMOTHOPE
1. EMOTAFRAID
2. EMOTRAGE
3. EMOTANGRY
4. EMOTHAPPY
5. EMOTWORRY
6. EMOTPROUD
7. EMOTIRRIT
8. EMOTNERV"
V244010,RAND: ORDER OF ITEMS IN EMOTION SUBMODULE - 4TH,,-1. Inapplicable,"0. EMOTHOPE
1. EMOTAFRAID
2. EMOTRAGE
3. EMOTANGRY
4. EMOTHAPPY
5. EMOTWORRY
6. EMOTPROUD
7. EMOTIRRIT
8. EMOTNERV"
V244011,RAND: ORDER OF ITEMS IN EMOTION SUBMODULE - 5TH,,-1. Inapplicable,"0. EMOTHOPE
1. EMOTAFRAID
2. EMOTRAGE
3. EMOTANGRY
4. EMOTHAPPY
5. EMOTWORRY
6. EMOTPROUD
7. EMOTIRRIT
8. EMOTNERV"
V244012,RAND: ORDER OF ITEMS IN EMOTION SUBMODULE - 6TH 606 CODEBOOK: VARIABLES,,-1. Inapplicable,"0. EMOTHOPE
1. EMOTAFRAID
2. EMOTRAGE
3. EMOTANGRY
4. EMOTHAPPY
5. EMOTWORRY
6. EMOTPROUD
7. EMOTIRRIT
8. EMOTNERV"
V244013,RAND: ORDER OF ITEMS IN EMOTION SUBMODULE - 7TH,,-1. Inapplicable,"0. EMOTHOPE
1. EMOTAFRAID
2. EMOTRAGE
3. EMOTANGRY
4. EMOTHAPPY
5. EMOTWORRY
6. EMOTPROUD
7. EMOTIRRIT
8. EMOTNERV"
V244014,RAND: ORDER OF ITEMS IN EMOTION SUBMODULE - 8TH,,-1. Inapplicable,"0. EMOTHOPE
1. EMOTAFRAID
2. EMOTRAGE
3. EMOTANGRY
4. EMOTHAPPY
5. EMOTWORRY
6. EMOTPROUD
7. EMOTIRRIT
8. EMOTNERV"
V244015,RAND: ORDER OF ITEMS IN EMOTION SUBMODULE - 9TH RANDOMIZATION VARIABLES 607,,-1. Inapplicable,"0. EMOTHOPE
1. EMOTAFRAID
2. EMOTRAGE
3. EMOTANGRY
4. EMOTHAPPY
5. EMOTWORRY
6. EMOTPROUD
7. EMOTIRRIT
8. EMOTNERV"
V244016,"RAND: ORDER OF THERMOMETERS (THDPC, THRPC, BIDEN) - 1ST",,-1. Inapplicable,"0. THDPC
1. THRPC
2. THBIDEN"
V244017,"RAND: ORDER OF THERMOMETERS (THDPC, THRPC, BIDEN) - 2ND",,-1. Inapplicable,"0. THDPC
1. THRPC
2. THBIDEN"
V244018,"RAND: ORDER OF THERMOMETERS (THDPC, THRPC, BIDEN) - 3RD",,-1. Inapplicable,"0. THDPC
1. THRPC
2. THBIDEN"
V244019,"RAND: ORDER OF THERMOMETERS (THRFK, THSHAPIRO, THWHITMER, THKELLY , THCOOPER, THDVPC, THRVPC) - 1ST 608 CODEBOOK: VARIABLES",,-1. Inapplicable,"0. THRFK
1. THSHAPIRO
2. THWHITMER
3. THKELLY
4. THCOOPER
5. THDVPC
6. THRVPC"
V244020,"RAND: ORDER OF THERMOMETERS (THRFK, THSHAPIRO, THWHITMER, THKELLY , THCOOPER, THDVPC, THRVPC) - 2ND",,-1. Inapplicable,"0. THRFK
1. THSHAPIRO
2. THWHITMER
3. THKELLY
4. THCOOPER
5. THDVPC
6. THRVPC"
V244021,"RAND: ORDER OF THERMOMETERS (THRFK, THSHAPIRO, THWHITMER, THKELLY , THCOOPER, THDVPC, THRVPC) - 3RD",,-1. Inapplicable,"0. THRFK
1. THSHAPIRO
2. THWHITMER
3. THKELLY
4. THCOOPER
5. THDVPC
6. THRVPC"
V244022,"RAND: ORDER OF THERMOMETERS (THRFK, THSHAPIRO, THWHITMER, THKELLY , THCOOPER, THDVPC, THRVPC) - 4TH RANDOMIZATION VARIABLES 609",,-1. Inapplicable,"0. THRFK
1. THSHAPIRO
2. THWHITMER
3. THKELLY
4. THCOOPER
5. THDVPC
6. THRVPC"
V244023,"RAND: ORDER OF THERMOMETERS (THRFK, THSHAPIRO, THWHITMER, THKELLY , THCOOPER, THDVPC, THRVPC) - 5TH",,-1. Inapplicable,"0. THRFK
1. THSHAPIRO
2. THWHITMER
3. THKELLY
4. THCOOPER
5. THDVPC
6. THRVPC"
V244024,"RAND: ORDER OF THERMOMETERS (THRFK, THSHAPIRO, THWHITMER, THKELLY , THCOOPER, THDVPC, THRVPC) - 6TH",,-1. Inapplicable,"0. THRFK
1. THSHAPIRO
2. THWHITMER
3. THKELLY
4. THCOOPER
5. THDVPC
6. THRVPC"
V244025,"RAND: ORDER OF THERMOMETERS (THRFK, THSHAPIRO, THWHITMER, THKELLY , THCOOPER, THDVPC, THRVPC) - 7TH 610 CODEBOOK: VARIABLES",,-1. Inapplicable,"0. THRFK
1. THSHAPIRO
2. THWHITMER
3. THKELLY
4. THCOOPER
5. THDVPC
6. THRVPC"
V244026,"RAND: ORDER OF THERMOMETERS (THDPTY , THRPTY)",,-1. Inapplicable,"1. Democrat, Republican
2. Republican, Democrat"
V244027,RAND: ORDER OF PARTIES IN PTYLIK SUBMODULE,,-1. Inapplicable,"1. Democrat, Republican
2. Republican, Democrat"
V244028,RAND: ORDER OF PRESIDENTIAL CANDIDATES IN LIBCPRE SUBMODULE,,-1. Inapplicable,"1. Democrat, Republican
2. Republican, Democrat"
V244029,RAND: ORDER OF HOUSE CANDIDATES IN LIBCPRE SUBMODULE RANDOMIZATION VARIABLES 611,,-1. Inapplicable,"1. Democrat, Republican
2. Republican, Democrat"
V244030,RAND: ORDER OF PARTIES IN LIBCPRE SUBMODULE,,-1. Inapplicable,"1. Democrat, Republican
2. Republican, Democrat"
V244031,RAND: ORDER OF PRESIDENTIAL CANDIDATES IN CTRAIT SUBMODULE,,-1. Inapplicable,"1. Democrat, Republican
2. Republican, Democrat"
V244032,RAND: ORDER OF ITEMS IN CTRAIT SUBMODULE - 1ST,,-1. Inapplicable,"0. LEAD
1. CARE
2. KNOW
3. HONST
4. ENERG"
V244033,RAND: ORDER OF ITEMS IN CTRAIT SUBMODULE - 2ND,,-1. Inapplicable,"0. LEAD
1. CARE
2. KNOW
3. HONST
4. ENERG"
V244034,RAND: ORDER OF ITEMS IN CTRAIT SUBMODULE - 3RD 612 CODEBOOK: VARIABLES,,-1. Inapplicable,"0. LEAD
1. CARE
2. KNOW
3. HONST
4. ENERG"
V244035,RAND: ORDER OF ITEMS IN CTRAIT SUBMODULE - 4TH,,-1. Inapplicable,"0. LEAD
1. CARE
2. KNOW
3. HONST
4. ENERG"
V244036,RAND: ORDER OF ITEMS IN CTRAIT SUBMODULE - 5TH,,-1. Inapplicable,"0. LEAD
1. CARE
2. KNOW
3. HONST
4. ENERG"
V244037,RAND: ORDER OF PRESIDENTIAL CANDIDATES IN SPSRVPR SUBMODULE,,-1. Inapplicable,"1. Democrat, Republican
2. Republican, Democrat"
V244038,RAND: ORDER OF PRESIDENTIAL CANDIDATES IN DEFSPPR SUBMODULE RANDOMIZATION VARIABLES 613,,-1. Inapplicable,"1. Democrat, Republican
2. Republican, Democrat"
V244039,RAND: ORDER OF PRESIDENTIAL CANDIDATES IN INSPRE SUBMODULE,,-1. Inapplicable,"1. Democrat, Republican
2. Republican, Democrat"
V244040,RAND: ORDER OF PRESIDENTIAL CANDIDATES IN ABRTPRE SUBMODULE,,-1. Inapplicable,"1. Democrat, Republican
2. Republican, Democrat"
V244041,RAND: ORDER OF PRESIDENTIAL CANDIDATES IN GUARPR SUBMODULE,,-1. Inapplicable,"1. Democrat, Republican
2. Republican, Democrat"
V244042,RAND: ORDER OF PRESIDENTIAL CANDIDATES IN AIDBPR SUBMODULE,,-1. Inapplicable,"1. Democrat, Republican
2. Republican, Democrat"
V244043,RAND: ORDER OF PRESIDENTIAL CANDIDATES IN ENVBUS SUBMODULE,,-1. Inapplicable,"1. Democrat, Republican
2. Republican, Democrat"
V244044,RAND: ORDER OF ITEMS IN FEDSPEND SUBMODULE - 1ST 614 CODEBOOK: VARIABLES,,-1. Inapplicable,"0. FSSS
1. FSPUBS
2. FSBRDR
3. FSCRM
4. FSWELF
5. FSHIGH
6. FSPR
7. FSENV"
V244045,RAND: ORDER OF ITEMS IN FEDSPEND SUBMODULE - 2ND,,,
V244046,RAND: ORDER OF ITEMS IN FEDSPEND SUBMODULE - 3RD,,,
V244047,RAND: ORDER OF ITEMS IN FEDSPEND SUBMODULE - 4TH,,,
V244048,RAND: ORDER OF ITEMS IN FEDSPEND SUBMODULE - 5TH,,,
V244049,RAND: ORDER OF ITEMS IN FEDSPEND SUBMODULE - 6TH RANDOMIZATION VARIABLES 615,,,
V244050,RAND: ORDER OF ITEMS IN FEDSPEND SUBMODULE - 7TH,,,
V244051,RAND: ORDER OF ITEMS IN FEDSPEND SUBMODULE - 8TH,,,
V244052,RAND: ORDER OF ITEMS IN DISQUAL SUBMODULE - 1ST,,-1. Inapplicable,"0. FELON
1. DOCS
2. SEXHAR"
V244053,RAND: ORDER OF ITEMS IN DISQUAL SUBMODULE - 2ND,,-1. Inapplicable,"0. FELON
1. DOCS
2. SEXHAR"
V244054,RAND: ORDER OF ITEMS IN DISQUAL SUBMODULE - 3RD,,-1. Inapplicable,"0. FELON
1. DOCS
2. SEXHAR"
V244055,"RAND: ORDER OF RESPONSE OPTIONS TVPROGS ITEM (FIRST SCREEN, NON-SPANISH) - 1ST 616 CODEBOOK: VARIABLES Variable Note R’s that self-identiﬁed as Hispanic at V241499 received an extra set of Spanish language television programs in the response options; these were randomized along with the English language television programs. A full randomization sequence was created for both English only and English plus Spanish response options for all respondents. If V241499 = 1, the randomization for the English plus Spanish language television programs was utilized and is described in variables V244088 through V244136. If V241499 = 2, the randomization sequence for English only television programs was utilized and is described in variables V244055 through",,-1. Inapplicable,"0. FBI (CBS)
1. Hannity (Fox)
2. Jesse Watters Primetime (Fox)
3. The Rachel Maddow Show (MSNBC)
4. The Last Word with Lawrence O’Donnell (MSNBC)
5. The Five (Fox)
6. The Ingraham Angle (Fox)
7. Gutfeld! (Fox)
8. The Lead with Jake Tapper (CNN)
9. Shark Tank (ABC)
10. Special Report with Bret Baier (Fox)
11. CBS Evening News with Norah O’Donnell
12. World News Tonight with David Muir (ABC)
13. Nightly News with Lester Holt (NBC)
14. Fareed Zakaria GPS (CNN)
15. NCIS (CBS)
16. The Daily Show with Jon Stewart
17. Anderson Cooper 360 (CNN)
18. Erin Burnett OutFront (CNN)
19. 60 Minutes (CBS)
20. 20/20 (ABC)
21. Dateline (NBC)
22. Face the Nation (CBS)
23. Meet the Press (NBC)
24. The Price is Right (CBS)
25. Good Morning America (ABC)
26. Today (NBC)
27. Outnumbered (Fox)
28. Deadline: White House (MSNBC)
29. All In with Chris Hayes (MSNBC)
30. The 11th Hour with Stephanie Ruhle (MSNBC)
31. PBS NewsHour
32. Saturday Night Live (NBC)"
V244087,.,,,
V244056,"RAND: ORDER OF RESPONSE OPTIONS TVPROGS ITEM (FIRST SCREEN, NON-SPANISH) - 2ND RANDOMIZATION VARIABLES 617",,,
V244057,"RAND: ORDER OF RESPONSE OPTIONS TVPROGS ITEM (FIRST SCREEN, NON-SPANISH) - 3RD",,,
V244058,"RAND: ORDER OF RESPONSE OPTIONS TVPROGS ITEM (FIRST SCREEN, NON-SPANISH) - 4TH",,,
V244059,"RAND: ORDER OF RESPONSE OPTIONS TVPROGS ITEM (FIRST SCREEN, NON-SPANISH) - 5TH",,,
V244060,"RAND: ORDER OF RESPONSE OPTIONS TVPROGS ITEM (FIRST SCREEN, NON-SPANISH) - 6TH",,,
V244061,"RAND: ORDER OF RESPONSE OPTIONS TVPROGS ITEM (FIRST SCREEN, NON-SPANISH) - 7TH",,,
V244062,"RAND: ORDER OF RESPONSE OPTIONS TVPROGS ITEM (FIRST SCREEN, NON-SPANISH) - 8TH",,,
V244063,"RAND: ORDER OF RESPONSE OPTIONS TVPROGS ITEM (FIRST SCREEN, NON-SPANISH) - 9TH 618 CODEBOOK: VARIABLES",,,
V244064,"RAND: ORDER OF RESPONSE OPTIONS TVPROGS ITEM (FIRST SCREEN, NON-SPANISH) - 10TH",,,
V244065,"RAND: ORDER OF RESPONSE OPTIONS TVPROGS ITEM (FIRST SCREEN, NON-SPANISH) - 11TH",,,
V244066,"RAND: ORDER OF RESPONSE OPTIONS TVPROGS ITEM (FIRST SCREEN, NON-SPANISH) - 12TH",,,
V244067,"RAND: ORDER OF RESPONSE OPTIONS TVPROGS ITEM (FIRST SCREEN, NON-SPANISH) - 13TH",,,
V244068,"RAND: ORDER OF RESPONSE OPTIONS TVPROGS ITEM (FIRST SCREEN, NON-SPANISH) - 14TH",,,
V244069,"RAND: ORDER OF RESPONSE OPTIONS TVPROGS ITEM (FIRST SCREEN, NON-SPANISH) - 15TH",,,
V244070,"RAND: ORDER OF RESPONSE OPTIONS TVPROGS ITEM (FIRST SCREEN, NON-SPANISH) - 16TH RANDOMIZATION VARIABLES 619",,,
V244071,"RAND: ORDER OF RESPONSE OPTIONS TVPROGS ITEM (FIRST SCREEN, NON-SPANISH) - 17TH",,,
V244072,"RAND: ORDER OF RESPONSE OPTIONS TVPROGS ITEM (SECOND SCREEN, NON-SPANISH) - 1ST",,,
V244073,"RAND: ORDER OF RESPONSE OPTIONS TVPROGS ITEM (SECOND SCREEN, NON-SPANISH) - 2ND",,,
V244074,"RAND: ORDER OF RESPONSE OPTIONS TVPROGS ITEM (SECOND SCREEN, NON-SPANISH) - 3RD",,,
V244075,"RAND: ORDER OF RESPONSE OPTIONS TVPROGS ITEM (SECOND SCREEN, NON-SPANISH) - 4TH",,,
V244076,"RAND: ORDER OF RESPONSE OPTIONS TVPROGS ITEM (SECOND SCREEN, NON-SPANISH) - 5TH",,,
V244077,"RAND: ORDER OF RESPONSE OPTIONS TVPROGS ITEM (SECOND SCREEN, NON-SPANISH) - 6TH 620 CODEBOOK: VARIABLES",,,
V244078,"RAND: ORDER OF RESPONSE OPTIONS TVPROGS ITEM (SECOND SCREEN, NON-SPANISH) - 7TH",,,
V244079,"RAND: ORDER OF RESPONSE OPTIONS TVPROGS ITEM (SECOND SCREEN, NON-SPANISH) - 8TH",,,
V244080,"RAND: ORDER OF RESPONSE OPTIONS TVPROGS ITEM (SECOND SCREEN, NON-SPANISH) - 9TH",,,
V244081,"RAND: ORDER OF RESPONSE OPTIONS TVPROGS ITEM (SECOND SCREEN, NON-SPANISH) - 10TH",,,
V244082,"RAND: ORDER OF RESPONSE OPTIONS TVPROGS ITEM (SECOND SCREEN, NON-SPANISH) - 11TH",,,
V244083,"RAND: ORDER OF RESPONSE OPTIONS TVPROGS ITEM (SECOND SCREEN, NON-SPANISH) - 12TH",,,
V244084,"RAND: ORDER OF RESPONSE OPTIONS TVPROGS ITEM (SECOND SCREEN, NON-SPANISH) - 13TH RANDOMIZATION VARIABLES 621",,,
V244085,"RAND: ORDER OF RESPONSE OPTIONS TVPROGS ITEM (SECOND SCREEN, NON-SPANISH) - 14TH",,,
V244086,"RAND: ORDER OF RESPONSE OPTIONS TVPROGS ITEM (SECOND SCREEN, NON-SPANISH) - 15TH",,,
V244087,"RAND: ORDER OF RESPONSE OPTIONS TVPROGS ITEM (SECOND SCREEN, NON-SPANISH) - 16TH",,,
V244088,"RAND: ORDER OF RESPONSE OPTIONS TVPROGS ITEM (FIRST SCREEN, SPANISH) - 1ST 622 CODEBOOK: VARIABLES RANDOMIZATION VARIABLES 623 Variable Note R’s that self-identiﬁed as Hispanic at V241499 received an extra set of Spanish language television programs in the response options; these were randomized along with the English language television programs. A full randomization sequence was created for both English only and English plus Spanish response options for all respondents. If V241499 = 1, the randomization for the English plus Spanish language television programs was utilized and is described in variables V244088 through V244136. If V241499 = 2, the randomization sequence for English only television programs was utilized and is described in variables V244055 through",,-1. Inapplicable,"0. FBI (CBS)
1. Hannity (Fox)
2. Jesse Watters Primetime (Fox)
3. The Rachel Maddow Show (MSNBC)
4. The Last Word with Lawrence O’Donnell (MSNBC)
5. The Five (Fox)
6. The Ingraham Angle (Fox)
7. Gutfeld! (Fox)
8. The Lead with Jake Tapper (CNN)
9. Shark Tank (ABC)
10. Special Report with Bret Baier (Fox)
11. CBS Evening News with Norah O’Donnell
12. World News Tonight with David Muir (ABC)
13. Nightly News with Lester Holt (NBC)
14. Fareed Zakaria GPS (CNN)
15. NCIS (CBS)
16. The Daily Show with Jon Stewart
17. Anderson Cooper 360 (CNN)
18. Erin Burnett OutFront (CNN)
19. 60 Minutes (CBS)
20. 20/20 (ABC)
21. Dateline (NBC)
22. Face the Nation (CBS)
23. Meet the Press (NBC)
24. The Price is Right (CBS)
25. Good Morning America (ABC)
26. Today (NBC)
27. Outnumbered (Fox)
28. Deadline: White House (MSNBC)
29. All In with Chris Hayes (MSNBC)
30. The 11th Hour with Stephanie Ruhle (MSNBC)
31. PBS NewsHour
32. Saturday Night Live (NBC)
33. Al Punto
34. Al Rojo Vivo
35. Primero Lo Nuestro
36. Aqui y Ahora
37. Cronicas
38. Despierta America
39. La Casa de los Famosos
40. Hoy
41. El Senor de los Cielos
42. Noticiero Estrella TV
43. Noticiero Telemundo
44. Noticiero Univision
45. Un Nuevo Dia
46. Primer Impacto
47. Tu Vida Es Mi Vida
48. Vivir de Amor"
V244087,.,,,
V244089,"RAND: ORDER OF RESPONSE OPTIONS TVPROGS ITEM (FIRST SCREEN, SPANISH) - 2ND",,,
V244090,"RAND: ORDER OF RESPONSE OPTIONS TVPROGS ITEM (FIRST SCREEN, SPANISH) - 3RD",,,
V244091,"RAND: ORDER OF RESPONSE OPTIONS TVPROGS ITEM (FIRST SCREEN, SPANISH) - 4TH",,,
V244092,"RAND: ORDER OF RESPONSE OPTIONS TVPROGS ITEM (FIRST SCREEN, SPANISH) - 5TH",,,
V244093,"RAND: ORDER OF RESPONSE OPTIONS TVPROGS ITEM (FIRST SCREEN, SPANISH) - 6TH 624 CODEBOOK: VARIABLES",,,
V244094,"RAND: ORDER OF RESPONSE OPTIONS TVPROGS ITEM (FIRST SCREEN, SPANISH) - 7TH",,,
V244095,"RAND: ORDER OF RESPONSE OPTIONS TVPROGS ITEM (FIRST SCREEN, SPANISH) - 8TH",,,
V244096,"RAND: ORDER OF RESPONSE OPTIONS TVPROGS ITEM (FIRST SCREEN, SPANISH) - 9TH",,,
V244097,"RAND: ORDER OF RESPONSE OPTIONS TVPROGS ITEM (FIRST SCREEN, SPANISH) - 10TH",,,
V244098,"RAND: ORDER OF RESPONSE OPTIONS TVPROGS ITEM (FIRST SCREEN, SPANISH) - 11TH",,,
V244099,"RAND: ORDER OF RESPONSE OPTIONS TVPROGS ITEM (FIRST SCREEN, SPANISH) - 12TH",,,
V244100,"RAND: ORDER OF RESPONSE OPTIONS TVPROGS ITEM (FIRST SCREEN, SPANISH) - 13TH RANDOMIZATION VARIABLES 625",,,
V244101,"RAND: ORDER OF RESPONSE OPTIONS TVPROGS ITEM (FIRST SCREEN, SPANISH) - 14TH",,,
V244102,"RAND: ORDER OF RESPONSE OPTIONS TVPROGS ITEM (FIRST SCREEN, SPANISH) - 15TH",,,
V244103,"RAND: ORDER OF RESPONSE OPTIONS TVPROGS ITEM (FIRST SCREEN, SPANISH) - 16TH",,,
V244104,"RAND: ORDER OF RESPONSE OPTIONS TVPROGS ITEM (FIRST SCREEN, SPANISH) - 17TH",,,
V244105,"RAND: ORDER OF RESPONSE OPTIONS TVPROGS ITEM (SECOND SCREEN, SPANISH) - 1ST",,,
V244106,"RAND: ORDER OF RESPONSE OPTIONS TVPROGS ITEM (SECOND SCREEN, SPANISH) - 2ND",,,
V244107,"RAND: ORDER OF RESPONSE OPTIONS TVPROGS ITEM (SECOND SCREEN, SPANISH) - 3RD 626 CODEBOOK: VARIABLES",,,
V244108,"RAND: ORDER OF RESPONSE OPTIONS TVPROGS ITEM (SECOND SCREEN, SPANISH) - 4TH",,,
V244109,"RAND: ORDER OF RESPONSE OPTIONS TVPROGS ITEM (SECOND SCREEN, SPANISH) - 5TH",,,
V244110,"RAND: ORDER OF RESPONSE OPTIONS TVPROGS ITEM (SECOND SCREEN, SPANISH) - 6TH",,,
V244111,"RAND: ORDER OF RESPONSE OPTIONS TVPROGS ITEM (SECOND SCREEN, SPANISH) - 7TH",,,
V244112,"RAND: ORDER OF RESPONSE OPTIONS TVPROGS ITEM (SECOND SCREEN, SPANISH) - 8TH",,,
V244113,"RAND: ORDER OF RESPONSE OPTIONS TVPROGS ITEM (SECOND SCREEN, SPANISH) - 9TH",,,
V244114,"RAND: ORDER OF RESPONSE OPTIONS TVPROGS ITEM (SECOND SCREEN, SPANISH) - 10TH RANDOMIZATION VARIABLES 627",,,
V244115,"RAND: ORDER OF RESPONSE OPTIONS TVPROGS ITEM (SECOND SCREEN, SPANISH) - 11TH",,,
V244116,"RAND: ORDER OF RESPONSE OPTIONS TVPROGS ITEM (SECOND SCREEN, SPANISH) - 12TH",,,
V244117,"RAND: ORDER OF RESPONSE OPTIONS TVPROGS ITEM (SECOND SCREEN, SPANISH) - 13TH",,,
V244118,"RAND: ORDER OF RESPONSE OPTIONS TVPROGS ITEM (SECOND SCREEN, SPANISH) - 14TH",,,
V244119,"RAND: ORDER OF RESPONSE OPTIONS TVPROGS ITEM (SECOND SCREEN, SPANISH) - 15TH",,,
V244120,"RAND: ORDER OF RESPONSE OPTIONS TVPROGS ITEM (SECOND SCREEN, SPANISH) - 16TH",,,
V244121,"RAND: ORDER OF RESPONSE OPTIONS TVPROGS ITEM (THIRD SCREEN, SPANISH) - 1ST 628 CODEBOOK: VARIABLES",,,
V244122,"RAND: ORDER OF RESPONSE OPTIONS TVPROGS ITEM (THIRD SCREEN, SPANISH) - 2ND",,,
V244123,"RAND: ORDER OF RESPONSE OPTIONS TVPROGS ITEM (THIRD SCREEN, SPANISH) - 3RD",,,
V244124,"RAND: ORDER OF RESPONSE OPTIONS TVPROGS ITEM (THIRD SCREEN, SPANISH) - 4TH",,,
V244125,"RAND: ORDER OF RESPONSE OPTIONS TVPROGS ITEM (THIRD SCREEN, SPANISH) - 5TH",,,
V244126,"RAND: ORDER OF RESPONSE OPTIONS TVPROGS ITEM (THIRD SCREEN, SPANISH) - 6TH",,,
V244127,"RAND: ORDER OF RESPONSE OPTIONS TVPROGS ITEM (THIRD SCREEN, SPANISH) - 7TH",,,
V244128,"RAND: ORDER OF RESPONSE OPTIONS TVPROGS ITEM (THIRD SCREEN, SPANISH) - 8TH RANDOMIZATION VARIABLES 629",,,
V244129,"RAND: ORDER OF RESPONSE OPTIONS TVPROGS ITEM (THIRD SCREEN, SPANISH) - 9TH",,,
V244130,"RAND: ORDER OF RESPONSE OPTIONS TVPROGS ITEM (THIRD SCREEN, SPANISH) - 10TH",,,
V244131,"RAND: ORDER OF RESPONSE OPTIONS TVPROGS ITEM (THIRD SCREEN, SPANISH) - 11TH",,,
V244132,"RAND: ORDER OF RESPONSE OPTIONS TVPROGS ITEM (THIRD SCREEN, SPANISH) - 12TH",,,
V244133,"RAND: ORDER OF RESPONSE OPTIONS TVPROGS ITEM (THIRD SCREEN, SPANISH) - 13TH",,,
V244134,"RAND: ORDER OF RESPONSE OPTIONS TVPROGS ITEM (THIRD SCREEN, SPANISH) - 14TH",,,
V244135,"RAND: ORDER OF RESPONSE OPTIONS TVPROGS ITEM (THIRD SCREEN, SPANISH) - 15TH 630 CODEBOOK: VARIABLES",,,
V244136,"RAND: ORDER OF RESPONSE OPTIONS TVPROGS ITEM (THIRD SCREEN, SPANISH) - 16TH",,,
V244200,"RAND: ORDER OF ITEMS (DONATE, SPENDLIM, ORG, DIRECT) IN CAMPFIN SUBMODULE",,,"0. DONATE,SPENDLIM,ORG,DIRECT
1. DONATE,SPENDLIM,DIRECT,ORG
2. DONATE,ORG,DIRECT,SPENDLIM
3. DONATE,DIRECT,ORG,SPENDLIM
4. SPENDLIM,ORG,DIRECT,DONATE
5. SPENDLIM,DIRECT,ORG,DONATE
6. ORG,DIRECT,SPENDLIM,DONATE
7. DIRECT,ORG,SPENDLIM,DONATE"
V244201,RAND: ORDER OF PARTIES IN MIP SUBMODULE,,,"1. Democrat, Republican
2. Republican, Democrat"
V244202,RAND: ORDER OF PRESIDENTIAL CANDIDATE THERMOMETERS,,,"1. THPODPC, THPORPC
2. THPORPC, THPODPC"
V244203,"RAND: ORDER OF ITEMS IN THERMPO SUBMODULE (GROUP 1: THPOSDC, THPOSRC, THPOSSDC, THPOSSRC, THPODVPC, THPORVPC, BIDEN) - 1ST RANDOMIZATION VARIABLES 631",,,"0. THPOSDC
1. THPOSRC
2. THPOSSDC
3. THPOSSRC
4. THPODVPC
5. THPORVPC
6. BIDEN"
V244204,"RAND: ORDER OF ITEMS IN THERMPO SUBMODULE (GROUP 1: THPOSDC, THPOSRC, THPOSSDC, THPOSSRC, THPODVPC, THPORVPC, BIDEN) - 2ND",,,"0. THPOSDC
1. THPOSRC
2. THPOSSDC
3. THPOSSRC
4. THPODVPC
5. THPORVPC
6. BIDEN"
V244205,"RAND: ORDER OF ITEMS IN THERMPO SUBMODULE (GROUP 1: THPOSDC, THPOSRC, THPOSSDC, THPOSSRC, THPODVPC, THPORVPC, BIDEN) - 3RD",,,"0. THPOSDC
1. THPOSRC
2. THPOSSDC
3. THPOSSRC
4. THPODVPC
5. THPORVPC
6. BIDEN"
V244206,"RAND: ORDER OF ITEMS IN THERMPO SUBMODULE (GROUP 1: THPOSDC, THPOSRC, THPOSSDC, THPOSSRC, THPODVPC, THPORVPC, BIDEN) - 4TH 632 CODEBOOK: VARIABLES",,,"0. THPOSDC
1. THPOSRC
2. THPOSSDC
3. THPOSSRC
4. THPODVPC
5. THPORVPC
6. BIDEN"
V244207,"RAND: ORDER OF ITEMS IN THERMPO SUBMODULE (GROUP 1: THPOSDC, THPOSRC, THPOSSDC, THPOSSRC, THPODVPC, THPORVPC, BIDEN) - 5TH",,,"0. THPOSDC
1. THPOSRC
2. THPOSSDC
3. THPOSSRC
4. THPODVPC
5. THPORVPC
6. BIDEN"
V244208,"RAND: ORDER OF ITEMS IN THERMPO SUBMODULE (GROUP 1: THPOSDC, THPOSRC, THPOSSDC, THPOSSRC, THPODVPC, THPORVPC, BIDEN) - 6TH",,,"0. THPOSDC
1. THPOSRC
2. THPOSSDC
3. THPOSSRC
4. THPODVPC
5. THPORVPC
6. BIDEN"
V244209,"RAND: ORDER OF ITEMS IN THERMPO SUBMODULE (GROUP 1: THPOSDC, THPOSRC, THPOSSDC, THPOSSRC, THPODVPC, THPORVPC, BIDEN) - 7TH RANDOMIZATION VARIABLES 633",,,"0. THPOSDC
1. THPOSRC
2. THPOSSDC
3. THPOSSRC
4. THPODVPC
5. THPORVPC
6. BIDEN"
V244210,RAND: ORDER OF ITEMS IN THERMPO SUBMODULE (GROUP 2: THGRFUND THROUGH BLM) - 1ST,,,"0. THGRFUND
1. THGRFEM
2. THGRLIB
3. THGRLAB
4. THGRBIGB
5. THGRCONS
6. THGRSCT
7. THGRGAY
8. THGRCONG
9. THGRMUSL
10. THGRXTIAN
11. THGRMAGA
12. JEWS
13. POLICE
14. TRANS
15. BLM"
V244211,RAND: ORDER OF ITEMS IN THERMPO SUBMODULE (GROUP 2: THGRFUND THROUGH BLM) - 2ND,,,
V244212,RAND: ORDER OF ITEMS IN THERMPO SUBMODULE (GROUP 2: THGRFUND THROUGH BLM) - 3RD 634 CODEBOOK: VARIABLES,,,
V244213,RAND: ORDER OF ITEMS IN THERMPO SUBMODULE (GROUP 2: THGRFUND THROUGH BLM) - 4TH,,,
V244214,RAND: ORDER OF ITEMS IN THERMPO SUBMODULE (GROUP 2: THGRFUND THROUGH BLM) - 5TH,,,
V244215,RAND: ORDER OF ITEMS IN THERMPO SUBMODULE (GROUP 2: THGRFUND THROUGH BLM) - 6TH,,,
V244216,RAND: ORDER OF ITEMS IN THERMPO SUBMODULE (GROUP 2: THGRFUND THROUGH BLM) - 7TH,,,
V244217,RAND: ORDER OF ITEMS IN THERMPO SUBMODULE (GROUP 2: THGRFUND THROUGH BLM) - 8TH,,,
V244218,RAND: ORDER OF ITEMS IN THERMPO SUBMODULE (GROUP 2: THGRFUND THROUGH BLM) - 9TH RANDOMIZATION VARIABLES 635,,,
V244219,RAND: ORDER OF ITEMS IN THERMPO SUBMODULE (GROUP 2: THGRFUND THROUGH BLM) - 10TH,,,
V244220,RAND: ORDER OF ITEMS IN THERMPO SUBMODULE (GROUP 2: THGRFUND THROUGH BLM) - 11TH,,,
V244221,RAND: ORDER OF ITEMS IN THERMPO SUBMODULE (GROUP 2: THGRFUND THROUGH BLM) - 12TH,,,
V244222,RAND: ORDER OF ITEMS IN THERMPO SUBMODULE (GROUP 2: THGRFUND THROUGH BLM) - 13TH,,,
V244223,RAND: ORDER OF ITEMS IN THERMPO SUBMODULE (GROUP 2: THGRFUND THROUGH BLM) - 14TH,,,
V244224,RAND: ORDER OF ITEMS IN THERMPO SUBMODULE (GROUP 2: THGRFUND THROUGH BLM) - 15TH 636 CODEBOOK: VARIABLES,,,
V244225,RAND: ORDER OF ITEMS IN THERMPO SUBMODULE (GROUP 2: THGRFUND THROUGH BLM) - 16TH,,,
V244226,"RAND: ORDER OF ITEMS IN THERMPO SUBMODULE (GROUP 3: NRA, FBI, RURAL, PLANPARENT) - 1ST",,,"0. NRA
1. FBI
2. RURAL
3. PLANPARENT"
V244227,"RAND: ORDER OF ITEMS IN THERMPO SUBMODULE (GROUP 3: NRA, FBI, RURAL, PLANPARENT) - 2ND",,,"0. NRA
1. FBI
2. RURAL
3. PLANPARENT"
V244228,"RAND: ORDER OF ITEMS IN THERMPO SUBMODULE (GROUP 3: NRA, FBI, RURAL, PLANPARENT) - 3RD",,,"0. NRA
1. FBI
2. RURAL
3. PLANPARENT"
V244229,"RAND: ORDER OF ITEMS IN THERMPO SUBMODULE (GROUP 3: NRA, FBI, RURAL, PLANPARENT) - 4TH RANDOMIZATION VARIABLES 637",,,"0. NRA
1. FBI
2. RURAL
3. PLANPARENT"
V244230,"RAND: ORDER OF ITEMS IN IMP SUBMODULE (ILLIMMIG, COST, CLIMCHNG, GUN, ABRT, CRIME, GAZAWAR, PUBSCHL, DEMOC, RACEINEQ) - 1ST",,,"0. ILLIMMIG
1. COST
2. CLIMCHNG
3. GUN
4. ABRT
5. CRIME
6. GAZAWAR
7. PUBSCHL
8. DEMOC
9. RACEINEQ"
V244231,"RAND: ORDER OF ITEMS IN IMP SUBMODULE (ILLIMMIG, COST, CLIMCHNG, GUN, ABRT, CRIME, GAZAWAR, PUBSCHL, DEMOC, RACEINEQ) - 2ND",,,
V244232,"RAND: ORDER OF ITEMS IN IMP SUBMODULE (ILLIMMIG, COST, CLIMCHNG, GUN, ABRT, CRIME, GAZAWAR, PUBSCHL, DEMOC, RACEINEQ) - 3RD",,,
V244233,"RAND: ORDER OF ITEMS IN IMP SUBMODULE (ILLIMMIG, COST, CLIMCHNG, GUN, ABRT, CRIME, GAZAWAR, PUBSCHL, DEMOC, RACEINEQ) - 4TH 638 CODEBOOK: VARIABLES",,,
V244234,"RAND: ORDER OF ITEMS IN IMP SUBMODULE (ILLIMMIG, COST, CLIMCHNG, GUN, ABRT, CRIME, GAZAWAR, PUBSCHL, DEMOC, RACEINEQ) - 5TH",,,
V244235,"RAND: ORDER OF ITEMS IN IMP SUBMODULE (ILLIMMIG, COST, CLIMCHNG, GUN, ABRT, CRIME, GAZAWAR, PUBSCHL, DEMOC, RACEINEQ) - 6TH",,,
V244236,"RAND: ORDER OF ITEMS IN IMP SUBMODULE (ILLIMMIG, COST, CLIMCHNG, GUN, ABRT, CRIME, GAZAWAR, PUBSCHL, DEMOC, RACEINEQ) - 7TH",,,
V244237,"RAND: ORDER OF ITEMS IN IMP SUBMODULE (ILLIMMIG, COST, CLIMCHNG, GUN, ABRT, CRIME, GAZAWAR, PUBSCHL, DEMOC, RACEINEQ) - 8TH",,,
V244238,"RAND: ORDER OF ITEMS IN IMP SUBMODULE (ILLIMMIG, COST, CLIMCHNG, GUN, ABRT, CRIME, GAZAWAR, PUBSCHL, DEMOC, RACEINEQ) - 9TH",,,
V244239,"RAND: ORDER OF ITEMS IN IMP SUBMODULE (ILLIMMIG, COST, CLIMCHNG, GUN, ABRT, CRIME, GAZAWAR, PUBSCHL, DEMOC, RACEINEQ) - 10TH RANDOMIZATION VARIABLES 639",,,
V244240,"RAND: ORDER OF ITEMS IN OWN SUBMODULE (OWNILLIMMIG, OWNCOST, OWNCLIMCHNG, OWNABRT, OWNCRIME, OWNPUBSCHL) - 1ST",,,"0. OWNILLIMIG
1. OWNCOST
2. OWNCLIMCHNG
3. OWNABRT
4. OWNCRIME
5. OWNPUBSCHL"
V244241,"RAND: ORDER OF ITEMS IN OWN SUBMODULE (OWNILLIMMIG, OWNCOST, OWNCLIMCHNG, OWNABRT, OWNCRIME, OWNPUBSCHL) - 2ND",,,"0. OWNILLIMIG
1. OWNCOST
2. OWNCLIMCHNG
3. OWNABRT
4. OWNCRIME
5. OWNPUBSCHL"
V244242,"RAND: ORDER OF ITEMS IN OWN SUBMODULE (OWNILLIMMIG, OWNCOST, OWNCLIMCHNG, OWNABRT, OWNCRIME, OWNPUBSCHL) - 3RD",,,"0. OWNILLIMIG
1. OWNCOST
2. OWNCLIMCHNG
3. OWNABRT
4. OWNCRIME
5. OWNPUBSCHL"
V244243,"RAND: ORDER OF ITEMS IN OWN SUBMODULE (OWNILLIMMIG, OWNCOST, OWNCLIMCHNG, OWNABRT, OWNCRIME, OWNPUBSCHL) - 4TH 640 CODEBOOK: VARIABLES",,,"0. OWNILLIMIG
1. OWNCOST
2. OWNCLIMCHNG
3. OWNABRT
4. OWNCRIME
5. OWNPUBSCHL"
V244244,"RAND: ORDER OF ITEMS IN OWN SUBMODULE (OWNILLIMMIG, OWNCOST, OWNCLIMCHNG, OWNABRT, OWNCRIME, OWNPUBSCHL) - 5TH",,,"0. OWNILLIMIG
1. OWNCOST
2. OWNCLIMCHNG
3. OWNABRT
4. OWNCRIME
5. OWNPUBSCHL"
V244245,"RAND: ORDER OF ITEMS IN OWN SUBMODULE (OWNILLIMMIG, OWNCOST, OWNCLIMCHNG, OWNABRT, OWNCRIME, OWNPUBSCHL) - 6TH",,,"0. OWNILLIMIG
1. OWNCOST
2. OWNCLIMCHNG
3. OWNABRT
4. OWNCRIME
5. OWNPUBSCHL"
V244246,RAND: ORDER OF ITEMS IN GENDID SUBMODULE,,,"1. GENDMASC, GENDFEM
2. GENDFEM, GENDMASC"
V244247,"RAND: ORDER OF ITEMS IN FRGNTHRT SUBMODULE (CHINA, RUSSIA, MEXICO, IRAN, JAPAN, ISRAEL) - 1ST RANDOMIZATION VARIABLES 641",,,"0. CHINA
1. RUSSIA
2. MEXICO
3. IRAN
4. JAPAN
5. ISRAEL"
V244248,"RAND: ORDER OF ITEMS IN FRGNTHRT SUBMODULE (CHINA, RUSSIA, MEXICO, IRAN, JAPAN, ISRAEL) - 2ND",,,"0. CHINA
1. RUSSIA
2. MEXICO
3. IRAN
4. JAPAN
5. ISRAEL"
V244249,"RAND: ORDER OF ITEMS IN FRGNTHRT SUBMODULE (CHINA, RUSSIA, MEXICO, IRAN, JAPAN, ISRAEL) - 3RD",,,"0. CHINA
1. RUSSIA
2. MEXICO
3. IRAN
4. JAPAN
5. ISRAEL"
V244250,"RAND: ORDER OF ITEMS IN FRGNTHRT SUBMODULE (CHINA, RUSSIA, MEXICO, IRAN, JAPAN, ISRAEL) - 4TH 642 CODEBOOK: VARIABLES",,,"0. CHINA
1. RUSSIA
2. MEXICO
3. IRAN
4. JAPAN
5. ISRAEL"
V244251,"RAND: ORDER OF ITEMS IN FRGNTHRT SUBMODULE (CHINA, RUSSIA, MEXICO, IRAN, JAPAN, ISRAEL) - 5TH",,,"0. CHINA
1. RUSSIA
2. MEXICO
3. IRAN
4. JAPAN
5. ISRAEL"
V244252,"RAND: ORDER OF ITEMS IN FRGNTHRT SUBMODULE (CHINA, RUSSIA, MEXICO, IRAN, JAPAN, ISRAEL) - 6TH",,,"0. CHINA
1. RUSSIA
2. MEXICO
3. IRAN
4. JAPAN
5. ISRAEL"
V244253,"RAND: ORDER OF ITEMS IN CSES6 SUBMODULE (GROUP 1: PREFERDEM, COURTS, STRLEAD, REPWOMEN) - 1ST",,,"0. PREFERDEM
1. COURTS
2. STRLEAD
3. REPWOMEN"
V244254,"RAND: ORDER OF ITEMS IN CSES6 SUBMODULE (GROUP 1: PREFERDEM, COURTS, STRLEAD, REPWOMEN) - 2ND RANDOMIZATION VARIABLES 643",,,"0. PREFERDEM
1. COURTS
2. STRLEAD
3. REPWOMEN"
V244255,"RAND: ORDER OF ITEMS IN CSES6 SUBMODULE (GROUP 1: PREFERDEM, COURTS, STRLEAD, REPWOMEN) - 3RD",,,"0. PREFERDEM
1. COURTS
2. STRLEAD
3. REPWOMEN"
V244256,"RAND: ORDER OF ITEMS IN CSES6 SUBMODULE (GROUP 1: PREFERDEM, COURTS, STRLEAD, REPWOMEN) - 4TH",,,"0. PREFERDEM
1. COURTS
2. STRLEAD
3. REPWOMEN"
V244257,"RAND: ORDER OF ITEMS IN CSES6 SUBMODULE (GROUP 2: INSTEADBUS, INSTEADEXP , INSTEADCIT) - 1ST",,,"0. INSTEADBUS
1. INSTEADEXP
2. INSTEADCIT"
V244258,"RAND: ORDER OF ITEMS IN CSES6 SUBMODULE (GROUP 2: INSTEADBUS, INSTEADEXP , INSTEADCIT) - 2ND",,,"0. INSTEADBUS
1. INSTEADEXP
2. INSTEADCIT"
V244259,"RAND: ORDER OF ITEMS IN CSES6 SUBMODULE (GROUP 2: INSTEADBUS, INSTEADEXP , INSTEADCIT) - 3RD 644 CODEBOOK: VARIABLES",,,"0. INSTEADBUS
1. INSTEADEXP
2. INSTEADCIT"
V244260,RAND: ORDER OF ITEMS IN CSES6 SUBMODULE (GROUP 3: TRUSTCONG THROUGH TRUSTSOCMEDIA) - 1ST,,,"0. TRUSTCONG
1. TRUSTGOV
2. TRUSTJUD
3. TRUSTSCI
4. TRUSTPARTIES
5. TRUSTMEDIA
6. TRUSTSOCMEDIA"
V244261,RAND: ORDER OF ITEMS IN CSES6 SUBMODULE (GROUP 3: TRUSTCONG THROUGH TRUSTSOCMEDIA) - 2ND,,,
V244262,RAND: ORDER OF ITEMS IN CSES6 SUBMODULE (GROUP 3: TRUSTCONG THROUGH TRUSTSOCMEDIA) - 3RD,,,
V244263,RAND: ORDER OF ITEMS IN CSES6 SUBMODULE (GROUP 3: TRUSTCONG THROUGH TRUSTSOCMEDIA) - 4TH RANDOMIZATION VARIABLES 645,,,
V244264,RAND: ORDER OF ITEMS IN CSES6 SUBMODULE (GROUP 3: TRUSTCONG THROUGH TRUSTSOCMEDIA) - 5TH,,,
V244265,RAND: ORDER OF ITEMS IN CSES6 SUBMODULE (GROUP 3: TRUSTCONG THROUGH TRUSTSOCMEDIA) - 6TH,,,
V244266,RAND: ORDER OF ITEMS IN CSES6 SUBMODULE (GROUP 3: TRUSTCONG THROUGH TRUSTSOCMEDIA) - 7TH,,,
V244267,"RAND: ORDER OF ITEMS IN CSES6 SUBMODULE (GROUP 4: GENDPUBHLT, GENDECON)",,,"1. GENDPUBHLT, GENDECON
2. GENDECON, GENDPUBHLT"
V244268,"RAND: ORDER OF ITEMS IN THCASI SUBMODULE (THGRASIAN, THGRHISP , THGRBLACK, THGRILLEG, THGRWHITE) - 1ST 646 CODEBOOK: VARIABLES",,,"0. THGRASIAN
1. THGRHISP
2. THGRBLACK
3. THGRILLEG
4. THGRWHITE"
V244269,"RAND: ORDER OF ITEMS IN THCASI SUBMODULE (THGRASIAN, THGRHISP , THGRBLACK, THGRILLEG, THGRWHITE) - 2ND",,,"0. THGRASIAN
1. THGRHISP
2. THGRBLACK
3. THGRILLEG
4. THGRWHITE"
V244270,"RAND: ORDER OF ITEMS IN THCASI SUBMODULE (THGRASIAN, THGRHISP , THGRBLACK, THGRILLEG, THGRWHITE) - 3RD",,,"0. THGRASIAN
1. THGRHISP
2. THGRBLACK
3. THGRILLEG
4. THGRWHITE"
V244271,"RAND: ORDER OF ITEMS IN THCASI SUBMODULE (THGRASIAN, THGRHISP , THGRBLACK, THGRILLEG, THGRWHITE) - 4TH",,,"0. THGRASIAN
1. THGRHISP
2. THGRBLACK
3. THGRILLEG
4. THGRWHITE"
V244272,"RAND: ORDER OF ITEMS IN THCASI SUBMODULE (THGRASIAN, THGRHISP , THGRBLACK, THGRILLEG, THGRWHITE) - 5TH RANDOMIZATION VARIABLES 647",,,"0. THGRASIAN
1. THGRHISP
2. THGRBLACK
3. THGRILLEG
4. THGRWHITE"
V244273,"RAND: ORDER OF ITEMS IN STYPEPO SUBMODULE (GROUP 1: HWKBLACK, HWKHISPREV, HWKASIAN) - 1ST",,,"0. HWKBLACK
1. HWKHISPREV
2. HWKASIAN"
V244274,"RAND: ORDER OF ITEMS IN STYPEPO SUBMODULE (GROUP 1: HWKBLACK, HWKHISPREV, HWKASIAN) - 2ND",,,"0. HWKBLACK
1. HWKHISPREV
2. HWKASIAN"
V244275,"RAND: ORDER OF ITEMS IN STYPEPO SUBMODULE (GROUP 1: HWKBLACK, HWKHISPREV, HWKASIAN) - 3RD",,,"0. HWKBLACK
1. HWKHISPREV
2. HWKASIAN"
V244276,"RAND: ORDER OF ITEMS IN STYPEPO SUBMODULE (GROUP 2: VIOLBLACK, VIOLHISPREV, VIOLASIAN) - 1ST",,,"0. VIOLBLACK
1. VIOLHISPREV
2. VIOLASIAN"
V244277,"RAND: ORDER OF ITEMS IN STYPEPO SUBMODULE (GROUP 2: VIOLBLACK, VIOLHISPREV, VIOLASIAN) - 2ND 648 CODEBOOK: VARIABLES",,,"0. VIOLBLACK
1. VIOLHISPREV
2. VIOLASIAN"
V244278,"RAND: ORDER OF ITEMS IN STYPEPO SUBMODULE (GROUP 2: VIOLBLACK, VIOLHISPREV, VIOLASIAN) - 3RD",,,"0. VIOLBLACK
1. VIOLHISPREV
2. VIOLASIAN"
V244279,"RAND: ORDER OF ITEMS IN DISCRIM SUBMODULE (GROUP 1: DISCBLCK, DISCHISP , DISCASIAN, DISCWHT, DISCMUSL, DISCTIAN) - 1ST",,,"0. DISCBLCK
1. DISCHISP
2. DISCASIAN
3. DISCWHT
4. DISCMUSL
5. DISCTIAN"
V244280,"RAND: ORDER OF ITEMS IN DISCRIM SUBMODULE (GROUP 1: DISCBLCK, DISCHISP , DISCASIAN, DISCWHT, DISCMUSL, DISCTIAN) - 2ND",,,"0. DISCBLCK
1. DISCHISP
2. DISCASIAN
3. DISCWHT
4. DISCMUSL
5. DISCTIAN"
V244281,"RAND: ORDER OF ITEMS IN DISCRIM SUBMODULE (GROUP 1: DISCBLCK, DISCHISP , DISCASIAN, DISCWHT, DISCMUSL, DISCTIAN) - 3RD RANDOMIZATION VARIABLES 649",,,"0. DISCBLCK
1. DISCHISP
2. DISCASIAN
3. DISCWHT
4. DISCMUSL
5. DISCTIAN"
V244282,"RAND: ORDER OF ITEMS IN DISCRIM SUBMODULE (GROUP 1: DISCBLCK, DISCHISP , DISCASIAN, DISCWHT, DISCMUSL, DISCTIAN) - 4TH",,,"0. DISCBLCK
1. DISCHISP
2. DISCASIAN
3. DISCWHT
4. DISCMUSL
5. DISCTIAN"
V244283,"RAND: ORDER OF ITEMS IN DISCRIM SUBMODULE (GROUP 1: DISCBLCK, DISCHISP , DISCASIAN, DISCWHT, DISCMUSL, DISCTIAN) - 5TH",,,"0. DISCBLCK
1. DISCHISP
2. DISCASIAN
3. DISCWHT
4. DISCMUSL
5. DISCTIAN"
V244284,"RAND: ORDER OF ITEMS IN DISCRIM SUBMODULE (GROUP 1: DISCBLCK, DISCHISP , DISCASIAN, DISCWHT, DISCMUSL, DISCTIAN) - 6TH",,,"0. DISCBLCK
1. DISCHISP
2. DISCASIAN
3. DISCWHT
4. DISCMUSL
5. DISCTIAN"
V244285,"RAND: ORDER OF ITEMS IN DISCRIM SUBMODULE (GROUP 2: DISCGAY , DISCWOM, DISCMEN, DISCTRANS) - 1ST 650 CODEBOOK: VARIABLES",,,"0. DISCGAY
1. DISCWOM
2. DISCMEN
3. DISCTRANS"
V244286,"RAND: ORDER OF ITEMS IN DISCRIM SUBMODULE (GROUP 2: DISCGAY , DISCWOM, DISCMEN, DISCTRANS) - 1ST",,,"0. DISCGAY
1. DISCWOM
2. DISCMEN
3. DISCTRANS"
V244287,"RAND: ORDER OF ITEMS IN DISCRIM SUBMODULE (GROUP 2: DISCGAY , DISCWOM, DISCMEN, DISCTRANS) - 1ST",,,"0. DISCGAY
1. DISCWOM
2. DISCMEN
3. DISCTRANS"
V244288,"RAND: ORDER OF ITEMS IN DISCRIM SUBMODULE (GROUP 2: DISCGAY , DISCWOM, DISCMEN, DISCTRANS) - 1ST",,,"0. DISCGAY
1. DISCWOM
2. DISCMEN
3. DISCTRANS"
V244289,RAND: DOLLAR AMOUNT LOADED FOR CAMPFIN_ORG,,"-7. Insuﬃcient partial, interview deleted
-6. No post interview
-1. Inapplicable","1. $2500
2. $250,000"
V244290,RAND: DOLLAR AMOUNT LOADED FOR CAMPFIN_DIRECT INTERVIEWER DESCRIPTION VARIABLES 651 INTERVIEWER DESCRIPTION VARIABLES,,"-7. Insuﬃcient partial, interview deleted
-6. No post interview
-1. Inapplicable","1. $25
2. $250
3. $1000
4. $2500
5. $5000"
V245001,PRE: IWR DESCR: INTERVIEWIER ID,,,
V245002,PRE: IWR DESCR: INTERVIEWER BIRTH DECADE,,"-9. Refused
-1. Inapplicable",
V245003,PRE: IWR DESCR: INTERVIEWER SELF-REPORTED RACE,,"-9. Refused
-1. Inapplicable","1. Asian
2. Black
3. White
4. Other"
V245004,PRE: IWR DESCR: INTERVIEWER SELF-REPORTED ETHNICITY 652 CODEBOOK: VARIABLES,,"-9. Refused
-1. Inapplicable","0. None
1. Hispanic
2. Other"
V245005,PRE: IWR DESCR: INTERVIEWER SELF-REPORTED GENDER,,"-9. Refused
-1. Inapplicable","1. Male
2. Female"
V245006,PRE: IWR DESCR: INTERVIEWER SELF-REPORTED EDUCATION,,"-9. Refused
-1. Inapplicable","4. Some college
5. College graduate
6. Master’s/PhD
9. Unknown"
V245007,PRE: IWR DESCR: SRO-BILINGUAL CERTIFIED,,-1. Inapplicable,"0. Not bilingual certiﬁed
1. Bilingual certiﬁed"
V245008,PRE: IWR DESCR: PERMISSION TO USE SELF- REPORTED CHARACTERISTICS,,-1. Inapplicable,"0. Permission not given
1. Permission given"
V245009,PRE: IWR DESCR: YEARS WITH SRO IN 5-YEAR BINS INTERVIEWER DESCRIPTION VARIABLES 653,,-1. Inapplicable,"0. 0-4 years
1. 5-9 years
2. 10-14 years
3. 15+ years"
V245010,POST: IWR DESCR: INTERVIEWIER ID,,-1. Inapplicable,
V245011,POST: IWR DESCR: INTERVIEWER BIRTH DECADE,,"-9. Refused
-1. Inapplicable",
V245012,POST: IWR DESCR: INTERVIEWER SELF- REPORTED RACE,,"-9. Refused
-1. Inapplicable","1. Asian
2. Black
3. White
4. Other
5. Multiple mentions
9. Missing"
V245013,POST: IWR DESCR: INTERVIEWER SELF- REPORTED ETHNICITY,,"-9. Refused
-3. Restricted
-1. Inapplicable","0. None
1. Hispanic
2. Other
9. Unknown"
V245014,POST: IWR DESCR: INTERVIEWER SELF- REPORTED GENDER 654 CODEBOOK: VARIABLES,,"-9. Refused
-1. Inapplicable","0. Non-binary/other/unknown
1. Male
2. Female"
V245015,POST: IWR DESCR: INTERVIEWER SELF- REPORTED EDUCATION,,"-9. Refused
-1. Inapplicable","3. High school/GED
4. Some college
5. College graduate
6. Master’s/PhD
9. Unknown"
V245016,POST: IWR DESCR: SRO-BILINGUAL CERTIFIED,,-1. Inapplicable,"0. Not bilingual certiﬁed
1. Bilingual certiﬁed"
V245017,POST: IWR DESCR: PERMISSION TO USE SELF- REPORTED CHARACTERISTICS,,-1. Inapplicable,"0. No
1. Yes"
V245018,POST: IWR DESCR: YEARS WITH SRO IN 5-YEAR BINS 655 APPENDIX A: RELIGION CODES These are numeric codes used in,,-1. Inapplicable,"0. 0-4 years
1. 5-9 years
2. 10-14 years
3. 15 or more years"
V241444x,"- PRE: SUMMARY: Full religion summary. 010. Protestant, NFS, other, unknown, inter-, or non-denominational 099. Christian, NFS, unknown, inter-, or non-denominational 100. 7th Day Adventist 101. Sabbatarian 109. Adventist (NFS) 110. Episcopalian; Anglican 120. American Baptist Association 121. American Baptist Churches USA (wrongly aka 'Northern Baptist') 122. Baptist Bible Fellowship 123. Baptist General Conference 124. Missionary Baptist; Baptist Missionary Association of America 125. Conservative Baptist Association of America 126. General Association of Regular Baptist Churches; GARB 127. National Association of Free Will Baptists; United Free Will Baptist Church 128. Primitive Baptist 129. National Baptist Convention in the USA 130. National Baptist Convention of America 131. National Primitive Baptist Convention of the USA 132. Progressive National Baptist Convention 133. National Baptist Convention NFS 134. Reformed Baptist (Calvinist) 135. Southern Baptist Convention 136. Full Gospel Baptist Church Fellowship 149. Baptist (NFS or other Baptist group not in codes 120-135) 150. United Church of Christ; UCC; Congregational; Congregationalist; Evangelical and Reformed Church 155. Congregational Christian 160. Church of the Brethren 161. Brethren (NFS) 162. Mennonite Church 163. Moravian Church 164. Old Order Amish 165. Quakers; Friends 166. Evangelical Covenant Church (not Anabaptist in tradition) 167. Evangelical Free Church, EFC, or EFCA (not Anabaptist in tradition) 168. Brethren in Christ 169. Apostolic Christian Church of America 170. Mennonite Brethren 171. Apostolic Christian Church Nazarene 180. Christian and Missionary Alliance; CMA; Alliance 181. Church of God (Anderson, IN) 182. Church of the Nazarene 183. Free Methodist Church 184. Salvation Army 656 APPENDIX A: RELIGION CODES 185. Wesleyan Church 186. Church of God of Findlay, OH 199. Pentecostal (NFS); Church of God (NFS); Holiness (NFS); not ascertained whether R Pentecostal or Charismatic (Holin 200. Plymouth Brethren 201. Independent Fundamental Churches of America; IFCA 219. Independent-Fundamentalist (NFS) 220. Evangelical Lutheran Church in America (formerly Lutheran Church in America and The American Lutheran Church); ELCA 221. Lutheran Church, Missouri Synod; LC-MS 222. Wisconsin Evangelical Lutheran Synod; WELS 224. Lutheran Free Church, Association of Free Lutheran Churches, AFLC 225. Church of the Lutheran Brethren 229. Lutheran (other or NFS) 230. United Methodist Church; Evangelical United Brethren 231. African Methodist Episcopal Church; AME 232. African Methodist Episcopal Zion Church 233. Christian Methodist Episcopal Church 234. Primitive Methodist 235. Congregational Methodist (fundamentalist) 240. Fire-Baptized Holiness 242. Assemblies of the Lord Jesus Christ; AJLC 243. Church of Our Lord Jesus Christ of the Apostolic Faith; COOLJC 244. Church of the Lord Jesus Christ of the Apostolic Faith; CLJC 245. Bible Way Church of Our Lord Jesus Christ 246. International Bible Way Church of Our Lord Jesus Christ 249. Methodist (other or NFS) 250. Assemblies of God; Assembly of God 251. Church of God (Cleveland, TN) 252. Church of God (Huntsville, AL) 253. International Church of the Four Square Gospel 254. Pentecostal Church of God 255. Pentecostal Holiness Church 256. United Pentecostal Church International 257. Church of God in Christ (incl. not ascertained whether 258) 258. Church of God in Christ International 260. Church of God of the Apostolic Faith 261. Church of God of Prophecy 262. Vineyard Fellowship 263. Open Bible Standard Churches 264. Full Gospel 267. Apostolic Pentecostal 270. Presbyterian Church in the U.S.A. 271. Cumberland Presbyterian Church 272. Presbyterian Church in America; PCA 275. Evangelical Presbyterian 276. Reformed Presbyterian 279. Presbyterian (other or NFS) 280. Christian Reformed Church (inaccurately known as 'Dutch Reformed') 281. Reformed Church in America 289. Reformed (other or NFS) 290. Christian Church; Disciples of Christ 291. Christian Churches and Churches of Christ 292. Churches of Christ; Church of Christ (NFS) 293. Christian Congregation 300. Christian Scientists 301. Mormons; Latter Day Saints; Community of Christ 303. Unitarian; Universalist 304. Jehovah's Witnesses 657 305. Unity; Unity Church; Christ Church Unity 306. Fundamentalist Adventist; Worldwide Church of God; United Church of God 400. Roman Catholic 501. Orthodox 502. Conservative 503. Reform 524. Jewish, other, no preference, or NFS 600. Catholic and  Protestant 650. Messianic Judaism; Jews for Jesus 695. More than 1 major religion (e.g., Christian, Jewish, Muslim, etc.) 700. Greek Rite Catholic 701. Greek Orthodox 702. Russian Orthodox 703. Rumanian Orthodox 704. Serbian Orthodox 705. Syrian Orthodox 706. Armenian Orthodox 707. Georgian Orthodox 708. Ukrainian Orthodox 719. Eastern Orthodox (NFS or other specific Orthodox church) 720. Muslim; Islam 721. Buddhist 722. Hindu 723. Baha'i; Bahai 724. American Indian religions; Native American religions 725. New Age 726. Wicca; Wiccan 727. Pagan 730. Sikh 732. Konko Church 735. Spiritualists (not 'spiritual; must refer specifically to 'Spiritualism' or 'Spiritualists') 736. Religious Science; Science of Mind (not Scientology; not Christian Scientists); Centers for Spiritual Living 740. Other non-Christian /non-Jewish 750. Scientology 790. Religious /ethical cults 870. Other tradition not codeable to 010-790 879. R indicates having an affiliation but does not specify one 880. None 888. DK whether considers self as part of a particular religion 889. RF to say if considers self as part of a particular religion",,,
